Id,ProgramName,ProgramCode,Status,CreatedDate,UpdatedDate,Level,Term,TermCode,LiveDate,DeadlineDate,Resume,StatementOfPurpose,GreOrGmat,EnglishScore,Requirements,WritingSample,CollegeId,IsAnalyticalNotRequired,IsAnalyticalOptional,IsDuoLingoRequired,IsELSRequired,IsGMATOrGreRequired,IsGMATRequired,IsGRERequired,IsIELTSRequired,IsLSATRequired,IsMATRequired,IsMCATRequired,IsPTERequired,IsTOEFLIBRequired,IsTOEFLPBTRequired,IsEnglishNotRequired,IsEnglishOptional,AcademicYear,AlternateProgram,ApplicationType,Department,Fees,IsAvailable,ProgramType,AdmissionDepartmentId,CreatedBy,UpdatedBy,Concentration,Description,OtherConcentrations,ProgramWebsiteURL,Accredidation,AverageScholarshipAmount,CostPerCredit,IsRecommendationSystemOpted,IsStemProgram,MaxFails,MaxGPA,MinGPA,PreviousYearAcceptanceRates,QsWorldRanking,TotalAccepetedApplications,TotalCredits,TotalDeniedApplications,TotalI20sIssued,TotalScholarshipsAwarded,TotalSubmittedApplications,TotalVisasSecured,UsNewsRanking,CollegeApplicationFee,IsCollegePaying,MEContractNegotiatedFee,MyGradAppFee,ProgramCategory,IsCollegeApplicationFree,IsCouponAllowed,IsACTRequired,IsSATRequired,SftpDestinationId,MinimumACTScore,MinimumDuoLingoScore,MinimumELSScore,MinimumGMATScore,MinimumGreScore,MinimumIELTSScore,MinimumMATScore,MinimumMCATScore,MinimumPTEScore,MinimumSATScore,MinimumTOEFLScore,MLModelName,MinimumAnalyticalScore,MinimumEnglishScore,MinimumExperience,MinimumSopRating,WeightAnalytical,WeightEnglish,WeightExperience,WeightGPA,WeightSop,ScholarshipAmount,ScholarshipPercentage,ScholarshipType,IsNewlyLaunched,BatchId,IsImported,IsImportVerified,Is_Recommendation_Sponser,AnalyticalScore,MinimumLSATScore
,Master of Science in Accountancy,,,,,Graduate,Fall 2026,,,,Required,Required,Not Required,Required,,Not Required,,True,True,True,True,False,False,False,True,False,False,False,True,True,False,False,False,,,,Graduate Admissions,,,,,,,,"The Master of Science in Accounting at Clark University prepares students for careers in public accounting and financial management by developing their ability to analyze accounting information, ensure financial control, and advise top-level managers. The curriculum is designed to master technical knowledge, analytical skills, and ethical grounding, aligning with evolving industry standards and CPA exam updates. The program is flexible, offering full-time and part-time options, and can be completed in as little as one year.",,https://www.clarku.edu/graduate-programs/,,,1658.0,False,True,,,3.0,,,,,,,,,,,,,,,Accounting/Finance,,,False,False,,,120.0,,,,6.5,,,61.0,,85.0,,,,,,,,,,,,,Merit-based,False,,,False,False,,
,Master of Arts in Advertising,,,,,Graduate,Fall 2026,,,,Required,Required,Not Required,Required,,Not Required,,True,True,True,True,False,False,False,True,False,False,False,True,True,False,True,False,,,,Graduate Admissions,,,,,,,"Digital Literacy, Public Relations","The Master of Science in Communication prepares students to become communication strategists in a complex marketplace by mastering skills in written and verbal communication, digital and social media strategies, and marketing and public relations campaigns. The program focuses on advancing careers by strengthening abilities to communicate effectively, think critically, and leverage social and digital media. A graduate of this program acquires the skills to promote an organization's messages and advance to a leadership position in fields like marketing, public relations, and advertising.",,https://www.clarku.edu/graduate-programs/,,,1658.0,False,False,,,,,,,,,,,,,,,,,,Advertising##Communications##Marketing##Public Relations,,,False,False,,,120.0,112.0,,,6.5,,,61.0,,85.0,,,,,,,,,,,,,Merit-based,False,,,False,False,,
,Doctor of Education in Applied Learning Sciences,,,,,Doctoral,Fall 2026,,,,Required,Required,Not Required,Required,,Not Required,,True,True,True,False,False,False,False,True,False,False,False,True,True,True,False,False,,,,Graduate Admissions,,,,,,,"Anti-oppressive education, Racial literacy and social justice, Education as a tool for social change, Community engagement, Activist scholarship and practitioner inquiry, Social theory and interdisciplinarity, Literacy education and multilingualism, Educational leadership and school change",Clark University's Ed.D. in Transformative Education is a low-residency program for working education professionals committed to equity and social justice. It is designed to support practitioners in becoming agents of change in their fields by enhancing their practice through academic scholarship and practitioner inquiry.,,https://www.clarku.edu/graduate-programs/,,,1658.0,False,False,,,,,,,,,,,,,,,,,,Education##Social Justice Studies##Leadership,,,False,False,,,120.0,,,,6.5,,,61.0,,80.0,,,,,,,,,,,,,"Merit-based, Assistantships",False,,,False,False,,
,Master of Science in Education in Applied Physiology,,,,,Graduate,Fall 2026,,,,Required,Required,Not Required,Required,,Not Required,,True,True,True,False,False,False,False,True,False,False,False,True,True,True,False,False,,,,Graduate Admissions,,,,,,,,"The Master of Education (M.Ed.) is designed for educators who wish to deepen their practice and understanding of student learning. The program's curriculum focuses on key concepts, methods, and tools in educational research, with an emphasis on research as a path to improve educational practice and promote equitable learning across diverse educational settings.  The program includes ten course units that can be tailored to the background and career paths of each student.",,https://www.clarku.edu/graduate-programs/,,,1658.0,False,False,,,,,,,,,,,,,,,,,,Education,,,False,False,,,120.0,,,,6.5,,,61.0,,85.0,,,,,,,,,,,,,Merit-based,False,,,False,False,,
,Master of Professional Studies in Applied Remote Sensing,,,,,Graduate,Fall 2026,,,,Required,Required,Not Required,Required,,Not Required,,True,True,True,True,False,False,False,True,False,False,False,True,True,False,False,False,,,,Graduate Admissions,,,,,,,"Internship Track, Research Track, GIS for Development and Environment, Conservation Applications, Environmental Remote Sensing","The Master of Science in Geographic Information Science (MSGIS) at Clark University prepares students for careers applying advanced computer mapping and spatial analysis to address crucial environmental and socioeconomic issues. The program, a collaboration between multiple departments and the Clark Center for Geospatial Analytics, focuses on areas like conservation, land use change, public health, and climate change adaptation. It builds on the university's 30-year history in developing geospatial software like TerrSet/IDRISI.",,https://www.clarku.edu/graduate-programs/,,,1658.0,False,True,,,3.0,,,,,,,,,,,,,,,Geographic Information Systems##Remote Sensing & Geospatial Sciences##Environmental Science##Data Science,,,False,False,,,120.0,112.0,,,6.5,,,61.0,,85.0,,,,,,,,,,,,,Merit-based,False,,,False,False,,
,Certificate in Classical Architecture,,,,,Graduate-Certificate,Fall 2026,,,,Required,Required,Optional,Required,,Not Required,,True,True,True,False,True,True,True,True,False,False,False,True,True,True,False,False,,,,Graduate Admissions,,,,,,,,"This certificate is not a standalone program; it is completed as part of a Master's degree. The program's core is a studio where the vocabulary and syntax of classical architecture are taught through exercises and projects, supplemented by electives in history, theory, and analysis. The curriculum is designed to make students better designers in all traditions, including modernism, and engages with organizations like The Institute of Classical Architecture & Art (ICAA).",,https://www.clarku.edu/graduate-programs/,,,1658.0,False,False,,,,,,,,,,,,,,,,,,Architecture,,,False,False,,,120.0,,,,6.5,,,61.0,,80.0,,,,,,,,,,,,,Clark Graduate Scholarship,False,,,False,False,,
,Certificate in Arts Presenting Fundamentals (Online),,,,,Graduate-Certificate,Fall 2026,,,,Required,Required,Not Required,Required,,Not Required,,True,True,True,True,False,False,False,True,False,False,False,True,True,False,False,False,,,,Graduate Admissions,,,,,,,,"The Certificate in Arts Presenting Fundamentals is a three-course, nine-credit online program designed for individuals seeking practical knowledge and skills for career advancement in the music and entertainment industry.  The program can be taken as a standalone certificate or the credits can be transferred towards a Master of Arts in Live Entertainment Management or Master of Arts in Music Industry, provided a minimum 3.0 GPA is maintained.",,https://www.clarku.edu/graduate-programs/,,,1658.0,False,False,,,3.0,,,,,,,,,,,,,,,Performing Arts##Art##Business/Management,,,False,False,,,120.0,112.0,,,6.5,,,61.0,,85.0,,,,,,,,,,,,,Merit-based,False,,,False,False,,
,Master of Professional Studies in Atmospheric Sciences,,,,,Graduate,Fall 2026,,,,Required,Required,Not Required,Required,,Not Required,,True,True,True,True,False,False,False,True,False,False,False,True,True,False,False,False,,,,Graduate Admissions,,,,,,,,"The Master of Professional Studies in Atmospheric Sciences program could not be found on the Clark University website. The university offers a range of other graduate programs, and general admission requirements are listed on the university's admissions pages.",,https://www.clarku.edu/graduate-programs/,,,1658.0,False,False,,,,,,,,,,,,,,,,,,,,,False,False,,,120.0,112.0,,,6.5,,,61.0,,85.0,,,,,,,,,,,,,Merit-based,False,,,False,False,,
,Master of Science in Biochemistry and Molecular Biology,,,,,Graduate,Fall 2026,,,,Required,Required,Not Required,Required,,Not Required,,True,True,True,True,False,False,False,True,False,False,False,True,True,False,False,False,,,,Graduate Admissions,,,,,,,,"The Master of Science in Biochemistry and Molecular Biology is an accelerated 4+1 program available to Clark University's biochemistry majors. It allows students to apply classroom learning to a research laboratory setting, obtaining an M.S. degree through intensive research engagement during their senior and graduate years. The program aims to prepare students for Ph.D. programs, medical school, or careers in the biotechnology and biopharmaceutical industries.",,https://www.clarku.edu/graduate-programs/,,,1658.0,False,True,,,3.4,,,,,,,,,,,,,,,Biochemistry and Molecular Biology##Biochemistry,,,False,False,,,120.0,112.0,,,6.5,,,61.0,,85.0,,,,,,,,,,,,,"Merit-based, Program-specific",False,,,False,False,,
,Doctor of Philosophy in Biochemistry and Molecular Biology,,,,,Doctoral,Fall 2026,,,,Required,Required,Not Required,Required,,Not Required,,True,True,True,False,False,False,False,True,False,False,False,True,True,True,False,False,,,,Graduate Admissions,,,,,,,"molecular modeling, protein chemistry, photosynthesis and metabolism, cell division, enzymology, signal transduction, molecular evolution, gene expression, heavy metal metabolism","The PhD program in Biochemistry and Molecular Biology (BCMB) at Clark University is a joint program offered by the Biology and Chemistry Departments.  It provides research opportunities in diverse areas such as molecular modeling, protein chemistry, cell division, enzymology, signal transduction, and gene expression.  The program emphasizes collaboration and offers mentorship to prepare students for future careers.",,https://www.clarku.edu/graduate-programs/,,,1658.0,False,True,,,,,,,,,,,,,,,,,,Biochemistry and Molecular Biology##Biochemistry##Molecular Biology,,,False,False,,,120.0,,,,6.5,,,61.0,,85.0,,,,,,,,,,,,,"Tuition remission, Stipend from teaching assistantships, Research assistantships",False,,,False,False,,
,Executive Doctor of Philosophy in Biochemistry and Molecular Biology (Online),,,,,Doctoral,Fall 2026,,,,Required,Required,Not Required,Required,,Not Required,,True,True,True,True,False,False,False,True,False,False,False,True,True,True,False,False,,,,Graduate Admissions,,,,,,,"protein structure and function, experimental biophysical chemistry, NMR spectroscopy, chemical biology, molecular genetics, developmental biology, signal transduction, cell division, molecular evolution","The PhD program in Biochemistry and Molecular Biology (BCMB) at Clark University is an on-campus program offered jointly by the Biology and Chemistry Departments. The program is research-focused, offering opportunities in a wide variety of areas and emphasizing interdisciplinary collaboration.",,https://www.clarku.edu/graduate-programs/,,,,False,True,,,,,,,,,,,,,,,,,,Biochemistry and Molecular Biology##Biochemistry##Molecular Biology##Biology##Chemistry,,,False,False,,,120.0,112.0,,,6.5,,,61.0,,85.0,,,,,,,,,,,,,"Tuition Remission, Assistantships",False,,,False,False,,
,Master of Science in Biology,,,,,Graduate,Fall 2026,,,,Required,Required,Not Required,Required,,,,True,True,True,True,False,False,False,True,False,False,False,True,True,False,False,False,,,,Graduate Admissions,,,,,,,"Molecular and cell biology, Ecology and evolution","The M.S. program in Biology at Clark University provides an in-depth study of the field, primarily through the completion of a research project.  Students collaborate with faculty on research in areas such as molecular and cell biology, and ecology and evolution.  The program is designed to provide a strong foundation for careers in fields like environmental science and biotechnology, or for further graduate or professional study.",,https://www.clarku.edu/graduate-programs/,,,1658.0,False,True,,,3.0,,,,,,,,,,,,,,,Biology##Biological Sciences##Biochemistry and Molecular Biology,,,False,False,,,120.0,112.0,,,6.5,,,61.0,,85.0,,,,,,,,,,,,,Merit-based,False,,,False,False,,
,Doctor of Philosophy in Biology,,,,,Doctoral,Fall 2026,,,,Required,Required,Not Required,Required,,Not Required,,True,True,True,True,False,False,False,True,False,False,False,True,True,True,False,False,,,,Graduate Admissions,,,,,,,"Molecular and cell biology, Quantitative and computational biology, Ecology and evolution","Clark's biology doctoral program offers flexibility to pursue research in areas like molecular and cell biology, quantitative and computational biology, and ecology and evolution. The program's small size allows for close collaboration and mentorship from faculty. Students have close ties with other science departments, providing exposure to a wide range of ideas.",,https://www.clarku.edu/graduate-programs/,,,1658.0,False,True,,,3.0,,,,,,,,,,,,,,,Biology##Biological Sciences##Molecular Biology##Ecology##Biotechnology,,,False,False,,,120.0,112.0,,,6.5,,,61.0,,85.0,,,,,,,,,,,,,Merit-based,False,,,False,False,,
,Master of Science in Biomedical Sciences,,,,,Graduate,Fall 2026,,,,Required,Required,Not Required,Required,,Not Required,,True,True,True,True,False,False,False,True,False,False,False,True,True,False,False,False,,,,Graduate Admissions,,,,,,,"Molecular and Cell Biology, Ecology and Evolution","The Master of Science in Biological and Biomedical Sciences at Clark University provides students with specialized training and research experience. The program prepares students for advanced studies, professional careers in biological and biomedical fields, or other scholarly endeavors.",,https://www.clarku.edu/graduate-programs/,,,1658.0,False,True,,,,,,,,,,,,,,,,,,Biomedical Science##Biological Sciences,,,False,False,,,120.0,112.0,,,6.5,,,61.0,,85.0,,,,,,,,,,,,,Merit-based,False,,,False,False,,
,Program in Biomedical Sciences,,,,,Graduate,Fall 2026,,,,Required,Required,Not Required,Required,,Not Required,,True,True,True,True,False,False,False,True,False,False,False,True,True,True,False,False,,,,Graduate Admissions,,,,,,,,"The master's degree program in biological and biomedical sciences at Clark University provides students with advanced knowledge and research experience in the field.  The curriculum is designed to prepare graduates for careers in research, healthcare, and biotechnology.",,https://www.clarku.edu/graduate-programs/,,,1658.0,False,True,,,3.0,,,,,,,,,,,,,,,Biomedical Science##Biological Sciences,,,False,False,,,120.0,112.0,,,6.5,,,61.0,,85.0,,,,,,,,,,,,,Merit-based,False,,,False,False,,
,Certificate in Business,,,,,Graduate-Certificate,Fall 2026,,,,Required,Required,Not Required,Required,,Not Required,,True,True,True,True,False,False,False,True,False,False,False,True,True,False,False,False,,,,Graduate Admissions,,,,,,,,"The Mini MBA certificate is a condensed, highly focused credential ideal for early or mid-career professionals, entrepreneurs, and business owners. It delivers core business knowledge in the areas of leadership, analytics, accounting, and finance, with coursework being transferable to a full master's degree at Clark.",,https://www.clarku.edu/graduate-programs/,,,1658.0,False,False,,,3.0,,,,,,,,,,,,,,,"Business/Management##Accounting/Finance##Quantitative Methods, Analysis, Business Analytics",,,False,False,,,120.0,112.0,,,6.5,,,61.0,,85.0,,,,,,,,,,,,,Merit-based,False,,,False,False,,
,Accelerated Master of Business Administration,,,,,Graduate,Fall 2026,,,,Required,Required,Optional,Required,,Not Required,,True,True,True,False,True,True,True,True,False,False,False,True,True,True,False,False,,,,Graduate Admissions,,,,,,,"accounting, expanding accounting, finance, information management and business analytics, management, marketing, social change and sustainability","The Accelerated Master of Business Administration at Clark University provides a pathway for students to earn a master's degree with one additional year of study.  The program is designed for aspiring leaders who want to take businesses in socially responsible directions, integrating the legal, political, ethical, social and environmental responsibilities of management into the curriculum.  The program is among the elite 5 percent of business schools to receive AACSB accreditation.",,https://www.clarku.edu/graduate-programs/,,,1658.0,False,True,,,3.6,,,,,,,,,,,,,,,Business Administration,,,False,False,,,120.0,,,,6.5,,,53.0,,85.0,,,,,,,,,,,,,Merit-based,False,,,False,False,,
,Executive Master of Business Administration,,,,,Graduate,Fall 2026,,,,Required,Required,Required,Required,,Not Required,,True,True,True,False,True,True,True,True,False,False,False,True,True,True,False,False,,,,Graduate Admissions,,,,,,,"Accounting, Expanded Accounting, Finance, Information Management and Business Analytics, Management, Marketing, Social Change and Sustainability","The Clark MBA provides core competencies in accounting, management, marketing, finance, and analytics, with a strong emphasis on ethics, corporate responsibility, and social innovation.  It prepares students to meet the demand for socially-conscious business practices through both classroom and experiential learning.",,https://www.clarku.edu/graduate-programs/,,,1658.0,False,True,,,3.2,,,,,,,,,,,,,,,Business Administration,,,False,False,,,120.0,,,,6.5,,,61.0,,80.0,,,,,,,,,,,,,Merit-based,False,,,False,False,,
,Global Executive Master of Business Administration,,,,,Graduate,Fall 2026,,,,Required,Required,Required,Required,,Not Required,,True,True,True,True,True,True,True,True,False,False,False,True,True,False,False,False,,,,Graduate Admissions,,,,,,,"Accounting, Expanded Accounting, Finance, Management, Information Management and Business Analytics, Marketing, Social Change and Sustainability","The Clark Master of Business Administration program prepares future leaders by focusing on ethics, corporate responsibility, sustainability, and social innovation, in addition to core business competencies.  The curriculum combines classroom learning with experiential opportunities, allowing students to apply academic insights to real-world situations.",,https://www.clarku.edu/graduate-programs/,,,1658.0,False,True,,,3.2,,,,,,,,,,,,,,,Business Administration##Accounting##Finance##Management##Marketing##Data Science,,,False,False,,,120.0,112.0,550.0,300.0,6.5,,,61.0,,85.0,,,,,,,,,,,,,Merit-based,False,,,False,False,,
,Professional Master of Business Administration,,,,,Graduate,Fall 2026,,,,Required,Required,Required,Required,,Not Required,,True,True,True,True,True,True,True,True,False,False,False,True,True,False,False,False,,,,Graduate Admissions,,,,,,,"Accounting, Expanded Accounting, Finance, Healthcare analytics, Information management and business analytics, Management, Marketing, Social change and sustainability","The Clark MBA delivers core competencies in accounting, management, marketing, finance, and analytics, with an emphasis on social awareness and corporate responsibility.  The program prepares leaders to embrace ethics, sustainability, and innovation as essential elements for success in a global context.",,https://www.clarku.edu/graduate-programs/,,,1658.0,False,True,,,3.2,,,,,,,,,,,,,,,Business Administration##Management##Marketing##Finance##Accounting##Business/Management,,,False,False,,,120.0,112.0,,,6.5,,,61.0,,85.0,,,,,,,,,,,,,Merit-based,False,,,False,False,,
,The Miami Master of Business Administration,,,,,Graduate,Fall 2026,,,,Required,Required,Optional,Required,,Not Required,,True,True,True,True,True,True,True,True,False,False,False,True,True,False,False,False,,,,Graduate Admissions,,,,,,,"Accounting, Finance, Healthcare Analytics, Information Management and Business Analytics, Management, Marketing, Social Change and Sustainability, Talent Management and Human Resources","The Clark University MBA delivers core competencies in accounting, management, marketing, finance, and analytics with an emphasis on social awareness, ethics, and corporate responsibility.  The program is designed for aspiring leaders who want to guide businesses in socially responsible directions to make a lasting difference.",,https://www.clarku.edu/graduate-programs/,,,1658.0,False,True,,,3.0,,,,,,,,,,,,,,,Business Administration##Business/Management##Finance##Marketing##Accounting,,,False,False,,,120.0,112.0,,,6.5,,,61.0,,85.0,,,,,,,,,,,,,Merit-based,False,,,False,False,,
,Master of Science in Business Analytics,,,,,Graduate,Fall 2026,,,,Required,Required,Not Required,Required,,Not Required,,True,True,True,False,False,False,False,True,False,False,False,True,True,True,False,False,,,,Graduate Admissions,,,,,,,,"The Master of Science in Business Analytics at Clark University prepares students to use data for strategic decision-making and innovation. The curriculum integrates data analysis, computing, and communication to provide a strong foundation in both technical and strategic skills. Graduates are equipped for roles such as data scientist, business intelligence analyst, and marketing analyst in a variety of industries.",,https://www.clarku.edu/graduate-programs/,,,1658.0,False,True,,,,,,,,,,,,,,,,,,"Quantitative Methods, Analysis, Business Analytics##Data Science##Business/Management",,,False,False,,,120.0,,,,6.5,,,61.0,,80.0,,,,,,,,,,,,,Merit-based,False,,,False,False,,
,Master of Science in Business Technology (Online),,,,,Graduate,Fall 2026,,,,Required,Required,Optional,Required,,Not Required,,True,True,True,False,True,False,False,True,False,False,False,True,True,True,False,False,,,,Graduate Admissions,,,,,,,,"Clark University's School of Business, accredited by AACSB, offers a range of STEM-designated master's degree programs. These programs, such as the M.S. in Business Analytics, are designed to equip students with in-demand skills to solve complex challenges in a data-driven world. The school prioritizes professional experience, past achievements, and future goals in its evaluation of applicants.",,https://www.clarku.edu/graduate-programs/,,,1658.0,False,True,,,3.0,,,,,,,,,,,,,,,"Business/Management##Business Information Systems##Data Science##Quantitative Methods, Analysis, Business Analytics##Information Technology",,,False,False,,,120.0,,,,6.5,,,61.0,,85.0,,,,,,,,,,,,,Merit-based,False,,,False,False,,
,Doctor of Philosophy in Cancer Biology,,,,,Doctoral,Fall 2026,,,,Required,Required,Not Required,Required,,Not Required,,True,True,True,True,False,False,False,True,False,False,False,True,True,True,False,False,,,,Graduate Admissions,,,,,,,"molecular and cell biology, quantitative and computational biology, ecology and evolution","Clark's biology doctoral program provides opportunities and flexibility to pursue research in areas including molecular and cell biology, and ecology and evolution. The program's intimate size allows graduate students to collaborate, build relationships with, and receive mentoring from world-class faculty. Close ties across the sciences exposes students to a range of ideas and research outside their interest areas.",,https://www.clarku.edu/graduate-programs/,,,1658.0,False,True,,,,,,,,,,,,,,,,,,"Biology##Biological Sciences##Molecular Biology, Cell Biology & Biochemistry",,,False,False,,,120.0,112.0,,,6.5,,,61.0,,85.0,,,,,,,,,,,,,"Tuition remission, Teaching assistantships, Merit-based",False,,,False,False,,
,"Doctor of Philosophy in Chemical, Environmental, and Materials Engineering",,,,,Doctoral,Fall 2026,,,,Required,Required,Optional,Required,,Not Required,,True,True,True,True,False,False,False,True,False,False,False,True,True,False,False,False,,,,Graduate Admissions,,,,,,,"biophysical, chemical biology, inorganic, materials, organic, organometallic, physical, polymer chemistry, biochemistry and molecular biology",The Chemistry Department offers a Ph.D. program enabling students to conduct fundamental research in areas like biochemistry related to health and material science focused on energy. The program's intimate size allows for close collaboration with faculty and access to state-of-the-art labs. Students can tailor their studies to meet their specific research needs.,,https://www.clarku.edu/graduate-programs/,,,1658.0,False,True,,,,,,,,,,,,,,,,,,Chemistry##Biochemistry and Molecular Biology##Materials Science,,,False,False,,,110.0,112.0,,,6.5,,,53.0,,85.0,,,,,,,,,,,,,Merit-based,False,,,False,False,,
,Master of Science in Chemistry,,,,,Graduate,Fall 2026,,,,Required,Required,Not Required,Required,,Not Required,,True,True,True,False,False,False,False,True,False,False,False,True,True,True,False,False,,,,Graduate Admissions,,,,,,,"biochemistry, organic, environmental, physical, inorganic, analytical chemistry","This program is designed for students interested in a career in chemistry or in secondary school science teaching.  The program provides a mixture of coursework and original research with an emphasis on the student's research.  Research areas offered include biochemistry, organic, environmental, physical, inorganic, and analytical chemistry.",,https://www.clarku.edu/graduate-programs/,,,1658.0,False,False,,,3.0,,,,,,,,,,,,,,,Chemistry##Biochemistry,,,False,False,,,120.0,,,,6.5,,,,,80.0,,,,,,,,,,,,,Tuition scholarships,False,,,False,False,,
,Doctor of Philosophy in Chemistry,,,,,Doctoral,Fall 2026,,,,Required,Required,Not Required,Required,,Not Required,,True,True,True,False,False,False,False,True,False,False,False,True,True,True,False,False,,,,Graduate Admissions,,,,,,,"biophysical, chemical biology, inorganic, materials, organic, organometallic, physical, polymer chemistry, biochemistry and molecular biology",The Doctor of Philosophy in Chemistry at Clark University provides students with a personalized learning experience to conduct fundamental research in areas like biochemistry related to health and material science focused on energy.  The program's intimate size allows for close collaboration with faculty and access to state-of-the-art labs.  It emphasizes tailoring programs to meet individual student's research needs and career goals.,,https://www.clarku.edu/graduate-programs/,,,1658.0,False,True,,,,,,,,,,,,,,,,,,Chemistry##Biochemistry and Molecular Biology##Biochemistry##Biophysics##Materials Science,,,False,False,,,120.0,,,,6.5,,,61.0,,80.0,,,,,,,,,,,,,Merit-based,False,,,False,False,,
,Master of Arts in Communication Studies,,,,,Graduate,Fall 2026,,,,Required,Required,Not Required,Required,,Not Required,,True,True,True,False,False,False,False,True,False,False,False,True,True,False,False,False,,,,Graduate Admissions,,,,,,,"Digital Literacy, Public Relations","The Master of Science in Communication at Clark University is designed to enhance the communication skills and managerial techniques for entry to mid-level professionals. This professional degree provides essential skills in marketing, public relations, digital media, and strategic communications management. The curriculum focuses on experiential learning, applying skills in simulated and real situations to provide a competitive advantage in the workplace.",,https://www.clarku.edu/graduate-programs/,,,1658.0,False,False,,,3.0,,,,,,,,,,,,,,,Communication Studies##Communications##Marketing##Public Relations,,,False,False,,,120.0,,,,6.5,,,61.0,,85.0,,,,,,,,,,,,,Merit-based,False,,,False,False,,
,Master of Science in Computer Science,,,,,Graduate,Fall 2026,,,,Required,Required,Not Required,Required,,Not Required,,True,True,True,True,False,False,False,True,False,False,False,True,True,False,False,False,,,,Graduate Admissions,,,,,,,"Intelligent Systems and AI Solutions Design, Data Intelligence, Human-Computer Interaction (HCI), Software Engineering","Clark University's Master of Science in Computer Science (MSCS) program equips students with the tools to tackle complex challenges, master data structures, and apply these skills to advance their careers. The curriculum emphasizes core computer science competencies while exploring cutting-edge areas such as machine learning, data mining, and human-computer interaction. The program places a strong emphasis on experiential learning through internships or capstone research, allowing students to apply and improve their professional and problem-solving skills.",,https://www.clarku.edu/graduate-programs/,,,1658.0,False,True,,,,,,,,,,,,,,,,,,Computer Science##Artificial Intelligence##Data Science##Human-Computer Interaction##Software Engineering##Machine Learning,,,False,False,,,120.0,112.0,,,6.5,,,61.0,,85.0,,,,,,,,,,,,,Merit-based,False,,,False,False,,
,Master of Science in Construction Management,,,,,Graduate,Fall 2026,,,,Required,Required,Not Required,Required,,Not Required,,True,True,True,False,False,False,False,True,False,False,False,True,True,False,False,False,,,,Graduate Admissions,,,,,,,,"The Clark Master of Science in Project Management (MSPM) program provides a comprehensive and rigorous project management education that prepares students to lead successful projects in a variety of industries.  The program is aligned with the Project Management Institute (PMI) standards and best practices and is based on experiential learning.  It emphasizes technical knowledge and leadership skills, covering methodologies like Agile, Predictive, and Hybrid models.",,https://www.clarku.edu/graduate-programs/,,,1658.0,False,True,,,,,,,,,,,,,,,,,,Business/Management,,,False,False,,,120.0,,,,6.5,,,61.0,,85.0,,,,,,,,,,,,,Merit-based,False,,,False,False,,
,Doctor of Philosophy in Counseling Psychology,,,,,Doctoral,Fall 2026,,,,Required,Required,Not Required,Required,,Required,,True,True,True,True,False,False,False,True,False,False,False,True,True,True,False,False,,,,Graduate Admissions,,,,,,,"Adult and child assessment, Individual therapy, Couples therapy","Clark University's APA-accredited Ph.D. in Clinical Psychology program adheres to the scientist-practitioner model, training students to be skilled scientists and clinicians. The program emphasizes integrating the science of psychology with its professional practice to improve the lives of people in our communities.",,https://www.clarku.edu/graduate-programs/,,,1658.0,False,False,,,3.0,,,,,,,,,,,,,,,Psychology##Clinical Psychology,,,False,False,,,120.0,112.0,,,6.5,,,61.0,,85.0,,,,,,,,,,,,,"Merit-based scholarships, Federal Direct Loan, Graduate Plus loans, Teaching assistantships, Research assistantships",False,,,False,False,,
,Certificate in Criminology and Criminal Justice,,,,,Graduate-Certificate,Fall 2026,,,,Required,Required,Not Required,Required,,Not Required,,True,True,False,False,False,False,False,False,False,False,False,False,False,False,False,False,,,,Graduate Admissions,,,,,,,"Conflict Management, Intercultural Communication, Administration, Marketing Communications, Human Resources, Cyber Security, New Media Technologies, Public Relations","The Certificate of Advanced Graduate Study (CAGS) is a unique, self-designed, multidisciplinary program for professionals who already hold a master's degree. Students create a custom curriculum by choosing courses from various areas offered through the School of Professional Studies to strengthen their competencies and add breadth to their existing degree.",,https://www.clarku.edu/graduate-programs/,,,6990.0,False,False,,,,,,,,,,,,,,,,,,Administration##Conflict Resolution##Cybersecurity##Criminology##Criminal Justice##Public Administration,,,False,False,,,,,,,,,,,,,,,,,,,,,,,,,Clark Graduate Scholarship,False,,,False,False,,
,Master of Science in Data Analytics and Program Evaluation (Online),,,,,Graduate,Fall 2026,,,,Required,Required,Not Required,Required,,Not Required,,True,True,True,True,False,False,False,True,False,False,False,True,True,False,False,False,,,,Graduate Admissions,,,,,,,,"The Master of Science in Data Analytics (MSDA) program at Clark University equips students with skills in Python programming, machine learning, data engineering, and advanced analytics. The curriculum is designed to help students transform raw data into actionable insights and facilitate data-driven decision-making in a technology-focused business environment.",,https://www.clarku.edu/graduate-programs/,,,,False,True,,,3.0,,,,,,,,,,,,,,,"Data Science##Quantitative Methods, Analysis, Business Analytics##Statistics##Computer Science",,,False,False,,,120.0,112.0,,,6.5,,,61.0,,85.0,,,,,,,,,,,,,Merit-based,False,,,False,False,,
,Doctor of Philosophy in Economics,,,,,Doctoral,Fall 2026,,,,Required,Required,Not Required,Required,,,,True,True,True,False,False,False,False,True,False,False,False,True,True,True,False,False,,,,Graduate Admissions,,,,,,,"Environmental Economics, Development, Urban Economics, International Economics","Clark University's Doctor of Philosophy in Economics program prepares students for careers in research and policy by developing their proficiency in economic theory, econometrics, and chosen specializations.  The program emphasizes independent research, offering students opportunities to work closely with faculty on policy issues related to environmental economics, development, urban economics, and international economics.  Its small size fosters a collegial environment with close faculty-student relationships.",,https://www.clarku.edu/graduate-programs/,,,1658.0,False,False,,,3.0,,,,,,,,,,,,,,,Economics##Global Development Economics,,,False,False,,,120.0,,,,6.5,,,61.0,,85.0,,,,,,,,,,,,,"Full or partial tuition remission, Teaching assistantships, Research assistantships",False,,,False,False,,
,Doctor of Philosophy in English,,,,,Doctoral,Fall 2026,,,,Required,Required,Not Required,Required,,Required,,True,True,True,False,False,False,False,True,False,False,False,True,True,True,False,False,,,,Graduate Admissions,,,,,,,,"The Ph.D. in English program at Clark University does not appear to be offered. The university's English department page only lists a Master's degree as its graduate program. General information for Ph.D. programs at Clark indicates a focus on research, with requirements including a personal statement and academic transcripts.",,https://www.clarku.edu/graduate-programs/,,,1658.0,False,False,,,3.4,,,,,,,,,,,,,,,English##Literature,,,False,False,,,120.0,,,,6.5,,,,,80.0,,,,,,,,,,,,,"Merit-based, Federal Loans, Private Loans",False,,,False,False,,
,Master of Science in Environmental Health and Safety,,,,,Graduate,Fall 2026,,,,Required,Required,Not Required,Required,,Not Required,,True,True,True,True,False,False,False,True,False,False,False,True,True,False,False,False,,,,Graduate Admissions,,,,,,,,"The Master of Science in Environmental Science & Policy equips you with the knowledge and skills to make a difference regarding threats to ecosystems and their consequences for health and wellbeing. The program prepares you to enact just and sustainable solutions through collaboration and experiential learning, grounded in rigorous environmental science. The curriculum focuses on the interaction between environmental knowledge, governance, and justice, with real-world experience provided through internships, studio courses, and fieldwork.",,https://www.clarku.edu/graduate-programs/,,,1658.0,False,True,,,,,,,,,,,,,,,,,,Environmental Science##Environmental Studies##Environmental Management##Public Policy,,,False,False,,,120.0,,,,6.5,,,61.0,,85.0,,,,,,,,,,,,,Merit-based,False,,,False,False,,
,Doctor of Philosophy in Environmental Science and Policy,,,,,Doctoral,Fall 2026,,,,Required,Required,Optional,Required,,Required,,True,True,True,True,True,False,True,True,False,False,False,True,True,True,False,False,,,,Graduate Admissions,,,,,,,"Human-Environment Geography (nature-society), Urban-Economic Geography, Earth System Science, GIScience/Remote Sensing","The doctoral program in Geography at Clark University provides students with the opportunity to pursue studies across a full array of geographical fields, including a specialization in Human-Environment Geography. This area of study is relevant for students interested in environmental science and policy, focusing on nature-society interactions. The program, which typically takes five years to complete, culminates in the writing and defense of a dissertation.",,https://www.clarku.edu/graduate-programs/,,,1658.0,False,False,,,3.0,,,,,,,,,,,,,,,Environmental Science##Environmental Studies##Geography##Policy Studies##Social Sciences,,,False,False,,,120.0,112.0,,,6.5,,,61.0,,85.0,,,,,,,,,,,,,"Tuition Remission, Assistantship Funding",False,,,False,False,,
,Master of Professional Studies in Exploration Science,,,,,Graduate,Fall 2026,,,,Required,Required,Not Required,Required,,Not Required,,True,True,True,True,False,False,False,True,False,False,False,True,True,False,False,False,,,,Graduate Admissions,,,,,,,,"The Master of Science in Environmental Science & Policy at Clark University equips students with the knowledge and skills to address environmental challenges. The program focuses on enacting just and sustainable solutions through collaboration, experiential learning, and integrating diverse forms of knowledge. Students learn to navigate complex governance structures and gain real-world experience through internships, studio courses, and fieldwork.",,https://www.clarku.edu/graduate-programs/,,,1658.0,False,True,,,3.0,,,,,,,,,,,,,,,Environmental Science##Environmental Studies##Policy Studies##Ecology,,,False,False,,,120.0,112.0,,,6.5,,,61.0,,85.0,,,,,,,,,,,,,Merit-based,False,,,False,False,,
,Master of Science in Physics,,,,,Graduate,Fall 2026,,,,Required,Required,Not Required,Required,,Not Required,,True,True,True,False,False,False,False,True,False,False,False,False,True,False,False,False,,,,Graduate Admissions,,,,,,,"condensed matter physics, STM imaging, low-dimensional metals, organic superconductivity, strongly-correlated quantum many-body systems, computational physics, biological physics, granular materials and soft matter, complex ecosystems, energy technology","This program is designed for students wishing to advance their knowledge in physics beyond the undergraduate level. It enables students to develop analytical, computational, and experimental skills in preparation for careers in physics, engineering, industry, finance, and education. The program involves a combination of graduate courses and a research thesis.",,https://www.clarku.edu/graduate-programs/,,,1658.0,False,True,,,3.2,,,,,,,,,,,,,,,Physics##Applied Physics,,,False,False,,,120.0,,,,6.5,,,,,85.0,,,,,,,,,,,,,"Tuition scholarships, Clark Graduate Scholarship",False,,,False,False,,
,Doctor of Philosophy in Physics,,,,,Doctoral,Fall 2026,,,,Required,Required,Optional,Required,,Not Required,,True,True,True,True,True,False,True,True,False,False,False,True,True,True,False,False,,,,Graduate Admissions,,,,,,,"condensed matter physics, biophysics, ecological physics, computational physics, electronic materials, energy physics, nanoscience, soft matter","The Ph.D. in Physics program at Clark University focuses on a research apprenticeship model, encouraging students to join research groups early in their studies.  Research is concentrated in both experimental and theoretical condensed matter physics, including areas like biophysics, nanoscience, and soft matter.  The curriculum includes core graduate courses and a series of three oral qualifying exams in major physics areas instead of a written exam.",,https://www.clarku.edu/graduate-programs/,,,1658.0,False,True,,,3.0,,,,,,,,,,,,,,,Physics##Applied Physics##Biophysics##Nanoscience,,,False,False,,,120.0,112.0,,,6.5,,,61.0,,85.0,,,,,,,,,,,,,"tuition remissions, teaching assistantships, research assistantships",False,,,False,False,,
,Master of Science in Prevention Science and Community Health,,,,,Graduate,Fall 2026,,,,Required,Required,Not Required,Required,,Not Required,,True,True,True,False,False,False,False,True,False,False,False,True,True,True,False,False,,,,Graduate Admissions,,,,,,,,"The Master of Science in Prevention Science and Community Health is a 33-credit hour program designed to train students in the fundamentals of prevention science. This includes assessing risk and protective factors for health outcomes, developing and implementing preventive interventions, and evaluating their effectiveness. The program prepares students for research or technical roles in various sectors and for future doctoral studies in public health.",,https://www.clarku.edu/graduate-programs/,,,1658.0,False,False,,,3.0,,,,,,,,,,,,,,,Community Health##Public Health##Health Science##Social Sciences,,,False,False,,,120.0,,,,6.5,,,61.0,,85.0,,,,,,,,,,,,,Merit-based,False,,,False,False,,
,Doctor of Philosophy in Prevention Science and Community Health,,,,,Doctoral,Fall 2026,,,,Required,Required,Not Required,Required,,Not Required,,True,True,True,False,False,False,False,True,False,False,False,True,True,False,False,False,,,,Graduate Admissions,,,,,,,,"The Ph.D. in Prevention Science and Community Health at Clark University prepares students with the expertise and interdisciplinary background to contribute to 21st-century prevention and community health research. Students are trained in traditional and innovative areas of prevention science, including etiology, intervention design and evaluation, community-based participatory research, and implementation science.",,https://www.clarku.edu/graduate-programs/,,,1658.0,False,False,,,3.0,,,,,,,,,,,,,,,Community Health##Public Health##Social Sciences,,,False,False,,,120.0,,,,6.5,,,61.0,,85.0,,,,,,,,,,,,,Merit-based,False,,,False,False,,
,Master of Science in Product Design,,,,,Graduate,Fall 2026,,,,Required,Required,Not Required,Required,,Not Required,,True,True,True,True,False,False,False,True,False,False,False,True,True,False,False,False,,,,Graduate Admissions,,,,,,,"Product Development, Generative Artificial Intelligence, Technology in Healthcare, Cloud Computing","The Master of Science in Information Technology (MSIT) program prepares students to be forward-thinking technology leaders with the technical skills and strategic acumen to address real-world challenges. The program emphasizes market-ready skills, balancing technical proficiency with the essential soft skills necessary for professional success in the IT field. Students gain expertise in areas like product development to drive innovation and manage complex IT challenges within organizations.",,https://www.clarku.edu/graduate-programs/,,,1658.0,False,True,,,,,,,,,,,,,,,,,,Information Technology##Business/Management##Industrial Design,,,False,False,,,120.0,112.0,,,6.5,,,61.0,,85.0,,,,,,,,,,,,,Merit-based,False,,,False,False,,
,Doctor of Philosophy in Psychology,,,,,Doctoral,Fall 2026,,,,Required,Required,Not Required,Required,,Required,,True,True,True,True,False,False,False,True,False,False,False,True,True,True,False,False,,,,Graduate Admissions,,,,,,,"Clinical Psychology, Developmental Psychology, Social Psychology","The Ph.D. in Psychology program at Clark University is a research-focused program that trains scholars to work in academic and professional fields.  The program is committed to understanding human development within a socio-cultural context and offers concentrations in Clinical, Developmental, and Social Psychology.  The APA-accredited Clinical Psychology track follows the scientist-practitioner model, emphasizing high-quality research alongside broad-based clinical training.",,https://www.clarku.edu/graduate-programs/,,,1658.0,False,False,,,3.0,,,,,,,,,,,,,,,Psychology##Clinical Psychology##Social Sciences,,,False,False,,,120.0,112.0,,,6.5,,,61.0,,85.0,,,,,,,,,,,,,Graduate Scholarship,False,,,False,False,,
,Certificate in Public Administration,,,,,Graduate-Certificate,Fall 2026,,,,Required,Required,Not Required,Required,,Not Required,,True,True,True,True,False,False,False,True,False,False,False,True,True,False,False,False,,,,Graduate Admissions,,,,,,,"conflict management, intercultural communication, administration, marketing communications, human resources, cyber security, new media technologies, public relations","The Certificate of Advanced Graduate Study (CAGS) is a unique, self-designed, multidisciplinary program for working professionals who already hold a master's degree and wish to strengthen their competencies in a new area.  Students create a custom certificate program by choosing graduate courses from various areas offered through the School of Professional Studies (SPS).",,https://www.clarku.edu/graduate-programs/,,,1658.0,False,False,,,,,,,,,,,,,,,,,,Public Administration##Administration##Independent/Interdisiplinary Studies,,,False,False,,,120.0,112.0,,,6.5,,,61.0,,85.0,,,,,,,,,,,,,Merit-based,False,,,False,False,,
,Master of Public Administration,,,,,Graduate,Fall 2026,,,,Required,Required,Not Required,Required,,Not Required,,True,True,True,True,False,False,False,True,False,False,False,True,True,False,False,False,,,,Graduate Admissions,,,,,,,"Nonprofit Leadership, Healthcare Administration","Clark University's Master of Public Administration (MPA) program equips students with leadership and analytical skills to address complex public challenges. The curriculum provides a solid academic foundation in research methods, public management, public affairs, and nonprofit leadership, culminating in a capstone project that applies knowledge to real-world organizational challenges.",,https://www.clarku.edu/graduate-programs/,,,1658.0,False,False,,,3.0,,,,,,,,,,,,,,,Public Administration##Public Policy##Management,,,False,False,,,120.0,112.0,,,6.5,,,61.0,,85.0,,,,,,,,,,,,,Merit-based,False,,,False,False,,
,Master of Public Administration (Online),,,,,Graduate,Fall 2026,,,,Required,Required,Not Required,Required,,Not Required,,True,True,True,False,False,False,False,True,False,False,False,True,True,True,False,False,,,,Graduate Admissions,,,,,,,"Nonprofit Management, Public Administration Leadership, Educational Leadership, Health Care Administration","The Master of Public Administration (MPA) program at Clark University is designed to cultivate ethical and effective leaders to address complex public challenges.  The program equips students with leadership and analytical skills through rigorous coursework, research, and experiential learning.  Students can pursue the degree online, on-campus, or through a hybrid format.",,https://www.clarku.edu/graduate-programs/,,,3420.0,False,False,,,3.4,,,,,,,,,,,,,,,Public Administration##Administration,,,False,False,,,120.0,,,,6.5,,,61.0,,80.0,,,,,,,,,,,,,Merit-based,False,,,False,False,,
,Certificate in Public Health,,,,,Graduate-Certificate,Fall 2026,,,,Required,Required,Not Required,Required,,Not Required,,True,True,True,False,False,False,False,True,False,False,False,True,True,False,False,False,,,,Graduate Admissions,,,,,,,"policy and project management, quantitative and epidemiology","Clark's Community and Global Health Certificate equips you to take on some of the biggest public health challenges facing humanity, by working with communities right here in Worcester or across the globe. This certificate is built on the faculty's long-standing local community health partnerships and extensive field experience. You'll engage in thoughtful, critical analysis of domestic health interventions and international health policy.",,https://www.clarku.edu/graduate-programs/,,,1658.0,False,False,,,3.0,,,,,,,,,,,,,,,Public Health##Community Health##Global Health,,,False,False,,,120.0,,,,6.5,,,61.0,,85.0,,,,,,,,,,,,,Merit-based,False,,,False,False,,
,Master of Public Health,,,,,Graduate,Fall 2026,,,,Required,Required,Not Required,Required,,Not Required,,True,True,True,True,False,False,False,True,False,False,False,True,True,False,False,False,,,,Graduate Admissions,,,,,,,"Community Health, Global Health","Clark University's Master of Health Science (MHS) in Community and Global Health is a transdisciplinary program that combines natural science, technology, social science, and policy. It is designed for students committed to health care as a right and who believe in social justice and equity for all members of society. The program focuses on the social determinants of health and health inequities, preparing students to address complex public health problems.",,https://www.clarku.edu/graduate-programs/,,,1658.0,False,False,,,,,,,,,,,,,,,,,,Public Health##Community Health##Global Health##Health Science,,,False,False,,,120.0,112.0,,,6.5,,,61.0,,85.0,,,,,,,,,,,,,Merit-based,False,,,False,False,,
,Accelerated Master of Public Health,,,,,Graduate,Fall 2026,,,,Required,Required,Not Required,Required,,Not Required,,True,True,True,True,False,False,False,True,False,False,False,True,True,False,False,False,,,,Graduate Admissions,,,,,,,"Community Health, Global Health","Clark University's Master of Health Science (MHS) in Community and Global Health is for students committed to health care as a right, social justice, and equity. The program is transdisciplinary, combining natural science and technology with social science and policy to address complex public health problems. Areas of focus include social determinants of health, health inequities, GIS and health, health policy, and community-level research.",,https://www.clarku.edu/graduate-programs/,,,,False,False,,,,,,,,,,,,,,,,,,Public Health##Community Health##Global Health,,,False,False,,,120.0,112.0,,,6.5,,,61.0,,85.0,,,,,,,,,,,,,Merit-based,False,,,False,False,,
,Master of Science in Public Health,,,,,Graduate,Fall 2026,,,,Required,Required,Not Required,Required,,,,True,True,True,True,False,False,False,True,False,False,False,True,True,True,False,False,,,,Graduate Admissions,,,,,,,"Health Policy and Management, Health Services Administration, Nutrition, Biostatistics, Epidemiology, Oral Health, Family Health, Health Education and Communication, Occupational Safety and Health, Environmental Health, International and Global Health","Public Health is a multidisciplinary profession that focuses on the prevention of disease and the promotion of health in populations.  The public health disciplines include health policy and management, biostatistics, epidemiology, health education and communication, and environmental health, among others.",,https://www.clarku.edu/graduate-programs/,,,1658.0,False,False,,,,,,,,,,,,,,,,,,Public Health##Health Science##Community Health,,,False,False,,,120.0,112.0,,,6.5,,,61.0,,85.0,,,,,,,,,,,,,Merit-based,False,,,False,False,,
,Accelerated Master of Science in Public Health,,,,,Graduate,Fall 2026,,,,Required,Required,Not Required,Required,,Not Required,,True,True,True,True,False,False,False,True,False,False,False,True,True,False,False,False,,,,Graduate Admissions,,,,,,,"Community Health, Global Health","Clark University's Master of Health Science (MHS) in Community and Global Health is a transdisciplinary program focused on the principle of health care as a right and the promotion of social justice and equity. Offered through the International Development, Community, and Environment Department (IDCE), it combines natural and social sciences with policy to address complex public health issues.  The curriculum emphasizes analyzing health disparities and developing effective interventions to promote health equity.",,https://www.clarku.edu/graduate-programs/,,,1658.0,False,False,,,3.0,,,,,,,,,,,,,,,Public Health##Community Health##Global Health,,,False,False,,,120.0,112.0,,,6.5,,,61.0,,85.0,,,,,,,,,,,,,Merit-based,False,,,False,False,,
,Master of Public Policy,,,,,Graduate,Fall 2026,,,,Required,Required,Not Required,Required,,Not Required,,True,True,True,True,False,False,False,True,False,False,False,True,True,False,False,False,,,,Graduate Admissions,,,,,,,"Nonprofit Leadership, Healthcare Administration, Senior Leadership","The Master of Public Administration (MPA) program at Clark University is dedicated to cultivating ethical, innovative, and effective leaders and problem-solvers to address complex public challenges and advance the public interest. The program equips students with a solid academic foundation and training in research methods, public management, public affairs, nonprofit leadership, and policy analysis. Students will engage in rigorous academic coursework, research, and experiential learning opportunities to make meaningful contributions to the public and nonprofit sectors.",,https://www.clarku.edu/graduate-programs/,,,1658.0,False,False,,,,,,,,,,,,,,,,,,Public Administration##Public Policy##Administration,,,False,False,,,120.0,112.0,,,6.5,,,61.0,,85.0,,,,,,,,,,,,,Merit-based,False,,,False,False,,
,Master of Arts in Public Relations,,,,,Graduate,Fall 2026,,,,Required,Required,Not Required,Required,,Not Required,,True,True,True,True,False,False,False,True,False,False,False,True,True,False,False,False,,,,Graduate Admissions,,,,,,,"Public Relations, Digital Literacy","The Master of Science in Communication at Clark University is designed for entry to mid-level professionals, providing essential skills in marketing, public relations, digital media, and strategic communications management. The curriculum focuses on enhancing communication skills and managerial techniques through themes of strategy, consumer insights, content marketing, and ethics. A concentration in Public Relations specifically prepares students to lead strategic communications with a focus on storytelling, branding, and stakeholder management.",,https://www.clarku.edu/graduate-programs/,,,1658.0,False,False,,,,,,,,,,,,,,,,,,Public Relations##Communications##Marketing,,,False,False,,,120.0,112.0,,,6.5,,,61.0,,85.0,,,,,,,,,,,,,Merit-based,False,,,False,False,,
,"Accounting, Bachelor of Science",,,,,Undergraduate,Fall 2026,,,,Not Required,Not Required,,Required,,Not Required,,True,True,True,False,False,False,False,True,False,False,False,True,True,False,False,False,,,,Undergraduate Admissions,,,,,,,,"The undergraduate accounting major at Clark University provides a comprehensive education in financial reporting, auditing, taxation, and management accounting. It equips students with the necessary technical skills, ethical decision-making abilities, and problem-solving capabilities for careers in public accounting, corporate finance, government, and nonprofits. The program prepares students for professional certifications such as the CPA, CMA, or Enrolled Agent (EA).",,https://www.clarku.edu/programs/majors-and-minors/,,,,False,False,,,2.0,,,,,,,,,,,,,,,Accounting/Finance##Business/Management,,,False,False,,,120.0,,,,6.5,,,61.0,,85.0,,,,,,,,,,,,,"Merit-based, Need-based",False,,,False,False,,
,"Actuarial and Financial Mathematics, Minor",,,,,Undergraduate,Fall 2026,,,,Not Required,Not Required,,Required,,Not Required,,True,True,True,False,False,False,False,True,False,False,False,True,True,False,False,False,,,,Undergraduate Admissions,,,,,,,,"The Actuarial and Financial Mathematics (AFM) minor at Clark University is designed for students interested in careers in the actuarial and financial sectors who may be majoring in fields other than mathematics.  It provides a structured pathway to develop the analytical, statistical, and computational skills needed to assess financial risks in insurance and finance.  The curriculum is recognized by the Society of Actuaries and covers topics for the first two professional exams in probability and financial mathematics.",,https://www.clarku.edu/programs/majors-and-minors/,,,,False,False,,,3.69,,,,,,,,,,,,,,,Applied Mathematics##Mathematics##Finance,,,False,False,,31.0,120.0,,,,6.5,,,61.0,1320.0,85.0,,,,,,,,,,,,,Merit-based,False,,,False,False,,
,"Art History, Bachelor of Arts",,,,,Undergraduate,Fall 2026,,,,Not Required,Not Required,,Required,,Not Required,,True,True,True,True,False,False,False,True,False,False,False,True,True,False,False,False,,,,Undergraduate Admissions,,,,,,,"ancient art, Renaissance/Baroque art, modern art, non-Western art","The Art History major at Clark University examines creative works in context, tracing the human experience throughout the ages in relation to visual art, sculpture, and architecture.  Students learn to analyze works of art and ask larger questions about the place and role of the arts in human history.  The program offers courses in ancient, Renaissance/Baroque, modern, and non-Western art.",,https://www.clarku.edu/programs/majors-and-minors/,,,2586.25,False,False,,,,,,,,,,,,,,,,,,Art History##Art##Humanities##Museum Studies,,,False,False,,,120.0,112.0,,,6.5,,,61.0,,85.0,,,,,,,,,,,,,"Merit-based, Need-based",False,,,False,False,,
,"Interactive Media, Bachelor of Arts",,,,,Undergraduate,Fall 2026,,,,Not Required,Not Required,,Required,,Not Required,,True,True,True,True,False,False,False,True,False,False,False,True,True,False,False,False,,,,Undergraduate Admissions,,,,,,,"2D Art, 3D Art, Audio, Programming, Production, UI/UX, Writing, Design Your Own","The Bachelor of Arts in Interactive Media at Clark University prepares students for careers in the interactive media and gaming industry. The program allows students to develop skills in areas like visual art, programming, writing, and user experience, fostering collaboration across disciplines. Students can choose from various tracks to deepen their expertise in creating dynamic digital experiences.",,https://www.clarku.edu/programs/majors-and-minors/,,,2069.0,False,False,,,,,,,,,,,,,,,,,,Animation and Digital Arts##Art##Computer##Computer Science##Design##Media Design##Studio Arts##Visual and Performing Arts,,,False,False,,,120.0,112.0,,,6.5,,,61.0,,85.0,,,,,,,,,,,,,Merit-based,False,,,False,False,,
,"Asian Studies, Bachelor of Arts",,,,,Associate,Fall 2026,,,,Not Required,Not Required,,Required,,Not Required,,True,True,True,False,False,False,False,True,False,False,False,True,True,True,False,False,,,,Undergraduate Admissions,,,,,,,"China, Japan, East, South, and Southeast Asia","The Asian Studies major at Clark University is a multidisciplinary program leading to a Bachelor of Arts degree.  It focuses on building cultural fluency through language study, immersive research, and hands-on experiences abroad, exploring the politics, trade, technology, and arts of Asia.  Students learn about the traditions, languages, and historical contexts that shape emerging Asian countries.",,https://www.clarku.edu/programs/majors-and-minors/,,,,False,False,,,2.5,,,,,,,,,,,,,,,Asian Studies##East Asian Studies,,,False,False,,,105.0,,,,6.5,,,,,85.0,,,,,,,,,,,,,"Merit-based, Need-based",False,,,False,False,,
,"Biochemistry and Molecular Biology, Bachelor of Science",,,,,Undergraduate,Fall 2026,,,,Not Required,Not Required,,Required,,Not Required,,True,True,True,True,False,False,False,True,False,False,False,True,True,False,False,False,,,,Undergraduate Admissions,,,,,,,Prehealth Advising Program,"The Biochemistry and Molecular Biology (BCMB) program at Clark University is an interdisciplinary major that combines resources from the biology and chemistry departments.  It provides students with a thorough understanding of the cellular and molecular foundations of living things.  The program is designed for students aiming for graduate studies, medical school, or science-related laboratory positions after graduation.",,https://www.clarku.edu/programs/majors-and-minors/,,,1939.67,False,True,,,,,,,,,,,,,,,,,,Biochemistry and Molecular Biology##Biochemistry##Molecular Biology,,,False,False,,,120.0,112.0,,,6.5,,,61.0,,85.0,,,,,,,,,,,,,"Merit-based, Need-based",False,,,False,False,,
,"Biology, Bachelor of Science",,,,,Undergraduate,Fall 2026,,,,Not Required,Not Required,,Required,,Not Required,,True,True,True,True,False,False,False,True,False,False,False,True,True,False,False,False,,,,Undergraduate Admissions,,,,,,,"cell and molecular biology, ecology and evolution, computational and quantitative biology, pre-health careers track","The Bachelor of Science in Biology at Clark University provides a comprehensive study of life at all levels, from molecular to ecological.  Students begin with a broad foundation in biology before selecting an area of focus, such as cell and molecular biology or ecology and evolution.  The program emphasizes a hands-on approach, with opportunities for students to engage in research projects in areas like cancer biology, epigenetics, and virus-host interactions.",,https://www.clarku.edu/programs/majors-and-minors/,,,,False,True,,,3.76,,,,,,,,,,,,,,,Biology##Biological Sciences##Biochemistry and Molecular Biology##Ecology##Marine Biology##Neuroscience,,,False,False,,,120.0,112.0,,,6.5,,,61.0,,85.0,,,,,,,,,,,,,"Merit-based, Need-based",False,,,False,False,,
,"Business Administration, Bachelor of Science",,,,,Undergraduate,Fall 2026,,,,Not Required,Not Required,,Required,,Not Required,,True,True,True,False,False,False,False,True,False,False,False,True,True,True,False,False,,,,Undergraduate Admissions,,,,,,,Data Analytics,"The Business Administration major at Clark University prepares students with critical thinking, communication, and leadership skills for a dynamic business world. Rooted in both business fundamentals and the liberal arts, the program balances analytical and interpersonal skills, ensuring students can manage both people and processes. Students study finance, marketing, organizational behavior, and business strategy while developing expertise in negotiation, ethical decision-making, and corporate social responsibility.",,https://www.clarku.edu/programs/majors-and-minors/,,,1711.0,False,False,,,3.69,,,,,,,,,,,,,,,Business Administration##Business/Management##Finance##Marketing,,,False,False,,,105.0,,,,6.5,,,,,85.0,,,,,,,,,,,,,"Merit-based, Need-based",False,,,False,False,,
,"Business Economics, Bachelor of Arts",,,,,Undergraduate,Fall 2026,,,,Not Required,Not Required,,Required,,Not Required,,True,True,True,False,False,False,False,True,False,False,False,True,True,True,False,False,,,,Undergraduate Admissions,,,,,,,,"The Business Economics major at Clark University combines economic theory with practical business skills, preparing students to analyze markets, solve complex problems, and adapt to changing global environments.  The curriculum provides a strong foundation in business, finance, management, and accounting while also focusing on economic systems, theory, and data analysis.  Students apply their knowledge through case studies, group projects, and hands-on work with local businesses.",,https://www.clarku.edu/programs/majors-and-minors/,,,2393.0,False,False,,,2.0,,,,,,,,,,,,,,,Business/Management##Economics##Finance,,,False,False,,,105.0,,,,6.5,,,,,80.0,,,,,,,,,,,,,"Merit-based, Need-based, Presidential Scholarship, Segal AmeriCorps Scholarship, Yellow Ribbon Program, Tuition Exchange Scholarship",False,,,False,False,,
,"Chemistry, Bachelor of Science",,,,,Undergraduate,Fall 2026,,,,Not Required,Not Required,,Required,,Not Required,,True,True,True,True,False,False,False,True,False,False,False,True,True,False,False,False,,,,Undergraduate Admissions,,,,,,,"American Chemical Society (ACS)-certified track, Standard track","Majoring in chemistry at Clark University places the physical makeup of our world under your microscope. Students engage in research as early as their first year and collaborate on new discoveries with leading professors. The program prepares students for various careers, including graduate studies, health professions, teaching, and technical sales.",,https://www.clarku.edu/programs/majors-and-minors/,,,,False,True,,,,,,,,,,,,,,,,,,Chemistry##Biochemistry##Environmental Science,,,False,False,,,120.0,112.0,,,6.5,,,61.0,,85.0,,,,,,,,,,,,,"Merit-based, Need-based, Presidential Scholarship, Segal AmeriCorps Scholarship, Clark Global Scholarship Program",False,,,False,False,,
,"Climate, Environment, and Society, Bachelor of Arts",,,,,Undergraduate,Fall 2026,,,,Not Required,Not Required,,Required,,Not Required,,True,True,True,True,False,False,False,True,False,False,False,True,True,False,False,False,,,,Undergraduate Admissions,,,,,,,,"The Climate, Environment, and Society program at Clark University involves the study of Earth's natural and human systems amidst profound global environmental change.  Students examine how the planet's climate and environment are transformed by socioeconomic and cultural processes, and how these conditions are, in turn, transformed by the changing environment.  The curriculum is problem-focused and solution-oriented, exploring the interdisciplinary perspectives required to understand and address climate change and other sustainability challenges.",,https://www.clarku.edu/programs/majors-and-minors/,,,,False,False,,,,,,,,,,,,,,,,,,Environmental Studies##Social Sciences##Geography##Economics##Environmental Science,,,False,False,,,120.0,112.0,,,6.5,,,61.0,,85.0,,,,,,,,,,,,,"Merit-based, Need-based, Presidential Scholarship, Segal AmeriCorps Scholarship",False,,,False,False,,
,"Combined Languages, Bachelor of Arts",,,,,Undergraduate,Fall 2026,,,,Not Required,Not Required,,Required,,Not Required,,True,True,True,False,False,False,False,True,False,False,False,True,True,False,False,False,,,,Undergraduate Admissions,,,,,,,"American Sign Language (ASL), Chinese, French, German, Hebrew, Japanese, Latin, Spanish","As a combined languages major, you'll develop advanced proficiency in at least two languages while gaining deep understanding of the cultures, histories, and perspectives that shape them. This dual expertise prepares you to work on international teams, conduct cross-cultural research, and contribute meaningfully to organizations addressing issues of global significance. One of the languages must be Spanish or French, which can be paired with another language offered at Clark.",,https://www.clarku.edu/programs/majors-and-minors/,,,1939.69,False,False,,,,,,,,,,,,,,,,,,World Languages and Cultures##Interdisciplinary Studies,,,False,False,,,120.0,,,,6.5,,,61.0,,85.0,,,,,,,,,,,,,"Merit-Based Aid, Need-Based Aid",False,,,False,False,,
,"Community, Youth, and Education Studies, Bachelor of Arts",,,,,Undergraduate,Fall 2026,,,,Not Required,Not Required,,Required,,Required,,True,True,True,True,False,False,False,True,False,False,False,True,True,False,False,False,,,,Undergraduate Admissions,,,,,,,,"The Community, Youth, and Education Studies (CYES) major provides a strong background in youth studies, urban studies, and education, preparing students to be effective voices for social justice.  The program is interdisciplinary, bridging community development and critical youth studies to prepare students for engaged scholarship and leadership.  Students examine how school and community programs can transform inequities by engaging young people and their families.",,https://www.clarku.edu/programs/majors-and-minors/,,,,False,False,,,,,,,,,,,,,,,,,,Community Development##Education##Social Justice Studies##Social Sciences##Youth Services,,,False,False,,,120.0,112.0,,,6.5,,,61.0,,85.0,,,,,,,,,,,,,"Merit-based, Need-based",False,,,False,False,,
,"Computer Science, Bachelor of Arts",,,,,Undergraduate,Fall 2026,,,,Not Required,Not Required,,Required,,Not Required,,True,True,True,True,False,False,False,True,False,False,False,True,True,False,False,False,,,,Undergraduate Admissions,,,,,,,Computational Science,"Leading to a Bachelor of Arts degree, Clark's computer science major is designed to help students solve complex challenges across a range of fields.  Students develop a sound foundation in theory and practical applications while learning how computer science can improve humanity.  The program, set within a liberal arts context, encourages interdisciplinary study and provides a broad perspective on the implications of computer science for human well-being.",,https://www.clarku.edu/programs/majors-and-minors/,,,2586.25,False,True,,,,,,,,,,,,,,,,,,Computer Science##Data Science,,,False,False,,,120.0,112.0,,,6.5,,,61.0,,85.0,,,,,,,,,,,,,"Merit-based, Need-based",False,,,False,False,,
,"Creative Writing, Bachelor of Arts",,,,,Undergraduate,Fall 2026,,,,Not Required,Not Required,,Required,,Not Required,,True,True,True,True,False,False,False,True,False,False,False,True,True,False,False,False,,,,Undergraduate Admissions,,,,,,,"Poetry, Fiction, Creative Nonfiction, Playwriting, Screenplay","The Creative Writing major at Clark University, offered through the English Department, guides students to analyze literary works and apply those lessons to their own writing in poetry, fiction, and creative nonfiction. Taught by professional writers, the program emphasizes interactive workshops to help students develop and refine their work. Students have opportunities to enter writing contests, publish in student literary magazines, and work one-on-one with faculty in a capstone course.",,https://www.clarku.edu/programs/majors-and-minors/,,,2586.25,False,False,,,,,,,,,,,,,,,,,,Creative Writing##Writing##Literature,,,False,False,,,120.0,112.0,,,6.5,,,61.0,,85.0,,,,,,,,,,,,,"Merit-based, Need-based",False,,,False,False,,
,"Dance, Minor",,,,,Undergraduate,Fall 2026,,,,Not Required,Not Required,,Required,,Not Required,,True,True,True,True,False,False,False,True,False,False,False,True,True,False,False,False,,,,Undergraduate Admissions,,,,,,,,"The Dance Minor at Clark University, offered through the Theatre Program, provides students with a technical foundation in modern and jazz techniques, along with exposure to diverse dance forms.  The program aims to foster personal and artistic development through creative exploration, performance opportunities, and interdisciplinary inquiry.",,https://www.clarku.edu/programs/majors-and-minors/,,,,False,False,,,,,,,,,,,,,,,,,,Dance##Performing Arts,,,False,False,,,120.0,112.0,,,6.5,,,61.0,,85.0,,,,,,,,,,,,,"Merit-based, Need-based",False,,,False,False,,
,"Data Science, Bachelor of Science",,,,,Undergraduate,Fall 2026,,,,Not Required,Not Required,,Required,,Not Required,,True,True,True,True,False,False,False,True,False,False,False,True,True,False,False,False,,,,Undergraduate Admissions,,,,,,,"computer science, economics, geography/GIS, management, mathematics, biology, chemistry/biochemistry, environmental science, game design/production, physics, psychology","The Data Science program at Clark University is an interdisciplinary major that integrates courses from computer science, economics, geography, management, and mathematics. Students learn to formulate problems, design data collection strategies, and analyze data to make informed decisions, while also considering the social and ethical implications of data science. Effective Fall 2025, the program will offer a Bachelor of Science (B.S.) in Data Science.",,https://www.clarku.edu/programs/majors-and-minors/,,,,False,True,,,3.69,,,,,,,,,,,,,,,Data Science##Computer Science##Mathematics##Economics,,,False,False,,,120.0,112.0,,,6.5,,,61.0,,85.0,,,,,,,,,,,,,"Merit-based, Need-based",False,,,False,False,,
,Data Science Minor,,,,,Undergraduate,Fall 2026,,,,Not Required,Not Required,,Required,,Not Required,,True,True,True,False,False,False,False,True,False,False,False,True,True,False,False,False,,,,Undergraduate Admissions,,,,,,,,"Clark University's Data Science minor provides an interdisciplinary education that integrates core data science, computer science, and mathematics courses with specialized domain knowledge.  The program is designed to align with the principles of a liberal arts education and is supported by faculty from diverse departments.  Students learn techniques widely applied to quantitative analyses in almost every discipline.",,https://www.clarku.edu/programs/majors-and-minors/,,,,False,True,,,3.2,,,,,,,,,,,,,,,Data Science##Computer Science##Mathematics,,,False,False,,30.0,,,,,6.5,,,,1300.0,85.0,,,,,,,,,,,,,"Merit-based, Need-based",False,,,False,False,,
,"Economics, Bachelor of Science",,,,,Undergraduate,Fall 2026,,,,Not Required,Not Required,,Required,,Not Required,,True,True,True,True,False,False,False,True,False,False,False,True,True,False,False,False,,,,Undergraduate Admissions,,,,,,,,"The economics major at Clark University is designed to provide students with an understanding of core economic theory, frameworks for analyzing issues, and the ability to identify and manipulate relevant data.  It emphasizes the development of problem-solving skills to address critical world issues such as income inequality and economic development.  The curriculum has particular strengths in international economics, spatial environmental economics, applied econometrics, and development economics.",,https://www.clarku.edu/programs/majors-and-minors/,,,,False,False,,,,,,,,,,,,,,,,,,Economics##Social Sciences,,,False,False,,,120.0,112.0,,,6.5,,,61.0,,85.0,,,,,,,,,,,,,"Merit-Based, Need-Based",False,,,False,False,,
,Economics Minor,,,,,Undergraduate,Fall 2026,,,,Not Required,Not Required,,Required,,Not Required,,True,True,True,False,False,False,False,True,False,False,False,True,True,False,False,True,,,,Undergraduate Admissions,,,,,,,,"The Economics minor at Clark University requires a minimum of six courses. Students must take introductory microeconomics and macroeconomics, and at least two of the remaining four courses must be at the 200 level.",,https://www.clarku.edu/programs/majors-and-minors/,,,2586.25,False,False,,,3.76,,,,,,,,,,,,,,,Economics,,,False,False,,31.0,,,,,6.5,,,,1320.0,85.0,,,,,,,,,,,,,"Merit-based, Need-based, Presidential Scholarship, Segal AmeriCorps Scholarship",False,,,False,False,,
,Education Minor,,,,,Undergraduate,Fall 2026,,,,Not Required,Not Required,,Required,,Not Required,,True,True,True,False,False,False,False,True,False,False,False,True,True,False,False,False,,,,Undergraduate Admissions,,,,,,,"human services, school psychology","The Education Minor at Clark University focuses on urban education, school reform, and underserved communities. It is designed for students interested in the field of education as well as those who may be considering Clark's accelerated Master of Arts in Teaching (M.A.T.) program.",,https://www.clarku.edu/programs/majors-and-minors/,,,,False,False,,,,,,,,,,,,,,,,,,Education##Social Justice Studies,,,False,False,,,,,,,6.5,,,,,85.0,,,,,,,,,,,,,"Merit-based, Need-based, Grants, Loans, Work-study",False,,,False,False,,
,"English, Bachelor of Arts",,,,,Undergraduate,Fall 2026,,,,Not Required,Not Required,,Required,,Not Required,,True,True,True,True,False,False,False,True,False,False,False,True,True,False,False,False,,,,Undergraduate Admissions,,,,,,,"Creative Writing, Track in Ethnic Literatures","The English major at Clark University provides students with a deep appreciation for language and literature, emphasizing the power of words to create meaningful impact. The curriculum focuses on developing skills in close reading, analytical reasoning, critical thinking, and persuasive writing. The program aims to build a strong sense of literary history, cultural sensitivity, and broad knowledge of significant authors and literary periods.",,https://www.clarku.edu/programs/majors-and-minors/,,,1948.9,False,False,,,,,,,,,,,,,,,,,,English##Literature##Creative Writing,,,False,False,,,120.0,112.0,,,6.5,,,61.0,,85.0,,,,,,,,,,,,,"Merit-based, Need-based, Presidential Scholarship, Segal AmeriCorps Scholarship, United World College Scholars Program",False,,,False,False,,
,English Minor,,,,,Undergraduate,Fall 2026,,,,Required,Required,,Required,,Not Required,,True,True,True,False,False,False,False,True,False,False,False,True,True,False,False,False,,,,Undergraduate Admissions,,,,,,,,"The English minor at Clark University is designed to develop a student's sense of literature, literary history, and sensitivity to cultural values. The program helps students acquire the ability to analyze effectively and write persuasively, which are skills valuable in many vocations. Courses range from foundational areas like Shakespeare and global literature to emergent fields such as ecocriticism and critical race theory.",,https://www.clarku.edu/programs/majors-and-minors/,,,7758.75,False,False,,,,,,,,,,,,,,,,,,English##Literature,,,False,False,,,120.0,,,,6.5,,,61.0,,85.0,,,,,,,,,,,,,"Merit-based, Need-based",False,,,False,False,,
,Entrepreneurship and Innovation Minor,,,,,Undergraduate,Fall 2026,,,,Not Required,Not Required,,Required,,Not Required,,True,True,True,True,False,False,False,True,False,False,False,True,True,False,False,False,,,,Undergraduate Admissions,,,,,,,,"The Entrepreneurship and Innovation minor at Clark University is designed to help students start, run, and sustain a business, social cause, or venture.  Housed within the School of Business, the program complements any major by providing students with the skills to pursue their entrepreneurial goals.  The curriculum focuses on identifying problems, ideating solutions, and implementing them to create change, whether for financial profit or social betterment.",,https://www.clarku.edu/programs/majors-and-minors/,,,,False,False,,,2.0,,,,,,,,,,,,,,,Business/Management,,,False,False,,,120.0,112.0,,,6.5,,,61.0,,85.0,,,,,,,,,,,,,"Merit-based, Need-based, Segal AmeriCorps Scholarship, Yellow Ribbon Program for Veterans, Tuition Exchange Scholarship",False,,,False,False,,
,"Environmental Science, Bachelor of Science",,,,,Undergraduate,Fall 2026,,,,Not Required,Not Required,,Required,,Not Required,,True,True,True,True,False,False,False,True,False,False,False,True,True,True,False,False,,,,Undergraduate Admissions,,,,,,,"Earth System Science, Environmental and Conservation Biology, Environmental Science and Policy, Environmental Engineering","The interdisciplinary environmental science major at Clark University introduces students to the physical, biological, geographical, and policy aspects of the natural environment.  Students will complete core courses and then choose a track to explore in more detail, preparing them for graduate school or careers in fields like ecology, conservation biology, and environmental planning.",,https://www.clarku.edu/programs/majors-and-minors/,,,,False,True,,,,,,,,,,,,,,,,,,Environmental Science##Environmental Studies##Ecology##Biology##Geosciences,,,False,False,,,120.0,112.0,,,6.5,,,61.0,,85.0,,,,,,,,,,,,,"Merit-based, Need-based",False,,,False,False,,
,Environmental Science Minor,,,,,Undergraduate,Fall 2026,,,,Not Required,Not Required,,Required,,Not Required,,True,True,True,True,False,False,False,True,False,False,False,True,True,False,False,False,,,,Undergraduate Admissions,,,,,,,"Earth Systems Science, Environmental and Conservation Biology, Environmental Science and Policy","The Environmental Science minor at Clark University provides an interdisciplinary exploration of the natural environment, covering its physical, biological, geographical, and policy aspects.  Students take six courses that introduce them to the program's three main tracks: earth systems science, environmental and conservation biology, and environmental science and policy.",,https://www.clarku.edu/programs/majors-and-minors/,,,,False,True,,,3.69,,,,,,,,,,,,,,,Environmental Science##Environmental Studies##Earth Sciences,,,False,False,,30.0,120.0,112.0,,,6.5,,,61.0,1300.0,85.0,,,,,,,,,,,,,"Merit-Based, Need-Based",False,,,False,False,,
,"Finance, Bachelor of Science",,,,,Undergraduate,Fall 2026,,,,Not Required,Not Required,,Required,,Not Required,,True,True,True,False,False,False,False,True,False,False,False,True,True,False,False,False,,,,Undergraduate Admissions,,,,,,,,"At Clark University, the Bachelor of Science in Finance program provides a comprehensive understanding of financial markets, investment analysis, and corporate strategy. The curriculum covers capital markets, corporate finance, and emerging trends like sustainable investing and fintech innovation. This program equips students with the skills to analyze financial data, assess investment opportunities, and make sound financial decisions for careers in banking, asset management, and financial consulting.",,https://www.clarku.edu/programs/majors-and-minors/,,,,False,False,,,3.76,,,,,,,,,,,,,,,Finance##Business/Management,,,False,False,,31.0,,,,,6.5,,,,1320.0,85.0,,,,,,,,,,,,,"Merit-based, Need-based",False,,,False,False,,
,Finance Minor,,,,,Undergraduate,Fall 2026,,,,Not Required,Not Required,,Required,,Not Required,,True,True,True,False,False,False,False,True,False,False,False,True,True,True,False,False,,,,Undergraduate Admissions,,,,,,,,The finance minor at Clark University covers core finance courses to help students master key financial skills in a relatively compact program. It provides students with the flexibility to complement their majors with different elective courses depending on their career preferences. The program aims to help students gain essential skills for the competitive finance industry.,,https://www.clarku.edu/programs/majors-and-minors/,,,1940.0,False,False,,,2.5,,,,,,,,,,,,,,,Finance,,,False,False,,,105.0,,,,6.5,,,,,85.0,,,,,,,,,,,,,"Merit-based, Need-based",False,,,False,False,,
,"Geography, Bachelor of Arts",,,,,Undergraduate,Fall 2026,,,,Not Required,Not Required,,Required,,Not Required,,True,True,True,True,False,False,False,True,False,False,False,True,True,False,False,False,,,,Undergraduate Admissions,,,,,,,"earth system science, human-environment/nature-society, globalization, cities, and development, geographic information science","As a geography major at Clark University, you will use the concepts of place and space to better understand the physical and social processes that shape our planet and to address societal and environmental challenges.  In pursuing a bachelor of arts degree in geography, you will explore why places are different; the economic, political, and cultural systems that connect us locally, regionally, and globally; and how we shape — and in turn are shaped by — our environment.  The Geography major and minor at Clark are set up to give students a broad understanding of physical and human elements that comprise this field of study.",,https://www.clarku.edu/programs/majors-and-minors/,,,2069.0,False,False,,,,,,,,,,,,,,,,,,Geography##Earth Sciences##Environmental Studies##Geographic Information Systems##Social Sciences,,,False,False,,,120.0,112.0,,,6.5,,,61.0,,85.0,,,,,,,,,,,,,"Merit-based, Need-based, Presidential Scholarship, Segal AmeriCorps Scholarship",False,,,False,False,,
,Geography Minor,,,,,Undergraduate,Fall 2026,,,,Not Required,Not Required,,Required,,Not Required,,True,True,True,True,False,False,False,True,False,False,False,True,True,False,False,False,,,,Undergraduate Admissions,,,,,,,"Human Environment Geography, Urban Economic Geography, Earth System Science (ESS), Geographic Information Science (GIS)","The Geography minor at Clark University provides students a broad understanding of the physical and human elements of geography.  Students explore the uniqueness of places, the interactions between them, and how place and nature shape our lives and how we shape our environments.  Geographers use the perspectives of place and space to address societal and environmental challenges.",,https://www.clarku.edu/programs/majors-and-minors/,,,2393.0,False,False,,,,,,,,,,,,,,,,,,Geography##Geographic Information Systems##Environmental Science##Environmental Studies,,,False,False,,,120.0,112.0,,,6.5,,,61.0,,85.0,,,,,,,,,,,,,"Merit-based, Need-based",False,,,False,False,,
,"Health, Science & Society, Bachelor of Arts",,,,,Undergraduate,Fall 2026,,,,Not Required,Not Required,,Required,,Not Required,,True,True,True,False,False,False,False,True,False,False,False,True,True,False,False,False,,,,Undergraduate Admissions,,,,,,,,"The Health, Science, and Society major provides an understanding of how biological, environmental, political, and social forces shape individual and societal well-being.  Students learn about the biological and social determinants of health, how socioeconomic structures can create health disparities, and how the human-environment connection influences health.  The curriculum is built on four main perspectives: biomedical science, social determinants of health, data analysis, and ethical considerations.",,https://www.clarku.edu/programs/majors-and-minors/,,,,False,False,,,,,,,,,,,,,,,,,,Health Science##Social Sciences##Biology##Sociology##Public Health##Environmental Science##Psychology,,,False,False,,,,,,,6.5,,,,,85.0,,,,,,,,,,,,,"Merit-based, Need-based",False,,,False,False,,
,"Health, Science & Society Minor",,,,,Undergraduate,Fall 2026,,,,Not Required,Not Required,,Required,,Not Required,,True,True,True,True,False,False,False,True,False,False,False,True,True,False,False,False,,,,Undergraduate Admissions,,,,,,,,"The Health, Science, and Society minor at Clark University provides an interdisciplinary perspective on health, exploring how biological, environmental, political, and social factors influence individual and community well-being. The curriculum is structured around four key areas: biomedical science, social determinants of health, data analysis, and ethical considerations. This program is designed to give students a strong foundation for various health-related professions by examining health issues from multiple viewpoints.",,https://www.clarku.edu/programs/majors-and-minors/,,,,False,False,,,,,,,,,,,,,,,,,,Health##Health Science##Social Sciences##Interdisciplinary Studies,,,False,False,,,120.0,112.0,,,6.5,,,61.0,,85.0,,,,,,,,,,,,,"Merit-based, Need-based",False,,,False,False,,
,"History, Bachelor of Arts",,,,,Undergraduate,Fall 2026,,,,Not Required,Not Required,,Required,,Not Required,,True,True,True,False,False,False,False,True,False,False,False,True,True,False,False,False,,,,Undergraduate Admissions,,,,,,,"Holocaust and genocide studies, African-American history, the history of the Atlantic world, the history of women and gender","As a history major at Clark University, you will uncover insights and perspectives from the past to better understand the present.  You will collaborate with professors and peers to develop a deep understanding of the past across eras, cultures, and societies.  Through working directly with artifacts, from letters exchanged during the Holocaust to genealogical records, history is brought to life.",,https://www.clarku.edu/programs/majors-and-minors/,,,2627.92,False,False,,,,,,,,,,,,,,,,,,History,,,False,False,,,120.0,,,,6.5,,,61.0,,85.0,,,,,,,,,,,,,"Merit-based, Need-based, Presidential Scholarship, Segal AmeriCorps Scholarship, United World College Scholars Program",False,,,False,False,,
,History Minor,,,,,Undergraduate,Fall 2026,,,,Not Required,Not Required,,Required,,Not Required,,True,True,True,False,False,False,False,True,False,False,False,True,True,False,False,False,,,,Undergraduate Admissions,,,,,,,"US History, European History, Global History, Transnational History, Jewish History, History of Human Rights, History of Gender, Political History, History of Violence","The History minor at Clark University offers training in critical thinking, the organization and analysis of information, and clear and concise writing. The program provides a background for various fields including graduate school, teaching, law, government, and journalism. The curriculum is rich and diverse, with courses covering every major geographical area of the world and ranging from political and diplomatic to social, intellectual, and cultural approaches.",,https://www.clarku.edu/programs/majors-and-minors/,,,,False,False,,,,,,,,,,,,,,,,,,History,,,False,False,,,120.0,,,,6.5,,,61.0,,85.0,,,,,,,,,,,,,"Merit-based, Need-based",False,,,False,False,,
,"International Development and Social Change, Bachelor of Arts",,,,,Undergraduate,Fall 2026,,,,Not Required,Not Required,,Required,,Not Required,,True,True,True,False,False,False,False,True,False,False,False,True,True,False,False,False,,,,Undergraduate Admissions,,,,,,,"Students must complete four courses in a subfield of international development and social change that interests them, but there are no formally named concentrations.","At Clark University, International Development and Social Change (IDSC) majors learn how to bring about positive change by thinking critically, acting collaboratively, and engaging responsibly. Students collaborate with professors and peers to develop a deep understanding of the past across eras, cultures, and societies. The program encourages taking courses across diverse perspectives, including those from the Graduate School of Geography and School of Business, to prepare for work in nonprofit, private, government, and research sectors.",,https://www.clarku.edu/programs/majors-and-minors/,,,1939.69,False,False,,,,,,,,,,,,,,,,,,International Studies##Social Sciences##Community Development##Global Studies##Social Justice Studies##Sociology,,,False,False,,,,,,,6.5,,,,,85.0,,,,,,,,,,,,,"Merit-based, Need-based, Grants, Loans, Student Employment",False,,,False,False,,
,International Development and Social Change Minor,,,,,Undergraduate,Fall 2026,,,,Not Required,Not Required,,Required,,Not Required,,True,True,True,False,False,False,False,True,False,False,False,True,True,False,False,False,,,,Undergraduate Admissions,,,,,,,,"The International Development and Social Change (IDSC) minor at Clark University provides students with a critical understanding of the social, political, economic, and cultural dynamics that shape the world.  Students learn to think critically, act collaboratively, and engage responsibly to bring about positive change in developing nations characterized by economic vulnerability and high poverty levels.  The program emphasizes research and activism, preparing students to tackle the challenges of development in the 21st century.",,https://www.clarku.edu/programs/majors-and-minors/,,,,False,False,,,,,,,,,,,,,,,,,,International Studies##Social Sciences##Community Development##Global Studies,,,False,False,,,120.0,,,,6.5,,,61.0,,85.0,,,,,,,,,,,,,"Merit-based, Need-based",False,,,False,False,,
,"Marketing, Bachelor of Science",,,,,Undergraduate,Fall 2026,,,,Not Required,Not Required,,Required,,Not Required,,True,True,True,False,False,False,False,True,False,False,False,True,True,False,False,False,,,,Undergraduate Admissions,,,,,,,,"The marketing major at Clark University equips students with research, communication, and strategic thinking skills to create compelling messages, analyze consumer behavior, and develop innovative marketing strategies. The curriculum covers a range of topics including branding, advertising, market research, digital media, and consumer psychology. This program combines business fundamentals with creative problem-solving, preparing graduates for various careers in the field.",,https://www.clarku.edu/programs/majors-and-minors/,,,2586.25,False,False,,,,,,,,,,,,,,,,,,Marketing##Business/Management,,,False,False,,,120.0,,,,6.5,,,61.0,,85.0,,,,,,,,,,,,,Merit-based,False,,,False,False,,
,Marketing Minor,,,,,Undergraduate,Fall 2026,,,,Not Required,Not Required,,Required,,Not Required,,True,True,True,False,False,False,False,True,False,False,False,True,True,False,False,False,,,,Undergraduate Admissions,,,,,,,,"The undergraduate marketing minor at Clark University nurtures innovative and socially responsible leaders, preparing them for success in a wide range of careers such as advertising, digital marketing, and market research. The program provides students with hands-on marketing planning experiences and connects them with businesses and marketing experts. The minor requires the completion of six units of coursework, including three required courses and three units of electives.",,https://www.clarku.edu/programs/majors-and-minors/,,,2069.0,False,False,,,,,,,,,,,,,,,,,,Marketing,,,False,False,,,,,,,,,,,,85.0,,,,,,,,,,,,,"Merit-based, Need-based",False,,,False,False,,
,"Mathematics Education, Bachelor of Arts",,,,,Undergraduate,Fall 2026,,,,Not Required,Not Required,,Required,,Not Required,,True,True,True,False,False,False,False,True,False,False,False,True,True,False,False,False,,,,Undergraduate Admissions,,,,,,,"calculus, algebra, teacher preparation","The Mathematics Education major at Clark University prepares students for a teaching career in middle or secondary education by building content knowledge in mathematics and introducing them to current topics in teacher education. The program, developed in partnership with the Education Department, culminates in a capstone internship with fieldwork in a middle or high school classroom. While it does not directly lead to licensure, it provides early guidance for the Master of Arts in Teaching (MAT) program.",,https://www.clarku.edu/programs/majors-and-minors/,,,,False,False,,,3.69,,,,,,,,,,,,,,,Mathematics##Education,,,False,False,,,120.0,,,,6.5,,,61.0,,85.0,,,,,,,,,,,,,"Merit-based, Need-based, Presidential Scholarship, Segal AmeriCorps Scholarship, Clark Global Scholarship Program",False,,,False,False,,
,"Mathematics, Bachelor of Arts",,,,,Undergraduate,Fall 2026,,,,Not Required,Not Required,,Required,,Not Required,,True,True,True,True,False,False,False,True,False,False,False,True,True,False,False,False,,,,Undergraduate Admissions,,,,,,,"Pure Mathematics, Applied Mathematics, Mathematical Biology, Statistics, Actuarial Science, Teacher Preparation","As a math major at Clark, you can contribute to mathematical knowledge for its own sake (“pure” mathematics), or apply your knowledge of math to solve problems in fields such as chemistry, physics, engineering, economics, and computer science.  Whether you focus on pure or applied mathematics, you will graduate with indispensable skills that lead to careers in fields as diverse as software engineering, finance, actuarial science, and teaching.",,https://www.clarku.edu/programs/majors-and-minors/,,,2069.0,False,True,,,,,,,,,,,,,,,,,,Mathematics##Applied Mathematics##Statistics,,,False,False,,,120.0,112.0,,,6.5,,,61.0,,85.0,,,,,,,,,,,,,"Merit-based, Need-based",False,,,False,False,,
,Mathematics Minor,,,,,Undergraduate,Fall 2026,,,,Not Required,Not Required,,Required,,Not Required,,True,True,True,False,False,False,False,True,False,False,False,True,True,False,False,False,,,,Undergraduate Admissions,,,,,,,Actuarial and Financial Mathematics,"Clark's mathematics minor provides a solid education in mathematical principles for students who wish to apply mathematics in other fields.  A total of four courses beyond two semesters of Honors Calculus are needed to complete the minor, including two core courses and two electives.  This program is suitable for students who want to complement their major with strong analytical and quantitative skills.",,https://www.clarku.edu/programs/majors-and-minors/,,,,False,True,,,,,,,,,,,,,,,,,,Mathematics##Applied Mathematics,,,False,False,,,120.0,,,,6.5,,,61.0,,85.0,,,,,,,,,,,,,"Merit-based, Need-based",False,,,False,False,,
,"Media, Culture and the Arts, Bachelor of Arts",,,,,Undergraduate,Fall 2026,,,,Not Required,Not Required,,Required,,Not Required,,True,True,True,False,False,False,False,True,False,False,False,True,True,False,False,False,,,,Undergraduate Admissions,,,,,,,,"The interdisciplinary program in media, culture, and the arts (MCA) allows students to study the arts with practitioner-faculty while engaging in their own creative work. The curriculum covers the study of media in their historical, economic, social, and political contexts on various scales. Students take courses that cover a range of cultural theories and historical approaches to media production, alongside hands-on media production courses.",,https://www.clarku.edu/programs/majors-and-minors/,,,2586.25,False,False,,,,,,,,,,,,,,,,,,Media Design##Art##Communications##Cultural Resources Management##Humanities##Studio Arts##Visual and Performing Arts,,,False,False,,,120.0,,,,6.5,,,51.0,,85.0,,,,,,,,,,,,,"Merit-based, Need-based",False,,,False,False,,
,"Music, Bachelor of Arts",,,,,Undergraduate,Fall 2026,,,,Not Required,Not Required,,Required,,Not Required,,True,True,True,False,False,False,False,True,False,False,False,True,True,False,False,False,,,,Undergraduate Admissions,,,,,,,"performance, composition and theory, history and criticism, technology","As a music major at Clark University, you will take foundational courses to build the intellectual and critical tools needed for advanced work. The program offers four tracks of study: performance, composition and theory, history and criticism, and technology, preparing you for a variety of musical fields.",,https://www.clarku.edu/programs/majors-and-minors/,,,1939.69,False,False,,,,,,,,,,,,,,,,,,Music##Performing Arts,,,False,False,,,120.0,,,,6.5,,,61.0,,85.0,,,,,,,,,,,,,"Merit-based, Need-based, Grants, Loans, Student Employment",False,,,False,False,,
,Music Minor,,,,,Undergraduate,Fall 2026,,,,Not Required,Not Required,,Required,,Not Required,,True,True,True,False,False,False,False,True,False,False,False,True,True,False,False,False,,,,Undergraduate Admissions,,,,,,,,"The music program at Clark University offers a minor for students with a strong interest in music whose major is in another discipline. Courses are designed to teach students to listen to music intelligently, develop musical perception, and master musical skills. The curriculum provides an acquaintance with music across a broad stylistic, cultural, and historical spectrum.",,https://www.clarku.edu/programs/majors-and-minors/,,,,False,False,,,,,,,,,,,,,,,,,,Music,,,False,False,,,120.0,,,,6.5,,,61.0,,85.0,,,,,,,,,,,,,"Merit-based, Need-based",False,,,False,False,,
,"Philosophy, Bachelor of Arts",,,,,Undergraduate,Fall 2026,,,,Not Required,Not Required,,Required,,Not Required,,True,True,True,False,False,False,False,True,False,False,False,True,True,False,False,False,,,,Undergraduate Admissions,,,,,,,Ethics and Public Policy,"The philosophy major at Clark University explores the fundamental questions of life, knowledge, and right and wrong, encouraging students to think beyond easy assumptions and hidden biases. The program helps students develop superior writing and speaking skills while engaging in deep, conceptual analysis of topics ranging from the morality of art to the relationship between science and theology. Students are mentored by faculty with international reputations in a variety of philosophical fields.",,https://www.clarku.edu/programs/majors-and-minors/,,,1939.69,False,False,,,,,,,,,,,,,,,,,,Philosophy##Humanities##Ethics,,,False,False,,,120.0,,,,6.5,,,61.0,,85.0,,,,,,,,,,,,,"Merit-based, Need-based",False,,,False,False,,
,Philosophy Minor,,,,,Undergraduate,Fall 2026,,,,Not Required,Not Required,,Required,,Not Required,,True,True,True,False,False,False,False,True,False,False,False,True,True,False,False,False,,,,Undergraduate Admissions,,,,,,,Ethics and Public Policy,"The philosophy minor at Clark University is designed to develop students' intellectual skills and familiarize them with the fundamental methods of philosophical inquiry.  The program helps students cultivate clear and focused writing, analytical and problem-solving skills, and disciplined, effective thinking.  Students pursuing the minor can choose between two specializations, each requiring six courses in philosophy.",,https://www.clarku.edu/programs/majors-and-minors/,,,2586.25,False,False,,,,,,,,,,,,,,,,,,Philosophy,,,False,False,,,120.0,,,,6.5,,,61.0,,85.0,,,,,,,,,,,,,"Merit-based, Need-based, Grants, Loans, Student employment",False,,,False,False,,
,"Physics, Bachelor of Science",,,,,Undergraduate,Fall 2026,,,,Not Required,Not Required,,Required,,Not Required,,True,True,True,False,False,False,False,True,False,False,False,True,True,False,False,False,,,,Undergraduate Admissions,,,,,,,"Comprehensive Physics, Applied Physics, General Physics","The physics program at Clark University provides a flexible and hands-on approach to exploring the fundamental laws and principles of the universe, from atomic theory to quantum thermodynamics. Students can customize their studies through one of three tracks and engage in research with faculty as early as their first year. The program is designed to prepare students for a variety of careers, including graduate study in physics, engineering, and other sciences, as well as fields like environmental studies, law, and medicine.",,https://www.clarku.edu/programs/majors-and-minors/,,,2069.0,False,True,,,,,,,,,,,,,,,,,,Physics##Applied Physics##Physical Science,,,False,False,,,120.0,,,,6.5,,,61.0,,85.0,,,,,,,,,,,,,"Merit-based, Need-based",False,,,False,False,,
,Physics Minor,,,,,Undergraduate,Fall 2026,,,,Not Required,Not Required,,Required,,Not Required,,True,True,True,True,False,False,False,True,False,False,False,True,True,False,False,False,,,,Undergraduate Admissions,,,,,,,,"Physics is a fundamental science and a key component of a liberal arts education. The minor offers a background in physical principles, the observation of natural processes, and the varied applications of physics.",,https://www.clarku.edu/programs/majors-and-minors/,,,2586.25,False,True,,,,,,,,,,,,,,,,,,Physics##Applied Physics,,,False,False,,,120.0,112.0,,,6.5,,,61.0,,85.0,,,,,,,,,,,,,"Merit-based, Need-based",False,,,False,False,,
,"Political Science, Bachelor of Arts",,,,,Undergraduate,Fall 2026,,,,Not Required,Not Required,,Required,,Not Required,,True,True,True,True,False,False,False,True,False,False,False,True,True,False,False,False,,,,Undergraduate Admissions,,,,,,,"American politics and public policy, comparative politics, international relations","The Bachelor of Arts in Political Science at Clark University provides a foundational liberal arts education, allowing students to explore the dynamic subject across three main areas: American politics and public policy, comparative politics, and international relations.  Students investigate a range of issues like civil liberties, human rights, and globalization, with an emphasis on action-based learning through research and internships.  A minimum of 13 courses are required for the major, including foundational classes in research methods and political theory.",,https://www.clarku.edu/programs/majors-and-minors/,,,1940.0,False,False,,,,,,,,,,,,,,,,,,Political Science##International Relations##Public Policy##Policy Studies,,,False,False,,,120.0,112.0,,,6.5,,,61.0,,85.0,,,,,,,,,,,,,"Merit-based, Need-based, Grants, Loans, Work-study",False,,,False,False,,
,Political Science Minor,,,,,Undergraduate,Fall 2026,,,,Not Required,Not Required,,Required,,Not Required,,True,True,True,False,False,False,False,True,False,False,False,True,True,False,False,False,,,,Undergraduate Admissions,,,,,,,"American politics and public policy, comparative politics, international relations","The political science minor at Clark University requires a minimum of six courses within the department. One must be an introductory course, one must be in either political theory or research methods, and four others can be in any assortment of subfield areas. An internship supervised by a political science faculty member, as well as approved political-science courses taken as part of an accredited study-abroad program, may count toward the minor.",,https://www.clarku.edu/programs/majors-and-minors/,,,1711.0,False,False,,,,,,,,,,,,,,,,,,Political Science,,,False,False,,,,,,,6.5,,,,,85.0,,,,,,,,,,,,,"Merit-based, Need-based, Grants, Loans, Work-study",False,,,False,False,,
,"Psychology, Bachelor of Arts",,,,,Undergraduate,Fall 2026,,,,Not Required,Not Required,,Required,,Not Required,,True,True,True,False,False,False,False,True,False,False,False,True,True,True,False,False,,,,Undergraduate Admissions,,,,,,,"peace studies, Holocaust and genocide studies","As a psychology major at Clark University, students explore the human psyche and the connections between thought, feeling, and behavior. The program emphasizes learning how to promote emotional and behavioral health in oneself and others. It is a research-intensive field, requiring at least one lab or research course to integrate diverse cultural perspectives into their work.",,https://www.clarku.edu/programs/majors-and-minors/,,,,False,False,,,2.5,,,,,,,,,,,,,,,Psychology##Social Sciences,,,False,False,,30.0,105.0,,,,6.5,,,,1240.0,85.0,,,,,,,,,,,,,"Merit-based, Need-based, Presidential Scholarship, Segal AmeriCorps Scholarship, Yellow Ribbon Program for Veterans, Tuition Exchange Scholarship, Richard Traina Scholarship, Robert Goddard Achievement Scholarship, Jonas Clark Scholarship, Scarlet Award Scholarship, 1887 Scholarship",False,,,False,False,,
,"Screen Studies, Bachelor of Arts",,,,,Undergraduate,Fall 2026,,,,Not Required,Not Required,,Required,,Not Required,,True,True,True,True,False,False,False,True,False,False,False,True,True,False,False,False,,,,Undergraduate Admissions,,,,,,,,"Clark University's Screen Studies program offers a range of courses on the history, theory, and aesthetics of film, television and new media.  Students have the opportunity to engage in practical, hands-on, collaborative work in digital video production, participating in courses on documentary, fictional narrative, and experimental filmmaking.  The program stresses the importance of a liberal-arts background, as the screen arts are affected by all sectors of contemporary culture and society.",,https://www.clarku.edu/programs/majors-and-minors/,,,,False,False,,,,,,,,,,,,,,,,,,"Film##Media Design##Visual and Performing Arts##Screenwriting##Film, Television, and Electronic Media",,,False,False,,,120.0,112.0,,,6.5,,,61.0,,85.0,,,,,,,,,,,,,"Merit-based, Need-based",False,,,False,False,,
,Screen Studies Minor,,,,,Undergraduate,Fall 2026,,,,Not Required,Not Required,,Required,,Not Required,,True,True,True,False,False,False,False,True,False,False,False,True,True,False,False,False,,,,Undergraduate Admissions,,,,,,,,"Clark University's Screen Studies minor offers a core of basic and advanced knowledge of the screen arts and media, exploring moving-image media beyond traditional film studies.  The program covers the history, theory, and aesthetics of film, television, and new media, with opportunities for hands-on work in digital video production.  Students are encouraged to explore connections to related fields like visual arts, drama, literature, sociology, psychology, history, and economics.",,https://www.clarku.edu/programs/majors-and-minors/,,,,False,False,,,,,,,,,,,,,,,,,,"Film##Media Design##Visual and Performing Arts##Film, Television, and Electronic Media",,,False,False,,,120.0,,,,6.5,,,,,85.0,,,,,,,,,,,,,"Merit-based, Need-based",False,,,False,False,,
,"Sociology, Bachelor of Arts",,,,,Undergraduate,Fall 2026,,,,Not Required,Not Required,,Required,,Not Required,,True,True,True,True,False,False,False,True,False,False,False,True,True,False,False,False,,,,Undergraduate Admissions,,,,,,,"law and social control, medicine and community health, social organizations","As a sociology major at Clark University, you will learn to reveal powerful and sometimes hidden social dynamics that impact lives. You'll study broad social processes like global dynamics and social movements, and explore diverse institutions such as law, medicine, family, and religion. This program equips you with conceptual and analytical tools to better understand your own life and the world around you.",,https://www.clarku.edu/programs/majors-and-minors/,,,1711.0,False,False,,,,,,,,,,,,,,,,,,Sociology##Social Sciences,,,False,False,,,120.0,112.0,,,6.5,,,61.0,,85.0,,,,,,,,,,,,,"Merit-based, Need-based",False,,,False,False,,
,Sociology Minor,,,,,Undergraduate,Fall 2026,,,,Not Required,Not Required,,Required,,Not Required,,True,True,True,True,False,False,False,True,False,False,False,True,True,False,False,False,,,,Undergraduate Admissions,,,,,,,,"Through the study of sociology at Clark University, students acquire the conceptual and analytical tools to enhance their understanding of their own lives and the world in which they live. Students study broad social processes such as global dynamics, stratification, immigration, and social movements, and explore diverse institutions, from law and medicine to family and religion. The sociology minor consists of six courses, including foundational courses in sociological theory and research processes.",,https://www.clarku.edu/programs/majors-and-minors/,,,1939.69,False,False,,,3.76,,,,,,,,,,,,,,,Sociology##Social Sciences,,,False,False,,,120.0,112.0,,,6.5,,,61.0,,85.0,,,,,,,,,,,,,"Merit-based, Need-based",False,,,False,False,,
,"Spanish, Bachelor of Arts",,,,,Undergraduate,Fall 2026,,,,Not Required,Not Required,,Required,,Not Required,,True,True,True,True,False,False,False,True,False,False,False,True,True,True,False,False,,,,Undergraduate Admissions,,,,,,,,"The Spanish major at Clark University focuses on building core linguistic and cultural competencies.  Through study abroad, community engagement, and exploration of Spanish-speaking histories, students gain fluency and cross-cultural understanding.  The program prepares students for various fields by developing their ability to use language as a bridge between cultures.",,https://www.clarku.edu/programs/majors-and-minors/,,,,False,False,,,,,,,,,,,,,,,,,,Spanish##Hispanic Language & Literature##World Languages and Cultures,,,False,False,,,120.0,112.0,,,6.5,,,61.0,,85.0,,,,,,,,,,,,,"Merit-based, Need-based",False,,,False,False,,
,Spanish Minor,,,,,Undergraduate,Fall 2026,,,,Not Required,Not Required,,Required,,Not Required,,True,True,True,False,False,False,False,True,False,False,False,True,True,False,False,False,,,,Undergraduate Admissions,,,,,,,,"To receive a minor in Spanish at Clark University, a student must complete six courses in Spanish literature or culture at the level of SPAN 131/132 or higher. The Language, Literature and Culture Department aims to promote students' competency in other languages while enriching their education through the in-depth study of other cultures. Three of the six required courses must be taken in residence at Clark.",,https://www.clarku.edu/programs/majors-and-minors/,,,2393.0,False,False,,,,,,,,,,,,,,,,,,Spanish##Hispanic Language & Literature,,,False,False,,,120.0,,,,6.5,,,61.0,,85.0,,,,,,,,,,,,,"Merit-based, Need-based",False,,,False,False,,
,"Student-Designed, Bachelor of Arts",,,,,Undergraduate,Fall 2026,,,,Not Required,Not Required,,Required,,Not Required,,True,True,True,False,False,False,False,True,False,False,False,True,True,True,False,False,,,,Undergraduate Admissions,,,,,,,"Social Praxis in Public Education, Japanese Studies, Music and Technology",The student-designed major at Clark University allows motivated students to create a personalized and rigorous interdisciplinary program of study by integrating courses from several departments.  Students work with a committee of at least three faculty members to conceptualize their major and determine their course of study.  This flexible program prepares students for success in their chosen field through a curriculum tailored to their specific interests and goals.,,https://www.clarku.edu/programs/majors-and-minors/,,,,False,False,,,3.2,,,,,,,,,,,,,,,Independent/Interdisiplinary Studies,,,False,False,,,105.0,,,,6.5,,,,,85.0,,,,,,,,,,,,,"Merit-based, Need-based, Presidential Scholarship, Segal AmeriCorps Scholarship, United World College Scholars Program",False,,,False,False,,
,Studio Art Minor,,,,,Undergraduate,Fall 2026,,,,Not Required,Not Required,,Required,,Not Required,,True,True,True,False,False,False,False,True,False,False,False,True,True,False,False,False,,,,Undergraduate Admissions,,,,,,,,"Studio Art courses at Clark University offer students an opportunity to engage in the study and practice of visual language. The learning of artistic methods and media is embedded in intellectual inquiry and critical analysis, so that the study of Studio Art serves as a meaningful focus of a liberal arts education. Art is seen as a means of communicating human experience; therefore students learn to both read this language and to visually represent their own ideas.",,https://www.clarku.edu/programs/majors-and-minors/,,,,False,False,,,,,,,,,,,,,,,,,,Studio Arts##Art,,,False,False,,,120.0,,,,6.5,,,61.0,,85.0,,,,,,,,,,,,,"Merit-based, Need-based",False,,,False,False,,
,"Theater Arts, Bachelor of Arts",,,,,Undergraduate,Fall 2026,,,,Not Required,Not Required,,Required,,Required,,True,True,True,False,False,False,False,True,False,False,False,True,True,False,False,False,,,,Undergraduate Admissions,,,,,,,"acting and directing, technical theater and design, playwriting","Clark University's Theater Arts program offers an intensive study in acting, technical production, and playwriting, encouraging students to explore the various dimensions of theatre arts. The program emphasizes a liberal arts education as integral to the artist's process, providing a foundation for students who may wish to pursue a professional career or simply gain a greater understanding of the field. Students will engage in collaborative storytelling and world-building in a supportive environment with a strong emphasis on live performance.",,https://www.clarku.edu/programs/majors-and-minors/,,,1939.69,False,False,,,,,,,,,,,,,,,,,,Theater Arts##Performing Arts,,,False,False,,,120.0,,,,6.5,,,61.0,,85.0,,,,,,,,,,,,,"Merit-based, Need-based, Presidential Scholarship",False,,,False,False,,
,Theater Arts Minor,,,,,Undergraduate,Fall 2026,,,,Not Required,Not Required,,Required,,Not Required,,True,True,True,False,False,False,False,True,False,False,False,True,True,False,False,False,,,,Undergraduate Admissions,,,,,,,,"The Theater Arts minor at Clark University offers students a focused study of theatrical and dramatic arts, combining courses in history, criticism, and theory with practical experience through production involvement. The program is designed for students who wish to pursue acting and/or theatre production while majoring in other areas, providing a broad range of skills to balance their college experience.",,https://www.clarku.edu/programs/majors-and-minors/,,,,False,False,,,,,,,,,,,,,,,,,,Theater Arts##Performing Arts##Visual and Performing Arts,,,False,False,,,120.0,,,,6.5,,,61.0,,85.0,,,,,,,,,,,,,"Merit-Based, Need-Based",False,,,False,False,,
,"Women's, Gender, and Sexuality Studies, Bachelor of Arts",,,,,Undergraduate,Fall 2026,,,,Not Required,Not Required,,Required,,Not Required,,True,True,True,False,False,False,False,True,False,False,False,True,True,True,False,False,,,,Undergraduate Admissions,,,,,,,,"The Women's and Gender Studies (WGS) major at Clark University provides students with a strong foundation in women's studies and gender analysis.  It introduces them to various disciplinary approaches and helps them develop a specialization within the field.  Courses emphasize the importance of social constructs like gender, sexuality, race, and class in understanding individual and collective experiences.",,https://www.clarku.edu/programs/majors-and-minors/,,,,False,False,,,3.2,,,,,,,,,,,,,,,Women's Studies##Gender Studies,,,False,False,,,105.0,,,,6.5,,,,,85.0,,,,,,,,,,,,,"Merit-based, Need-based",False,,,False,False,,
,"Women's, Gender, and Sexuality Studies Minor",,,,,Undergraduate,Fall 2026,,,,Not Required,Not Required,,Required,,Not Required,,True,True,True,True,False,False,False,True,False,False,False,True,True,False,False,False,,,,Undergraduate Admissions,,,,,,,,"The Women's and Gender Studies (WGS) minor at Clark University provides students with a foundation in women's studies and gender analysis, introducing them to various disciplinary approaches.  Courses emphasize the importance of social ideas and relationships shaped by gender, ethnicity, race, and class to understand individual and collective experiences.  The program is interdisciplinary, supported by faculty from humanities, social sciences, arts, management, and sciences.",,https://www.clarku.edu/programs/majors-and-minors/,,,,False,False,,,,,,,,,,,,,,,,,,Gender Studies##Women's Studies,,,False,False,,,120.0,112.0,,,6.5,,,61.0,,85.0,,,,,,,,,,,,,"Merit-based, Need-based, Grants, Loans, Student Employment",False,,,False,False,,
