Concentration name,description,program website url,Accreditation status,Level,Program name,Program Page url
,"The BS program in accountancy provides a broad-based education in business and a comprehensive education in accounting. The W. P. Carey School of Business accountancy programs are widely recognized for their high-quality instruction and the excellence of their graduates. The programs focus on understanding the role of accounting in society as well as the underlying concepts of accounting. Students are encouraged to develop a sense of inquiry, a desire for lifelong learning and the ability to adapt to a changing professional environment.

Students learn how to provide services that assure the reliability of information and how to design and implement information systems used to generate data for decision-making. Students gain a deeper understanding of areas such as taxation, auditing, financial reporting and management accounting. Because the school attracts many students who have had international experiences, a strong emphasis is placed on preparing students for global business opportunities.

Graduates often begin their careers with professional services firms, in business or in government. Graduates are well prepared to advance quickly in their chosen fields. The BS program in accountancy may be appropriate for students who are not planning to seek professional certification as a CPA. Most states, including Arizona, require 150 semester hours of education for CPA certification. This program requires 120 credit hours.",https://degrees.apps.asu.edu/bachelors/major/ASU00/BAACCBS,"The accountancy BS program at ASU is accredited by the Association to Advance Collegiate Schools of Business (AACSB). The W. P. Carey School of Business is one of the original 16 schools to have both its business and accounting programs accredited by AACSB International. This represents the highest standard of achievement for business schools worldwide. Programs that earn accreditation confirm their commitment to quality and continuous improvement through a rigorous and comprehensive peer review. Less than five percent of the more than 16,000 business schools worldwide have been accredited.",BS,"Accountancy, BS",https://degrees.apps.asu.edu/bachelors/major-list/letter/all?init=false&nopassive=true
,"The BS program in actuarial science provides a strong foundation in mathematics, statistics and business for students interested in a career as an actuarial professional. The program prepares students to pass the initial actuarial exams administered by the Society of Actuaries and the Casualty Actuarial Society.

In addition to fulfilling the mathematics and statistics requirements of the program, students take courses in computer science, economics, finance, accounting and other business areas.

The Society of Actuaries has recognized this program for its quality curriculum, and it is on the society's list of Universities and Colleges with Actuarial Programs.",https://degrees.apps.asu.edu/bachelors/major/ASU00/MAACTSCBS,,BS,"Actuarial Science, BS",https://degrees.apps.asu.edu/bachelors/major-list/letter/all?init=false&nopassive=true
Air Traffic Management,"The aeronautical management technology program at ASU provides a technical foundation in the aviation field with a management focus. The air traffic management concentration prepares students for a career in air traffic control. The curriculum meets the Federal Aviation Administration requirements for graduates of an approved program to be recommended for the Air Traffic-Collegiate Training Initiative. Upon graduation, students may be eligible to bypass the first five weeks of initial qualification training at the FAA Academy. Graduates also may be eligible to take the air traffic selection and training exam earlier than the general public. This is a competitive program; space is limited. Students will spend an average of 15 to 20 hours a week in specialized air traffic control labs.",https://degrees.apps.asu.edu/bachelors/major/aeronautical-management-technology-air-traffic-management-bs,This program is accredited by the Aviation Accreditation Board International.,,"Aeronautical Management Technology (Air Traffic Management), BS",https://degrees.apps.asu.edu/bachelors/major-list/letter/all?init=false&nopassive=true
Air Transportation Management,"The aeronautical management technology program is a management-oriented degree program designed to prepare graduates for a variety of careers in the aviation industry. The program provides students with a strong foundation of aviation knowledge and skills through a multidisciplinary program with a choice of one of three concentrations: air traffic management, air transportation management or professional flight.

The air transportation management concentration curriculum provides a broad perspective of aviation management and operations. The coursework provides a strong business and management foundation applicable to all facets of the aviation industry, from general aviation to commercial air transportation and from civilian to military aviation. The program is specifically designed to prepare graduates for a wide variety of professional careers in the air transportation industry, including airline management and operations, air cargo management and logistics, airport management and operations, corporate aviation management, and government and non-government aviation and aerospace organizations.

Graduates of the air transportation management concentration have a broad understanding of the airline and corporate aviation industries as well as the airport's role within the national airspace system. They are trained in aviation safety, security, operations and management and are prepared for a variety of career paths. Students learn to implement and manage systems that are key to a safe and efficient air transportation system and that move people and goods safely around the world.

The aeronautical management technology program is accredited by the Aviation Accreditation Board International.",https://degrees.apps.asu.edu/bachelors/major/ASU00/ESAMTBS/aeronautical-management-technology-air-transportation-management,The aeronautical management technology program is accredited by the Aviation Accreditation Board International.,BS,"Aeronautical Management Technology (Air Transportation Management), BS",https://degrees.apps.asu.edu/bachelors/major-list/letter/all?init=false&nopassive=true
Professional Flight,"The aeronautical management technology program prepares students for a variety of leadership and management positions in the aviation industry. This concentration provides students with the required aeronautical knowledge and skills to earn a commercial pilot certificate with multiengine and instrument ratings.

In addition to general education requirements, students take courses in aviation weather, safety, security, human factors, air traffic control and airport management. The program culminates with two capstone courses in which students solve real-world aviation problems.

Professional flight students can complete their private pilot certificate at a flight provider of their choice before entering the program. Students complete the instrument, commercial, multiengine and certified flight instructor courses with ATP Flight School, ASU's affiliate for flight training. Graduates of the program are eligible for a R-ATP certificate at 1,000 flight hours, per FAA regulations.",https://degrees.apps.asu.edu/bachelors/major/ASAMTPROBS,The Aeronautical Management Technology (Professional Flight) BS is accredited by the Aviation Accreditation Board International.,BS,"Aeronautical Management Technology (Professional Flight), BS",https://degrees.apps.asu.edu/bachelors/major-list/letter/all?init=false&nopassive=true
Unmanned Aerial Systems,"The aeronautical management technology program is a management- and business-focused degree for students interested in a broad range of careers in the aerospace industry, both in the flight and in the ground support areas. This program provides students with a strong foundation in technical areas, including:

aircraft flight systems
aircraft propulsion
air traffic control
aviation safety
unmanned aerial systems

The program also develops students' skills in:

aviation law
financial accounting
human factors
leadership
management
marketing

This unique combination of technical and business knowledge prepares graduates for a wide range of leadership roles in the aviation industry.

The unmanned aerial systems concentration provides students with knowledge in all aspects of unmanned aerial systems, including:

design
operations
policy
systems
uses",https://degrees.apps.asu.edu/bachelors/major/ASU00/ESAMTBS/aeronautical-management-technology-unmanned-aerial-systems,The aeronautical management technology (unmanned aerial systems) program is accredited by the Aviation Accreditation Board International.,,"Aeronautical Management Technology (Unmanned Aerial Systems), BS",https://degrees.apps.asu.edu/bachelors/major-list/letter/all?init=false&nopassive=true
Aeronautics,"The aerospace engineering BSE program with a concentration in aeronautics provides a broad and challenging, high-quality education that prepares students for the practice of engineering at a professional level. The program develops graduates with the technical and critical-thinking skills needed to design aircraft and propulsion systems for commercial and military use.

Students learn from leading experts in aerospace engineering, including five National Academy of Engineering members and 11 fellows of the American Institute of Aeronautics and Astronautics. Students can gain a competitive edge through participation in a number of student organizations and research labs.

Aerospace engineers learn the fundamentals of aerodynamics, stability and control, propulsion and structures to design flight vehicles that meet specified performance and safety requirements. The concentration in aeronautics focuses on the design of vehicles that fly within the Earth's atmosphere, such as airplanes, helicopters and unmanned aerial vehicles.",https://degrees.apps.asu.edu/bachelors/major/ASU00/ESAEAEBSE/aerospace-engineering-aeronautics,"The aerospace engineering BSE program with a concentration in aeronautics is accredited by the Engineering Accreditation Commission of ABET, https://www.abet.org, under the General Criteria and the Program Criteria for Aerospace and Similarly Named Engineering Programs.",BSE,"Aerospace Engineering (Aeronautics), BSE",https://degrees.apps.asu.edu/bachelors/major-list/letter/all?init=false&nopassive=true
Astronautics,"The BSE program in aerospace engineering with a concentration in astronautics provides students with an education in the fundamental principles of aerospace engineering as well as specialized knowledge in the analysis and design of space vehicles and their subsystems. Graduates are well prepared for careers in the aerospace industry or for graduate study.

Aerospace engineering is the branch of engineering that focuses on the design, construction, testing and operation of vehicles that operate in the Earth's atmosphere and in space. Aerospace engineers are employed by the aerospace and defense industries, research and development laboratories and government agencies, and some graduates become astronauts.

Aerospace engineers develop new technologies for use in space exploration, commercial aviation, national defense systems and climate monitoring. They often specialize in one or more areas of aerospace engineering, including:

aerodynamics, the study of how air flows over and around aerospace vehicles and the forces the flow produces

flight mechanics, which is the study of the trajectory and rotational motion of vehicles in the air or in space

flight software and controls, which focuses on the design of the control systems to ensure the desired vehicle performance

propulsion, which is the design of engines and other devices to propel the vehicles in the atmosphere or in space

structural design and analysis, which focuses on the design of the physical configuration of the vehicle to withstand the aerodynamic and other forces to which it is subjected

Students receive a broad education in the fundamental principles of aerospace engineering as well as specialized knowledge in the analysis and design of space vehicles and their subsystems.

The program culminates in a senior-year capstone design experience in which students work in teams to design a complete aerospace vehicle, from initial concept to final design.",https://degrees.apps.asu.edu/bachelors/major/ASU00/ESAEAEABSE,"The aerospace engineering (astronautics), BSE is accredited by the Engineering Accreditation Commission of ABET, https://www.abet.org, under the General Criteria and the Aerospace and Similarly Named Engineering Programs Program Criteria.",,"Aerospace Engineering (Astronautics), BSE",https://degrees.apps.asu.edu/bachelors/major-list/letter/all?init=false&nopassive=true
Autonomous Vehicle Systems,"The aerospace engineering BSE program provides students with an education in the fundamental principles of aerospace engineering. The program focuses on developing the knowledge and skills necessary for the design and development of aerospace vehicles and systems. The curriculum offers a balance of theoretical and practical hands-on experiences and addresses the design of aircraft, spacecraft and related systems.

The autonomous vehicle systems concentration provides students the ability to apply fundamental aerospace engineering knowledge to autonomous vehicle systems. In addition to a set of core aerospace engineering courses that provide a strong foundation, the students are required to take a set of courses that offer hands-on experience in autonomous vehicles. Graduates with this concentration are well equipped to work in this fast-growing sector of the economy.

The aerospace engineering program is accredited by the Engineering Accreditation Commission of ABET, http://www.abet.org.",https://degrees.apps.asu.edu/bachelors/major/ASU00/ESAEAVSBSE,"The aerospace engineering program is accredited by the Engineering Accreditation Commission of ABET, http://www.abet.org.",,"Aerospace Engineering (Autonomous Vehicle Systems), BSE",https://degrees.apps.asu.edu/bachelors/major-list/letter/all?init=false&nopassive=true
,"The BA program in African and African American studies is an interdisciplinary degree program in The College of Liberal Arts and Sciences that provides a comprehensive, holistic and rigorous introduction to the study of Africa and people of African descent throughout the world. The program aims to expose students to a full range of social, political, cultural and historical subjects, centered on the experiences of people of African descent. Students learn the histories and contemporary experiences of African Americans and other people in the African diaspora, as well as those living on the African continent. Students develop the skills necessary to analyze and evaluate information from a variety of sources and in various forms. They learn to critically examine complex social and historical issues, construct cogent arguments, and communicate their ideas effectively in both writing and speech. The program helps students develop a critical consciousness of the national and global connections relevant to people of African descent. It facilitates an understanding of how race and other socially constructed categories have shaped the lives and experiences of African-descended people. Students learn how to analyze the concepts of race and racism from an interdisciplinary perspective. This includes studying the social and historical contexts in which these ideas have been created and reproduced, how racial identities are constructed and how race continues to be a factor in contemporary society. The program provides students with a general education in the arts, humanities and social sciences. This ensures they acquire a solid foundation in the research and analytical methods used in these broad disciplines and are able to apply them to specific questions and issues. Students leave the program with highly marketable and transferable skills that prepare them for a wide range of careers in both the private and public sectors.",https://degrees.apps.asu.edu/bachelors/major/ASU00/LSAASBA,,,"African and African American Studies, BA",https://degrees.apps.asu.edu/bachelors/major-list/letter/all?init=false&nopassive=true
"Community Health, Community Services, Advocacy and Social Policy, Communication Sciences, End-of-Life Care, Family Studies, Health Care Administration, Pre-Health, Transborder Chicana/o & Latina/o Studies","The BS program in aging is a comprehensive, multidisciplinary program designed to equip students with a deep understanding of the aging process from various perspectives, including social, psychological, biological and policy-related aspects. It focuses on the challenges and opportunities associated with an aging population.

The curriculum covers a wide range of topics, such as gerontology, health and aging, cognitive changes in later life, social policies affecting older adults, and ethical considerations in elder care.

The program provides students with the knowledge and skills necessary for careers in fields that serve older adults, such as health care, social services, policy-making and research. Graduates are prepared to contribute to the well-being of the aging population, addressing its diverse needs and promoting healthy and active aging.

This program provides students with a strong foundation in understanding aging. It includes a series of core courses with a variety of electives to choose from and a for-credit internship to gain real-world experience.",https://degrees.apps.asu.edu/bachelors/major/ASU00/TSSHWSHBS,,,"Aging, BS",https://degrees.apps.asu.edu/bachelors/major-list/letter/all?init=false&nopassive=true
,"The agribusiness industry is a dynamic sector of the global economy. It is composed of a diverse set of private, public and nonprofit firms and organizations that provide inputs to production agriculture; produce, process, distribute and sell food, fiber and bio-energy products and services at the wholesale and retail levels; and provide financial and information services to the sector. The agribusiness program provides students with strong academic preparation in business, management and finance principles and in applied economics. The quantitative and analytical skills that students develop are highly valuable and readily transferrable to other sectors of the economy.",https://degrees.apps.asu.edu/bachelors/major/ASU00/BAAGBBS,,BS,"Agribusiness, BS",https://degrees.apps.asu.edu/bachelors/major-list/letter/all?init=false&nopassive=true
"['Agribusiness Management', 'Global Agribusiness', 'Preveterinary Medicine']","The BS program in agricultural business prepares students for careers in the dynamic and complex global food and agriculture industry. The curriculum provides a solid foundation in business management and economic principles for a successful career in the management, marketing and financing of ag-related businesses. In the rapidly evolving global and technological environment of the 21st century, the BS program in agricultural business provides students with the entrepreneurial and leadership skills to make complex business decisions. Students learn to apply economic principles and business management skills to solve problems in the food and agricultural industry.",https://degrees.apps.asu.edu/bachelors/major/ASU00/AGBBS,,BS,Agricultural Business and Management,https://degrees.apps.asu.edu/bachelors/major-list/letter/all?init=false&nopassive=true
,"The BS program in air traffic management provides students with a strong foundation in aviation studies along with an understanding of all facets of the air traffic control system. Students take courses in air traffic control, aviation meteorology, flight operations, aviation safety and human factors.

Graduates are prepared for careers in air traffic control and a variety of other aviation management roles.

The air traffic management program is an FAA-approved Collegiate Training Initiative program, which allows graduates to be recommended to the FAA for hire into air traffic controller positions.

In addition, students have the option to complete flight training requirements to become professional pilots. Flight training courses are offered via a partnership with a local FAA-approved flight provider. Students are responsible for the costs of flight training, which are in addition to and separate from ASU tuition and fees.",https://degrees.apps.asu.edu/bachelors/major/ASU00/ESATMBS,The air traffic management program is an FAA-approved Collegiate Training Initiative program.,,"Air Traffic Management, BS",https://degrees.apps.asu.edu/bachelors/major-list/letter/all?init=false&nopassive=true
,"The Bachelor of Science in American Indian studies is a multidisciplinary program focusing on the historical and contemporary experiences, perspectives and life ways of the Indigenous peoples of North America. The curriculum challenges students to consider new perspectives and worldviews.

Students learn how to analyze complex issues within a framework of Indigenous-centered knowledge, with an emphasis on tribally-driven, community-engaged research and partnerships that seek to advance tribal sovereignty and self-determination.

This program is based in American Indian studies, one of the leading Indigenous studies programs in the nation. It provides students with a strong foundation in a wide range of fields, including:

*   American Indian law and federal policy
*   community development
*   economic and political development
*   education
*   environmental justice
*   history
*   language and cultural revitalization
*   philosophy
*   religion

The curriculum's strong methodological emphasis prepares students for careers in tribal leadership, law, policy and administration as well as a range of public and private sector jobs in business, education, government and health care.

The program provides excellent preparation for graduate studies in American Indian studies and other social sciences, such as:

*   anthropology
*   history
*   political science
*   sociology

It also offers a solid foundation for professional schools in business, education, law, medicine and social work.",https://degrees.apps.asu.edu/bachelors/major/ASU00/LSAISBS,,BS,"American Indian Studies, BS",https://degrees.apps.asu.edu/bachelors/major-list/letter/all?init=false&nopassive=true
,"The BA program in American studies gives students the opportunity to explore the complex interplay of race, gender, class and other forms of social difference that have shaped American culture, both past and present.

Students investigate the ways in which various forms of culture and expression, from film and popular music to political rhetoric and legal documents, reflect, reinforce and sometimes challenge prevailing ideas about American identity.

Core courses provide students with foundational knowledge in American studies and critical training in cultural analysis. Students then go on to tailor their degrees by choosing from a rich menu of cross-listed courses offered by American studies and a host of other programs across the university.

Students are trained to analyze cultural texts of all kinds, to become more sophisticated readers and writers and to understand the historical contexts of American culture and experience. This training offers excellent preparation for graduate programs in the humanities and social sciences and for professional programs in law and education. The critical thinking, writing and research skills students develop can be adapted to a variety of careers in business, journalism, education, public service, politics and more.",https://degrees.apps.asu.edu/bachelors/major/ASU00/TSAMSBA,,BA,"American Studies, BA",https://degrees.apps.asu.edu/bachelors/major-list/letter/all?init=false&nopassive=true
,"The BS program in animal behavior prepares students for careers working with animals in a variety of settings such as conservation, research and animal welfare, as well as for graduate school in animal behavior or related disciplines (e.g., ecology, evolution, psychology, biology, etc.) and professional schools (e.g., veterinary medicine).

Students in this program are provided an interdisciplinary perspective on animal behavior, learning from faculty experts across multiple ASU academic units (School of Life Sciences, Department of Psychology, School of Social and Behavioral Sciences). Students gain a broad background in the sciences, with core classes on the mechanisms and evolution of animal behavior and electives in specialized topics in animal behavior (e.g., animal communication, social behavior, behavioral endocrinology, canine behavior, primatology). Students also are provided with hands-on experience by completing at least one animal behavior research experience, either in the field or in a laboratory setting. This offers students the opportunity to work in research laboratories with faculty experts in animal behavior.",https://degrees.apps.asu.edu/bachelors/major/ASU00/LAANBBS,,BS,Animal Behavior,https://degrees.apps.asu.edu/bachelors/major-list/letter/all?init=false&nopassive=true
,"The animal health, BS program is designed to meet all the prerequisites for application to a Doctor of Veterinary Medicine program. It differs from other preveterinary majors by including animal nutrition, animal physiology, anatomy and diseases in the curriculum. The program provides the general background in biological and physical sciences needed for advanced study in animal physiology, animal science and veterinary medicine.

The animal health curriculum gives students the opportunity to learn about many species, from livestock and poultry to companion animals and even some exotics. Students are encouraged to use electives to broaden their experience with animals.

Students who are interested in a preveterinary course of study should consider this major and are encouraged to visit the Preprofessional Advising Office website for more information regarding entrance to a veterinary program.",https://degrees.apps.asu.edu/bachelors/major/ASU00/ESAHBS,,BS,Animal Health,https://degrees.apps.asu.edu/bachelors/major-list/letter/all?init=false&nopassive=true
,"The Bachelor of Arts program in anthropology provides a broad-based approach to the study of humanity and human culture. It is designed to provide students with a multifaceted approach to the evolution of human biology and culture, to past civilizations and to human diversity around the globe.

Anthropology is holistic in its perspective, drawing from biological and social sciences and from humanities in its research and theory. This allows students to develop an understanding of different cultures and to better understand their own. Students learn about the human experience through classroom studies and research and through work in the field and laboratories.

Students are introduced to the principal subfields of the discipline: archaeology, sociocultural anthropology and physical anthropology.",https://degrees.apps.asu.edu/bachelors/major/ASU00/LAANTBA,,BA,"Anthropology, BA",https://degrees.apps.asu.edu/bachelors/major-list/letter/all?init=false&nopassive=true
"['Anthropological sciences', 'Environmental and social sustainability', 'Medical anthropology']","The Bachelor of Science degree program in anthropology offers students a holistic study of the human condition from a variety of perspectives. It provides students with a strong theoretical background and research skills in anthropology and prepares them for further graduate study as well as careers in the public or private sectors.

Students focus on the scientific dimensions of the discipline through training in the theory and methods of biological anthropology and archaeology as well as through in-depth study of areas such as primatology, human evolution, human osteology, bioarchaeology, dental anthropology, medical anthropology, nutritional anthropology, paleopathology, archaeological method and theory, geoarchaeology, zooarchaeology and lithic analysis. The program also emphasizes advanced statistical methods and laboratory-based research. The BS option is particularly well-suited for those who wish to pursue a pre-health track or careers in forensic science or conservation archaeology.

Students in the BS degree program may elect to pursue a general anthropology track or a more specialized concentration in either anthropological sciences, environmental and social sustainability or medical anthropology.

The school offers unique opportunities for students to work with a range of world-renowned faculty at its research centers, including the Center for Bioarchaeological Research, the Center for Digital Antiquity, the Institute of Human Origins, and the Teotihuacan Research Laboratory. Students can also participate in one of its many summer study abroad programs or archaeological field schools and gain firsthand experience working in the field with leading experts in the discipline. The school also provides a range of laboratory-based opportunities for students to engage in research during the academic year.

The School of Human Evolution and Social Change is a leader in finding innovative solutions to the complex problems challenging the human world. The school's transdisciplinary approach helps its students and faculty understand the human story and provide a unique perspective on the human side of global challenges.",https://degrees.apps.asu.edu/bachelors/major/ASU00/SHSANTHBS,,,"Anthropology, BS",https://degrees.apps.asu.edu/bachelors/major-list/letter/all?init=false&nopassive=true
,"The Associate of Arts in apparel technical design is an intensive two-year program focused on the technical skills of apparel design and construction. The program provides the foundational knowledge required in technical aspects of the apparel industry and prepares students to become skilled professionals in various positions, including technical designer, patternmaker and product developer. Students will gain an understanding of apparel production, from concept to finished product, for the global fashion marketplace. Students will learn the following skills:

- industrial sewing
- patternmaking
- digital patternmaking
- garment construction
- production management
- technical design
- technical flat sketching
- Adobe Creative Suite",https://degrees.apps.asu.edu/programs/details/2130,,AA,"Apparel Technical Design, AA",https://degrees.apps.asu.edu/bachelors/major-list/letter/all?init=false&nopassive=true
Natural Resource Ecology,"The BS program in applied biological sciences with a concentration in natural resource ecology provides a solid foundation in the biological sciences and teaches students to apply this knowledge to the management of natural resources.

The applied curriculum has a strong foundation in biological and physical sciences, with an emphasis on plant and animal ecology, conservation biology, wildlife management, fisheries management, restoration ecology, and landscape ecology. Students learn both in the classroom and in the field at the Polytechnic campus arboretum, in nearby natural areas such as the Sonoran Desert and the Superstition and San Tan mountains, and on regional field trips.

Graduates of the program work for government agencies, consulting firms, nonprofit organizations and in environmental education and research. The natural resource ecology concentration provides a strong background for students wishing to pursue graduate studies in natural resource management, ecology or conservation biology.",https://degrees.apps.asu.edu/bachelors/major/ASU00/ASABSBS/natural-resource-ecology,,,"Applied Biological Sciences (Natural Resource Ecology), BS",https://degrees.apps.asu.edu/bachelors/major-list/letter/all?init=false&nopassive=true
Pre-dental,"The applied biological sciences degree program with a concentration in pre-dental studies is a fast-paced, rigorous, relevant preprofessional program designed for students who want a strong foundation in the biological sciences in preparation for dental school.

The curriculum combines a broad-based approach to the various disciplines in the biological sciences with hands-on, research-based laboratory experiences and an emphasis on the critical-thinking skills needed for success in graduate school and in the dental profession.

Students in this program will complete most prerequisites for dental school as part of their major requirements.

Students complete challenging coursework in topics such as:

anatomy and physiology
biochemistry
cell and molecular biology
genetics

Students also gain in-depth experience in scientific laboratories.

The program features an accelerated block format for its biology courses. Students are immersed in a single subject for three-and-a-half weeks, which facilitates mastery of the material before moving to the next subject. Small class sizes (24 to 48 students per class) offer a personalized and supportive learning environment that encourages high academic achievement.

Students have access to a new, state-of-the-art facility featuring high-tech instrumentation that is unavailable on other ASU campuses.

This program provides excellent preparation for students interested in attending dental school as well as for those who wish to pursue a career in biological sciences or other preprofessional programs, such as pharmacy and optometry.",https://degrees.apps.asu.edu/bachelors/major/ASU00/ESABSABS/applied-biological-sciences-pre-dental,,,"Applied Biological Sciences (Pre-Dental), BS",https://degrees.apps.asu.edu/bachelors/major-list/letter/all?init=false&nopassive=true
Preveterinary Medicine,"The BS program in applied biological sciences with a concentration in preveterinary medicine is a comprehensive, interdisciplinary program of study that allows students to focus on the biological sciences as they relate to animal health. The curriculum provides a strong scientific foundation that includes biology, chemistry, mathematics and physics.

The concentration in preveterinary medicine is tailored to meet the entrance requirements for veterinary school and to provide students with the scientific skills and knowledge required to be a competitive applicant to veterinary school and for a successful career in veterinary medicine or a related animal health field.

In addition to rigorous coursework, the preveterinary medicine concentration requires experiential learning in the form of an internship or undergraduate research. The program also provides opportunities for students to conduct research alongside faculty and to take part in study abroad programs.",https://degrees.apps.asu.edu/bachelors/major/ASU00/ESABSBS/applied-biological-sciences-preveterinary-medicine,,BS,"Applied Biological Sciences (Preveterinary Medicine), BS",https://degrees.apps.asu.edu/bachelors/major-list/letter/all?init=false&nopassive=true
Secondary Education in Biology,"The BS program in applied biological sciences with a concentration in secondary education in biology offers an interdisciplinary curriculum that allows students to focus on biology education at the secondary level. Students are provided with extensive training in biological sciences, including ecology, genetics, cellular and molecular biology and evolution, in addition to pedagogical coursework focused on training students for teaching in a formal secondary school setting.

Students learn how to teach biology through a combination of traditional coursework and hands-on experience in a variety of settings. Through the program's partnership with the Mary Lou Fulton Teachers College, students engage in a final semester of full-time student teaching in a secondary classroom. Upon completion of the degree, students are recommended for secondary certification in biology from the Arizona Department of Education.",https://degrees.apps.asu.edu/bachelors/major/ASU00/ESABSSECEDBS,The Mary Lou Fulton Teachers College is accredited by the Council for the Accreditation of Educator Preparation.,BS,"Applied Biological Sciences (Secondary Education in Biology), BS",https://degrees.apps.asu.edu/bachelors/major-list/letter/all?init=false&nopassive=true
Sustainable Horticulture,"The BS program in applied biological sciences with a concentration in sustainable horticulture prepares students for a wide range of careers in horticulture through a solid foundation in plant biology and hands-on training in plant production. Graduates are well prepared to work in a variety of horticultural enterprises, such as plant nurseries, flower and vegetable production facilities, landscaping companies, and botanical gardens and arboreta, or to seek advanced degrees in horticulture, plant biology, plant science and related fields.

The curriculum is focused on the knowledge and skills required for careers in plant production and management, including plant identification and propagation, cultivation of horticultural crops, landscape management, and plant pest and disease management.

Students in this program benefit from the outstanding resources for horticulture at ASU's Polytechnic campus, including a modern greenhouse complex with automated environmental controls; extensive teaching gardens featuring a wide array of plants, including a collection of date palms and other desert-adapted species; and a research farm with facilities for plant production and plant science research.",https://degrees.apps.asu.edu/bachelors/major/ASU00/TSABSCBS/sustainable-horticulture,,BS,"Applied Biological Sciences (Sustainable Horticulture), BS",https://degrees.apps.asu.edu/bachelors/major-list/letter/all?init=false&nopassive=true
"['Applied Biological Data Analytics', 'Natural Resource Ecology', 'Preveterinary Medicine', 'Sustainable Biological Systems', 'Sustainable Horticulture', 'Urban and Environmental Entomology', 'Wildlife and Restoration Ecology', 'No Concentration']","The Bachelor of Science in applied biological sciences provides a strong foundation in the life sciences, chemistry, mathematics and physics. A solid understanding of these principles is critical to all areas of biology, whether related to medicine, veterinary science or research. The core of the program addresses cell and molecular biology, ecology and evolution and provides students with skills in critical thinking, writing and problem-solving. This core is supported by extensive hands-on learning experiences in laboratories and field settings, and with independent research opportunities available through faculty research laboratories. Students learn the scientific method and how to interpret and analyze data, making them proficient in using data to create solutions for the changing world. This degree program offers students a choice of several concentrations, allowing them to focus their studies in areas such as pre-veterinary medicine, sustainable horticulture, or applied biological data analytics.",https://degrees.apps.asu.edu/bachelors/major/ASU00/ESABSBS,,BS,"Applied Biological Sciences, BS",https://degrees.apps.asu.edu/bachelors/major-list/letter/all?init=false&nopassive=true
"Food Industry Management, Graphic Information Technology, Information Technology, Operations Management","The Bachelor of Arts in applied business and technology solutions is a fully online program that addresses growing employer demand for a workforce with a broad set of business skills combined with the ability to apply technology in practical, problem-solving ways across a wide variety of industries.

The program's core business courses provide a foundational understanding of data analysis, finance and accounting, marketing and management in the contemporary workplace. In addition to a grounding in business principles, students develop practical technology skills through courses in information technology, graphic design and web development.

The program culminates in a senior-level capstone that applies business and technology knowledge and skills to a specific workplace challenge.",https://degrees.apps.asu.edu/bachelors/major/ASU00/TSABTBA/applied-business-and-technology-solutions-ba,,,"Applied Business and Technology Solutions, BA",https://degrees.apps.asu.edu/bachelors/major-list/letter/all?init=false&nopassive=true
Cybersecurity,"The BS program in applied computing with a concentration in cybersecurity focuses on the skills needed to design, implement and manage secure computer networks. Students learn how to build firewalls and other types of network security, and they practice skills for identifying network vulnerabilities and cybersecurity threats.

The curriculum provides a solid foundation in the principles of computing, including data structures, algorithms, computer architecture and object-oriented programming. Coursework provides students with the advanced knowledge they need in information security and data and information management.",https://degrees.apps.asu.edu/bachelors/major/ASU00/ESACCBS,"The applied computing, BS program is accredited by the Computing Accreditation Commission of ABET, https://www.abet.org. Student enrollment and graduation data are available at engineering.asu.edu/factbook/data.",,"Applied Computing (Cybersecurity), BS",https://degrees.apps.asu.edu/bachelors/major-list/letter/all?init=false&nopassive=true
"['Cybersecurity', 'Internet and Web Development', 'Network and Security Administration', 'Project Management']","The BS program in applied computing provides a solid foundation in the core concepts of computing and information technology. Students learn how to apply problem-solving and critical-thinking skills and knowledge of computing and information technology in a variety of contexts and environments. The program emphasizes the importance of communication, ethics and professionalism, and it addresses a broad range of topics, including networking, security, databases, web systems and project management. Students learn how to configure, integrate and administer computing and information technology systems.

Students develop the skills necessary to work effectively as team members and leaders and gain comprehensive, hands-on experience by completing at least one substantial team-based project.

The curriculum allows students to choose a focus area to further develop their professional interests, such as cybersecurity, internet and web development, or network and security administration.",https://degrees.apps.asu.edu/bachelors/major/ASU00/ESAPCINGBS,,BS,"Applied Computing, BS",https://degrees.apps.asu.edu/bachelors/major-list/letter/all?init=false&nopassive=true
,"The Bachelor of Applied Science in applied leadership provides a dynamic, high-quality, accessible degree program that capitalizes on a student's technical education and experience by focusing on the supervision, management and leadership skills needed in a variety of industries. The program builds on a student's foundation of specialized knowledge with advanced coursework in leadership, management and supervision. Students learn to facilitate teamwork, lead projects, resolve workplace conflict, manage change, communicate effectively and supervise diverse teams. The program is designed for students who have earned an Associate of Applied Science degree from a regionally accredited institution. Students who do not possess an AAS degree may be considered for admission if they have significant and extensive work experience in one area of expertise.",https://degrees.apps.asu.edu/bachelors/major/ASU00/TSAPLLEADBAS,,BAS,"Applied Leadership, BAS",https://degrees.apps.asu.edu/bachelors/major-list/letter/all?init=false&nopassive=true
,"The BS program in applied mathematics for the life and social sciences provides a deep understanding of mathematical concepts and methods that are used to explain and model phenomena in the life and social sciences.

Students develop rigorous skills in mathematical reasoning and advanced problem-solving through a wide range of topics that include:
-calculus
-differential equations
-discrete and continuous modeling techniques
-linear algebra
-numerical analysis
-probability and statistics

Through a flexible curriculum, students have the opportunity to study a variety of related subject areas to fit their specific interests, including:
-animal behavior
-biomedical research
-computational life sciences
-ecology
-epidemiology
-finance
-neuroscience
-social dynamics
-sustainability

The curriculum offers the necessary mathematical and computational tools to model and solve real-world problems. The program integrates coursework in mathematics and life and social sciences to give students the background needed for a successful career in a variety of fields and for advanced graduate studies.

A student pursuing a BS in applied mathematics for the life and social sciences is not allowed to also pursue a BS in:
-actuarial science
-computational life sciences
-mathematics
-mathematics (statistics)
-secondary education (mathematics)",https://degrees.apps.asu.edu/bachelors/major/ASU00/LSMTHAMLBS,,BS,"Applied Mathematics for Life and Social Sciences, BS",https://degrees.apps.asu.edu/bachelors/major-list/letter/all?init=false&nopassive=true
"actuarial science, applied mathematics for the life and social sciences, biology, chemistry, computer science, economics, engineering, physics, and statistics","The BS program in applied mathematics provides a strong foundation in the core areas of mathematics while also exploring connections to other fields. Students learn to use mathematics to solve practical problems in the physical, biological and social sciences as well as in engineering.

A distinctive feature of this program is the required area of concentration, a sequence of courses in a related field chosen in consultation with an academic advisor. This provides students with in-depth experience applying mathematics to another area.

This program offers extensive training in mathematical modeling and computation. Because this is a BS degree program, it has a higher science requirement than the BA program.

Graduates are prepared to pursue advanced degrees in mathematics or in another related field or to find employment in industry, technology or government.",https://degrees.apps.asu.edu/bachelors/major/ASU00/LAAMLBS,,BS,"Applied Mathematics, BS",https://degrees.apps.asu.edu/bachelors/major-list/letter/all?init=false&nopassive=true
,"The BA program in applied military and veterans studies focuses on the specific historical, cultural, institutional, political, and social issues attendant to the military and veteran communities. The major's curriculum provides an in-depth understanding of the central issues associated with military service and veteran status, especially with regard to health and wellness, social and institutional integration, and family and community. The program's core and related coursework prepares students to become more effective leaders and problem-solvers in the various sectors that interact with service members, veterans and their families. Students gain career-relevant training in leadership, community building and problem-solving, along with the development of the following valuable and transferable skills: communication, information literacy, critical thinking and analysis, social perceptiveness and systems evaluation. Students develop these skills in applied learning environments and research opportunities. Through interdisciplinary coursework and training, the program teaches students about the historical contexts of U.S. and international military conflicts, the psychological consequences of combat and military service, military family dynamics, veteran health issues, and veteran transition and reintegration challenges. Graduates will be prepared to assist service members, veterans and their families through professional roles in government, nonprofit and private sectors, and to pursue a wide variety of graduate and professional degrees.",https://degrees.apps.asu.edu/bachelors/major/ASU00/LSCNMVSBA,,,"Applied Military and Veterans Studies, BA",https://degrees.apps.asu.edu/bachelors/major-list/letter/all?init=false&nopassive=true
,"The BS program in applied nutrition and health prepares students with knowledge of the principles of human nutrition and health to pursue careers in a variety of settings. The program helps students understand the vital role that nutrition plays in promoting health and preventing disease throughout the life cycle. Students gain a solid foundation in the biological and chemical sciences in order to better understand the physiological and biochemical functions of nutrients. The curriculum focuses on the practical application of nutrition knowledge to promote positive health outcomes for individuals and communities. Graduates are well prepared to advance their education through graduate study in nutrition or health-related fields, or to enter the workforce in areas such as community and public health, corporate wellness, government agencies, and the food industry.",https://degrees.apps.asu.edu/bachelors/major/ASU00/HSANHBS,,BS,"Applied Nutrition and Health, BS",https://degrees.apps.asu.edu/bachelors/major-list/letter/all?init=false&nopassive=true
"Business, Computational Physics, Computer Science, Electrical Engineering, Materials Science and Engineering, Mechanical Engineering, Physics Teaching","The applied physics BS program combines a professional physics curriculum with substantial experiences in a related field such as engineering, computational science or finance. This program provides an excellent background for a career in a wide variety of engineering and technology-related fields.

The applied physics degree program is appropriate for students wishing to pursue careers in industry or government as well as for those contemplating graduate studies in engineering, computer science, data science, medical physics or other related fields.

Students select a concentration from the list below, with one concentration focused on computational physics.",https://degrees.apps.asu.edu/bachelors/major/ASU00/LAPHYSBS,,BS,"Applied Physics, BS",https://degrees.apps.asu.edu/bachelors/major-list/letter/all?init=false&nopassive=true
,"The Bachelor of Science in applied psychology provides a broad-based liberal arts education focused on understanding human behavior from a variety of perspectives. It provides students with opportunities to acquire research and other critical thinking skills valued by employers, including in human resources, management, marketing, sales, and in human services and other related settings.

The curriculum features a research sequence culminating in an advanced research lab in which students conduct an original research project, from idea generation through data collection, data analysis and final presentation. The program also offers an internship experience in which students apply their knowledge in a community setting.

Graduates are well prepared for the workforce or for graduate-level work in a variety of fields, such as social work and law.",https://degrees.apps.asu.edu/bachelors/major/ASU00/LSCAPLBS/applied-psychology,,BS,"Applied Psychology, BS",https://degrees.apps.asu.edu/bachelors/major-list/letter/all?init=false&nopassive=true
,"The BS program in applied quantitative science provides students with a solid foundation in mathematics and statistics and the skills to apply this knowledge to solve problems in science and technology. Students develop problem-solving, critical-thinking, modeling, and communication skills to answer real-world questions with data and statistics, including in-depth consulting and research experiences that help students develop the skills they need to lead data-driven projects after graduation. The curriculum provides excellent preparation for students interested in careers using mathematics and statistics in business, industry and government, or in further graduate studies in mathematics, statistics and other related fields. With a choice of focus areas, students are able to tailor their degree to their interests and career goals.",https://degrees.apps.asu.edu/bachelors/major/ASU00/ESAGECBS/applied-quantitative-science-bs,,BS,"Applied Quantitative Science, BS",https://degrees.apps.asu.edu/bachelors/major-list/letter/all?init=false&nopassive=true
applied leadership,"The Bachelor of Applied Science degree with a concentration in applied leadership is a degree program for students who have earned an associate of applied science degree from a regionally accredited institution. AAS degree programs are generally not designed for transfer to a four-year institution, but this BAS program allows students to apply their AAS credits to a bachelor's degree.

The BAS program with a concentration in applied leadership builds upon students' technical expertise obtained through their AAS degrees to enhance their professional careers by providing them with additional opportunities in higher education. This degree is designed to develop skills in leadership and management that can be directly applied to multiple business sectors. Coursework focuses on providing a fundamental knowledge of management, project management, organizational behavior and leadership.

The degree program offers a large number of elective hours, allowing students to select a path of study best suited to their individual career aspirations.",https://degrees.apps.asu.edu/bachelors/major/ASU00/TSAPLDBAS,,,"Applied Science (Applied Leadership), BAS",https://degrees.apps.asu.edu/bachelors/major-list/letter/all?init=false&nopassive=true
Project Management,"The Bachelor of Applied Science in project management provides an interdisciplinary program of study for students with an AAS degree from a regionally accredited institution. The program builds upon a strong technical foundation to provide the knowledge and skills necessary for success in a supervisory or managerial role in a project-driven organization.

The applied science degree with a concentration in project management requires 90 credit hours for the AAS degree and a minimum of 30 credit hours of upper-division coursework at ASU. Specific coursework requirements are determined by the student's AAS degree and the ASU academic unit that offers the concentration.",https://degrees.apps.asu.edu/bachelors/major/ASU00/ESPMBAS,"The project management concentration in the BAS program is accredited by the PMI Global Accreditation Center for Project Management Education Programs (GAC). The GAC is the world's leading specialized accrediting body for project management and related degree programs, and GAC accreditation is a testament that a program has been rigorously assessed and that its scale, scope and quality meet comprehensive, global standards.",BAS,"Applied Science (Project Management), BAS",https://degrees.apps.asu.edu/bachelors/major-list/letter/all?init=false&nopassive=true
"['Applied Leadership', 'Food and Nutrition Management', 'Graphic Information Technology', 'Internet and Web Development', 'Logistics', 'Operations Management', 'Project Management']","The Bachelor of Applied Science degree program in applied science is a degree completion program for students with an Associate of Applied Science degree from a regionally accredited institution. The program provides students with the opportunity to pursue a bachelor's degree, and it emphasizes the skills of communication, leadership and critical thinking necessary for career advancement.

Students complete one of seven concentrations, depending on their interests, background and career goals. Concentrations are available in: applied leadership, food and nutrition management, graphic information technology, internet and web development, logistics, operations management, or project management.

The curriculum is designed to help students transition from the role of technician to that of a professional in business and industry.

This program is not intended for students who have never attended college or who have fewer than 30 transferable credit hours. Students with fewer than 60 transfer credit hours may take ASU general studies coursework while enrolled in the program.",https://degrees.apps.asu.edu/bachelors/major/ASU00/TSAPLSBAS,,,"Applied Science, BAS",https://degrees.apps.asu.edu/bachelors/major-list/letter/all?init=false&nopassive=true
,"The bachelor's degree program in architectural studies is a preprofessional degree program that provides a foundation in the field of architecture. It prepares students for a variety of career paths or for a two-year Master of Architecture program, which is the accredited professional degree required for licensure. The program provides a broad liberal education along with a foundation of architectural knowledge. The curriculum includes a strong base in sustainability, social and community engagement, and urban design principles in the context of the desert region of the American Southwest. The program also has a strong emphasis on hands-on design and fabrication skills, with access to state-of-the-art facilities and technology. This preprofessional degree is useful for students who want a solid foundation in architecture to work in related fields such as construction management, landscape architecture, interior design and urban planning. With a focus on sustainable and resilient design, students are equipped to tackle the pressing environmental and social challenges of the 21st century. The four-year bachelor's degree in architectural studies at ASU is a preprofessional program and is not accredited by the National Architectural Accrediting Board. The professional, NAAB-accredited Master of Architecture is also offered by The Design School. Graduates of the BSD program may apply to the two-year MArch program. Other students may apply to the 3+ MArch program.",https://degrees.apps.asu.edu/bachelors/major/ASU00/DEARBSD,The four-year bachelor's degree in architectural studies at ASU is a preprofessional program and is not accredited by the National Architectural Accrediting Board.,BSD,"Architectural Studies, BSD",https://degrees.apps.asu.edu/bachelors/major-list/letter/all?init=false&nopassive=true
Art Education,"The BFA program in art with a concentration in art education prepares students for careers as art teachers in K-12 schools and for a variety of other roles as artists, teachers and community leaders.
The curriculum is studio-based and prepares students to become confident, knowledgeable and skilled artist-teachers. Students develop their artistic voice through intensive studio work and an independent exploration of materials, concepts and processes in a variety of media.
Through their art education coursework, students also develop a professional teaching portfolio that is aligned to state and national standards, including a teaching philosophy and resume, standards-based lesson plans, a classroom management plan, and other resources to use in their future classrooms. Students gain teaching experience through a variety of field placements, including a semester-long student teaching residency.
In addition to the art education concentration, the school also offers a BFA program in art with a concentration in digital photography. Students interested in that area of study should apply to that program directly.",https://degrees.apps.asu.edu/bachelors/major/ASU00/LAARTEDUBFA/art-art-education-bfa,,BFA,"Art (Art Education), BFA",https://degrees.apps.asu.edu/bachelors/major-list/letter/all?init=false&nopassive=true
Art History,"The Bachelor of Arts in art with a concentration in art history offers a broad humanistic education that focuses on the study of artworks and architecture from a variety of cultures and historical periods. Students develop skills in critical and visual analysis as well as scholarly research and writing.

Students in the art history program work closely with a renowned faculty of scholars whose teaching and research cover a wide range of fields, including:

*    the ancient Mediterranean
*    Asia
*    colonial to contemporary Latin America
*    early modern and modern Europe
*    the history of photography
*    the Islamic world
*    modern and contemporary U.S.

The curriculum is designed to give students a strong foundation in the art of a wide variety of time periods and cultures while also providing opportunities to focus on specific areas of interest. The art history program places emphasis on the theoretical and methodological diversity that comprises the study of art and visual culture today. Students may complement their art history studies with course work in studio art, and they are strongly encouraged to pursue a foreign language and to study abroad. Students are also encouraged to complement the major with a minor, a certificate program or a second major.

The School of Art's extensive programming, including the visiting artists and scholars lecture series, provides a stimulating environment for the study of art history. The ASU Art Museum and other area museums, including the Phoenix Art Museum, Heard Museum and Scottsdale Museum of Contemporary Art, offer students valuable opportunities for research and museum experience, including internships. An active art history student organization, the Art History Society, also organizes special events and brings in guest speakers.

Graduates find rewarding careers in a range of art-related professions, such as in museums, galleries, arts administration, publishing and education. The BA in art history also provides excellent preparation for graduate studies.",https://degrees.apps.asu.edu/bachelors/major/ASU00/ARAHBA,The Herberger Institute for Design and the Arts is accredited by the National Association of Schools of Art and Design.,BA,"Art (Art History), BA",https://degrees.apps.asu.edu/bachelors/major-list/letter/all?init=false&nopassive=true
Art Studies,"The BFA in art with a concentration in art studies is a transdisciplinary, research-focused degree. The program is specifically designed to accommodate the needs of transfer students who have an associate degree.

The program gives students the opportunity to learn in an environment where they have access to outstanding faculty, facilities and an internationally recognized art museum.

The curriculum is flexible and can be customized to the student's area of interest, whether that is continuing in a single medium, working across a variety of media or exploring a research topic through a variety of methods.

During their final semester, students in the art studies program develop and present a final body of work that can be research- or studio-based. Students complete their experience with a capstone exhibition or presentation and a professional practices course that prepares them for a career in the arts.",https://degrees.apps.asu.edu/bachelors/major/ASU00/LAARTBFA/art-studies,The School of Art is accredited by the National Association of Schools of Art and Design.,BFA,"Art (Art Studies), BFA",https://degrees.apps.asu.edu/bachelors/major-list/letter/all?init=false&nopassive=true
Ceramics,"The BFA in art with a concentration in ceramics focuses on contemporary and traditional art practices. Students develop technical skills and historical knowledge while developing their personal artistic voice. The curriculum is conceptually driven, process-oriented and technically rigorous.

The curriculum covers a broad range of ceramic processes, including hand building, wheel throwing, glaze calculation, clay formulation, and kiln firing and design. Students use a variety of firing techniques including gas, electric, soda, salt, raku and wood. The curriculum is enhanced with visiting artists, student exhibitions and field trips.

The program emphasizes the development of professional skills in preparation for a career as a studio artist, artist-in-residence, educator or designer for industry or as preparation for graduate studies.",https://degrees.apps.asu.edu/bachelors/major/ASU00/LAARTCERBFA/art-ceramics-bfa,The School of Art is a part of the Herberger Institute for Design and the Arts at Arizona State University. The school is accredited by the National Association of Schools of Art and Design. The teacher certification program is accredited by the National Council for Accreditation of Teacher Education.,BFA,"Art (Ceramics), BFA",https://degrees.apps.asu.edu/bachelors/major-list/letter/all?init=false&nopassive=true
Digital Photography,"The BFA program in art with a concentration in digital photography provides students with a broad understanding of the important role of photography in art and culture. The program is designed to develop students' practical and conceptual skills through an innovative curriculum and state-of-the-art facilities.

Students are encouraged to develop a personal aesthetic in a collaborative environment through a variety of elective courses, including:
- analog photography
- bookmaking
- color photography
- intermedia
- photo history
- video art

Students have access to darkrooms and a wide array of digital technology, enabling a broad range of personal expression. The photography program in the School of Art is renowned and is consistently ranked among the top 10 in the country.

Students in this program may not declare a concurrent major in the School of Art. All BFA students in art are required to complete an exit portfolio of their work prior to graduation.",https://degrees.apps.asu.edu/bachelors/major/ASU00/HIARTBFA/art-digital-photography,The ASU School of Art is an accredited institutional member of the National Association of Schools of Art and Design (NASAD).,,"Art (Digital Photography), BFA",https://degrees.apps.asu.edu/bachelors/major-list/letter/all?init=false&nopassive=true
Drawing,"The bachelor's degree program in art with a concentration in drawing offers an intensive studio art experience.

The curriculum is focused on contemporary and traditional approaches to drawing and is designed for students who want to establish a professional practice in art. Students receive a broad foundation in studio arts and a focused education in drawing. Students are encouraged to develop an individual and unique voice.

The BFA is a pre-professional degree that helps students develop a strong portfolio of work in preparation for a career as a practicing artist. Additionally, graduates who go on to advanced degree programs are well prepared for the rigors of graduate study.",https://degrees.apps.asu.edu/bachelors/major/ASU00/LAARTDRBFA/art-drawing-bfa,"The School of Art is a member of the National Association of Schools of Art and Design. The BFA program in art with a concentration in drawing is an accredited, professional degree for students who intend to become professional artists.",BFA,"Art (Drawing), BFA",https://degrees.apps.asu.edu/bachelors/major-list/letter/all?init=false&nopassive=true
Fibers,"The BFA program in art with a concentration in fibers provides a strong foundation in the concepts, techniques and processes of the fiber arts while encouraging a broad, interdisciplinary and experimental approach to materials and ideas.

The curriculum is broad and diverse. Students explore a range of contemporary and historical concepts and processes, including:

- weaving, surface design (dyeing and printing)
- stitching
- felting
- basketry
- sculptural and conceptual approaches
- new technologies

The program encourages students to investigate the rich history of fibers, both as a fine art and in its relationship to material culture and to develop their own critical and aesthetic direction.

In their final year, BFA students focus on the development of a strong, cohesive and professional body of studio work. This studio work culminates in the BFA thesis exhibition in the spring.",https://degrees.apps.asu.edu/bachelors/major/ASU00/LAARTBFA/art-fibers,,BFA,"Art (Fibers), BFA",https://degrees.apps.asu.edu/bachelors/major-list/letter/all?init=false&nopassive=true
Intermedia,"The BFA program in art with a concentration in intermedia offers a course of study that focuses on emerging and innovative forms of expression. The intermedia concentration provides students with access to a wide variety of tools and methods, from traditional skills to new media. This approach reflects contemporary art practice where artists combine and choose the skills, ideas and media that best suit their practice.

Students are encouraged to develop a course of study that provides them with an understanding of a variety of different approaches to making art, leading to a personal, focused studio practice. The concentration includes a sequence of courses in digital processes that provide grounding in new media, as well as a selection of required studio courses from different areas. Students are expected to complete a wide range of elective courses to satisfy the remaining credit hours for the degree. These electives may be from any of the studio areas, including: animation, ceramics, drawing and painting, fibers, metals, photography, printmaking, sculpture, and video and digital art.",https://degrees.apps.asu.edu/bachelors/major/ASU00/ARITBFA/art-intermedia-bfa,,,"Art (Intermedia), BFA",https://degrees.apps.asu.edu/bachelors/major-list/letter/all?init=false&nopassive=true
Metals,"The BFA program in art with a concentration in metals prepares students for a successful career as a studio artist.

The curriculum is designed to provide students with a deep understanding of the historical and contemporary context of the metalsmithing and jewelry field, along with a mastery of a wide variety of techniques and processes.

Students in the metals program learn to use metal as a medium for artistic expression. They have the opportunity to study a range of metals techniques and concepts including:

body adornment
fabrication
forming
functional objects
jewelry
sculpture
small-scale casting

The curriculum fosters critical thinking and the development of a personal aesthetic, which guides students toward a focused and independent body of creative work. It prepares students for a variety of pursuits after graduation, including a career as a professional studio artist and for graduate study in a Master of Fine Arts program.",https://degrees.apps.asu.edu/bachelors/major/ASU00/LAARTMFA/art-metals-bfa,,BFA,"Art (Metals), BFA",https://degrees.apps.asu.edu/bachelors/major-list/letter/all?init=false&nopassive=true
Painting,"The BFA program in art with a concentration in painting provides students with a strong foundation in contemporary and traditional painting practices. Students develop technical and conceptual skills to realize their individual artistic vision.

The program curriculum includes a range of studio art, art history and theory classes. Students may take electives from other disciplines, fostering a dynamic and diverse range of influence and interdisciplinary inquiry.

The program fosters a vibrant and inclusive community of student artists. They are mentored by a faculty of distinguished artists who are active nationally and internationally.

The School of Art's state-of-the-art facilities include spacious, well-lit painting studios with natural light as well as individual BFA student studios. Students can access a well-equipped woodshop, digital lab and other facilities.

Students have access to renowned museums on campus and in the Phoenix metropolitan area as well as a dynamic local art scene and many galleries and alternative spaces. The ASU Art Museum has a significant collection and an exciting, contemporary exhibition program, and the school's galleries feature student, faculty and visiting artist exhibitions. Visiting artist and scholar lectures and studio visits enhance the curriculum and provide a glimpse into the professional art world.

The program culminates in a senior exhibition.",https://degrees.apps.asu.edu/bachelors/major/ASU00/LAARTBFA/art-painting,"The School of Art is a part of the Herberger Institute for Design and the Arts, which is accredited by the National Association of Schools of Art and Design.",,"Art (Painting), BFA",https://degrees.apps.asu.edu/bachelors/major-list/letter/all?init=false&nopassive=true
Printmaking,"The BFA program in art with a concentration in printmaking offers a comprehensive curriculum that prepares students to be practicing artists and skilled printmakers. The program balances the development of technique with the cultivation of critical thinking skills, historical knowledge, visual literacy and a strong personal voice. The printmaking concentration fosters experimentation and innovation within a broad range of traditional and contemporary printmaking media, including:

intaglio
lithography
relief
screen printing
monotype
book arts
digital printmaking

Students in the program work toward a professional body of work, culminating in a BFA thesis exhibition. This body of work is developed in an atmosphere of critical dialogue with other students and faculty.

The goal of the BFA program in art with a concentration in printmaking is to prepare students to leave the university as professional artists and creative thinkers with a strong personal vision, prepared for careers in the arts or for graduate study.",https://degrees.apps.asu.edu/bachelors/major/ASU00/LAARTBFA/printmaking,"The School of Art is a part of the Herberger Institute for Design and the Arts, which is accredited by the National Association of Schools of Art and Design.",BFA,"Art (Printmaking), BFA",https://degrees.apps.asu.edu/bachelors/major-list/letter/all?init=false&nopassive=true
Sculpture,"The BFA program in art with a concentration in sculpture provides students with a broad range of technical and conceptual skills that equip them for a professional career as an artist. A strong emphasis is placed on experimentation with materials, techniques and ideas.

Students have the opportunity to participate in a diverse curriculum that addresses contemporary art issues, art theory and art history. The curriculum promotes critical thinking, and the program's faculty of artists, critics and art historians provide a context for rigorous intellectual and artistic inquiry.

Students are offered a diverse, hands-on learning experience that addresses current creative research practices, as well as the history of the medium.",https://degrees.apps.asu.edu/bachelors/major/ASU00/LAARTBFA/art-sculpture,The School of Art is an accredited institutional member of the National Association of Schools of Art and Design.,BFA,"Art (Sculpture), BFA",https://degrees.apps.asu.edu/bachelors/major-list/letter/all?init=false&nopassive=true
,"The bachelor's degree program in art history offers students a humanistic course of study. Students develop visual literacy, critical thinking and writing skills that allow them to analyze and interpret visual culture.
The study of art history prepares students for a wide range of careers in diverse fields, including art conservation, art law, business, communication, cultural affairs, education and fashion, as well as work in galleries and museums. The program provides the intellectual foundation for advanced graduate study in art history and related disciplines.",https://degrees.apps.asu.edu/bachelors/major/ASU00/LAARHBA,,BA,"Art History, BA",https://degrees.apps.asu.edu/bachelors/major-list/letter/all?init=false&nopassive=true
Art Studies,"The BA program in art with a concentration in art studies provides students with a comprehensive liberal arts education with a focus in art history, museum studies and art-making studio practices. The degree promotes critical and creative thinking and provides students with skills to address complex social problems.

The art studies program prepares students to meet the challenges of the 21st century by providing them with a broad understanding of art history and museum studies and the skills of visual analysis within social, historical, cultural and political contexts. Students receive an in-depth education in the history of art and research methods and an introduction to museum studies.

Students also develop a foundation in studio art by taking courses in areas such as:
animation
ceramics
drawing
fibers
intermedia
metals
painting
photography
printmaking
sculpture
woods

The diverse curriculum prepares graduates for work in the creative industries or to pursue graduate studies in art history, museum studies, art education or studio art. This program is available for students at ASU Local.",https://degrees.apps.asu.edu/bachelors/major/ASU00/ARSTDBA,,BA,"Art Studies, BA",https://degrees.apps.asu.edu/bachelors/major-list/letter/all?init=false&nopassive=true
East Asia,"The BA program in Asia studies provides students with interdisciplinary training to pursue careers related to Asia in education, government and the private sector. The program offers two tracks: East Asia and South/Southeast Asia.

Students develop proficiency in at least one Asian language (Chinese, Indonesian, Japanese, Korean, Sanskrit or Vietnamese) and gain in-depth knowledge of the histories, cultures, politics and economies of the region of their choice.

This program is designed for students interested in:

ancient and modern history
art and literature
culture and film
globalization
language studies
political and economic systems
religious traditions

A study abroad program in Asia is strongly recommended to further language proficiency and understanding of other cultures. Students also can combine their study of Asia with other programs such as global studies, history, political science or religious studies, or with a professional degree, such as in business, journalism or law.",https://degrees.apps.asu.edu/bachelors/major/ASU00/LAASTBA,,BA,"Asia Studies, BA",https://degrees.apps.asu.edu/bachelors/major-list/letter/all?init=false&nopassive=true
,"The Bachelor of Science in astronomy provides a strong background in the fundamentals of astronomy and astrophysics to prepare students for graduate study. This program provides a complete introduction to the concepts and methods of modern astronomy and astrophysics. Students complete a sequence of courses in physics and mathematics to achieve a robust understanding of the physical principles underlying astronomy and astrophysics. Students also complete courses in astronomy, astrophysics and cosmology, and they learn observational techniques using the university's telescopes. The School of Earth and Space Exploration's location in the desert Southwest provides an excellent environment for astronomical observations. The school has a number of telescopes on campus that are used for both teaching and research. The school is also involved in many space missions, including the Hubble Space Telescope, the James Webb Space Telescope, the Lunar Reconnaissance Orbiter and the Psyche mission. This involvement provides many opportunities for undergraduate students to get involved in research.",https://degrees.apps.asu.edu/bachelors/major/ASU00/ESASTBS,,,"Astronomy, BS",https://degrees.apps.asu.edu/bachelors/major-list/letter/all?init=false&nopassive=true
,"Astrophysics is the discipline of physics that studies the universe. It applies the laws of physics to understand the birth, life and death of stars, planets, galaxies, nebulae and other objects in the universe. The Bachelor of Science in astrophysics provides a strong foundation in physics and mathematics, in-depth coursework in astrophysics and hands-on research experience. Astrophysics majors have opportunities to participate in research with faculty in cosmology, extragalactic astronomy, galactic astronomy, stellar astrophysics, astrobiology, planetary science, and instrumentation. Faculty also actively participate in research programs with NASA and the National Science Foundation, such as the Hubble Space Telescope, the James Webb Space Telescope, the Spitzer Space Telescope, the Chandra X-ray Observatory, the Mars Reconnaissance Orbiter, the Mars Science Laboratory, the Lunar Reconnaissance Orbiter and the Psyche mission. Students learn from faculty experts in the School of Earth and Space Exploration, one of the leading research centers in the country for earth and space sciences, and have access to unique state-of-the-art facilities and instruments.",https://degrees.apps.asu.edu/bachelors/major/ASU00/ESASTBS,,,"Astrophysics, BS",https://degrees.apps.asu.edu/bachelors/major-list/letter/all?init=false&nopassive=true
Medicinal Chemistry,"The BS program in biochemistry with a concentration in medicinal chemistry gives students a strong background in biology and chemistry and prepares them for a career in the pharmaceutical and biotechnology industries or for entry into professional schools for medicine, dentistry or pharmacy.

The medicinal chemistry concentration provides a strong background in chemistry, with a particular emphasis on the theory and practice of organic chemistry, and includes sufficient biological sciences course work to provide the context for medicinal applications. This major is less quantitative than the BS in chemistry with a concentration in medicinal chemistry, as it does not require calculus-based physics.

This program is available for students enrolled at ASU's Tempe campus.

The School of Molecular Sciences has received an above-average ranking for its graduate programs in chemistry and biochemistry from the National Research Council. The school's award-winning faculty is recognized internationally, with a majority having received the highest honors in their fields.",https://degrees.apps.asu.edu/bachelors/major/ASU00/SCBICMCBS,This program in biochemistry is accredited by the American Society for Biochemistry and Molecular Biology.,,"Biochemistry (Medicinal Chemistry), BS",https://degrees.apps.asu.edu/bachelors/major-list/letter/all?init=false&nopassive=true
,"The Bachelor of Arts degree program in biochemistry provides a strong foundation in chemistry and biology and an introduction to biochemistry. It is an appropriate course of study for students who wish to pursue careers in the health professions, such as medicine, dentistry or pharmacy; in biotechnology; in related fields in education, law and business; and for students who plan to pursue advanced degrees in these areas. The program does not offer the depth of training required for a career as a professional biochemist. For that, students are advised to enroll in the Bachelor of Science program in biochemistry.

This major is eligible for the Western Undergraduate Exchange program at a reduced tuition rate. For more information on WUE, see https://www.asu.edu/wue.",https://degrees.apps.asu.edu/bachelors/major/ASU00/LSLBCBA,,,"Biochemistry, BA",https://degrees.apps.asu.edu/bachelors/major-list/letter/all?init=false&nopassive=true
,"Biochemists explore the chemical structure of living things. They seek to understand the molecular basis for processes such as development, disease, evolution and heredity. An understanding of biochemistry is essential for the development of new treatments for disease, the creation of new biotechnologies and a deeper understanding of the natural world.

The BS in biochemistry provides students with a strong background in chemistry, with an emphasis on the chemistry of biological systems. Coursework is rigorous in chemistry, biology and mathematics and provides a great foundation for further study in the medical sciences.

Students can enter the workforce with this degree or they can continue to graduate school or professional programs.",https://degrees.apps.asu.edu/bachelors/major/ASU00/LSLSCBS?init=false&nopassive=true,,BS,"Biochemistry, BS",https://degrees.apps.asu.edu/bachelors/major-list/letter/all?init=false&nopassive=true
,"The Bachelor of Science in biodiversity and conservation prepares students for careers in which they can understand, protect and sustain the diversity of life on Earth. The degree provides an interdisciplinary approach to the science of biodiversity and the practice of conservation. Students in this program benefit from the strengths of two ASU units: the School of Life Sciences in The College of Liberal Arts and Sciences and the College of Integrative Sciences and Arts' School of Applied Sciences and Arts. Students on the Tempe campus enroll in The College of Liberal Arts and Sciences and are taught by faculty from the School of Life Sciences. Students at the Polytechnic campus enroll in the College of Integrative Sciences and Arts and are taught by faculty from the School of Applied Sciences and Arts. The curriculum requires a combination of classroom, laboratory and field experiences. Students are also encouraged to develop an independent research project and to obtain real-world experience through an internship. This program provides students with a solid foundation in the principles of ecology, evolution, genetics and organismal biology, which are central to understanding biodiversity and its conservation. Students learn about the patterns of biological diversity, the processes that create and maintain it, and the strategies and policies that can be employed to conserve it. Students gain skills in data analysis, scientific communication and critical thinking. They are well-prepared for a variety of careers in government agencies, nongovernmental organizations and the private sector as well as for graduate studies in conservation biology, environmental science, and related fields. ASU's location in the Sonoran Desert provides a unique opportunity for students to study biodiversity and conservation in a region with high levels of endemism and a long history of human-environment interactions. The university's strong ties to local, national and international conservation organizations also provide students with a wealth of opportunities for hands-on learning and professional development.",https://degrees.apps.asu.edu/bachelors/major/ASU00/LABDCBS,,BS,"Biodiversity and Conservation, BS",https://degrees.apps.asu.edu/bachelors/major-list/letter/all?init=false&nopassive=true
"['Biomedical Devices', 'Imaging and Sensing', 'Molecular, Cellular and Tissue Engineering']","The bachelor's degree program in bioengineering, also known as biomedical engineering, is based on a solid foundation in mathematics, physics, chemistry and the engineering sciences. The curriculum provides a broad education in the fundamentals of bioengineering while allowing students to select a particular area of emphasis through the choice of track electives.

The required courses cover key areas of biomedical engineering, including:

biomechanics (the study of the mechanical properties of biological systems)
biomaterials (the study of materials used in biomedical applications)
biosignals and systems (the study of biological signals and the systems that process them)
biotransport (the study of the transport of molecules in biological systems)
instrumentation (the design of devices for diagnosis, treatment and exploration of physiological systems)
Students learn to apply engineering principles to understand, modify or control biological systems; design and develop devices to monitor and measure physiological parameters; and develop new therapeutic procedures, such as the design and development of artificial organs and other implants. Students also become familiar with the ethical issues that biomedical engineers face.

The biomedical engineering curriculum provides excellent preparation for graduate study in biomedical engineering, medicine or other health-related disciplines. Graduates are also well prepared for employment in industries focused on medicine and health care, including pharmaceutical development, medical device manufacturing, health care delivery and biotechnology.",https://degrees.apps.asu.edu/bachelors/major/ASU00/ESBSEBSE/bioengineering,"The bioengineering BSE program at the Tempe campus is accredited by the Engineering Accreditation Commission of ABET, https://www.abet.org.",BSE,"Bioengineering, BSE",https://degrees.apps.asu.edu/bachelors/major-list/letter/all?init=false&nopassive=true
,"The BS program in bioinformatics combines foundational knowledge in life sciences with computational skills and data science methods. The curriculum provides an excellent background for students who are interested in research careers in academia or industry, or in professional careers in health care or biotechnology.

The study of bioinformatics applies computer technology to the management and analysis of biological data. The result is that vast and complex data sets can be deciphered and used for discovering new knowledge in medicine and biology. Rapid advances in science and technology mean there is a high demand for professionals who are trained in this interdisciplinary field.

Students learn to:
* access and use major public domain biological and biomedical databases for research and development
* formulate and test biological and biomedical hypotheses by analyzing large-scale datasets, including those from genomics, proteomics and transcriptomics
* retrieve, analyze and synthesize complex information from a variety of sources as part of a research or development project
* use basic programming and scripting tools to automate data processing and analytical tasks
* use state-of-the-art computational and data science software to analyze and interpret data",https://degrees.apps.asu.edu/bachelors/major/ASU00/LABINFBS,,BS,"Bioinformatics, BS",https://degrees.apps.asu.edu/bachelors/major-list/letter/all?init=false&nopassive=true
Biology and Society,"The BS program in biological sciences with a concentration in biology and society is focused on the life sciences and their interaction with society. The concentration in biology and society offers students an opportunity to join faculty in a cross-disciplinary exploration of the role of biology in society and of the social, political and ethical issues that these studies of biology raise. Graduates of the program are well prepared for careers in a wide range of fields, including health care and health policy, biological research and education, conservation and environmental policy, law and science journalism.",https://degrees.apps.asu.edu/bachelors/major/ASU00/LABSCBS/biological-sciences-biology-and-society,,BS,"Biological Sciences (Biology and Society), BS",https://degrees.apps.asu.edu/bachelors/major-list/letter/all?init=false&nopassive=true
Biomedical Sciences,"The BS program in biological sciences with a concentration in biomedical sciences is designed for students interested in careers in medicine and other health-related professions. The curriculum provides a strong foundation in biological principles and processes, ranging from the molecular and cellular levels to the organismal and population levels. The concentration in biomedical sciences also incorporates a solid foundation in chemistry, physics and mathematics.

Students gain skills in scientific methodology, critical thinking, written and oral communication, collaboration, and quantitative and data analysis.

This concentration fulfills all requirements for application to medical, dental and other health professional schools.

The diverse research interests of the faculty in the School of Life Sciences offer a wide selection of research opportunities for undergraduate students, and faculty members actively encourage student participation in research.",https://degrees.apps.asu.edu/bachelors/major/ASU00/LABSCBS/biological-sciences-biomedical-sciences?init=false&nopassive=true,,,"Biological Sciences (Biomedical Sciences), BS",https://degrees.apps.asu.edu/bachelors/major-list/letter/all?init=false&nopassive=true
Conservation Biology and Ecology,"The BS program in biological sciences with a concentration in conservation biology and ecology is an opportunity for students to learn about the diversity of life on Earth and the science of conserving it for generations to come. Students explore the principles of ecology, evolution, genetics and physiology to learn how to apply them to solving conservation problems.

Students learn the basic components of biological diversity, from genes to species to ecosystems, and about the patterns and processes of life on Earth. Through an exploration of the causes and consequences of biodiversity loss, students learn techniques for restoring and managing populations, communities and ecosystems and for managing human activities to promote biodiversity conservation and sustainability.

The program emphasizes hands-on learning through laboratory courses and field experiences. Students can work directly with faculty on research projects in the field or in the lab.",https://degrees.apps.asu.edu/bachelors/major/ASU00/LABSCCBEBS,,,"Biological Sciences (Conservation Biology and Ecology), BS",https://degrees.apps.asu.edu/bachelors/major-list/letter/all?init=false&nopassive=true
"Genetics, Cell and Developmental Biology","The BS program in biological sciences with a concentration in genetics, cell and developmental biology is focused on the study of the molecular basis of life. This concentration provides a strong foundation in genetics, cell biology, developmental biology and molecular biology. Students learn the structure and function of cells, the genetic and molecular processes that control the growth and development of organisms, and the molecular basis of human disease.

Students in this concentration learn valuable research skills through innovative, inquiry-based laboratory courses.

Graduates are well prepared for careers in the biotechnology and health care industries, academic research and for entry into graduate schools and a variety of professional schools, including medical, dental, optometry and pharmacy school.",https://degrees.apps.asu.edu/bachelors/major/ASU00/LASOLBS/biological-sciences-genetics-cell-and-developmental-biology,,,"Biological Sciences (Genetics, Cell and Developmental Biology), BS",https://degrees.apps.asu.edu/bachelors/major-list/letter/all?init=false&nopassive=true
"Neurobiology, Physiology and Behavior","The BS program in biological sciences with a concentration in neurobiology, physiology and behavior is an interdisciplinary program that leads to a deep understanding of the structure and function of the nervous system, from molecules to the complex behaviors of organisms. The program is specifically designed to meet the growing need for neuroscientists in the clinical, academic and industrial workforce. The study of neuroscience includes many fields, from molecular biology to psychology, and represents a unique combination of traditional disciplines. This program offers extensive and exceptional research opportunities that train students in the conduct and communication of scientific research. Graduates of the program are well prepared for medical school and graduate school as well as for careers in biomedical research, for positions in the biotechnology and pharmaceutical industries and in science-related fields such as science writing, policy and patent law.",https://degrees.apps.asu.edu/bachelors/major/ASU00/LABSCNPBBS,,BS,"Biological Sciences (Neurobiology, Physiology and Behavior), BS",https://degrees.apps.asu.edu/bachelors/major-list/letter/all?init=false&nopassive=true
"['Biological Sciences (Animal Behavior), BS', 'Biological Sciences (Biomedical Sciences), BS', 'Biological Sciences (Conservation Biology and Ecology), BS', 'Biological Sciences (Genetics, Cell and Developmental Biology), BS', 'Biological Sciences (Neurobiology, Physiology and Behavior), BS']","The BS program in biological sciences provides a comprehensive background in biology. The curriculum offers an extensive selection of courses in all areas of biology, allowing students to tailor their education to their specific interests.

From molecules to ecosystems, biology is a broad and diverse science. The biological sciences program provides students with skills essential for a variety of careers. The curriculum provides a strong foundation for further study in graduate or professional school.

Students participate in hands-on learning in laboratory and field courses. They are encouraged to become involved in research with faculty in the School of Life Sciences. These research experiences can be life-changing for students, who often go on to publish their work in peer-reviewed journals. Students gain research skills, critical thinking skills and technical experience that improve their marketability for jobs and make them competitive applicants for graduate school and professional programs.

The School of Life Sciences also hosts a number of study abroad opportunities, including programs in Australia, the Galapagos Islands and Ecuador, and Panama.

Many students who graduate with a BS in biological sciences are prepared to enter medical school, dental school, veterinary medicine programs and other allied health programs.

Students in this program may also be interested in the 4+1 accelerated BS/MS program in biology, which allows them to earn a bachelor's and a master's degree in just five years.",https://degrees.apps.asu.edu/bachelors/major/ASU00/LABSCBS,,,"Biological Sciences, BS",https://degrees.apps.asu.edu/bachelors/major-list/letter/all?init=false&nopassive=true
"Biological Devices, Biological Signals and Systems, Biomaterials and Tissue Engineering, Biomechanics","The Bachelor of Science in Engineering program in biomedical engineering is an interdisciplinary program that integrates engineering and the life sciences. Students receive rigorous training in engineering fundamentals (e.g., mathematics, physics, chemistry and engineering) while becoming well-versed in the life sciences (e.g., biology, biochemistry, physiology) so that they can apply engineering principles to solve problems in medicine and biology.

Graduates of the biomedical engineering program have a broad knowledge of traditional engineering disciplines, allowing them to work and communicate effectively with engineers in all fields. Additionally, they have a strong understanding of the chemical, electrical and mechanical properties of biological systems.

Biomedical engineers apply their expertise in many ways, including:

* designing instruments, devices and software to diagnose and treat medical problems
* developing new procedures using knowledge from many technical sources
* creating artificial organs
* making biomaterials
* developing pharmaceuticals",https://degrees.apps.asu.edu/bachelors/major/ASU00/ESBMEBSE,"The biomedical engineering, BSE program is accredited by the Engineering Accreditation Commission of ABET, https://www.abet.org, under the General Criteria and the Bioengineering and Biomedical and Similarly Named Engineering Programs Program Criteria.",BSE,"Biomedical Engineering, BSE",https://degrees.apps.asu.edu/bachelors/major-list/letter/all?init=false&nopassive=true
Bioinformatics,"The BS program in biomedical informatics focuses on the development of methods to better use data, information and knowledge in all areas of the biomedical sciences.

Students in the program learn to apply and create computational tools to manage and analyze biomedical data. They learn about the latest trends in the field and have opportunities to conduct cutting-edge research with renowned faculty in ASU's Department of Biomedical Informatics. Students gain skills in data mining, software engineering, systems biology, machine learning, clinical informatics, public health informatics and imaging informatics.

The degree program is unique as it's offered through the College of Health Solutions. This allows students to receive hands-on experience and training with faculty at the forefront of biomedical informatics research, a factor that sets this program apart from other undergraduate bioinformatics or computational biology degrees. Students are also afforded the opportunity to interact directly with clinicians and researchers from the program's many partner institutions, such as the Mayo Clinic, Banner Health, the Translational Genomics Research Institute, the Phoenix Children's Hospital and the Barrow Neurological Institute. These opportunities enhance and enrich their academic experience as well as provide an excellent base for future career opportunities in all areas of the biomedical sciences.",https://degrees.apps.asu.edu/bachelors/major/ASU00/LABMIBS/biomedical-informatics,,,"Biomedical Informatics, BS",https://degrees.apps.asu.edu/bachelors/major-list/letter/all?init=false&nopassive=true
,"The BS program in biophysics provides an interdisciplinary education in physics, biology and chemistry, preparing students for careers in biotechnology and medicine as well as for graduate studies in biophysics, medical physics, physics, biology and medicine.

Biophysics lies at the intersection of the physical and life sciences. The methods of physics, and the related sciences of chemistry, mathematics and computer science, are used to study biological systems at the molecular, cellular and systems levels.

Graduates are equipped with the critical thinking skills of a physicist and a fundamental knowledge of biology at the molecular and cellular levels. With this training, graduates are able to identify and solve complex problems across a broad range of biological systems using an interdisciplinary approach that applies quantitative reasoning to biological problems.",https://degrees.apps.asu.edu/bachelors/major/ASU00/LABPHYSBS,,BS,"Biophysics, BS",https://degrees.apps.asu.edu/bachelors/major-list/letter/all?init=false&nopassive=true
"Biomanufacturing and Bioprocessing, Molecular Biotechnology for Health","Biotechnology is a field of applied biology that involves the use of living organisms and bioprocesses to create or modify products for a specific use. For thousands of years, humankind has used biotechnology in agriculture, food production and medicine. Today, modern biotechnology is a cutting-edge field with a wide range of applications, including the development of disease-resistant crops, new biofuels and life-saving treatments for human diseases.

The Bachelor of Science program in biotechnology prepares students for careers at the forefront of this dynamic field.

The curriculum provides a strong foundation in the basic sciences, an understanding of the underlying life sciences and an in-depth knowledge of a variety of biotechnologies and their real-world applications. Students gain hands-on training using state-of-the-art laboratory instrumentation, and they conduct research side-by-side with world-class faculty.

To better prepare students for the full range of career opportunities in biotechnology, the program offers two concentrations that allow students to align their degree with their specific interests:

The concentration in biomanufacturing and bioprocessing focuses on the production of biological products, from biofuels to therapeutics.

The concentration in molecular biotechnology for health focuses on the applications of biotechnology for improving human health, including diagnostics, therapeutics and forensics.",https://degrees.apps.asu.edu/bachelors/major/ASU00/ESPSBBS,,,"Biotechnology, BS",https://degrees.apps.asu.edu/bachelors/major-list/letter/all?init=false&nopassive=true
Accountancy,"The BA program in business with a concentration in accountancy is a non-professional degree program offered by the W. P. Carey School of Business. It does not contain enough accounting credits for CPA licensure and is designed for students who are interested in careers in the business world but are not seeking to become professional accountants. Students who want to pursue a career in accounting should apply to the BS program in accountancy.

Students develop a strong foundation in business anas well as leadership, critical thinking and communication skills. Coursework in the concentration provides a general introduction to the theories and practices of financial and managerial accounting, taxation and auditing.",https://degrees.apps.asu.edu/bachelors/major/ASU00/BABUSACCTBA,"The W. P. Carey School of Business is accredited by AACSB International, the Association to Advance Collegiate Schools of Business.",,"Business (Accountancy), BA",https://degrees.apps.asu.edu/bachelors/major-list/letter/all?init=false&nopassive=true
Business Administration,"The BA program in business with a concentration in business administration provides a broad and general business education designed to prepare students for a wide variety of careers on the business side of any industry. The program provides students a solid grounding in business knowledge with courses in accounting, economics, finance, information systems, management, marketing and supply chain management. The business administration curriculum is designed for students who want a broad background in business with the flexibility to work in a variety of industries and functions. Business administration students receive a rich educational experience that allows them to interact with peers from a variety of backgrounds and experiences. Students learn how all business functions work together and become well-rounded and well-educated managers. Graduates of this program are skilled at leading teams, thinking critically and strategically, and effectively managing resources to meet organizational goals in both domestic and global contexts.",https://degrees.apps.asu.edu/bachelors/major/ASU00/BABUSADMINBA,"The W. P. Carey School of Business at Arizona State University is accredited by AACSB International, the Association to Advance Collegiate Schools of Business. All of our business and accounting degree programs are included in this accreditation.",,"Business (Business Administration), BA",https://degrees.apps.asu.edu/bachelors/major-list/letter/all?init=false&nopassive=true
Communication,"The Bachelor of Arts in business with a concentration in communication is an innovative, interdisciplinary program offered by the highly ranked W. P. Carey School of Business and The College of Liberal Arts and Sciences' Hugh Downs School of Human Communication. The program, with classes offered at ASU's Tempe campus, provides students with a strong foundation in business and an extensive understanding of the role of communication in the business environment.

Communication is essential for success in business. Students in this program will study a variety of communication topics, including persuasion and social influence, intercultural communication and public speaking, in conjunction with business courses in accounting, economics, finance, management, marketing and supply chain management. The business communication program gives students the skills and knowledge necessary to develop effective communication strategies for a variety of business-related situations and contexts.",https://degrees.apps.asu.edu/bachelors/major/ASU00/BABUSCOMMBA,The W. P. Carey School is accredited by the Association to Advance Collegiate Schools of Business.,BA,"Business (Communication), BA",https://degrees.apps.asu.edu/bachelors/major-list/letter/all?init=false&nopassive=true
Computer Information Systems,"The Bachelor of Arts in business with a concentration in computer information systems provides students with a strong foundation in information technology and business. The curriculum is designed to provide students with broad knowledge of business, together with the specific tools needed to design and develop modern information systems. The program helps prepare students for roles such as a systems analyst, business applications developer, and information technology consultant. 

The program teaches students the principles of business information systems, systems analysis and design, database management, and business analytics. Computer information systems professionals are in demand by businesses of all sizes in all sectors of the economy. 

Students who enjoy technology and want a career that allows them to solve problems will find this program a good fit. This program allows students to combine their interest in business with a solid technical foundation that provides them with the background to analyze, design and manage information systems.",https://degrees.apps.asu.edu/bachelors/major/ASU00/BABUSCISBA,All programs in the W. P. Carey School of Business are accredited by the Association to Advance Collegiate Schools of Business (AACSB International).,BA,"Business (Computer Information Systems), BA",https://degrees.apps.asu.edu/bachelors/major-list/letter/all?init=false&nopassive=true
Corporate Accounting,"The Bachelor of Arts in business with a concentration in corporate accounting provides knowledge of the functional areas of business with an emphasis on the accounting concepts and practices used in corporations.

The curriculum is designed to help prepare students for a successful career in a corporate setting in accounting. This program does not meet the requirements for students to sit for the CPA exam in Arizona.",https://degrees.apps.asu.edu/bachelors/major/ASU00/BABUSACCT,"The W. P. Carey School of Business is accredited by AACSB International, the Association to Advance Collegiate Schools of Business. AACSB International is the world's largest and longest-serving accrediting body for business schools, and its accreditation is the hallmark of excellence in business education.",BA,"Business (Corporate Accounting), BA",https://degrees.apps.asu.edu/bachelors/major-list/letter/all?init=false&nopassive=true
Data Analytics,"The Bachelor of Arts in business with a concentration in data analytics prepares students with the skills needed to succeed in a world where data is the most valuable asset. The ability to extract, interpret and communicate meaningful information from large, complex data sets is one of the most in-demand skills in the modern business world.

This program combines a strong business core curriculum with the advanced data analytics coursework required for success in the rapidly expanding data science and analytics fields. Students learn cutting-edge data mining and modeling techniques using industry-standard software and programming languages such as Python, R and SQL. Graduates are prepared for careers in fields such as business and market intelligence, financial and risk analysis, and operations and supply chain management.

This program is offered by the W. P. Carey School of Business, which is one of the top-ranked business schools in the country. W. P. Carey School of Business is a community of scholars, researchers and expert faculty focused on transforming the future of business. With smaller class sizes and a supportive learning environment, students get the individual attention they need to thrive.",https://degrees.apps.asu.edu/bachelors/major/ASU00/BABUSDATA,All undergraduate programs offered by the W. P. Carey School of Business are accredited by the Association to Advance Collegiate Schools of Business (AACSB International).,BA,"Business (Data Analytics), BA",https://degrees.apps.asu.edu/bachelors/major-list/letter/all?init=false&nopassive=true
Financial Planning,"The Bachelor of Arts in business with a concentration in financial planning helps students develop the qualitative and quantitative skills necessary to provide professional financial planning services to individuals and families.

The curriculum addresses the major areas of financial planning:
- employee benefits
- estate planning
- income tax planning
- insurance
- investments
- retirement planning

The W. P. Carey School of Business financial planning program is registered with the Certified Financial Planner Board of Standards. Graduates of the program are eligible to take the CFP® certification examination, one of the premier certifications in the financial planning profession. The program is designed so that students will have satisfied the educational coursework requirements to sit for the CFP exam upon graduation.",https://degrees.apps.asu.edu/bachelors/major/ASU00/BABUSFPBA,The W. P. Carey School of Business financial planning program is registered with the Certified Financial Planner Board of Standards.,BA,"Business (Financial Planning), BA",https://degrees.apps.asu.edu/bachelors/major-list/letter/all?init=false&nopassive=true
Food Industry Management,"The BA program in business with a concentration in food industry management is designed to develop business leaders for the nation's food industry.

Agribusiness is the study of the business of agricultural production. It includes the manufacturing and distribution of farm supplies; production and processing on farms and ranches; and the storage, processing and distribution of farm commodities and items made from them.

Food industry management is a specialized area of agribusiness that deals with the management of the food supply chain, from producer to consumer.

The program integrates the study of food systems with a solid foundation in business management. The curriculum covers a wide variety of topics, including agricultural finance, economics, food advertising and promotion, and food supply networks, and it provides an understanding of how food companies and farms operate.

Graduates are prepared for a variety of careers in the food industry, including food distribution, food marketing and food processing.",https://degrees.apps.asu.edu/bachelors/major/ASU00/BABUSFIMBA,"The W. P. Carey School of Business is accredited by AACSB International, the Association to Advance Collegiate Schools of Business. This is the oldest and most prestigious international accrediting agency for business and accounting degree programs.",BA,"Business (Food Industry Management), BA",https://degrees.apps.asu.edu/bachelors/major-list/letter/all?init=false&nopassive=true
Global Agribusiness,"The BA program in business with a concentration in global agribusiness prepares students for management careers in the food and agriculture sector. The agribusiness industry is a large and complex global system, with opportunities for students in all business disciplines.

ASU's global agribusiness program is one of very few undergraduate agribusiness programs in the nation that is housed in a business school. The W. P. Carey School of Business provides a solid business core curriculum for students to be successful in this diverse industry.

Students learn about the entire agribusiness value chain, from the farm to the consumer's plate, while mastering business concepts and principles in accounting, finance, marketing and management, as well as supply chain management. Experiential learning in the form of internships, research and consulting projects is an important component of the program.

Students gain an understanding of the challenges and opportunities of the rapidly changing global food system. They acquire knowledge of business disciplines applied to agribusiness and develop an appreciation of the social, cultural and economic diversity of the global food business.",https://degrees.apps.asu.edu/bachelors/major/ASU00/BABUSGAB,The undergraduate and graduate programs and the School of Accountancy are all accredited by AACSB International.,BA,"Business (Global Agribusiness), BA",https://degrees.apps.asu.edu/bachelors/major-list/letter/all?init=false&nopassive=true
Global Leadership,"The BA program in business with a concentration in global leadership provides students with a broad business background applicable to for-profit, nonprofit and public sector organizations. Students learn from a curriculum with an emphasis on global business, and they choose a required area of study in a specific international region. The program requires intermediate-level proficiency in a non-English language.

In this program, students develop an understanding of the complexities of the global economy as well as global and regional business practices. In-depth study in a specific region of the world helps students develop an understanding of a specific area and business practices for that area.

Students acquire knowledge and skills for effective intercultural communication, including language skills, which are essential for success in the business world's multicultural context.",https://degrees.apps.asu.edu/bachelors/major/ASU00/BABUSGLBBA,The W. P. Carey School of Business is accredited by the Association to Advance Collegiate Schools of Business (AACSB International).,BA,"Business (Global Leadership), BA",https://degrees.apps.asu.edu/bachelors/major-list/letter/all?init=false&nopassive=true
Global Logistics Management,"The BA program in business with a concentration in global logistics management prepares students for a career in logistics and supply chain management. This program is a transdisciplinary program that leverages the expertise of faculty in the W. P. Carey School of Business and the College of Global Futures. The curriculum offers an integrated perspective on global logistics, with courses in sustainability, business and global supply chains. Topics of study include: accounting, computer information systems, economics, finance, management, marketing, sustainability. In their final year of study, students have the opportunity to participate in a senior project that allows them to apply their knowledge and skills in logistics and supply chain management to a real-world project with a local company.",https://degrees.apps.asu.edu/bachelors/major/ASU00/BABUSGLM,The W. P. Carey School of Business is accredited by the Association to Advance Collegiate Schools of Business (AACSB International).,,"Business (Global Logistics Management), BA",https://degrees.apps.asu.edu/bachelors/major-list/letter/all?init=false&nopassive=true
Global Politics,"The Bachelor of Arts in business with a concentration in global politics offers students foundational business knowledge and skills as well as a specific focus on global politics. This program is a collaboration between the W. P. Carey School of Business and the Thunderbird School of Global Management.
Students develop an understanding of the global political landscape and a strong skill set in business functional areas. They also gain a general understanding of business concepts and practices and a deeper understanding of the global political context in which businesses operate. The curriculum includes courses in accounting, economics, finance, management, marketing and supply chain management as well as courses in international relations, global political economy and international security.
Graduates with this business degree are prepared for positions in a variety of industries, including consulting, finance and international business, as well as in government and nonprofit organizations. This program is an excellent choice for those interested in careers that require a deep understanding of both business and global affairs.
The curriculum is rigorous, and the program is highly competitive. Students who are successful in this program are typically well-rounded, with strong analytical and communication skills. They also are often globally minded and have a passion for learning about other cultures.",https://degrees.apps.asu.edu/bachelors/major/ASU00/BABUSGLPBA,"The business degrees offered by the W. P. Carey School of Business are accredited by AACSB International, the Association to Advance Collegiate Schools of Business.",BA,"Business (Global Politics), BA",https://degrees.apps.asu.edu/bachelors/major-list/letter/all?init=false&nopassive=true
Human Resources,"The business (human resources) program combines a broad-based business curriculum with a specialization in the human resource function. Students learn about business fundamentals, and in their concentration courses, they study topics such as:

compensation and benefits
employee and labor relations
employment law
performance management
staffing
training and development
This program provides students with the critical skills and knowledge they need to pursue a career in human resource management in business, government and nonprofit organizations. Human resource specialists are vital to an organization's success and are in high demand across a range of industries. Graduates often go on to careers as human resources managers, labor relations specialists and compensation managers.",https://degrees.apps.asu.edu/bachelors/major/ASU00/BABUSHRBA,"The W. P. Carey School of Business is accredited by AACSB International, the Association to Advance Collegiate Schools of Business. The W. P. Carey School of Business is one of the top-ranked business schools in the country, with undergraduate and graduate programs, as well as a wide variety of nondegree programs, for students and executives.",BA,"Business (Human Resources), BA",https://degrees.apps.asu.edu/bachelors/major-list/letter/all?init=false&nopassive=true
Law,"The Bachelor of Arts program in business with a concentration in law provides a strong business foundation in accounting, economics, finance, management, marketing and supply chain management. This liberal arts degree also emphasizes the interrelationships between law, business and society and allows for significant flexibility to explore nonbusiness coursework. The law concentration provides prelaw students with a significant competitive advantage when applying to law school and other graduate programs. This program is offered by the W. P. Carey School of Business, which has a worldwide reputation for excellence and is accredited by the Association to Advance Collegiate Schools of Business.",https://degrees.apps.asu.edu/programs/business-law-ba/10931,W. P. Carey School of Business ... is accredited by the Association to Advance Collegiate Schools of Business.,BA,"Business (Law), BA",https://degrees.apps.asu.edu/bachelors/major-list/letter/all?init=false&nopassive=true
Marketing,"The BA program in business with a concentration in marketing teaches students the skills and knowledge they need to be successful in the fast-paced world of marketing. The curriculum covers a wide range of topics, including:
- consumer behavior
- marketing research
- product management
- promotion
Students also have the opportunity to gain hands-on experience through internships and other experiential learning opportunities.
The W. P. Carey School ofBusiness marketing program is consistently ranked among the top in the nation. It provides students with a solid foundation in the principles of marketing and prepares them for a variety of careers in the field. Graduates are prepared for marketing-related careers in a variety of industries, including advertising, brand management, market research and sales.",https://degrees.apps.asu.edu/bachelors/major/ASU00/BABUSMKTG,All W. P. Carey School of Business programs are accredited by the Association to Advance Collegiate Schools of Business (AACSB International).,BA,"Business (Marketing), BA",https://degrees.apps.asu.edu/bachelors/major-list/letter/all?init=false&nopassive=true
Public Service and Public Policy,"The Bachelor of Arts program in business with a concentration in public service and public policy provides students with a broad business background and a strong foundation in public administration and policy. The program introduces students to the challenges and opportunities of working in or with federal, state and local government. The program prepares students for careers in which business and government intersect, in areas such as public finance, urban economics, real estate and regulation. Students are well-prepared for law school and graduate programs in business, public administration and public policy.

The public service and public policy concentration combines the development of general business knowledge with a specific focus on the public sector. The program provides a strong curriculum that develops the skills valued by employers in both the private and public sectors. The curriculum is designed to help students understand how organizations in different sectors --- public, private and nonprofit --- can work together to address some of the most challenging issues in society.

This is a transdisciplinary program that requires coursework from the School of Public Affairs and the W. P. Carey School of Business. It provides the skills and knowledge to analyze social, economic and political issues, to develop creative, evidence-based solutions, and to lead with integrity, all in preparation for careers aimed at producing graduates who create public value.",https://degrees.apps.asu.edu/bachelors/major/ASU00/BABUSPSPPBA,The W. P. Carey School of Business is accredited by the Association to Advance Collegiate Schools of Business (AACSB).,BA,"Business (Public Service and Public Policy), BA",https://degrees.apps.asu.edu/bachelors/major-list/letter/all?init=false&nopassive=true
Retail Management,"The Bachelor of Arts in business with a concentration in retail management provides a solid business core, which includes accounting, economics, finance, management, marketing and statistics. The concentration courses offer students in-depth knowledge of retailing principles and practices, including buying and planning, leadership, retail strategy and operations.

Students who enjoy working with people in an exciting and constantly changing environment may enjoy a career in retailing. Opportunities for advancement are greater in this field than in most others and can include management positions with department stores, specialty stores and mass merchandisers or buying and planning positions with company corporate offices.

Students pursuing this program are required to complete a concurrent degree in a nonbusiness field. Examples include but are not limited to:

*   communication
*   fashion
*   film
*   food and nutrition
*   graphic information technology
*   interior design
*   journalism and mass communication
*   tourism

For more information, students should visit the W. P. Carey School of Business website.",https://degrees.apps.asu.edu/bachelors/major/ASU00/BABUSRMBA,W. P. Carey School of Business is accredited by the Association to Advance Collegiate Schools of Business (AACSB International).,BA,"Business (Retail Management), BA",https://degrees.apps.asu.edu/bachelors/major-list/letter/all?init=false&nopassive=true
Spanish Language and Culture,"The Bachelor of Arts in business with a concentration in Spanish language and culture provides a strong foundation in business and liberal arts and a functional knowledge of Spanish language and culture, allowing students to integrate their language skills and cultural knowledge with an understanding of global business practices. The program is specifically designed to provide students with the business and cross-cultural skills to successfully engage with a Spanish-speaking global audience.
The language classes in this program focus on the functional use of Spanish for the business professional. The classes combine face-to-face instruction, cutting-edge language learning technology and professional development opportunities. In addition, the program encourages students to complete an internship or to study abroad in a Spanish-speaking country.
Students learn the fundamentals of business, including accounting, economics, finance, management, marketing and supply chain management. In addition to the functional knowledge, students learn about international business and the global business environment.
Students may be able to accelerate their degree program.",https://degrees.apps.asu.edu/bachelors/major/ASBUSBACLBA,All programs in the W. P. Carey School of Business are accredited by the Association to Advance Collegiate Schools of Business (AACSB International).,BA,"Business (Spanish Language and Culture), BA",https://degrees.apps.asu.edu/bachelors/major-list/letter/all?init=false&nopassive=true
Sport and Media Studies,"The bachelor's degree program in business with a concentration in sport and media studies provides students with a broad background in business while preparing them for a career in the dynamic sport industry.

Students take a common business core that provides a strong foundation in business fundamentals. The curriculum offers a variety of courses in sport, including sport law, sport marketing, and sport and society, and it also covers current topics such as sport analytics, name, image and likeness, college athletics, professional sports, and media relations.

Students gain practical experience through an internship program and develop their skills through projects with local and national sport organizations. Students are supported and encouraged to secure meaningful industry experience while in the program.

The W. P. Carey School of Business has a dedicated sport business career specialist who assists students with resume building, internship searches and career opportunities. ASU's sport business programs are closely aligned with Sun Devil Athletics, a NCAA Division I program that includes 26 varsity-level sports.",https://degrees.apps.asu.edu/bachelors/major/ASU00/BABUSLSMBA,"The W. P. Carey School of Business is one of the top-ranked business schools in the country. Our undergraduate, graduate and doctoral programs are all highly regarded and are accredited by the Association to Advance Collegiate Schools of Business.",,"Business (Sport and Media Studies), BA",https://degrees.apps.asu.edu/bachelors/major-list/letter/all?init=false&nopassive=true
Sports Business,"The Bachelor of Arts in business with a concentration in sports business, offered by the W. P. Carey School of Business, provides students with a solid foundation in business and an understanding of the context of the sports industry. Students have opportunities to focus on aspects of sports business that are of particular interest to them. In addition to general studies requirements and a solid foundation of business knowledge, the curriculum includes sports-specific coursework that provides an overview of the business of sports and gives students the chance to investigate specific areas of interest by selecting from a variety of electives.

The sports business concentration offers an innovative curriculum and a variety of internship opportunities. Students benefit from the school's extensive network of relationships with sports-related organizations at all levels (professional, collegiate and amateur) and in all sectors (public and private).

Career opportunities in the sports industry include positions in collegiate athletics, corporate sponsorship, event management, facility management, marketing and promotions, media and communication, and professional sports. The curriculum and opportunities provided in the program prepare students to be competitive candidates for a variety of roles in the highly competitive sports industry.",https://degrees.apps.asu.edu/bachelors/major/ASU00/BABUSSBA,AACSB International,BA,"Business (Sports Business), BA",https://degrees.apps.asu.edu/bachelors/major-list/letter/all?init=false&nopassive=true
Sustainability,"The Bachelor of Arts in business with a concentration in sustainability is an innovative, transdisciplinary program that gives students a strong foundation in business functional areas and expertise in sustainability.

The W. P. Carey School of Business and the School of Sustainability have partnered to offer this program. It integrates business with a global perspective and an understanding of social and environmental responsibility, while also providing a solid background in the liberal arts.

The curriculum includes core courses from both disciplines and culminates in a senior-year capstone course. Students develop critical thinking skills necessary for a world in which business success is inextricably linked to sustainable practices. They are prepared to become the next generation of business leaders who will create and capture new opportunities by solving some of the world's most pressing challenges.",https://degrees.apps.asu.edu/bachelors/major/ASU00/BABUSSUSBA,The W. P. Carey School of Business is one of the top business schools in the country. The school is internationally recognized for its leadership in business education and is highly regarded for its groundbreaking research and student outcomes. Its business and accountancy programs are accredited by the Association to Advance Collegiate Schools of Business.,,"Business (Sustainability), BA",https://degrees.apps.asu.edu/bachelors/major-list/letter/all?init=false&nopassive=true
Technology,"The business BA program with a concentration in technology is offered by the W. P. Carey School of Business. This program combines a solid business foundation with specialized coursework in technology, preparing students to be leaders in the fast-paced, dynamic world of business and technology.

In a business world increasingly driven by data and technology, this business degree, with a concentration in technology, provides the skills and knowledge to keep organizations on the leading edge.

The curriculum blends key aspects of technology, including computer information systems and supply chain management, with a strong foundation in every functional area of business. The program also delivers a first-rate general education curriculum, including courses in mathematics, English, humanities and social sciences.

Graduates are prepared to use data and technology to solve business problems and to manage processes, people and projects in a technology-driven workplace.",https://degrees.apps.asu.edu/bachelors/major/ASU00/BABUSTECBA,"The W. P. Carey School of Business is one of the top business schools in the country. The undergraduate and graduate business programs are accredited by AACSB International, the highest recognition for a business school in the world.",BA,"Business (Technology), BA",https://degrees.apps.asu.edu/bachelors/major-list/letter/all?init=false&nopassive=true
Tourism,"The business (tourism) BA program, offered by the W. P. Carey School of Business, provides students with a business-oriented approach to the tourism industry. The curriculum prepares students for positions in destination management and marketing, tourism planning and development, resort and hotel operations, and tourism research.

The program addresses the economic, social and environmental aspects of tourism, one of the world's largest industries. It examines topics such as destination development, sustainable tourism, special event and festival planning and management, destination marketing and sales, and international tourism.

A combination of classroom instruction, field trips and domestic and international travel study opportunities provide students a thorough understanding of the challenges and opportunities of the tourism industry.

The program requires 45 hours of business core courses, 21 hours of tourism development and management courses, 15 hours of business electives, 35 hours of general studies and four hours of electives.",https://degrees.apps.asu.edu/bachelors/major/ASU00/BABUSTSMBA,"The W. P. Carey School of Business is one of the top business schools in the country, and is accredited by the Association to Advance Collegiate Schools of Business (AACSB International).",BA,"Business (Tourism), BA",https://degrees.apps.asu.edu/bachelors/major-list/letter/all?init=false&nopassive=true
,"The BA program in business administration provides students with a broad and general background in business. It has a strong international orientation and is designed to develop business acumen, financial literacy, and an entrepreneurial mindset in students. Students gain a solid foundation of business knowledge in accounting, economics, finance, information systems, management, marketing and supply chain management. This well-rounded education also covers business communication, law and ethics, international business, and small business and entrepreneurship. The curriculum provides the foundation necessary for careers in a wide array of business fields, including: financial analysis, human resource management, international trade, marketing, new venture development, public relations and research.",https://degrees.apps.asu.edu/bachelors/major/ASU00/BABUSADMINBA,The undergraduate and graduate business programs are accredited by AACSB International.,BA,"Business Administration, BA",https://degrees.apps.asu.edu/bachelors/major-list/letter/all?init=false&nopassive=true
Biochemical Engineering,"Chemical engineering is a broad and versatile discipline that combines the principles of chemistry, mathematics, physics and biology with engineering to solve a wide range of problems. Chemical engineers are involved in the research, design, development and operation of processes for the production of a wide range of products, including commodity and specialty chemicals, pharmaceuticals, semiconductors, alternative fuels and biomaterials.

The ASU bachelor's degree program in chemical engineering provides students with a high-quality, contemporary and comprehensive education. The curriculum includes a fundamental core of mathematics, chemistry, physics and biology, a range of core chemical engineering courses that provide the basic tools of the discipline and a selection of technical electives that allow students to explore specialized areas of chemical engineering. Students may choose from a wide range of specialized areas, such as energy and sustainability, biomolecular engineering, semiconductor materials processing, advanced materials and process engineering.

Students develop strong analytical and problem-solving skills and a solid foundation in the principles of chemical engineering, which prepares them for a successful career in a variety of industries or for graduate study.",https://degrees.apps.asu.edu/bachelors/major/ASU00/ESCHEBSE,"The chemical engineering, BSE program at the Tempe campus is accredited by the Engineering Accreditation Commission of ABET, https://www.abet.org.",BSE,"Chemical Engineering, BSE",https://degrees.apps.asu.edu/bachelors/major-list/letter/all?init=false&nopassive=true
,"The Bachelor of Arts in chemistry provides a strong background in chemistry while allowing for more curriculum flexibility than is possible with the Bachelor of Science degree. The program provides the necessary foundation for students who wish to pursue careers in a variety of fields, including:
agribusiness
environmental law
patent law
public policy and service
secondary school science teaching
technical sales and management
writing in science, business or law
The program may also serve as a preprofessional curriculum for students interested in dentistry, medicine and other health professions. This degree is not recommended for those who plan to pursue graduate studies in chemistry.",https://degrees.apps.asu.edu/bachelors/major/ASU00/LSSCHBA,,BA,"Chemistry, BA",https://degrees.apps.asu.edu/bachelors/major-list/letter/all?init=false&nopassive=true
,"The BS program in chemistry is an American Chemical Society-certified degree program that prepares students for careers as professional chemists and serves as a foundation for careers in other fields, such as environmental science and medicine. The program provides a strong grounding in the traditional subdisciplines of chemistry (analytical, biochemistry, inorganic, organic and physical), as well as foundational training in physics and mathematics. Graduates are well prepared to succeed in graduate programs, in chemistry-related industries and professional schools.

With more than 30 award-winning faculty members, the School of Molecular Sciences has expertise in the full range of chemistry subdisciplines, with particular strengths in areas of critical importance to the state and the nation, including energy, medicine and sustainability.

Undergraduate students have many opportunities to conduct faculty-mentored research in areas such as: artificial photosynthesis, atmospheric and environmental chemistry, catalysis, drug discovery and design, energy conversion and storage, fundamental theory, materials chemistry, nanoscience, protein structure and function, solid-state chemistry.",https://degrees.apps.asu.edu/bachelors/major/ASU00/LASCBS,American Chemical Society,BS,"Chemistry, BS",https://degrees.apps.asu.edu/bachelors/major-list/letter/all?init=false&nopassive=true
,"The BA program in Chicana and Chicano studies offers an interdisciplinary curriculum that provides students with a broad understanding of the history, culture and contemporary social conditions of Chicanos and other Latinos in the U.S. and in a global context. The program also highlights the history, culture and contemporary social conditions of Indigenous peoples of the Americas.

Students learn to use a variety of theories and methods to analyze such phenomena as:

- community empowerment
- ethnic identity and relations
- family and gender roles
- folklore and popular culture
- language issues
- literature and arts
- political and socioeconomic status
- transnationalism",https://degrees.apps.asu.edu/bachelors/major/ASU00/LASCACBA/chicana-and-chicano-studies,,,"Chicana and Chicano Studies, BA",https://degrees.apps.asu.edu/bachelors/major-list/letter/all?init=false&nopassive=true
,"The Bachelor of Science in child development is a multidisciplinary program from the T. Denny Sanford School of Social and Family Dynamics. Students focus on children's development from conception through early adolescence.

The curriculum includes courses focused on developmental theory as well as practical, real-world application of material, so that students understand how to help children grow and learn to the best of their abilities.

Students gain insight into how children develop within the contexts of family, culture, school and neighborhood, and they are trained to improve the lives of children and families.

All students complete a senior year capstone internship. The capstone provides students with hands-on experience working with children and families in the community. Many students choose to participate in an optional study abroad experience.",https://degrees.apps.asu.edu/bachelors/major/ASU00/TFLIFECDSBS,,BS,"Child Development, BS",https://degrees.apps.asu.edu/bachelors/major-list/letter/all?init=false&nopassive=true
,"The BA program in Chinese provides students with a command of the Chinese language and an understanding of the literature and culture of China. Coursework in the major is conducted in Mandarin Chinese and English.

The study of Chinese complements a number of other disciplines, such as art history, global studies, history, political science, religious studies and sustainability. Graduates find employment in business, government, law, the military, translation and other areas. Many graduates continue their education in graduate school, law school or other professional schools.

Students who successfully complete the requirements for the BA degree in Chinese are able to:
- communicate in spoken and written Chinese at a level of proficiency equivalent to the advanced-low level on the ACTFL scale
- understand, analyze and critique a variety of texts from different historical periods and cultural settings in China
- demonstrate an in-depth understanding of selected aspects of Chinese culture",https://degrees.apps.asu.edu/bachelors/major/ASU00/LACHINBA,,,"Chinese, BA",https://degrees.apps.asu.edu/bachelors/major-list/letter/all?init=false&nopassive=true
Environmental Engineering,"Civil engineering is the professional engineering discipline that deals with the design, construction and maintenance of the physical and naturally built environment, including works such as bridges, roads, canals, dams and buildings. Civil engineering is the oldest engineering discipline after military engineering and it was defined to distinguish nonmilitary engineering from military engineering.

The bachelor's degree program in civil engineering offers a concentration in environmental engineering that prepares students for careers in the environmental engineering field. Students learn to apply the principles of engineering, soil science, biology and chemistry to develop solutions to environmental problems.

Students in the civil engineering BSE program may select the 4+1 program and obtain both a BSE and a master's degree in civil, environmental and sustainable engineering in five years.

This program is a good choice for students interested in making an impact on the quality of life in a society and who want to be involved in public works and infrastructure that are all around us. The program provides an excellent background for those wishing to pursue careers in consulting engineering, construction and public works as well as for those interested in advanced studies, including those seeking to pursue other professional degrees, including law, medicine and business administration.

This program provides a broad-based background in all areas of civil engineering with an emphasis in environmental engineering and prepares graduates for entry into the civil engineering profession. Graduates are prepared to take the Fundamentals of Engineering examination, the first step to becoming a registered professional engineer. In their final year of study, students have the opportunity to participate in a capstone project that provides a culminating major design experience and provides the foundation for professional engineering licensure.",https://degrees.apps.asu.edu/bachelors/major/ASU00/ESCEEEBSE/civil-engineering-environmental-engineering-bse,"The BSE program in civil engineering is accredited by the Engineering Accreditation Commission of ABET, https://www.abet.org.",BSE,"Civil Engineering (Environmental Engineering), BSE",https://degrees.apps.asu.edu/bachelors/major-list/letter/all?init=false&nopassive=true
Sustainable Engineering,"The Bachelor of Science in Engineering program in civil engineering gives students a broad-based background and the professional skills they need for a career in areas such as:

structural engineering
sustainable engineering
transportation engineering
The civil engineering curriculum includes required coursework in mathematics, chemistry, physics and engineering sciences. The courses in civil engineering build upon this foundation and develop the student's understanding of engineering principles. Students learn to apply these principles to the design of civil engineering systems through a series of design courses, which culminate in a capstone design experience. This major includes a concentration in sustainable engineering.

The BSE program in civil engineering has a common freshman year with other BSE programs in the School of Sustainable Engineering and the Built Environment. Students in these programs may change their major to any of the other BSE programs in the school at any time during the first year. The sophomore year has a common engineering core with a course sequence in civil engineering topics.

Students who choose the sustainable engineering concentration take courses focused on the principles of sustainability and the application of those principles in engineering design. Students in this concentration learn about environmental regulations and law, green building design, and life cycle assessment in the context of civil engineering.",https://degrees.apps.asu.edu/bachelors/major/ASU00/ESCVEBSE,"The civil engineering, BSE program is accredited by the Engineering Accreditation Commission of ABET, https://www.abet.org.",BSE,"Civil Engineering (Sustainable Engineering), BSE",https://degrees.apps.asu.edu/bachelors/major-list/letter/all?init=false&nopassive=true
"Construction Engineering, Environmental Engineering, Geotechnical Engineering, Structural Engineering, Sustainability, Transportation Engineering, Water Resources","Civil engineering is the design, construction and maintenance of public works, such as roads, bridges, water and energy systems, ports and airports, as well as the infrastructure for a cleaner environment.

Civil engineers work in the public and private sectors in a variety of roles, including design, research and development, construction, and education.

Students in the BSE program in civil engineering gain a strong foundation in science and mathematics and learn the fundamentals of engineering design and management. They have the opportunity to focus on a specialized area of civil engineering in the senior year.",https://degrees.apps.asu.edu/bachelors/major/ASUCEEBSE,"The civil engineering, BSE program is accredited by the Engineering Accreditation Commission of ABET, https://www.abet.org.",BSE,"Civil Engineering, BSE",https://degrees.apps.asu.edu/bachelors/major-list/letter/all?init=false&nopassive=true
,"The Bachelor of Science in civic and economic thought and leadership is a distinctive liberal arts program that provides students with an integrated and interdisciplinary understanding of the intellectual foundations of free societies and self-government. Students explore these questions by reading and discussing the great works of political, economic, ethical and philosophical thought.

The curriculum includes two semesters of study abroad or a semester in Washington, D.C., with a substantive internship.

The program combines liberal arts education with skills and experience for a broad range of careers, including in the fields of business, law, public service, nonprofit and education.",https://degrees.apps.asu.edu/bachelors/major/ASU00/LASCETLBS,,BS,"Civic and Economic Thought and Leadership, BS",https://degrees.apps.asu.edu/bachelors/major-list/letter/all?init=false&nopassive=true
,"The Bachelor of Arts in classical studies is an interdisciplinary program designed for students who want a broad background in the cultures of ancient Greece and Rome and the influence of classical antiquity on later societies.

In this program, students study the contributions of the classical world to Western civilization through coursework in history, literature, philosophy, and religious studies.

The flexible curriculum allows students to design a course of study that aligns with their intellectual interests and professional goals, such as K-12 teaching, law school and graduate studies.

Students explore a number of different topics through their coursework, including:

ancient Greek and Roman literature
classical mythology
the history of women in antiquity
ancient medicine
the religions of ancient Greece and Rome
Roman law
Students interested in concentrating on a specific area of classical studies, such as history or philosophy, may count up to nine credit hours of coursework in other disciplines toward their major requirements. Those who want to study the ancient languages may count up to 14 credit hours of coursework in ancient Greek or Latin toward their major requirements.

Graduates are prepared for a variety of careers in business, education, government and law, and they are also well-prepared for graduate studies in a variety of fields, such as ancient history, archaeology, art history, classical studies, history, law, museum studies, philosophy and religious studies.",https://degrees.apps.asu.edu/bachelors/major/ASCLABA,,BA,"Classical Studies, BA",https://degrees.apps.asu.edu/bachelors/major-list/letter/all?init=false&nopassive=true
,"The Bachelor of Arts program in communication helps students understand the vital role of human communication. The program focuses on communication processes in a variety of contexts, from face-to-face to computer-mediated, from intrapersonal and interpersonal to group and organizational, and from intercultural to political and other societal-level contexts.

Students develop a broad-based understanding of the discipline and learn about the scholarly origins of the field through a diverse set of course offerings. They explore how communication creates, maintains and transforms identity, relationships, workplaces and communities.

Students develop critical thinking and analytical skills to address real-world problems. The program emphasizes the development of theory-based and research-informed communication skills and practices for professional and civic life.",https://degrees.apps.asu.edu/bachelors/major/ASU00/LACMMBA/communication,,BA,"Communication, BA",https://degrees.apps.asu.edu/bachelors/major-list/letter/all?init=false&nopassive=true
,"The BS program in communication provides students with an understanding of the central role of communication in human lives. Students learn communication theories, research methods and practical skills that prepare them for a variety of careers and for graduate school.

The program emphasizes a social science approach to communication, focusing on theory and research.

Students may concentrate their studies in one of several areas: communication in relationships, group and organizational communication, health communication, intercultural communication, performance studies, persuasion and social influence, and political communication.",https://degrees.apps.asu.edu/bachelors/major/ASCNLBS/communication-bs,,BS,"Communication, BS",https://degrees.apps.asu.edu/bachelors/major-list/letter/all?init=false&nopassive=true
,"The BA program in community advocacy and social policy prepares students to address issues such as poverty, affordable housing, food security and health care access by working directly with communities to advance social, economic and environmental justice. Students in this interdisciplinary program gain the knowledge and skills necessary to bring about social change through community organizing and action.

The curriculum emphasizes an understanding of how public policies are made and implemented and of how to advocate for policies that lead to greater social justice. Students develop skills in leadership, communication, community organizing, advocacy and policy analysis through courses, internships and research. These skills prepare students to work with public officials, nonprofit organizations and community members to improve the social and economic well-being of local communities. Students learn to create positive social change through collective action.",https://degrees.apps.asu.edu/bachelors/major/ASU00/ESPSYCSPBA,,,"Community Advocacy and Social Policy, BA",https://degrees.apps.asu.edu/bachelors/major-list/letter/all?init=false&nopassive=true
Nonprofit Leadership and Management (NPLM),"The BS program in community development is a transdisciplinary program that provides students with the knowledge, skills and values to affect positive social change in diverse communities through public service in government and nonprofit organizations. The curriculum prepares students with the theoretical and practical knowledge needed to become professional community leaders, administrators and managers. The degree also prepares students for graduate studies in a variety of fields, including public administration, public policy, nonprofit studies and community development.

The coursework covers a wide range of topics, including social entrepreneurship, community organizing, nonprofit management, public policy, grant writing and fundraising, and program evaluation. All students complete a culminating experience that allows them to apply their knowledge in a real-world setting, solving public problems for public good.",https://degrees.apps.asu.edu/bachelors/major/ASU00/LSCDBBS,,BS,"Community Development, BS",https://degrees.apps.asu.edu/bachelors/major-list/letter/all?init=false&nopassive=true
,"The BS program in community health prepares students for a variety of career paths in public health and health care. Community health professionals improve the health and well-being of whole communities through education, promotion of healthy lifestyles and development of health programs and policies.

Students learn how to assess health needs and plan, implement and evaluate health programs for diverse populations across the lifespan. They also gain skills in communication, advocacy, leadership and critical thinking, all essential skills for a public health professional.

The community health program teaches students how to address all aspects of community health, from education to policy. Coursework focuses on the core functions of public health, including:
biostatistics
environmental health
epidemiology
health services administration
social and behavioral health

This program provides students with practical, real-world experiences through internships with community partners. Students also have the opportunity to participate in service-learning projects in partnership with local organizations and global health programs around the world. Graduates are qualified to take the exam to become a Certified Health Education Specialist.",https://degrees.apps.asu.edu/bachelors/major/ASU00/HECHBS,,BS,"Community Health, BS",https://degrees.apps.asu.edu/bachelors/major-list/letter/all?init=false&nopassive=true
,"The BS program in community sports management is a comprehensive degree program that prepares students for positions in managing and leading community sports programs offered by public, private and nonprofit organizations.

Students learn how to develop, lead, manage and evaluate community-based sports programs. The curriculum focuses on management and leadership theory and practice, the role sport plays in community and economic development, the importance of sports in promoting health and well-being, and strategies for using sport to promote social change. Students gain real-world experience through a senior-year internship.

Students must complete all program requirements, which include a minimum of 120 credit hours.",https://degrees.apps.asu.edu/bachelors/major/ASU00/PRGSMTBSC,,BS,"Community Sports Management, BS",https://degrees.apps.asu.edu/bachelors/major-list/letter/all?init=false&nopassive=true
,"The comparative literature Bachelor of Arts program in the School of International Letters and Cultures provides students with the critical skills to analyze literature and culture from an international and interdisciplinary perspective. The comparative literature major offers a flexible curriculum allowing students to concentrate their coursework in a specific area of study that best aligns with their academic interests and career goals. Students choose their primary and secondary areas of emphasis from more than 10 areas of study, including literature from Africa, Asia, Europe and the Americas, as well as classical literature, Jewish studies, Latinx studies, film studies and translation. In addition to a global approach to the study of literature and culture, students benefit from a close-knit intellectual community of dedicated faculty and students. The comparative literature major develops students' foreign language expertise, cross-cultural understanding and research skills. A capstone course in the final semester allows students to conduct in-depth research on a topic of their choice and produce a final research project under the supervision of a faculty member.",https://degrees.apps.asu.edu/bachelors/major/ASU00/LAHCLCBA,,BA,"Comparative Literature, BA",https://degrees.apps.asu.edu/bachelors/major-list/letter/all?init=false&nopassive=true
Cybersecurity,"The BSE program in computer engineering with a concentration in cybersecurity provides students with in-depth knowledge and skills in cybersecurity to build a secure and resilient cyberspace. The cybersecurity concentration addresses the design and analysis of secure systems. Students learn to identify and mitigate security vulnerabilities in computer systems and networks. They are taught how to design, develop and deploy secure software and hardware systems as well as how to apply cybersecurity principles and techniques to protect computer systems and networks from cyber threats. The program also provides hands-on experience in cybersecurity through lab-based courses and projects.

This program has the following main objectives:

graduates have a mastery of the fundamental knowledge for the practice of or for advanced study in computer engineering, including its scientific and engineering principles and the analytical and experimental skills to apply this knowledge;
graduates are prepared for a professional career in computer engineering, and they will be able to apply their knowledge and skills to solve real-world problems and to design and develop new products and systems; and
graduates are prepared for personal and professional growth through a commitment to lifelong learning, and they have the communication and teamwork skills to work effectively with others from a wide range of backgrounds.",https://degrees.apps.asu.edu/bachelors/major/ASU00/ESCSEBSE/computer-engineering-cybersecurity,"The computer engineering, BSE program is accredited by the Engineering Accreditation Commission of ABET, https://www.abet.org.",BSE,"Computer Engineering (Cybersecurity), BSE",https://degrees.apps.asu.edu/bachelors/major-list/letter/all?init=false&nopassive=true
Cybersecurity,"The computer engineering program is a broad-based engineering discipline that deals with the design and development of computer systems. The field has two major areas: computer hardware and computer software.

The study of computer hardware focuses on the design of digital systems and their component parts. The study of computer software engineering involves the specification, design, development and verification of software systems.

The curriculum is composed of courses in engineering, mathematics and the basic sciences (physics and chemistry). The engineering courses include a strong core of electrical and computer engineering classes and provide a well-rounded design experience. The courses cover the major areas of the discipline: computer architecture, computer networks, computer system design, digital logic design, embedded systems, programming and software engineering.

Graduates of this program are qualified for employment in the computer, defense, electronics, manufacturing and telecommunications industries and in government. They often work as embedded system designers, application developers and computer system designers.",https://degrees.apps.asu.edu/bachelors/major/ASU00/ESCEEBSE/computer-engineering,"The computer engineering, BSE program is accredited by the Engineering Accreditation Commission of ABET, https://www.abet.org.",BSE,"Computer Engineering, BSE",https://degrees.apps.asu.edu/bachelors/major-list/letter/all?init=false&nopassive=true
"Business Data Analytics, Cybersecurity, Enterprise Systems, Food Industry Management, Global Logistics Management, Human Resource Management, Sales and Marketing Essentials, Sports Business, Supply Chain Management","The BS program in computer information systems is an innovative program that prepares students for careers in the rapidly expanding information technology field. The curriculum focuses on business concepts and information technology and the development and management of quality business computer information systems.

Students develop a strong foundation in application programming for business systems. This foundation is enhanced through upper-division coursework in areas such as systems analysis, database management, data communications and project management. Students learn to use state-of-the-art tools and techniques to develop creative solutions for business problems.

The W. P. Carey School of Business has an international reputation for its outstanding faculty and its research and is ranked in the top 30 nationally for its undergraduate business programs by U.S. News & World Report. Students have access to a rich learning environment and a nationally recognized faculty.

The program is offered at the Polytechnic and West campuses. The program at the West campus emphasizes the management of information systems. The program at the Polytechnic campus emphasizes enterprise computing and problem-solving through application development.",https://degrees.apps.asu.edu/bachelors/major/ASU00/BABUSCISBS,"The BS in computer information systems is accredited by the Computing Accreditation Commission of ABET, http://www.abet.org. The W. P. Carey School of Business is accredited by AACSB International, the Association to Advance Collegiate Schools of Business.",BS,"Computer Information Systems, BS",https://degrees.apps.asu.edu/bachelors/major-list/letter/all?init=false&nopassive=true
Cybersecurity,"The Bachelor of Science in computer science with a concentration in cybersecurity provides students with an in-depth understanding of the essentials of computer science, including algorithms, data structures and computer architecture, as well as the theoretical foundations of computing. In addition, students gain a strong foundation in cybersecurity that will allow them to identify and mitigate security threats. The program emphasizes a hands-on approach to problem-solving with a focus on building systems and writing programs. Students complete courses in specialized topics such as information assurance, software security and network security. Graduates of this program are well prepared for careers in a range of industries, including health care, finance, and technology, as well as for further graduate studies in computer science and related fields.",https://degrees.apps.asu.edu/bachelors/major/ASU00/ESCSCYBS/computer-science-cybersecurity-bs,"The BS program in computer science is accredited by the Computing Accreditation Commission of ABET, http://www.abet.org.",BS,"Computer Science (Cybersecurity), BS",https://degrees.apps.asu.edu/bachelors/major-list/letter/all?init=false&nopassive=true
,"The Bachelor of Science in computer science is a comprehensive program that prepares students for a variety of careers in computing. Students in the program develop a strong foundation in computer science and are introduced to topics such as:
- algorithms
- data structures
- logic
- programming languages
- software engineering

Students receive a broad education in the fundamentals of computer science, including its theoretical and mathematical foundations. Core coursework includes object-oriented programming, data structures and algorithms, and principles of programming languages. Students can specialize in an area of their interest through a variety of technical electives in areas such as artificial intelligence, computer graphics and software engineering.

The program's educational objectives are to produce graduates who:
- are successful in their professional careers.
- contribute to their profession and to society.
- are successful in post-baccalaureate studies, if they choose to pursue them.

Students learn to adapt to a changing technological world and can enter professions that are yet to be imagined.",https://degrees.apps.asu.edu/bachelors/major/ASU00/ESCSEBS/computer-science?init=false&nopassive=true,"Computing Accreditation Commission of ABET, http://www.abet.org",BS,"Computer Science, BS",https://degrees.apps.asu.edu/bachelors/major-list/letter/all?init=false&nopassive=true
Cybersecurity,"The Bachelor of Science in Engineering program in computer systems engineering is focused on the analysis, design, testing, integration and evaluation of hardware and software for digital computer systems, including embedded systems and general-purpose computer systems.

Students learn the fundamentals of computer systems from a bottom-up perspective, beginning with the basic building blocks of modern computer systems. They develop expertise in hardware design and computer architecture and in the operating systems and systems software that control and connect them. The program curriculum culminates in a year-long capstone design experience in which students work in multidisciplinary teams to solve a real-world problem and apply the knowledge gained throughout the program.

The curriculum gives students breadth across all the core engagement areas of computer systems engineering: computer systems design and analysis, hardware systems, software systems and applications. Students can also choose a concentration in cybersecurity. All students gain real-world experience through the two-semester capstone course, and they are prepared for the design and development of innovative computer systems to solve challenging real-world problems.",https://degrees.apps.asu.edu/bachelors/major/ASU00/ESCSEBSE,"The computer systems engineering (BSE) program is accredited by the Engineering Accreditation Commission of ABET, https://www.abet.org/. Student outcomes and enrollment data are available at https://engineering.asu.edu/accreditation/.",,"Computer Systems Engineering, BSE",https://degrees.apps.asu.edu/bachelors/major-list/letter/all?init=false&nopassive=true
"['building construction', 'heavy construction', 'specialty construction']","The BSE program in construction engineering provides students with a strong foundation in engineering fundamentals, construction management and engineering design. The curriculum prepares students to enter the modern construction industry with its ever-increasing challenges to build in a more efficient, safe and sustainable manner. Graduates are well-prepared for professional registration and leadership positions in the construction industry.

This program has a strong industry connection and hands-on curriculum. Students have many opportunities for internships and co-ops with some of the best construction companies in the nation. It also offers unique, hands-on learning experiences and opportunities to work with faculty on research. Students have access to a large network of successful alumni for career mentoring and professional guidance.

The construction engineering curriculum has three focus areas:

    building construction: design and management of building systems, which include electrical, heating and air conditioning, and plumbing systems
    heavy construction: infrastructure design, equipment and methods, and project management topics
    specialty construction: topics such as trenchless construction, demolition, and concrete materials and methods",https://degrees.apps.asu.edu/bachelors/major/construction-engineering-bse,"Accredited by the Engineering Accreditation Commission of ABET, http://www.abet.org",,"Construction Engineering, BSE",https://degrees.apps.asu.edu/bachelors/major-list/letter/all?init=false&nopassive=true
"['commercial', 'heavy', 'specialty construction']","The BS program in construction management and technology prepares students with the knowledge and skills necessary for professional careers in the construction industry. The program emphasizes construction principles and management practices, offering students a broad range of career choices in the rapidly growing construction industry.

The curriculum includes three main areas: management, construction science and engineering. Students learn about construction materials, methods, cost estimating, scheduling and project control, and they develop business and management skills.

Through a comprehensive and integrated curriculum, the construction management and technology program develops professional builders and managers who can successfully carry out the construction process for complex building and civil projects. Students are able to focus their technical studies in one of three areas: commercial, heavy or specialty construction.

This program is offered by the School of Sustainable Engineering and the Built Environment, one of the seven Ira A. Fulton Schools of Engineering.",https://degrees.apps.asu.edu/bachelors/major/ASU00/ESCMTBS/construction-management-and-technology,The construction management program is accredited by the American Council for Construction Education.,BS,"Construction Management and Technology, BS",https://degrees.apps.asu.edu/bachelors/major-list/letter/all?init=false&nopassive=true
Substance Abuse and Addictions,"The BS program in counseling and applied psychological science provides students with a strong foundation in counseling and psychology theories and applications in a culturally diverse world.

The counseling and applied psychological science curriculum focuses on foundational knowledge in psychology and counseling, including multicultural counseling, theories, assessment, case management and research methods.

Students gain the research skills and the professional and ethical values needed to work with individuals, families and groups in a variety of mental health and human services settings.

Graduates are well-prepared for entry-level positions in those fields as well as for graduate study in counseling, social work and related areas.",https://degrees.apps.asu.edu/bachelors/major/ASU00/ESCAPSBS/counseling-and-applied-psychological-science-bs,,BS,"Counseling and Applied Psychological Science, BS",https://degrees.apps.asu.edu/bachelors/major-list/letter/all?init=false&nopassive=true
"['Fiction', 'Poetry']","The Bachelor of Arts in English with a concentration in creative writing gives students the opportunity to work with nationally recognized faculty in a vibrant literary community. The curriculum allows students to explore multiple creative writing genres. The program emphasizes the study of literature as a foundation for the practice of creative writing.

The creative writing program provides a rich and diverse literary experience, a rigorous and inspiring classroom environment and a wealth of internship and publishing opportunities. Students gain experience in writing workshops and literature classes that provide the necessary skills for a variety of professions.",https://degrees.apps.asu.edu/bachelors/major/ASU00/LAENGCRWBA,,,"Creative Writing, BA",https://degrees.apps.asu.edu/bachelors/major-list/letter/all?init=false&nopassive=true
,"The Bachelor of Science in criminology and criminal justice is a nationally recognized program that provides a comprehensive understanding of the nature and causes of crime, criminal behavior, and the criminal justice system.

Students learn about the complexities of crime and justice in today's society. The curriculum provides a strong foundation in criminological theory, research methods, and the criminal justice system, which is crucial for careers in law enforcement, corrections, court administration, and various social service agencies. Students also gain valuable skills in critical thinking, data analysis, and effective communication, preparing them for a variety of professions in which a keen understanding of human behavior and social systems is required.

Graduates are well prepared for law school and for graduate studies in criminology and criminal justice or related fields.",https://degrees.apps.asu.edu/bachelors/major/ASU00/LACCRBS,,,"Criminology and Criminal Justice, BS",https://degrees.apps.asu.edu/bachelors/major-list/letter/all?init=false&nopassive=true
,"The cross-sector leadership bachelor's degree program prepares students to become future leaders who are able to work with diverse stakeholders across the nonprofit, for-profit and public sectors to address and solve complex social challenges.

The program offers a core foundation in the values, knowledge and skills needed for leading across sectors, with the opportunity to customize the course work to focus on a particular leadership interest area (e.g., sustainability, social entrepreneurship, health care, etc.) through both required electives and a required minor.

Students pursuing this degree will examine the differences between the sectors, learn the historical context of each sector, understand how to work with a range of key stakeholders (e.g., boards of directors, staff, volunteers, etc.) and analyze the various governance and leadership structures within each sector.

Students also will develop skills in financial management, fundraising, marketing and evaluation as they apply to a range of organizations.",https://degrees.apps.asu.edu/bachelors/major/ASU00/TACCSSBA,,BA,"Cross-Sector Leadership, BA",https://degrees.apps.asu.edu/bachelors/major-list/letter/all?init=false&nopassive=true
,"The BA program in cultural studies is an interdisciplinary program that focuses on the study of culture as a crucial domain for understanding social life, politics and power. In this program, students develop an understanding of what constitutes culture; how culture is produced, circulated and consumed; and how culture is connected with social, political and economic forces on local and global scales.

The program highlights the relationship between culture and power and explores how cultural forms and practices can both reproduce and contest social inequalities related to race, ethnicity, gender, class and nation. The curriculum provides students with the critical and methodological tools to analyze a wide range of cultural phenomena, including popular music, film, television, digital media, art, literature, fashion and subcultures.

Students gain transdisciplinary perspectives by taking courses taught by faculty in the humanities and social sciences from a variety of fields, including:

American studies
communication
history
literary studies
performance studies
political science
sociology
women and gender studies
The program's flexible curriculum also allows students to complement their coursework in cultural studies with a wide range of electives from across the university and encourages them to gain professional experience through internships.

Graduates are prepared for a variety of professions in which a critical and broad understanding of culture is vital, including careers in education, journalism, law, marketing, public service and the nonprofit sector. Graduates are also well-prepared for graduate study in cultural studies, the humanities and the social sciences.",https://degrees.apps.asu.edu/bachelors/major/ASU00/LACLSTBA,,BA,"Cultural Studies, BA",https://degrees.apps.asu.edu/bachelors/major-list/letter/all?init=false&nopassive=true
,"The BA program in culture, technology and environment provides students with a broad set of tools for understanding and addressing the complex interrelationships of technology and environment through society and culture. The program also trains students to communicate effectively about science, technology and environment in a variety of contexts and through diverse media.

The curriculum trains students in social and historical approaches to examining and communicating about science, technology and environment. Students learn to analyze and frame humanistic and social science issues, such as environmental justice, and they gain experience with diverse media through which they are communicated. They become familiar with the social, political and cultural dimensions of major areas of scientific and technological change, such as information technology, biotechnology, energy, nanotechnology and sustainability. The program emphasizes problem-based and experience-based learning in which students develop intellectual, professional and practical skills.",https://degrees.apps.asu.edu/bachelors/major/ASU00/SHCTEBA,,BA,"Culture, Technology and Environment, BA",https://degrees.apps.asu.edu/bachelors/major-list/letter/all?init=false&nopassive=true
,"The BS program in data science provides a strong foundation in computer science, mathematics and statistics and enables students to develop interdisciplinary data science knowledge through a wide variety of application domains. Students can gain experience with data acquisition, data modeling and data analysis, with a particular focus on the computational tools to accomplish these at scale. The curriculum culminates with a senior-year capstone experience in which students work in teams on a data science project, often with an external industry or government partner. This hands-on experience provides students with the critical skills and knowledge they need to be successful in the data science workforce or to continue their education in graduate school.",https://degrees.apps.asu.edu/bachelors/major/ASU00/LADATASBS,,BS,"Data Science, BS",https://degrees.apps.asu.edu/bachelors/major-list/letter/all?init=false&nopassive=true
Graphic Design,"The bachelor's degree program in graphic design provides students with a broad-based, hands-on and diverse learning experience that prepares them to participate in a variety of creative professional fields. Students learn about design history and theory and put their knowledge into practice with a wide range of required studio courses that explore typography, branding, print, web design, experience design and more. The curriculum also allows for flexibility in students' final year of the program to allow them to pursue their individual interests. Students benefit from the program's strong connections to the local and national design community. The program's design studios, lecture halls, labs and galleries are located at the heart of the ASU Tempe campus in the College of Design North and South buildings and the Art Building.",https://degrees.apps.asu.edu/bachelors/major/ASU00/HIDGBSD,,,"Design (Graphic Design), BSD",https://degrees.apps.asu.edu/bachelors/major-list/letter/all?init=false&nopassive=true
Industrial Design,"The industrial design program at The Design School is widely acclaimed and NASAD-accredited. It is a comprehensive, transdisciplinary and professional course of study, where students are prepared to design a future that is socially, culturally, economically and environmentally sustainable.

Graduates of the industrial design program are prepared to enter a wide variety of careers where they can apply their creative, collaborative and problem-solving skills to help businesses and organizations to develop services, products and systems that improve everyday life. The curriculum of the industrial design program fosters a user-centered design approach, which provides students with a qualitative understanding of people and a rigorous framework for developing more meaningful designs. Students learn to translate their empathetic understandings of people's wants and needs into compelling products, services and systems that improve the human experience.

The industrial design curriculum prepares students to thrive in a global marketplace by providing them with the professional knowledge and technical skills they need to transform their ideas into reality. Students learn how to communicate and collaborate within transdisciplinary teams and to work with a diverse set of partners, including small businesses, multinational corporations, governmental agencies and not-for-profit organizations. Through these partnerships, students in the industrial design program are provided with numerous hands-on, project-based learning opportunities and are connected to an accomplished community of professional practitioners who help to inform, guide and mentor them during their education and after they graduate.",https://degrees.apps.asu.edu/bachelors/major/ASUDI/DEINBSD,NASAD-accredited,BSD,"Design (Industrial Design), BSD",https://degrees.apps.asu.edu/bachelors/major-list/letter/all?init=false&nopassive=true
,"The BSD program in interior design at The Design School provides students a formal education that cultivates the knowledge and skills necessary to design functional, safe, efficient and beautiful interior environments for a wide range of human activities and purposes, ranging in scale from the domestic to the corporate and from the retail to the institutional.

Students learn to critically assess user and client needs and to creatively and systematically apply the design process to solve complex problems and create innovative, life-enhancing interior designs. Graduates of this program are prepared to enter professional practice to pursue careers in a variety of design firms or in related fields.",https://degrees.apps.asu.edu/bachelors/major/ASU00/DEINBSD/design-interior-design-bsd,"The interior design program is accredited by the Council for Interior Design Accreditation, https://www.accredit-id.org/, 206 Grandville Avenue, Suite 350, Grand Rapids, MI, 49503.",BSD,"Design (Interior Design), BSD",https://degrees.apps.asu.edu/bachelors/major-list/letter/all?init=false&nopassive=true
,"The BA program in design studies is an interdisciplinary, research-focused degree that provides students with a broad understanding of design thinking and practice.

This human-centered program is ideal for students who are interested in design but seek a liberal arts-based degree. Students develop a transdisciplinary and holistic understanding of design as a social, cultural, historical, economic and political force in society. They learn through making, researching and writing about design in its various forms. Coursework allows students to examine design through a range of lenses, including: design history, theory and criticism, social innovation, sustainability, materials and technology, business and entrepreneurship.

Students are not required to take studio classes; however, with special permission, they may incorporate a selection of design studio courses into their program. Students have access to state-of-the-art facilities, including fabrication labs and photography and printmaking studios.

Students gain essential skills in research, problem-solving, creative and critical thinking, communication, leadership and collaboration. Graduates are prepared for a variety of careers in both the public and private sectors, including positions in education, curation, design research, and strategy and management, and for advanced study in fields such as business, law, design criticism, and design history and theory.",https://degrees.apps.asu.edu/bachelors/major/ASU00/HIDSNBA/design-studies,,BA,"Design Studies, BA",https://degrees.apps.asu.edu/bachelors/major-list/letter/all?init=false&nopassive=true
,"The BS program in digital audiences provides students with a foundational understanding of how to engage and grow audiences across digital platforms. Students learn to use data and analytics to understand digital audience behavior and develop content strategies that build and engage audiences through social media, search engine optimization and other digital channels.

Coursework emphasizes practical applications, critical thinking, problem-solving, and the ethical issues related to digital audiences and platforms.

Students learn to develop strategies and tactics to build and grow digital audiences across various digital platforms and channels. They also learn how to create and distribute compelling content to digital audiences and measure and report on the effectiveness of those strategies.

Graduates are prepared for careers that involve creating and managing content for online audiences, managing social media and online communities, creating content marketing, and analyzing audience data.",https://degrees.apps.asu.edu/bachelors/major/ASU00/LADAUBS,,BS,"Digital Audiences, BS",https://degrees.apps.asu.edu/bachelors/major-list/letter/all?init=false&nopassive=true
Art,"The digital culture BA program with a concentration in art is part of the School of Arts, Media and Engineering, a collaboration between the Herberger Institute for Design and the Arts and the Ira A. Fulton Schools of Engineering.

The program gives students a solid foundation in the concepts, methods and technologies of digital media creation in an arts context, including 2-D and 3-D imaging, sound, video, interactivity, web design, and programming for media arts.

Students develop creative and critical thinking skills through an interdisciplinary curriculum combining arts, design and engineering coursework, research and hands-on projects. In the program's project-based learning environment, students gain valuable teamwork and leadership experience, working with other students and with faculty in arts and engineering to build new systems for creative expression.

Students in the digital culture program use the resources of both the Herberger Institute for Design and the Arts and the Ira A. Fulton Schools of Engineering and work with faculty members from both. The program is one of the only of its kind in the nation to offer a curriculum with courses from both an arts and an engineering college.",https://degrees.apps.asu.edu/bachelors/explore/detail/ASU00/HIDGCLBA,,,"Digital Culture (Art), BA",https://degrees.apps.asu.edu/bachelors/major-list/letter/all?init=false&nopassive=true
Arts and Design Studies,"The Bachelor of Arts in digital culture with a concentration in arts and design studies provides students with a project-based curriculum where they gain an understanding of digital systems, and they learn to develop computational media and integrate new technologies with creative practice and expression. The digital culture BA program provides an opportunity for students to choose from a highly interdisciplinary set of courses focused on a common theme or area of practice. Students choose from a rich set of concentration areas to create their own course of study, or they can design their own focus in consultation with a faculty advisor.

This program is available for students as a standard four-year bachelor's degree program or for students who have completed an Associate of Arts in digital arts from an Arizona community college. Students transferring with an Associate of Arts in digital arts may be able to complete their degree in two years.",https://degrees.apps.asu.edu/bachelors/major/ASU00/HIDCDESBA/digital-culture-arts-and-design-studies-ba,,,"Digital Culture (Arts and Design Studies), BA",https://degrees.apps.asu.edu/bachelors/major-list/letter/all?init=false&nopassive=true
English,"The Bachelor of Arts in digital culture with a concentration in English is a transdisciplinary degree that connects the humanities and the arts with science and technology. Students in this program focus on the study of language and writing within the digital realm.

The curriculum prepares students with a strong foundation in the history and contemporary practice of digital media, as well as opportunities for hands-on, collaborative and project-based learning. In addition to a variety of digital culture course options, students also take a series of courses from the Department of English in The College of Liberal Arts and Sciences.",https://degrees.apps.asu.edu/bachelors/major/ASU00/LADCIENGLBA,,,"Digital Culture (English), BA",https://degrees.apps.asu.edu/bachelors/major-list/letter/all?init=false&nopassive=true
Film,"The digital culture BA program with a concentration in film enables students to learn film and media production in the context of a 21st-century digital-media environment.

Students in the film concentration learn by making. They are introduced to the full pipeline of film and media production, from ideation and screenwriting to production (cinematography, directing, sound) to post-production (editing, sound and visual effects).

The concentration provides a strong basis for further study in film theory and history by embedding production courses within a larger media-studies context.

Students can choose to further specialize in areas like directing, screenwriting, producing, cinematography, editing and visual effects. The curriculum focuses on narrative and documentary filmmaking in single-camera and multicamera studio production modes.

Through their study, students gain a solid foundation for careers in the film industry.",https://degrees.apps.asu.edu/bachelors/major/ASU00/HIDGCFILBA,,BA,"Digital Culture (Film), BA",https://degrees.apps.asu.edu/bachelors/major-list/letter/all?init=false&nopassive=true
Graphic Information Technology,"The digital culture BA program with a concentration in graphic information technology is an interdisciplinary program that allows students to focus on how new media is transforming the creation, visualization and consumption of graphics, particularly in cross-media publishing environments, such as print, web and mobile devices. Students learn how media is produced, used and evaluated in a variety of contexts, including fine arts, humanities, social sciences, and science and technology.

The program of study is composed of a broad range of courses from a number of different disciplines and encourages students to experiment and combine different media in new and innovative ways. Students will develop their creativity and critical thinking skills as they learn how to produce, analyze, and manage media for a variety of audiences.

Core coursework provides a solid foundation in the techniques and practices of digital media, and in the critical and theoretical analysis of media and information. The curriculum is project-based, and students are encouraged to be independent learners and to participate in a variety of learning communities, including student organizations, clubs, research groups and labs.

Students in the graphic information technology concentration learn to apply principles of graphic design in web design and publishing, multimedia design and commercial photography and video. The program prepares students for a range of career opportunities involving visual design and technology and provides a strong foundation for a variety of graduate programs.",https://degrees.apps.asu.edu/bachelors/major/ASU00/HIDCDGITBA/digital-culture-graphic-information-technology-ba,,BA,"Digital Culture (Graphic Information Technology), BA",https://degrees.apps.asu.edu/bachelors/major-list/letter/all?init=false&nopassive=true
Media Processing,"The Bachelor of Arts in digital culture with a concentration in media processing provides students with a foundation in the computing principles and creative practices of digital media. Students gain an understanding of the cultural and social implications of new forms of media creation and expression, and they develop practical skills in media art production. The program offers transdisciplinary coursework in digital media, programming, arts and design, and students use the concepts they learn in class to create their own original artworks and build a portfolio of diverse projects. This program's focus on media processing helps students develop a mastery of audio and visual media computation. The program faculty are leaders in their respective fields, and they bring their expertise and passion to the classroom.",https://degrees.apps.asu.edu/bachelors/major/ASU00/LADCTMPBA/digital-culture-media-processing-ba,,BA,"Digital Culture (Media Processing), BA",https://degrees.apps.asu.edu/bachelors/major-list/letter/all?init=false&nopassive=true
Music,"The Bachelor of Arts program in digital culture with a concentration in music focuses on creating new musical works and tools. Students combine their musical training and creativity with new digital technologies in order to explore and create in areas such as:
algorithmic composition
interactive performance
music and multimedia
new interfaces for musical expression
sound art
sound design
This is a concentration in the Digital Culture, BA program.
In their coursework, students work in a research-based, transdisciplinary and collaborative environment that provides the technical, theoretical and historical foundations for them to create their own digital media work. The core curriculum is a project-based learning environment. Students learn by making.
Additionally, students take courses in a related area and complete their studies with a final portfolio project.
Graduates are prepared for careers in the creative industries and for graduate study.",https://degrees.apps.asu.edu/bachelors/major/ASU00/HIDGCMBA/digital-culture-music-ba,,BA,"Digital Culture (Music), BA",https://degrees.apps.asu.edu/bachelors/major-list/letter/all?init=false&nopassive=true
Theatre,"The Bachelor of Arts in digital culture with a concentration in theatre is an interdisciplinary program that prepares students for careers in the performing arts as well as in areas that use performance-based approaches and methods, such as film, media performance, motion capture, gaming, performance capture and virtual performance.

The curriculum provides a foundation of courses in theatre history, dramatic literature, acting and directing, performance and design and technology. Students select a series of courses that align with their interests, in consultation with a faculty mentor.

The program culminates in a senior project that involves the creation and production of a live performance or media project. Students are prepared to enter graduate programs in film, performance studies and theatre and to work in professional theatre companies and in the entertainment industry.",https://degrees.apps.asu.edu/bachelors/major/ASU00/HIDIGCTHBA/digital-culture-theatre-ba,,BA,"Digital Culture (Theatre), BA",https://degrees.apps.asu.edu/bachelors/major-list/letter/all?init=false&nopassive=true
"Art, Design, English, Film, Interdisciplinary Arts and Performance, Media Arts, Music, Theatre","The Bachelor of Arts in digital culture prepares students to be creative thinkers, collaborative leaders and innovative designers of new media.

Students pursuing the digital culture BA degree select one of the following concentrations: art, design, English, film, interdisciplinary arts and performance, media arts, music, theatre.

The concentration allows for in-depth study in a specific arts and design discipline as it is impacted by digital technology and culture. Digital culture faculty are leading experts and researchers in their fields, from responsive environments and experience design to virtual reality and games.

The program is part of the School of Arts, Media and Engineering, a transdisciplinary school where artists and scientists collaborate. Students learn in an environment that values curiosity, creativity, collaboration and discovery, and they graduate prepared for a wide array of careers in the culture and creative industries.

The digital culture program provides a project-based and transdisciplinary curriculum in which students learn by doing. Foundational coursework in computer science, art, design and music provides students with the creative and technical skills to succeed in their future coursework and careers. Students then build upon these skills in advanced coursework and applied projects focused on topics ranging from wearable technology and interactive installations to game design and virtual reality. Throughout the program, students collaborate with peers from a variety of disciplines and with faculty who are leaders in their fields.",https://degrees.apps.asu.edu/bachelors/major/ASU00/HEDGARTBA/digital-culture-art-ba,,,"Digital Culture, BA",https://degrees.apps.asu.edu/bachelors/major-list/letter/all?init=false&nopassive=true
,"The BS program in digital marketing provides students with the critical knowledge of marketing in the digital environment. The curriculum offers a solid grounding in business and marketing and a specialization in digital marketing techniques and practices.

The focus is on search engine optimization, social media and mobile marketing, content marketing, web analytics, and marketing automation. Students are trained to use state-of-the-art tools for web and social media analytics and learn how to help businesses create and manage their digital marketing strategies.

Students gain valuable experience through project-based learning. In their final year, they develop a portfolio by developing a social media campaign for a real client as well as a search engine optimization project.

Graduates of this program may become social media marketing managers, marketing analytics specialists or search engine optimization specialists, or they can pursue a variety of other careers in marketing.",https://degrees.apps.asu.edu/bachelors/major/ASU00/BABUSDMBS/digital-marketing-bs,All W. P. Carey School of Business degrees are accredited by AACSB International.,,"Digital Marketing, BS",https://degrees.apps.asu.edu/bachelors/major-list/letter/all?init=false&nopassive=true
,"The BS program in disability studies provides students with a complex understanding of disability as a social, cultural and political phenomenon. This interdisciplinary degree program draws upon faculty and courses from a wide range of academic disciplines, including history, literature, philosophy, applied behavior analysis, and speech and hearing science, among others.

Students examine the ways in which social values, cultural representations and institutional practices have shaped the experiences of people with disabilities throughout history, as well as the ways in which people with disabilities have shaped their own lives. Students gain a deeper knowledge of the history of disability, disability culture and the disability rights movement. They also gain a deeper understanding of key disability legislation, including the Americans with Disabilities Act, and they learn to think critically about how disability is represented in the media and popular culture.

Graduates are prepared for careers in fields such as disability advocacy, policy, education, health care, social work, rehabilitation, counseling and human services.",https://degrees.apps.asu.edu/bachelors/major/ASU00/LADISBS,,BS,"Disability Studies, BS",https://degrees.apps.asu.edu/bachelors/major-list/letter/all?init=false&nopassive=true
,"The BAE in early childhood and early childhood special education offers an innovative, inclusive and interdisciplinary approach to early childhood education for children from birth to age 8. The program emphasizes the development of the whole child as well as learning experiences that are relationship-based, culturally responsive, play-based, and family centered. This program is offered with teacher certification. Students in the teacher certification track benefit from a yearlong residency and a professional learning network as part of their program. Students can select to add an English as a second language endorsement for no additional credit hours, helping them become more culturally responsive educators prepared to teach in diverse classrooms. Graduates are eligible to receive an institutional recommendation from ASU for teacher certification in early childhood education (birth to age 8 or grade 3) and early childhood special education (birth to age 8 or grade 3) in the state of Arizona and most other states.",https://degrees.apps.asu.edu/bachelors/major/ASU00/LAECEBAE/early-childhood-and-early-childhood-special-education,Mary Lou Fulton Teachers College is accredited by the Council for the Accreditation of Educator Preparation.,,"Early Childhood and Early Childhood Special Education, BAE",https://degrees.apps.asu.edu/bachelors/major-list/letter/all?init=false&nopassive=true
,"The Bachelor of Applied Science in early childhood studies provides a pathway for students who have earned an associate degree in early childhood education to complete a bachelor's degree. Students acquire advanced knowledge of the early childhood field with a focus on leadership, advocacy, and working with diverse children and families.

Graduates are prepared for a variety of careers in early childhood education, including teaching in Head Start or child care programs, providing early intervention services, and serving in an administrative capacity in early childhood programs.

This degree does not lead to teacher certification.",https://degrees.apps.asu.edu/bachelors/major/ASU00/LAECSBAS,,,"Early Childhood Studies, BAS",https://degrees.apps.asu.edu/bachelors/major-list/letter/all?init=false&nopassive=true
,"The Bachelor of Arts in earth and environmental studies prepares students for careers in which they assess, understand and manage the natural world and our relationship to it. Students learn the fundamental concepts of earth system science and systems thinking; gain proficiency in geospatial and field techniques for observing the environment; and master qualitative and quantitative approaches for analyzing and interpreting environmental data.

The interdisciplinary curriculum addresses the structure and function of Earth's natural systems, including the solid earth, hydrosphere, atmosphere and biosphere, as well as the complex ways that human societies interact with these systems. Students can focus on topics that include earth system science, geological sciences, environmental science, sustainability, water resources, natural resource management and environmental policy. The program is flexible and allows students to choose courses that suit their individual interests and career plans.

A senior-year capstone experience gives students the opportunity to conduct independent research, engage in an internship or study abroad.",https://degrees.apps.asu.edu/bachelors/major/ASU00/LAEESBA,,BA,"Earth and Environmental Studies, BA",https://degrees.apps.asu.edu/bachelors/major-list/letter/all?init=false&nopassive=true
Astrobiology and Biogeosciences,"The Bachelor of Science degree program in earth and space exploration with a concentration in astrobiology and biogeosciences is an an interdisciplinary program designed to provide students with a strong foundation in the natural sciences and engineering with a focus on understanding the past, present and future of life in the universe. Astrobiology and biogeosciences are fields that bring together geology, biology, chemistry, astronomy and physics to address questions about the origin of life and its evolution on Earth and to search for life elsewhere in the universe.

The program prepares students for graduate studies and a wide variety of careers in the space industry, environmental consulting, medical science, laboratory research, science education and public outreach.

The curriculum includes a core set of courses in geology, biology and chemistry and advanced coursework focused on topics such as the evolution of life, the search for life in the solar system, and the interactions between life and the environment. Students are required to conduct research with a faculty mentor, which provides them with hands-on experience in the field and the laboratory.

Students should be sure to work with an academic advisor in the School of Earth and Space Exploration to select courses that are right for their career goals.",https://degrees.apps.asu.edu/bachelors/major/ASU00/ESESEBBS/earth-and-space-exploration-astrobiology-and-biogeosciences-bs,,BS,"Earth and Space Exploration (Astrobiology and Biogeosciences), BS",https://degrees.apps.asu.edu/bachelors/major-list/letter/all?init=false&nopassive=true
Astrophysics,"The Bachelor of Science degree program in earth and space exploration with a concentration in astrophysics is an appropriate choice for students interested in careers in astronomy, planetary science and space exploration.

Students in this degree program are required to participate in an introductory seminar in their first year of study as well as a senior-level capstone research or design experience.

This program has an optional component of paid, degree-related employment available through its partnership with the ASU Co-op program. An internship may count toward career-focused required or elective credit in the student's degree program. Students are responsible for securing their own internship or co-op opportunities. Career and Professional Development Services is a resource for students. Students should speak with their academic advisor for more information.

Students in this program are well-prepared to pursue careers in a range of science, technology and engineering fields as well as attend graduate school.",https://degrees.apps.asu.edu/bachelors/major/ASU00/ESASTBS/earth-and-space-exploration-astrophysics-bs,,BS,"Earth and Space Exploration (Astrophysics), BS",https://degrees.apps.asu.edu/bachelors/major-list/letter/all?init=false&nopassive=true
Earth Sciences,"The Bachelor of Science in Earth and Space Exploration with a concentration in Earth sciences provides students with a fundamental background in Earth sciences and prepares them for graduate school or a career in the many quantitative subdisciplines of Earth and environmental sciences. These include environmental consulting, resource exploration, economic geology and geochemistry and geophysics.

The curriculum is designed to have the necessary rigor in mathematics, physics and chemistry to enable students to tackle the real-world Earth and space problems of today and the future. Students engage in authentic, research-oriented activities both inside and outside the classroom. They have the opportunity to participate in field trips and can learn to operate a variety of analytical instruments in their courses and through independent study projects supervised by faculty members.
The degree program offers students exceptional opportunities to participate in research with faculty in the School of Earth and Space Exploration who are internationally recognized in their fields. This program produces highly competitive graduates who go on to careers in research and industry.",https://degrees.apps.asu.edu/bachelors/major/ASU00/TSESESBS/earth-and-space-exploration-earth-sciences-bs,,BS,"Earth and Space Exploration (Earth Sciences), BS",https://degrees.apps.asu.edu/bachelors/major-list/letter/all?init=false&nopassive=true
Exploration Systems Design,"The Bachelor of Science in Earth and Space Exploration with a concentration in exploration systems design is a transdisciplinary degree that provides a deep understanding of space mission engineering and scientific fundamentals. This degree is well suited to students who wish to pursue a career as a systems engineer in the space and defense industries.

Students in this concentration take a series of systems engineering courses offered through the School of Earth and Space Exploration that prepare them to develop and operate complex systems, including space flight hardware, ground-based scientific instrumentation, and scientific data processing systems. These courses use a hands-on, project-based approach, and students spend most of their time working on a team to build and test space flight hardware or to design space missions. Many systems engineering courses are taken with graduate students who bring valuable experience to the student teams. The courses culminate in a senior capstone project course in which the students design, build, test, fly and operate a payload on a high-altitude balloon, sounding rocket or orbital CubeSat spacecraft.",https://degrees.apps.asu.edu/bachelors/major/ASU00/TSESESBS,,,"Earth and Space Exploration (Exploration Systems Design), BS",https://degrees.apps.asu.edu/bachelors/major-list/letter/all?init=false&nopassive=true
Geological Sciences,"The geological sciences concentration in the BS program in earth and space exploration focuses on understanding the past, present and future of the Earth and other rocky planets. Students learn to apply the principles of chemistry, physics and mathematics, in combination with modern geological concepts, to understand the solid Earth and to explore its resources. The program's challenging coursework and ample research opportunities prepare students for graduate studies and a wide variety of careers in the energy and mining industries, environmental consulting, government, and K-12 and postsecondary education.

Students in the geological sciences concentration are trained to understand Earth systems and their resources. The curriculum gives students a robust foundation in the physical sciences and a broad background in all core areas of geology. Students can work with faculty on research ranging from the study of active volcanoes and their hazards to the analysis of the geology and composition of other planets. School of Earth and Space Exploration faculty are internationally recognized in their fields, and the school has state-of-the-art analytical, experimental and computational facilities.",https://degrees.apps.asu.edu/bachelors/major/ASU00/TSEESGEBS,,BS,"Earth and Space Exploration (Geological Sciences), BS",https://degrees.apps.asu.edu/bachelors/major-list/letter/all?init=false&nopassive=true
"Chinese, Japanese, Korean","The BA program in East Asian studies offers students a broad interdisciplinary perspective on China, Japan and Korea. The program brings together faculty and courses from a wide range of academic disciplines, including anthropology, art history, business, geography, history, languages and literatures, political science and religious studies.

The curriculum allows students to pursue an area of particular interest while also providing a solid foundation of knowledge about the broader East Asian region.

Students are encouraged to develop a high level of language proficiency and to participate in a study abroad program in order to enrich their understanding of the cultures, societies and contemporary affairs of East Asia.",https://degrees.apps.asu.edu/bachelors/major/ASU00/LAEASBA,,BA,"East Asian Studies, BA",https://degrees.apps.asu.edu/bachelors/major-list/letter/all?init=false&nopassive=true
"Politics and the Economy, Public Policy","The BS program in economics provides students with a deeper and more quantitative understanding of economics than is available through the BA program. It prepares students for a wider range of careers in business and government and is especially appropriate for students who wish to pursue a doctorate in economics or an advanced degree in a quantitative business field, such as finance.

A distinguishing feature of the program is its emphasis on the development of quantitative and analytical skills.

The Department of Economics in the W. P. Carey School of Business has an international reputation for its research productivity, with a faculty that produces cutting-edge research in a wide variety of areas, including:

- econometrics
- macroeconomics
- international economics
- industrial organization
- labor economics
- experimental economics
- environmental economics
- health economics
- public economics
- law and economics
- development economics

Many of the faculty have been elected as fellows of the Econometric Society, a distinction of high honor in the economics profession.

The BS in economics is a STEM-designated degree program.",https://degrees.apps.asu.edu/bachelors/major/ASU00/LAECNBS,The W. P. Carey School of Business is accredited by AACSB International.,BS,"Economics, BS",https://degrees.apps.asu.edu/bachelors/major-list/letter/all?init=false&nopassive=true
Early Childhood Studies,"The BAE in educational studies with a concentration in early childhood studies offers a pathway for students interested in a variety of careers working with young children from birth to age 8. The program focuses on child development, learning theory and family and community relationships.

Graduates are well-prepared for entry-level positions in a variety of roles within the early childhood field, such as in Head Start and Early Head Start, child care centers, private preschool programs and other organizations that serve young children and their families.

This program does not lead to teacher certification.",https://degrees.apps.asu.edu/bachelors/major/ASU00/LASEDSECSBAE,,,"Educational Studies (Early Childhood Studies), BAE",https://degrees.apps.asu.edu/bachelors/major-list/letter/all?init=false&nopassive=true
Early Childhood Studies (online only),"The BAE in educational studies is a non-licensure bachelor's degree program that provides a broad foundation of knowledge in education theory and practice. The curriculum focuses on how people learn and how to best facilitate that learning, giving students the skills and knowledge to engage in meaningful work in education-related fields without obtaining a teaching credential.

Students in this program are prepared for a variety of careers in educational settings outside of the traditional K-12 public school classroom, such as in community education, nonprofit organizations and private tutoring companies. This major is also ideal for those interested in education policy and advocacy, and for students who are passionate about learning but who do not intend to become classroom teachers.

Students can customize their degree program by selecting electives to align with their specific interests and career goals. An array of relevant minors and certificates are also available.",https://degrees.apps.asu.edu/bachelors/major/ASU00/LASEDLBAE,,,"Educational Studies, BAE",https://degrees.apps.asu.edu/bachelors/major-list/letter/all?init=false&nopassive=true
Electric Power and Energy Systems,"The BSE program in electrical engineering with a concentration in electric power and energy systems is focused on the area of electrical engineering concerned with the generation, transmission, distribution and utilization of electric power and the electrical apparatus connected to such systems. This program provides students a rigorous curriculum in electrical engineering combined with focused coursework in electric power and energy systems.

Electrical engineering is a driving force of modern technology. Graduates with a BSE in electrical engineering with a concentration in electric power and energy systems learn how to develop new products or systems that use electricity or electromagnetism and become specialists in generating, transmitting, distributing and utilizing electric power.

The curriculum provides a strong foundation in circuits, electromagnetics, solid-state devices and computers that allow graduates to pursue careers in a wide range of industries.",https://degrees.apps.asu.edu/bachelors/major/ASU00/ESEEEBSE/electrical-engineering-electric-power-and-energy-systems,"The electrical engineering, BSE program is accredited by the Engineering Accreditation Commission of ABET, https://www.abet.org, under the General Criteria and the Program Criteria for Electrical, Computer, Communications, Telecommunication(s) and Similarly Named Engineering Programs.",,"Electrical Engineering (Electric Power and Energy Systems), BSE",https://degrees.apps.asu.edu/bachelors/major-list/letter/all?init=false&nopassive=true
,"The BSE program in electrical engineering is a broad-based, flexible program that provides students with a strong foundation in the fundamentals of electrical engineering.

The curriculum provides a thorough grounding in the basics of electrical engineering, including circuits, electronics, electromagnetics, and digital systems. Students learn about the design and analysis of electrical and electronic systems, as well as the application of electrical engineering principles to a wide range of problems.

The program also includes a strong emphasis on laboratory work and design projects, which provide students with hands-on experience in the field.

Graduates of the program are well-prepared for careers in a variety of industries, including electronics, telecommunications, power systems and aerospace. They are also well-prepared for graduate study in electrical engineering and related fields.",https://degrees.apps.asu.edu/bachelors/major/ASU00/ESEEBSE,"The electrical engineering, BSE program at the Tempe campus is accredited by the Engineering Accreditation Commission of ABET, http://www.abet.org.",BSE,"Electrical Engineering, BSE",https://degrees.apps.asu.edu/bachelors/major-list/letter/all?init=false&nopassive=true
Bilingual Education and English as a Second Language,"The BAE program in elementary education with a concentration in bilingual education and English as a second language prepares students to work with children in K-8 general education classrooms and to work specifically with children who are English language learners. The program provides teacher candidates with a strong foundation in the professional knowledge and skills necessary to become a successful classroom teacher in a variety of school settings.

The program is specifically designed to prepare teacher candidates for the multicultural and multilingual classrooms of today's schools and fulfills all requirements for the Arizona Elementary Teacher Certificate for grades K-8 as well as the Bilingual and English as a Second Language endorsements.

The professional education component of this degree features a series of courses focusing on child development, teaching methods, English language acquisition, Spanish language and Latino culture, and the needs of exceptional children. Students participate in a number of school-based experiences throughout the program that provide opportunities to apply what they are learning in their university courses to the real world of the classroom. These experiences are structured so that students begin by observing and assisting in a classroom and gradually assume more responsibility for instructing and managing the classroom. The program culminates in a full-time student teaching experience.

For information about the professional education sequence, including the specific courses that students take and the school-based experiences in which they participate, students should visit the Mary Lou Fulton Teachers College website at http://education.asu.edu/.",https://degrees.apps.asu.edu/bachelors/major/ASU00/LAEEDBESLBAE,,,"Elementary Education (Bilingual Education and English as a Second Language), BAE",https://degrees.apps.asu.edu/bachelors/major-list/letter/all?init=false&nopassive=true
,"The BAE program in elementary education prepares students to teach kindergarten through eighth grade. The program leads to teacher certification in elementary education, grades K-8, in Arizona.

Students also have the opportunity to add an endorsement or an additional certificate to their degree. Coursework in education theory and methods is combined with multiple field experiences in K-8 classrooms throughout the program. Students gain extensive experience working with children in a variety of school settings. Students' professional growth is supported through personalized academic and career advising as well as by expert faculty and accomplished mentor teachers.

The program is offered at four ASU campuses and at sites across Arizona through ASU Local, providing options for students seeking a range of university experiences and learning environments.",https://degrees.apps.asu.edu/bachelors/major/ASU00/LAEEDBAE,Mary Lou Fulton Teachers College is accredited by the Council for the Accreditation of Educator Preparation.,BAE,"Elementary Education (Teacher Certification), BAE",https://degrees.apps.asu.edu/bachelors/major-list/letter/all?init=false&nopassive=true
"Bilingual Education and English as a Second Language, Educating Multilingual Learners","The BAE in elementary education prepares students to teach first grade through eighth grade. The program combines rigorous, research-based coursework with extensive classroom-based field experiences. These experiences are structured to produce highly qualified, confident and effective elementary school teachers.

Students select from a variety of school settings in which to complete their field experiences, including public, charter, private, urban, suburban and rural schools. These classroom-based experiences are guided by their assigned mentor teacher and a university supervisor. In their final semester, students complete a full-time, student-teaching residency.

Graduates earn an institutional recommendation from ASU to the Arizona Department of Education for teacher certification in elementary education for grades one through eight. This program is available to students at the ASU Downtown Phoenix, Polytechnic, Tempe and West campuses, as well as at several off-campus locations in eastern and central Arizona.",https://degrees.apps.asu.edu/bachelors/major/ASU00/LAELEEDBAE,Mary Lou Fulton Teachers College is accredited by the Council for the Accreditation of Educator Preparation.,BAE,"Elementary Education, BAE",https://degrees.apps.asu.edu/bachelors/major-list/letter/all?init=false&nopassive=true
"Biosecurity and Threat Management, Community Resilience, Cybersecurity Policy and Management, Emergency Management, Homeland Security, Hazard Mitigation and Resilient Communities","The BS program in emergency management and homeland security focuses on the management of all hazards and threats that pose a significant risk to people, communities, infrastructure and the nation. These challenges include manmade, natural and technological disasters, as well as terrorist threats. The program's goal is to minimize the impact of these events on individuals, communities and the nation.

The curriculum prepares students for future leadership positions in public, nonprofit and private organizations. The program's core courses provide a strong theoretical foundation in the comprehensive, all-hazards approach to the emergency management and homeland security fields.

Students are provided with a robust practical dimension through which they learn to apply their classroom knowledge to real-world problems. They also are equipped with the analytical and critical thinking skills needed to effectively respond to and manage complex critical incidents.

The program's faculty have extensive professional experience in all levels of government, the private sector and nonprofit organizations. They also are nationally and internationally recognized for their research and expertise in these fields.",https://degrees.apps.asu.edu/bachelors/major/ASU00/PAEMHSBS,,BS,"Emergency Management and Homeland Security, BS",https://degrees.apps.asu.edu/bachelors/major-list/letter/all?init=false&nopassive=true
Automotive Systems,"The automotive systems concentration in the engineering BSE program focuses on the design and manufacturing of automobiles and on the integration of automotive components into a final product that is efficient, safe and cost-effective. The program places emphasis on hands-on experiences and solving real-world problems in student team environments, including many opportunities for students to participate in national competitions.

The curriculum in the automotive systems concentration covers topics in automotive structures, vehicle dynamics and controls, hybrid vehicle powertrains, advanced manufacturing and alternative fuels. Upon graduation, graduates will have the knowledge and skills necessary to make an immediate impact in the automotive industry.",https://degrees.apps.asu.edu/bachelors/major/ASU00/ESMAESBSE/engineering-automotive-systems,"The engineering, BSE program with a concentration in automotive systems is accredited by the Engineering Accreditation Commission of ABET, https://www.abet.org.",,"Engineering (Automotive Systems), BSE",https://degrees.apps.asu.edu/bachelors/major-list/letter/all?init=false&nopassive=true
Electrical Systems,"The BSE program in engineering with a concentration in electrical systems focuses on the theme of power and energy systems. Electrical systems are responsible for the generation, transmission and distribution of electric power as well as the design and manufacturing of a large variety of electrical devices and systems, from small-scale integrated circuits to large-scale power generators.

Students learn how to design and build electrical devices and systems, such as:

biomedical devices
communication systems
electric motors and drives
electronic circuits
power generation and distribution systems
remote sensors

The curriculum is hands-on and project-based. Students build on a foundation of mathematics and science to develop analytical skills and learn to design and build real-world systems in a collaborative, team-based environment. This program is offered by the School of Electrical, Computer and Energy Engineering, part of the Ira A. Fulton Schools of Engineering.",https://degrees.apps.asu.edu/bachelors/major/ASU00/ESEEBSE/electrical-systems,"The bachelor's degree program in engineering (electrical systems) is accredited by the Engineering Accreditation Commission of ABET, https://www.abet.org.",BSE,"Engineering (Electrical Systems), BSE",https://degrees.apps.asu.edu/bachelors/major-list/letter/all?init=false&nopassive=true
Mechanical Engineering Systems,"The BSE program in engineering with a concentration in mechanical engineering systems is focused on the design of mechanical systems. Graduates of this program will be equipped with a fundamental knowledge of mechanics, thermal sciences and design process to create innovative products and services. Coursework covers the following areas: statics, dynamics, solid mechanics, materials, thermodynamics, heat transfer, fluid mechanics, design, manufacturing processes and systems analysis. The program is specifically designed to provide students with hands-on labs and state-of-the-art facilities that include advanced equipment, such as wind tunnels, material testing machines, manufacturing systems and 3D printing, enabling them to gain practical skills and experience to meet the needs of the industry.

This program is offered at the Polytechnic campus and offers a practice-based curriculum with a focus on project-based learning. In their final year of study, students are required to complete a senior capstone design project that involves them working with a team to solve a real-world problem for an external stakeholder. The program's proximity to industry in the East Valley of Phoenix provides opportunities for student internships, research and projects.

This program is accredited by the Engineering Accreditation Commission of ABET, http://www.abet.org.",https://degrees.apps.asu.edu/bachelors/major/ASU00/ESMESBSE/engineering-mechanical-engineering-systems-bse,"This program is accredited by the Engineering Accreditation Commission of ABET, http://www.abet.org.",,"Engineering (Mechanical Engineering Systems), BSE",https://degrees.apps.asu.edu/bachelors/major-list/letter/all?init=false&nopassive=true
Robotics,"The BSE program in engineering with a concentration in robotics focuses on the design and development of robots and robotics systems. This interdisciplinary curriculum provides a broad foundation in the science and mathematics of engineering along with hands-on experience in the design and prototyping of modern engineering systems. The courses in the curriculum focus on mechanical design, manufacturing, electronics, control systems and computer science to develop a strong foundation in robotics. The program provides the knowledge and skills necessary to design, develop and implement robotic systems to meet the needs of modern society. Graduates of the BSE in engineering with a concentration in robotics are well-prepared for a variety of job opportunities in the high-demand areas of robotics, automation and manufacturing. Industries served by robotics engineers include aerospace, automotive, national defense, medical devices, agriculture, entertainment, manufacturing and the emerging area of personal robotics.",https://degrees.apps.asu.edu/bachelors/major/ASU00/ESROBBSE,"This program is accredited by the Engineering Accreditation Commission of ABET, https://www.abet.org, under the General Criteria and the Program Criteria for an engineering program of a level and scope commensurate with the title of the program.",BSE,"Engineering (Robotics), BSE",https://degrees.apps.asu.edu/bachelors/major-list/letter/all?init=false&nopassive=true
"Industrial Engineering, Software Engineering","The Bachelor of Science in Engineering program in engineering management provides a foundation of engineering, math, science, business and management, upon which is built the technical skills and business acumen needed to excel in management and leadership roles.

The curriculum is a blend of traditional industrial engineering courses and courses in business and management, covering topics such as supply chain management, project management, quality control, production planning, computer applications and operations research. The program has two focus areas: industrial engineering and software engineering.

Graduates are able to design, implement and manage complex management systems that involve people, materials, information, equipment and energy. They have an in-depth understanding of technology, innovation, and the challenges of a globally competitive market, as well as the ability to improve the quality of goods and services while reducing costs.

The program's educational objective is to produce graduates who are technically competent and business-aware and who are prepared to succeed in a globally competitive marketplace.",https://degrees.apps.asu.edu/bachelors/major/ASU00/ESEMBSE,"The engineering management, BSE program at the Polytechnic campus is accredited by the Engineering Accreditation Commission of ABET, https://www.abet.org.",BSE,"Engineering Management, BSE",https://degrees.apps.asu.edu/bachelors/major-list/letter/all?init=false&nopassive=true
Creative Writing,"The Bachelor of Arts in English with a concentration in creative writing gives students the opportunity to work with and be mentored by distinguished faculty with national and international reputations.

Students in this program study the art and craft of creative writing in a variety of genres, including:

Creative nonfiction
Fiction
Poetry
Screenwriting
Spoken word and performance poetry
Students read and analyze a wide variety of texts to identify and learn narrative and aesthetic strategies. They apply what they learn as they write and revise their own work. In small workshop classes, students share and critique each other's work and gain experience in craft analysis, collaborative discussion and revision strategies. In addition to gaining a solid foundation in the study of literature, students may also take courses in linguistics, film and media studies or creative writing.

Graduates of this program have all the skills of an English major, including skills in critical reading, analysis and writing, with the added benefit of experience in writing creatively, giving and receiving feedback, and revising their own work for an audience.

This program is also available as an online program.",https://degrees.apps.asu.edu/bachelors/major/ASU00/LAENGBA/creative-writing,,BA,"English (Creative Writing), BA",https://degrees.apps.asu.edu/bachelors/major-list/letter/all?init=false&nopassive=true
Linguistics,"The Bachelor of Arts program in English with a concentration in linguistics focuses on the formal study of language in its humanistic and scientific dimensions, including the nature of subconscious linguistic knowledge, the ways in which languages are acquired, the ways in which languages change and vary, and the roles language plays in society and literature.

The concentration includes courses covering the core areas of linguistics (phonetics, phonology, syntax and semantics) as well as courses in a variety of other topics, including:

    historical linguistics
    language acquisition
    language variation and change
    morphology
    pragmatics
    sociolinguistics

Students in the linguistics concentration acquire skills in data analysis, argumentation and cross-cultural understanding. These skills can lead to careers in business, computer science, government, law and teaching, including teaching English to speakers of other languages.",https://degrees.apps.asu.edu/bachelors/major/ASU00/LAENGBA/linguistics,,BA,"English (Linguistics), BA",https://degrees.apps.asu.edu/bachelors/major-list/letter/all?init=false&nopassive=true
Literature,"The Bachelor of Arts in English with a concentration in literature immerses students in the study of literature and culture. Literature is a living art form with a rich history of traditions from around the globe. Those who study literature at ASU explore the ways it reflects, shapes and critiques cultures. Students learn to read with greater insight, to write with greater clarity and grace, and to think with greater critical acumen.

The literature program offers a wide range of courses in English, American and world literatures, from introductory surveys to specialized seminars, including courses on:

classical and medieval literature
digital humanities
ethnic American literature
film studies
global and postcolonial literature
literary history
literary theory
popular literature
Renaissance literature
rhetoric and composition
women's literature

Students can count courses from other departments --- classics, history, philosophy, religious studies, and women and gender studies --- toward the major. The flexibility of the curriculum encourages students to combine a passion for literary study with a wide range of other interests.",https://degrees.apps.asu.edu/bachelors/major/ASU00/LAENGLTBA,,BA,"English (Literature), BA",https://degrees.apps.asu.edu/bachelors/major-list/letter/all?init=false&nopassive=true
Secondary Education,"The Bachelor of Arts in English with a concentration in secondary education prepares students for careers as English language arts teachers in middle schools, junior high schools and high schools. In this program, students develop a broad and deep understanding of literature, rhetoric and composition, linguistics, and adolescent literacy that translates directly into effective and inspiring teaching of the English language arts. Coursework is aligned with the standards of the National Council of Teachers of English and the Arizona Department of Education.

The program is offered by the Department of English in The College of Liberal Arts and Sciences in collaboration with Mary Lou Fulton Teachers College.

Professional experiences are an integral part of this program. Students complete a variety of field experiences in which they observe, tutor and teach in middle school and high school classrooms. During the final two semesters, students are engaged full-time in student teaching with an experienced and qualified mentor teacher. The MLFTC Office of Professional Experiences assists in coordinating all placements.

This program prepares students to meet the requirements for institutional recommendation for teacher certification in the state of Arizona.",https://degrees.apps.asu.edu/bachelors/major/ASU00/LAENGSEBA,The Mary Lou Fulton Teachers College is accredited by the Council for the Accreditation of Educator Preparation.,,"English (Secondary Education), BA",https://degrees.apps.asu.edu/bachelors/major-list/letter/all?init=false&nopassive=true
"Writing, Rhetorics and Literacies","The Bachelor of Arts in English with a concentration in writing, rhetorics and literacies provides a comprehensive education in writing and rhetoric useful for a variety of professions in which written, visual and digital communication are central.

This English program emphasizes the study of writing in a variety of contexts to prepare students for careers in which strong writing, research and analytical skills are essential.

Students in this program explore the history, theory and practice of writing. They develop skills in argument and persuasion, discourse analysis, digital literacies, research methods and the study of writing in a range of public and professional contexts.

Students analyze how texts (written, visual, digital) are produced, how they circulate and how they are received by different audiences in a variety of contexts. They learn to be more effective writers and communicators, preparing them for jobs in industry, government and education as well as graduate study.",https://degrees.apps.asu.edu/bachelors/major/ASU00/LAENGWRLBA,,,"English (Writing, Rhetorics and Literacies), BA",https://degrees.apps.asu.edu/bachelors/major-list/letter/all?init=false&nopassive=true
"Creative Writing, Linguistics","The bachelor's degree program in English provides a comprehensive and dynamic curriculum in which students explore the power of language and literature to shape the world.

The program features small classes, award-winning faculty and a great deal of flexibility so that students can focus their studies on what most interests them.

The curriculum also fosters transferable skills that are highly valued by employers in every profession: sophisticated reading and writing skills, critical and creative thinking, strong research abilities and a nuanced understanding of diverse cultures.

The Department of English also offers students the opportunity to earn a bachelor's degree and a master's degree in a shorter amount of time through the 4+1 accelerated degree program. After completing the undergraduate requirements, students in this accelerated program can share up to 12 credit hours between the BA and the MA, thus decreasing the time it takes to earn both degrees.",https://degrees.apps.asu.edu/bachelors/major/ASU00/LAENGBA,,,"English, BA",https://degrees.apps.asu.edu/bachelors/major-list/letter/all?init=false&nopassive=true
,"The BA program in enterprise leadership is for students who want to develop essential leadership skills necessary for navigating and succeeding in a variety of complex organizational settings, from small businesses to large corporations and from nonprofits to government entities. This innovative program focuses on real-world challenges and problem-solving, equipping students with the tools to inspire, motivate and guide teams toward common goals. Students gain a deep understanding of organizational dynamics, strategic thinking and ethical decision-making, preparing them for impactful careers across various sectors. The curriculum combines theoretical knowledge with practical application, ensuring graduates are well-prepared to lead with integrity and vision in a rapidly changing global landscape. This program is ideal for aspiring leaders who are passionate about making a difference and driving positive change within their organizations and communities.",https://degrees.apps.asu.edu/bachelors/major/ASU00/LAELLBA,,BA,"Enterprise Leadership, BA",https://degrees.apps.asu.edu/bachelors/major-list/letter/all?init=false&nopassive=true
"['Conservation Biology and Ecology', 'International Development and Sustainability', 'Sustainable and Renewable Resources']","The BS program in environmental and resource management provides students with a science-based curriculum focused on the management of natural resources, including water, land, plants and wildlife. Students learn principles of ecosystem resilience, and they learn how to apply those principles to the management of natural resources in a changing world.

The curriculum is interdisciplinary in nature. Students take courses in chemistry, biology, physics and math as a foundation for a core of classes in environmental and resource management that prepares them for careers in which they are tasked with finding solutions to complex environmental challenges. Students also have considerable flexibility in selecting their upper-division science electives, which allows them to design a more specialized curriculum based on their interests and career goals.

Graduates with a BS in environmental and resource management are well-prepared for a variety of careers in the environmental consulting industry as well as with local, state and federal government agencies responsible for the stewardship of natural resources. They are also well-prepared for graduate studies in a variety of related fields, including ecology, conservation biology, hydrology, resource management and environmental science.",https://degrees.apps.asu.edu/bachelors/major/ASU00/ESERMBS,,BS,"Environmental and Resource Management, BS",https://degrees.apps.asu.edu/bachelors/major-list/letter/all?init=false&nopassive=true
,"The BS program in environmental chemistry provides students a strong background in chemistry that is tailored to understanding and solving environmental problems at the molecular level. Graduates are prepared for careers in a wide range of fields, including:

environmental consulting
environmental law
environmental regulations and compliance
hazardous waste management
industrial hygiene
pollution control and remediation
public health
water purification",https://degrees.apps.asu.edu/bachelors/major/ASU00/ESESECBS,,BS,"Environmental Chemistry, BS",https://degrees.apps.asu.edu/bachelors/major-list/letter/all?init=false&nopassive=true
"Construction Management, Historic Preservation","The bachelor's degree program in environmental design and construction provides the skills and knowledge needed to pursue a variety of careers related to building and landscape construction, materials, methods and management, as well as those careers in the area of historic preservation. Students graduate from the program with a Bachelor of Science degree. The environmental design and construction program is composed of two concentrations: construction management and historic preservation.",https://degrees.apps.asu.edu/bachelors/major/ASU00/ESEDCBS,,,"Environmental Design and Construction, BS",https://degrees.apps.asu.edu/bachelors/major-list/letter/all?init=false&nopassive=true
,"The BSE program in environmental engineering focuses on the scientific and engineering principles needed to protect and clean the environment. Students learn to apply their knowledge of the natural sciences (chemistry, biology, physics) and mathematics to design and operate pollution control and resource recovery systems. The coursework provides a strong foundation in the concepts of fluid mechanics, and water and wastewater treatment, as well as air pollution control, solid and hazardous waste management, and environmental systems modeling. The program provides the technical competence and professional skills to prepare students for a career in environmental engineering. Graduates are prepared for professional practice or for advanced studies. Environmental engineers are involved in a variety of activities that can directly impact public health and the environment. Opportunities for environmental engineers include working in industry, for consulting firms, or in government agencies. The undergraduate program in environmental engineering is accredited by the Engineering Accreditation Commission of ABET, https://www.abet.org.",https://degrees.apps.asu.edu/bachelors/major/ASU00/ESEVGBSE/environmental-engineering,"The undergraduate program in environmental engineering is accredited by the Engineering Accreditation Commission of ABET, https://www.abet.org.",,"Environmental Engineering, BSE",https://degrees.apps.asu.edu/bachelors/major-list/letter/all?init=false&nopassive=true
"['Conservation Biology and Ecology', 'Environmental Chemistry', 'Environmental Engineering', 'Environmental Policy and Management', 'Geological Sciences', 'Sustainable Food Systems', 'Sustainable Horticulture', 'Water, Climate and Energy']","The environmental science BS program provides students with a strong foundation in the sciences to understand environmental problems and the skills to generate solutions. It is designed to develop a generation of leaders to address critical challenges in the environment, including climate change, biodiversity loss and ecosystem degradation, and pollution. The curriculum combines a foundation in natural and social sciences with extensive hands-on experience in the field and laboratory and with data analysis to provide students the skills and knowledge needed for a successful career in the environmental sector.

Students in the program also develop strong written and oral communication skills, as well as problem-solving and critical thinking skills.

Graduates are prepared for a variety of careers in consulting, governmental agencies and nongovernmental organizations. The degree program also prepares students for graduate studies in environmental science or a related discipline.",https://degrees.apps.asu.edu/bachelors/major/ASU00/LAESCIEBS,,BS,"Environmental Science, BS",https://degrees.apps.asu.edu/bachelors/major-list/letter/all?init=false&nopassive=true
,"The BS program in family and human development explores the dynamic and complex nature of human development across the life span within the context of families, communities and society. This program gives students the tools to improve the lives of children, youth and adults with an interdisciplinary approach that combines coursework in psychology, sociology, physiology and education. Through a variety of class formats and out-of-the-classroom learning experiences, students apply what they have learned to hands-on settings in the community. Students learn how to create and implement evidence-based programs in human services agencies and educational settings.",https://degrees.apps.asu.edu/bachelors/major/ASU00/LAFHDBS,,BS,"Family and Human Development, BS",https://degrees.apps.asu.edu/bachelors/major-list/letter/all?init=false&nopassive=true
"Fashion Design, Fashion Merchandising","The BA program in fashion is a transdisciplinary program that provides a foundation for students to work in many roles in the global fashion industry, from design and merchandising to marketing and management. The program is housed in the Herberger Institute for Design and the Arts, with strong connections to the W. P. Carey School of Business and the Walter Cronkite School of Journalism and Mass Communication.

This forward-thinking, industry-facing degree program focuses on creative exploration and professional practice, emphasizing the development of an entrepreneurial mindset. Students learn the fundamentals of design thinking, fashion history, materials and technology, and business principles.

Within this flexible curriculum, students pursue a concentration in either fashion design or fashion merchandising.

The concentration in fashion design prepares students for positions in the areas of creative and technical design within the fashion industry.

The concentration in fashion merchandising prepares students for positions within the areas of fashion marketing, journalism, public relations, event management and merchandising.

The curriculum is enhanced by a required internship, study abroad opportunities and student-run ventures, including a student fashion blog, a retail venture and an annual fashion show. The program is committed to developing well-rounded, creative professionals who can adapt to the rapidly evolving global fashion industry.",https://degrees.apps.asu.edu/bachelors/major/ASU00/LAFASBA,,BA,"Fashion, BA",https://degrees.apps.asu.edu/bachelors/major-list/letter/all?init=false&nopassive=true
Film and Media Production,"The BA program in film with a concentration in film and media production offers students a broad, liberal arts-based course of study in the cinematic arts. Students are provided the opportunity to study film from a variety of perspectives, including theory, history and practice. The curriculum develops students' creative and critical skills, allowing them to pursue careers as independent filmmakers, work in a variety of roles on film and media productions, or find film-related jobs in areas such as cinematic arts management, film programming, and film and media archiving and preservation.

Students in this program are not required to complete a second language.

Students pursuing this degree will be enrolled in the film and media production concentration, which is housed at the Tempe campus and provides students with a solid foundation of production courses along with the flexibility to pursue an internship, minor or second major of their choice.",https://degrees.apps.asu.edu/bachelors/major/ASU00/LAFLMMBA,,,"Film (Film and Media Production), BA",https://degrees.apps.asu.edu/bachelors/major-list/letter/all?init=false&nopassive=true
Filmmaking Practices,"The BA program in film with a concentration in filmmaking practices is an interdisciplinary degree that gives students a broad understanding of the art, craft and business of filmmaking. The curriculum helps students develop the critical and creative skills to produce compelling media content for a range of platforms and venues.

In this program, students are immersed in a hands-on production environment from their first year. They gain proficiency in all aspects of filmmaking, from preproduction to post-production, including:

- directing
- producing
- screenwriting
- cinematography
- editing
- sound
- production design
- visual effects

Students have the opportunity to make a variety of media projects, including narrative and documentary shorts, commercials, and web series. The school has a state-of-the-art production facility, with editing suites, sound mixing rooms, and a sound stage. Students also have access to a wide range of professional equipment, including industry-standard cameras, lighting and sound gear.

The program is part of the Sidney Poitier New American Film School, which is dedicated to training the next generation of diverse film artists and industry leaders. The school is committed to creating a more inclusive and equitable film industry, and its curriculum reflects this commitment. Students learn about the history and theory of film, with a focus on underrepresented voices and perspectives.

Students have opportunities to network with industry professionals through guest lectures, workshops and internships.",https://degrees.apps.asu.edu/bachelors/major/ASU00/LAFLMBA/film-filmmaking-practices-ba,,BA,"Film (Filmmaking Practices), BA",https://degrees.apps.asu.edu/bachelors/major-list/letter/all?init=false&nopassive=true
,"The film and media studies program offers a Bachelor of Arts degree that focuses on the history, theory and criticism of film, television and new media. It is an academic, not a production, program.

Students are encouraged to develop a critical understanding of film and media from various historical, cultural and theoretical perspectives. They work with a faculty of national and international standing, and they have opportunities for internships in the film industry and various other media-related institutions.

The curriculum offers a liberal arts education that prepares graduates for a wide range of career opportunities. Graduates are well prepared for careers in film and media criticism, the film industry, arts administration and education as well as for graduate study in film and media.",https://degrees.apps.asu.edu/bachelors/major/ASU00/LAFLMBA,,,"Film and Media Studies, BA",https://degrees.apps.asu.edu/bachelors/major-list/letter/all?init=false&nopassive=true
Financial Planning,"The BS program in finance provides students with the knowledge and skills necessary to work in a variety of finance-related fields.

The curriculum is designed to familiarize students with the institutions, theory and practice of finance. The program provides an understanding of how financial markets and institutions work, how to value and use a variety of financial instruments, and how to assess and manage risk in a variety of settings. Students learn how to analyze financial information and make sound financial decisions that create value.

Students may also complete a certificate in financial planning.

The Department of Finance has strong ties to the local and national business community. Finance faculty members are nationally and internationally recognized for their research. The department provides students with many opportunities to interact with finance professionals. Many student organizations, including the Financial Management Association and the Student Investment Management Fund, bring prominent professionals to campus to speak with students.",https://degrees.apps.asu.edu/bachelors/major/ASU00/BAFINBS/finance,The W. P. Carey School of Business is accredited by the Association to Advance Collegiate Schools of Business (AACSB International).,BS,"Finance, BS",https://degrees.apps.asu.edu/bachelors/major-list/letter/all?init=false&nopassive=true
,"The Bachelor of Science in financial planning provides students with the necessary knowledge and skills to assist individuals and families with a variety of financial needs, including investment selection, retirement and estate planning, and risk management.

Graduates of the financial planning program find career opportunities in the fast-growing industry of personal financial services. The BS program in financial planning is a CFP Board-registered program. Graduates are eligible to sit for the national Certified Financial Planner™ certification examination. The program combines rigorous financial planning coursework with an applied learning component. Students gain hands-on experience by volunteering in the community to deliver financial literacy workshops and by working in paid and unpaid internships with financial services firms. In addition, students have opportunities to participate in professional development activities, to meet industry professionals and to network.",https://degrees.apps.asu.edu/bachelors/major/ASU00/BAFINPLBS,The BS program in financial planning is a CFP Board-registered program.,BS,"Financial Planning, BS",https://degrees.apps.asu.edu/bachelors/major-list/letter/all?init=false&nopassive=true
,"The BS program in food and nutrition entrepreneurship is a unique business-focused nutrition program designed to prepare students for careers that create innovative, evidence-based solutions for health.

Students learn about food, nutrition, business, communication and leadership. They gain essential knowledge and skills that will enable them to contribute to new and existing businesses in the rapidly growing health and wellness industry. In addition to a comprehensive science-based nutrition curriculum, students develop business acumen by learning about finance, marketing, management and entrepreneurship.

The curriculum prepares students for employment in a variety of settings, such as food industry, health care, health and wellness companies, government agencies, entrepreneurial enterprises and nonprofit organizations.",https://degrees.apps.asu.edu/bachelors/major/ASU00/HEFNEBS/food-and-nutrition-entrepreneurship-bs,,BS,"Food and Nutrition Entrepreneurship, BS",https://degrees.apps.asu.edu/bachelors/major-list/letter/all?init=false&nopassive=true
Food Science,"The BS program in food and nutritional sciences is for students who wish to apply basic food and nutritional sciences to careers in the food industry or in community or public health nutrition.

The food science curriculum provides a strong foundation in food chemistry, food microbiology, food engineering and food processing. Students gain a deeper understanding of current food processing techniques, food safety and quality control.

The nutrition curriculum provides a strong foundation in human nutrition. Students learn about the physiological needs for nutrients throughout the life span and how to plan diets and community programs to meet these needs.

The program can prepare students for a variety of professional schools, including:

dental school
medical school
nursing school
optometry school
pharmacy school
physical therapy school
physician assistant programs

This program does not include all courses required for dietetics registration.",https://degrees.apps.asu.edu/bachelors/major/ASU00/ESFNBS,,BS,"Food and Nutritional Sciences, BS",https://degrees.apps.asu.edu/bachelors/major-list/letter/all?init=false&nopassive=true
,"The BS program in forensic science provides a strong foundation in the sciences with extensive laboratory experience. This degree program meets the educational requirements for the FBI's specialized scientific positions.

The curriculum is based on the recommendations of the Technical Working Group for Education and Training in Forensic Science and is designed around a strong science core (chemistry, biology, physics and mathematics) to provide students with a solid foundation in the sciences along with specialized forensic science coursework in the junior and senior years.

Students have opportunities to participate in hands-on learning through laboratory-based courses and internships in working forensic science laboratories. An internship provides a culminating experience in which a student is placed in a crime laboratory or other forensic science setting to gain valuable, real-world experience.

The School of Mathematical and Natural Sciences has strong relationships with local, state and federal crime laboratories, including the Phoenix Police Department Crime Laboratory, the Arizona Department of Public Safety Crime Laboratory system, the Maricopa County Medical Examiner's Office and the Bureau of Alcohol, Tobacco, Firearms and Explosives.

The forensic science curriculum includes a diverse range of topics, including crime scene investigation, forensic chemistry, forensic biology (DNA), physical evidence (firearms, prints), quality assurance and the law.

Forensic science graduates find employment in a variety of settings, including federal, state and local crime laboratories; law enforcement agencies; and medical examiner offices. Some graduates go on to medical or law school.",https://degrees.apps.asu.edu/bachelors/major/ASU00/LAFSCBS,,,"Forensic Science, BS",https://degrees.apps.asu.edu/bachelors/major-list/letter/all?init=false&nopassive=true
,"The BA program in French provides students with a high level of proficiency in the French language and a strong knowledge of the literatures and cultures of France and the French-speaking world.

The program offers a solid foundation for students planning to pursue careers in a variety of fields, including education, translation, interpretation, business, tourism, diplomacy, international development, national security, foreign service and social work, as well as for those wishing to enter graduate programs in French or related fields.

The curriculum offers a variety of courses in French language, literature, culture and linguistics. Through these courses, students acquire and develop sophisticated abilities in oral and written expression, including critical thinking, textual analysis and research skills.",https://degrees.apps.asu.edu/bachelors/major/ASU00/LAFRENBA,,BA,"French, BA",https://degrees.apps.asu.edu/bachelors/major-list/letter/all?init=false&nopassive=true
,"The Bachelor of Arts in general studies is a degree completion program for students with at least 60 semester hours of transferable college credit or an associate degree from a regionally accredited institution. It is recommended that transfer students have an ASU GPA of 2.00 or higher and a transfer GPA of 2.50 or higher.

The general studies program provides students with the opportunity to design a program of study that meets their unique educational and career goals. Students choose three of 11 available subject area concentrations to create a customized program of study in consultation with an academic advisor.

Students interested in the general studies program should meet with a College of Integrative Sciences and Arts academic advisor to create a plan of study.

The general studies program is designed for students who have a variety of interests and who seek a broad, interdisciplinary education. The program is flexible and allows students to explore different fields of study while developing critical thinking, communication and problem-solving skills. Upon graduation, students are well-prepared for a variety of careers in fields such as business, education, government and nonprofit organizations.

Students must complete all ASU general studies requirements, including the first-year composition requirement.

The subject areas from which a student may select are:
communication
history
leadership
personal health
political science
psychology
social justice
social welfare
sociology
U.S. and global diversity
U.S. history",https://degrees.apps.asu.edu/bachelors/major/ASU00/LAGESBA,,BA,"General Studies, BA",https://degrees.apps.asu.edu/bachelors/major-list/letter/all?init=false&nopassive=true
Meteorology-Climatology,"The Bachelor of Science degree program in geography with a concentration in meteorology-climatology is for students interested in a wide range of atmospheric science careers, including weather forecasting and broadcast meteorology.

The School of Geographical Sciences and Urban Planning is home to the most advanced meteorology-climatology program in the Arizona-New Mexico-West Texas region and offers unique learning opportunities for students.

The meteorology-climatology concentration curriculum meets all the American Meteorological Society and National Weather Service recommendations for an undergraduate degree in atmospheric science. Many graduates are employed by the National Weather Service, the U.S. military or private forecasting companies, while others go on to top graduate programs around the country.

The program has three main areas of focus:

Climatology: Students study topics including the physical causes of climate, how climate varies over space and time, and the role of climate in human affairs. A variety of research tools are used in this field, from satellite data to state-of-the-art climate models. Students explore issues such as global warming, urban climate, drought and climate change.

Meteorology: Students delve into atmospheric dynamics and thermodynamics with the goal of understanding and forecasting weather. Coursework gives them direct experience with satellite and radar data, weather maps and numerical weather prediction models. Many students pursue broadcast meteorology, gaining experience through an internship program with a local Phoenix television station.

Extreme weather: Students examine events such as thunderstorms, tornadoes, hurricanes and floods to better understand their physical causes and their effects on humans. In addition to coursework, students can get involved in research through the school's Severe Weather Research Group.",https://degrees.apps.asu.edu/bachelors/major/ASU00/LAGGRMBS/geography-meteorology-climatology-bs,,BS,"Geography (Meteorology-Climatology), BS",https://degrees.apps.asu.edu/bachelors/major-list/letter/all?init=false&nopassive=true
,"Geographers study the Earth's landscapes, peoples, places and environments. It is, quite simply, about the world in which we live. Geographers are keenly aware of the space around us and how it is organized and changed over time. They bring a unique spatial perspective to social, environmental and physical sciences, offering a holistic view of the world.

Students in the geography BA program are able to focus their studies in areas of their interest. Some examples of these areas include:

urban studies
population geography
cultural geography
political geography
globalization
economic geography

The curriculum's flexibility allows students to also pursue a minor or a second major.

Because geographers must have a broad understanding of the world, they take courses in a variety of related fields. This major has a strong interdisciplinary focus that prepares students for careers in both the public and private sectors, including in urban planning, real estate, community development, tourism and marketing.

The degree is excellent preparation for continued graduate studies in geography as well as in other fields, such as urban planning and law.

This program allows students to develop an understanding of major concepts, theoretical perspectives and historical trends in human and physical geography.",https://degrees.apps.asu.edu/bachelors/major/ASU00/LAGEOBA,,BA,"Geography, BA",https://degrees.apps.asu.edu/bachelors/major-list/letter/all?init=false&nopassive=true
,"The Bachelor of Science in geography is an interdisciplinary social science degree that allows students to focus on areas of human and environmental geography.

Geographers seek to understand complex social and environmental issues from a spatial perspective. They analyze the arrangement of people and their activities on Earth's surface and their relationships, their use of and impact upon the human and physical environment, and their patterns of movement.

Students in this program will be equipped with the necessary knowledge and skills to describe, analyze and explain the arrangement of the Earth's physical and human features and the processes and interrelationships that create them. The program is flexible to allow students to specialize on a particular theme or region.",https://degrees.apps.asu.edu/bachelors/major/ASGISTBS,,,"Geography, BS",https://degrees.apps.asu.edu/bachelors/major-list/letter/all?init=false&nopassive=true
,"The German bachelor's degree program helps students build a strong foundation of skills in the German language, with an emphasis on practical application, whether for use in business, government, research or other professions.

Students achieve proficiency in the German language and develop a sophisticated knowledge of German culture through coursework that promotes intellectual growth and the development of analytical and critical thinking skills. The core curriculum focuses on language, literature, culture, linguistics and phonetics. Students practice and develop their language skills through compositions, oral presentations, conversation and class discussions in German.

The curriculum gives students the ability to customize their degree program by choosing from an expansive list of electives related to German literature, film and cultural history. All students complete a senior capstone project in their final semester that incorporates the knowledge and skills they have cultivated as German majors.",https://degrees.apps.asu.edu/bachelors/major/ASU00/LAGERBA,,BA,"German, BA",https://degrees.apps.asu.edu/bachelors/major-list/letter/all?init=false&nopassive=true
,"The BS program in global agribusiness prepares students for management and leadership positions in the food and agriculture industries, which encompass a wide array of enterprises, from production agriculture to food manufacturing, distribution and retailing. Students develop strong analytical and business skills and learn how to apply them in a socially responsible way on a global scale. The program draws on faculty expertise in agribusiness and is enhanced by the resources of the W. P. Carey School of Business and other ASU academic units. Core areas of study include: agricultural marketing, finance, management, food systems, economics, international development, policy and business analytics. The program trains students in business and economic analysis, providing a strong foundation for understanding and managing complex challenges faced in a globalized food system.",https://degrees.apps.asu.edu/bachelors/major/ASU00/BABUSGABS,Business (BUS) accredited by AACSB International.,,"Global Agribusiness, BS",https://degrees.apps.asu.edu/bachelors/major-list/letter/all?init=false&nopassive=true
,"The Bachelor of Arts in global health is a holistic, transdisciplinary program that provides a unique opportunity for undergraduate students to learn about the complexities of global health problems and to build the skills necessary to address these challenges.

The program combines a natural sciences-based curriculum in human health and disease with social science coursework that explores the cultural, economic, historical and political factors that shape health patterns and policies around the globe.

The global health major has a strong emphasis on research and prepares students to become future leaders in a variety of global health-related careers, including global public health, medicine and other health professions, international development and resource management.",https://degrees.apps.asu.edu/bachelors/major/ASU00/SHSGHBA,,BA,"Global Health, BA",https://degrees.apps.asu.edu/bachelors/major-list/letter/all?init=false&nopassive=true
,"The BS program in global logistics management provides students with a high-quality education in the areas of logistics, supply chain management, and operations management. The program is designed to provide students with a solid foundation and understanding of the role of logistics in the global economy.

Students in global logistics management develop the skills necessary to manage and move goods and services within a business and between businesses anywhere in the world. The curriculum provides a broad understanding of the business environment as well as an in-depth understanding of the critical importance of globally integrated supply chain management.",https://degrees.apps.asu.edu/bachelors/major/ASU00/BABUSGLMBS,"The W. P. Carey School of Business is accredited by AACSB International, the Association to Advance Collegiate Schools of Business. AACSB accreditation is the oldest and most recognized in the world, and it is the benchmark of quality for business education.",BS,"Global Logistics Management, BS",https://degrees.apps.asu.edu/bachelors/major-list/letter/all?init=false&nopassive=true
"['International business, language and culture']","The Bachelor of Global Management program from the Thunderbird School of Global Management at ASU prepares students with the essential hard and soft skills they need to lead and succeed in the Fourth Industrial Revolution. The innovative BGM curriculum combines cross-cultural studies, regional expertise, and a liberal arts core with a cutting-edge education in global business, technology and management. Students learn from world-class faculty members with extensive experience in international business and leadership. The program teaches in-demand skills such as adaptability, critical thinking, cross-cultural communication, data analytics, global citizenship, global mindset and problem-solving.

This program is available for first-time, first-year students.

Students learn to navigate the complexities of global business in a curriculum that includes courses from across the university as well as specialized Thunderbird courses on topics like communicating in global teams, global accounting, global leadership, and states and governance in a globalized world.

There is no foreign language proficiency requirement for admission; however, all students are required to achieve intermediate-level proficiency in a second language to graduate. Thunderbird offers professional language instruction in a variety of languages.

Through a required global experience, such as a semester-long study abroad program or an international internship, students can apply their knowledge in a real-world setting, further developing their cross-cultural communication and leadership skills.

With more than 45,000 graduates in more than 140 nations, Thunderbird's alumni network is a powerful resource for graduates throughout their careers. Graduates are prepared for leadership roles in a variety of sectors, including business, government, and nonprofits, and are equipped to make a positive impact on the world by creating sustainable prosperity worldwide.",https://degrees.apps.asu.edu/bachelors/major/ASU00/TBGLMABGM,The Bachelor of Global Management program is accredited by the Higher Learning Commission.,BGM,"Global Management, BGM",https://degrees.apps.asu.edu/bachelors/major-list/letter/all?init=false&nopassive=true
"Economic Development, Global Business, Global Health, Global Management, Governance and Conflict, Human Rights, International Relations, Migration, Refugees and Displaced Persons, Sustainable Development","The Bachelor of Arts in global studies is an interdisciplinary program that prepares students for the challenges of living and working in a globalized world. Students learn to analyze complex global issues from a variety of perspectives, drawing upon the methods and theories of the social sciences and humanities. The program is flexible, allowing students to combine the study of global studies with another major or to select from one of nine concentrations. Students who pursue the concentration are required to have an international experience. Global studies graduates are prepared for employment as global professionals in a variety of fields.",https://degrees.apps.asu.edu/bachelors/major/ASU00/LAGLSBA,,BA,"Global Studies, BA",https://degrees.apps.asu.edu/bachelors/major-list/letter/all?init=false&nopassive=true
,"The bachelor's degree program in graphic design provides a foundation in visual communication principles, theory and history in order to prepare students for a changing industry. Students work in a professional, collaborative and interdisciplinary design environment.

The curriculum is focused on a rigorous design process that culminates in developing a comprehensive portfolio. Students are prepared to enter a rapidly changing field, work in a variety of settings and collaborate on teams with other design professionals.

The program values design thinking, craft, technology, community engagement and collaboration. Students will:
- explore typography, visual communication, image making and publication design
- develop user interface and user experience design
- investigate branding and information design
- create a final portfolio and capstone project",https://degrees.apps.asu.edu/bachelors/major/ASU00/DEGRDDBSD,The graphic design program is accredited by the National Association of Schools of Art and Design.,BSD,"Graphic Design, BSD",https://degrees.apps.asu.edu/bachelors/major-list/letter/all?init=false&nopassive=true
"['Animation', 'Commercial Photography and Video', 'Full-Stack Web Development', 'Internet and Web Development', 'Printing and Publishing', 'User Experience']","The Bachelor of Science in graphic information technology program provides students with a creative, technological and managerial understanding of the graphic information industry.
The GIT program at ASU is a comprehensive, contemporary, hands-on and project-based learning program that focuses on creating visual content for multi-channel distribution, including print, web, photo, video and animation.
Students are encouraged to develop their own unique interests within the broader field of graphic information technology by concentrating in one of the specialty areas below. They become highly sought after for their specific skill sets as well as their general knowledge and versatility in the field.
Graduates of the GIT program are not only skilled designers and technologists but they also possess strong skills in project management, teamwork and communication and a comprehensive understanding of business operations. They are true leaders and innovators in the field of visual design and technology.",https://degrees.apps.asu.edu/bachelors/major/ASU00/TFGITBS/graphic-information-technology,,,"Graphic Information Technology, BS",https://degrees.apps.asu.edu/bachelors/major-list/letter/all?init=false&nopassive=true
,"The health care administration and policy major prepares students to manage the business and policy side of health care, including hospitals, health insurance companies, pharmaceutical companies, government agencies and public health organizations.

The program curriculum is composed of courses from across ASU, including those offered by the College of Health Solutions; the W. P. Carey School of Business; the School of Public Affairs; the Hugh Downs School of Human Communication; and The College of Liberal Arts and Sciences.

Students in the program have opportunities to pursue an accelerated degree program, research and honors theses, and internships.

The health care administration and policy degree program provides the foundational knowledge needed to pursue graduate and professional school opportunities in health care administration and health care policy or to enter directly into the workforce upon graduation.",https://degrees.apps.asu.edu/bachelors/major/ASU00/ESHCAPBS,,BS,"Health Care Administration and Policy, BS",https://degrees.apps.asu.edu/bachelors/major-list/letter/all?init=false&nopassive=true
,"The health care compliance and regulations bachelor's degree program prepares students to work as compliance specialists in various health care settings, including hospitals, clinics, long-term care facilities, insurance companies, and government agencies.

Students learn how to interpret and apply complex federal and state laws and regulations in real-world situations, investigate potential violations, and develop and implement compliance plans.

The coursework for the health care compliance and regulations degree is developed and delivered by expert faculty and covers the fundamental areas of compliance, such as privacy and security, billing and coding, and quality of care. Students learn the tools and techniques needed to audit and monitor compliance programs and how to respond to government investigations.

Graduates of this program may go on to careers as compliance analysts, managers, officers or specialists, or in roles related to health care privacy and security, medical coding and billing, or revenue integrity. The skills learned in this program may also provide a foundation for those interested in pursuing a law degree or other graduate-level studies.",https://degrees.apps.asu.edu/bachelors/major/ASU00/TSHCCRBS,,BS,"Health Care Compliance and Regulations, BS",https://degrees.apps.asu.edu/bachelors/major-list/letter/all?init=false&nopassive=true
,"The health care coordination bachelor's degree program prepares students to work as part of an interprofessional health care team. The curriculum is focused on health care coordination within a population health framework. Students gain foundational knowledge in social determinants of health and the role of value-based care in achieving the Quadruple Aim. They will learn strategies to help patients navigate the complex health care system, access community resources and improve health outcomes. Graduates are equipped with the foundational knowledge and functional skills to be effective health care coordinators and patient navigators in primary care, hospital and community health settings. Coursework covers topics in interprofessional collaboration, leadership, patient-centered communication, health information technology and health care financing.",https://degrees.apps.asu.edu/bachelors/major/ASU00/TSHCCBS,,,"Health Care Coordination, BS",https://degrees.apps.asu.edu/bachelors/major-list/letter/all?init=false&nopassive=true
,"The BS program in health education and health promotion prepares students for careers as health education specialists in a wide variety of settings, including governmental public health agencies, nonprofit community health organizations, hospitals and medical care organizations, and corporate wellness programs.

The curriculum is aligned with the areas of responsibility for health education specialists as identified by the National Commission for Health Education Credentialing. The program emphasizes an ecological approach to health, focusing on the social and environmental determinants of health and health behavior. Students acquire the knowledge and skills necessary to assess health education needs; plan, implement and evaluate health education programs; and advocate for health-enhancing policies and environments. The program also provides excellent preparation for graduate studies in public health and other health professions.

Graduates are eligible to sit for the national certified health education specialist exam. Upon passing the exam, graduates receive the CHES credential.

Upon graduation, students are prepared to work in a variety of health settings.",https://degrees.apps.asu.edu/bachelors/major/ASU00/ESHEHPBS,,BS,"Health Education and Health Promotion, BS",https://degrees.apps.asu.edu/bachelors/major-list/letter/all?init=false&nopassive=true
,"The BS program in health entrepreneurship and innovation is designed to prepare students to be leaders and innovators in a rapidly changing health care landscape. This transdisciplinary program focuses on entrepreneurship and innovation within the health sector, not as a business program but as a way of thinking and problem-solving to create value.

Students learn how to identify opportunities in health care to create valuable solutions for individuals and populations. The curriculum helps students think critically and creatively to solve complex problems and identify solutions for real-world health and health care challenges. They learn how to use an entrepreneurial mindset and systems-level thinking to become a change agent in health care.",https://degrees.apps.asu.edu/bachelors/major/ASU00/ESHEIBS,,,"Health Entrepreneurship and Innovation, BS",https://degrees.apps.asu.edu/bachelors/major-list/letter/all?init=false&nopassive=true
Healthy Lifestyles and Fitness Science,"The BS program in health sciences with a concentration in healthy lifestyles and fitness science provides a strong foundation in evidence-based principles of lifetime wellness, physical activity and fitness. The degree program emphasizes the knowledge and skills necessary for those interested in healthy lifestyles and fitness careers, including those that lead to national certifications by organizations such as the National Academy of Sports Medicine and the National Strength and Conditioning Association. The curriculum provides a strong foundation for students who want to continue their studies in graduate and professional programs.

The concentration in healthy lifestyles and fitness science prepares students for a variety of careers in fitness, wellness, health education and promotion and other health-related fields.

The program is offered by the College of Health Solutions. Students can complete this degree program at ASU's Downtown Phoenix campus or through ASU Online.",https://degrees.apps.asu.edu/bachelors/major/ASU00/ESHLSCBS/health-sciences-healthy-lifestyles-and-fitness-science-bs,,BS,"Health Sciences (Healthy Lifestyles and Fitness Science), BS",https://degrees.apps.asu.edu/bachelors/major-list/letter/all?init=false&nopassive=true
,"The BS program in health sciences provides students with a strong foundation in health-related coursework to prepare them for a variety of roles in health care and for entry into graduate-level clinical programs.

Students in the BS program in health sciences focus on health-related topics, including:

anatomy and physiology
biology
chemistry
medical terminology
nutrition
pharmacology
physics
psychology

This major is also available in a concentration in healthy lifestyles and fitness science.

Through this comprehensive curriculum, students develop the skills and knowledge needed to excel in their chosen health care field.",https://degrees.apps.asu.edu/bachelors/major/ASU00/ESHSBS,,BS,"Health Sciences, BS",https://degrees.apps.asu.edu/bachelors/major-list/letter/all?init=false&nopassive=true
,"The BS program in healthy lifestyles and fitness science prepares students to be leaders and innovators in the burgeoning fields of corporate wellness, public health, health coaching, personal training, and strength and conditioning. The program's core coursework provides a strong science foundation with an emphasis on evidence-based principles. This prepares students for careers in the health and fitness industry, helps them prepare to apply for graduate programs in health and for nationally recognized certifications.

The rigorous science-based curriculum for the healthy lifestyles and fitness science program is founded on the exercise science and health-related content areas of anatomy, biomechanics, exercise physiology, health promotion, lifestyle behavior change, nutrition, and research and statistics.

Students have opportunities for hands-on, experiential learning in the core classes, in a broad selection of elective courses and through a required internship. This combination of required coursework, electives and internship experiences offers students the opportunity to learn, practice and demonstrate competencies and professional skills in all areas of healthy lifestyles and fitness science.",https://degrees.apps.asu.edu/bachelors/major/ASU00/ESHLFCBS,,BS,"Healthy Lifestyles and Fitness Science, BS",https://degrees.apps.asu.edu/bachelors/major-list/letter/all?init=false&nopassive=true
"Global History, History of the Americas, Public History, U.S. History","The Bachelor of Arts in history is one of the most versatile degrees a student can earn, with a curriculum that provides a broad, comprehensive knowledge of the past and a method for organizing and interpreting human experience. In courses, students are exposed to the historical experiences of people from many different cultures in different time periods.

Students learn how to:
- evaluate evidence
- interpret and weigh sources of information
- organize information in a coherent way
- think critically
- write clearly

The curriculum is designed to help students think historically and gain a better understanding of the global community in which they live. The research, analytical and writing skills that are part of a history major's training provide excellent preparation for a wide variety of careers in business, public service, education and law, and can help students more fully engage in their communities and understand the challenges and opportunities of the 21st century.",https://degrees.apps.asu.edu/bachelors/major/ASU00/LAHSTYBA,,BA,"History, BA",https://degrees.apps.asu.edu/bachelors/major-list/letter/all?init=false&nopassive=true
,"The BA program in the history of science, ideas and innovation is for students who are fascinated by science, technology and medicine and want to study them from a humanistic perspective. This major is perfect for students who love both the sciences and the humanities and are seeking a course of study that integrates the two.

This history of science degree program combines rigorous training in historical methods with a deep dive into the history of science, technology and medicine and their interactions with culture, politics and the arts. Students learn how to analyze primary historical sources, evaluate arguments in historical scholarship, and craft their own evidence-based arguments about the past. They also learn how to communicate effectively about science, technology and medicine with diverse audiences.

This degree program prepares students for a wide range of careers, from law, medicine, public policy and science journalism to business, education and archival or museum work. Students learn how to ask complex questions about the world and how to find answers by drawing on a diverse range of evidence. Graduates are nimble thinkers, excellent communicators and creative problem-solvers, all qualities in high demand in the contemporary job market.",https://degrees.apps.asu.edu/bachelors/major/ASHSIIBA,,BA,"History of Science, Ideas and Innovation, BA",https://degrees.apps.asu.edu/bachelors/major-list/letter/all?init=false&nopassive=true
,"The BA program in hospitality provides students with knowledge, skills and abilities in the business of hospitality. Students learn how to manage the various aspects of businesses in the hospitality industry, such as lodging, restaurants, tourism, meetings and events.

Students are prepared to manage the business side of hospitality, with coursework that includes financial management, human resource management and strategic management in addition to core hospitality operations courses.

Students complete an internship near the end of their program, which provides them with paid, real-world experience. Many students find full-time jobs at the successful conclusion of their internship.

The hospitality BA program is offered by the School of Community Resources and Development.",https://degrees.apps.asu.edu/bachelors/major/ASU00/TSHOSBA/hospitality,,BA,"Hospitality, BA",https://degrees.apps.asu.edu/bachelors/major-list/letter/all?init=false&nopassive=true
,"The BS program in housing and community development provides students with a broad and inclusive understanding of the political, economic and social issues associated with community and economic development. The curriculum familiarizes students with the literature, theory, law, policy and practice of community development. Students learn a wide range of analytical skills in order to identify and effectively address the opportunities and challenges present in rural, urban and suburban communities.

The curriculum is designed to teach students how to:

analyze data for evidence-based decision-making
collect data using a variety of methodological approaches
conduct community assessments
design programs
identify stakeholders
manage nonprofit organizations
write grants and conduct fundraising

Students also have the opportunity to take advanced coursework in an area of concentration such as community health, economic development or housing.",https://degrees.apps.asu.edu/bachelors/major/ASU00/LAHCDBS/housing-and-community-development,,BS,"Housing and Community Development, BS",https://degrees.apps.asu.edu/bachelors/major-list/letter/all?init=false&nopassive=true
,"The Bachelor of Arts in human resources and employment law provides students with a strong foundation in human resources, employment law, policy, leadership and management. Students study business concepts, leadership, the legal system and the policies that shape today's work environment. The program equips students with marketable skills in communication, management, analysis and problem-solving, along with a deep understanding of human resources and its complex legal framework.

The human resources field is a key component of every organization, business and corporation, and knowledge of human resources and employment law provides a distinct career advantage. This interdisciplinary program prepares students to meet the needs of today's changing work environment as they pursue graduate school and careers in human resources and employment law.",https://degrees.apps.asu.edu/bachelors/major/ASU00/LAHRLBA,,BA,"Human Resources and Employment Law, BA",https://degrees.apps.asu.edu/bachelors/major-list/letter/all?init=false&nopassive=true
User Experience,"The BS program in human systems engineering focuses on the analysis, design, and evaluation of systems in which humans and technology interact. Students learn to apply the theories of human performance and the principles of psychology, along with the methodologies of engineering, systems analysis and design, in order to create safe, effective and satisfying human-centered systems and technologies.

The field applies to a wide range of industries, including aviation, aerospace, health care, product design, information technology, transportation and defense.",https://degrees.apps.asu.edu/bachelors/major/ASU00/ESENGBHSE/human-systems-engineering,The BS program in human systems engineering is accredited by the Human Factors and Ergonomics Society.,BS,"Human Systems Engineering, BS",https://degrees.apps.asu.edu/bachelors/major-list/letter/all?init=false&nopassive=true
,"The bachelor's degree program in industrial design at ASU provides students with a solid foundation in the fundamental principles and skills of design, with a strong emphasis on hands-on making, creative problem-solving and an understanding of human needs.

The industrial design program focuses on the design of manufactured objects, and students gain a comprehensive understanding of the entire design process, from ideation and concept development to prototyping and production. Through a series of studio-based courses, they learn a wide range of design techniques, including sketching, 3D modeling and digital fabrication. They also develop an understanding of materials, manufacturing processes and user-centered design principles.

In addition to studio courses, students take a variety of lecture and seminar courses that provide a broad understanding of the historical, cultural and theoretical contexts of design. They also have the opportunity to participate in a variety of extracurricular activities, such as design competitions, workshops and study abroad programs.

The industrial design program prepares students for a variety of careers in the design industry, including product design, furniture design, toy design, and exhibition design. Graduates have gone on to work for some of the world's leading design firms and companies.",https://degrees.apps.asu.edu/bachelors/major/ASU00/DEINDBSD,,BSD,"Industrial Design, BSD",https://degrees.apps.asu.edu/bachelors/major-list/letter/all?init=false&nopassive=true
,"The BSE program in industrial engineering is focused on the design, improvement and installation of integrated systems of people, materials, information, equipment and energy. The curriculum is based on specialized knowledge and skills in the mathematical, physical and social sciences together with the principles and methods of engineering analysis and design to specify, predict and evaluate the results to be obtained from such systems.

Coursework emphasizes the application of engineering methods to the analysis and design of service systems, but the principles are also applicable to production and manufacturing environments. Students learn how to analyze and design systems that provide services to people, such as health care, transportation, banking and government. They develop an understanding of operations research, human factors and ergonomics, production and service logistics, quality engineering, and integrated information systems.

This BSE program is a participating program in the Western Undergraduate Exchange (WUE) program. The WUE program is not available to online students.",https://degrees.apps.asu.edu/bachelors/major/ASU00/ESIEEBSE,"The industrial engineering BSE program is accredited by the Engineering Accreditation Commission of ABET, https://www.abet.org.",,"Industrial Engineering, BSE",https://degrees.apps.asu.edu/bachelors/major-list/letter/all?init=false&nopassive=true
Software Development,"The BS program in informatics uniquely combines information technology with social and behavioral sciences. Students learn to harness information technology for human benefit while studying the social context in which it operates.

The curriculum is composed of a solid technical foundation, including programming, databases, networking and web design, along with a firm understanding of the social sciences. The program emphasizes user-centered design and a deep understanding of the way people use and interact with information systems.

The software development concentration focuses on the design, development and evolution of complex software systems. Students learn the basic principles of object-oriented design and development and gain experience with a wide range of state-of-the-art tools and technologies, including Java, C++, Python, MySQL, JavaScript, HTML, CSS and various mobile application development platforms.",https://degrees.apps.asu.edu/bachelors/major/ASU00/ESINFOBBS/informatics,,BS,"Informatics, BS",https://degrees.apps.asu.edu/bachelors/major-list/letter/all?init=false&nopassive=true
Cybersecurity,"The BS program in information technology prepares students for a variety of careers in information technology. The curriculum is focused on a breadth of knowledge in the information technology field and includes a general education component along with an information technology core. The information technology core provides students with a solid foundation in programming, networking, databases, web technologies, computer hardware, operating systems and cybersecurity.

The program prepares students for positions such as: application developer, computer and information security professional, computer network architect, computer support specialist, computer systems analyst, database administrator, IT consultant, network and computer systems administrator, software developer, web administrator, web developer. Graduates possess a strong background in problem-solving in the information technology profession and are well prepared to advance their knowledge through lifelong learning.",https://degrees.apps.asu.edu/bachelors/major/ASU00/TSIFTBS,"The information technology, BS program at the Polytechnic campus is accredited by the Computing Accreditation Commission of ABET, https://www.abet.org.",,"Information Technology, BS",https://degrees.apps.asu.edu/bachelors/major-list/letter/all?init=false&nopassive=true
,"The BA program in innovation in society explores innovation and its social contexts and impacts from a variety of perspectives. Students learn to analyze social, ethical and policy issues surrounding emerging technologies and other innovations; lead in creating more just, sustainable futures; and engage with diverse communities to solve complex problems and create public value. Graduates are prepared for a variety of careers in the private, public and nonprofit sectors.

The curriculum is transdisciplinary, drawing on insights from the social sciences, humanities, engineering and the natural sciences. Students gain knowledge in areas such as science and technology policy, public engagement, ethics, leadership, and communication and social change. They develop skills in analysis, creativity and communication, and they apply their knowledge and skills in real-world contexts through hands-on, team-based projects in the classroom and the community.

The core courses provide an introduction to innovation and society, a set of analytic tools and theories for understanding innovation in its social context, and a project-based capstone experience. All students complete an internship, which allows them to explore professional pathways while making a tangible impact in the community. Students work closely with faculty mentors to design an individualized course of study that aligns with their personal and professional interests.",https://degrees.apps.asu.edu/bachelors/major/ASU00/LASISBA/innovation-in-society,,BA,"Innovation in Society, BA",https://degrees.apps.asu.edu/bachelors/major-list/letter/all?init=false&nopassive=true
,"The Bachelor of Science in innovation in society prepares students to be leaders who can help shape the future for the betterment of humanity. The curriculum provides a strong foundation in interdisciplinary social sciences and real-world engagement to empower students to develop innovative solutions for the complex challenges of our time.

Students learn a variety of problem-solving skills, including foresight and anticipatory governance, responsible innovation and public engagement. This transdisciplinary degree allows students to complement their core innovation in society courses with a variety of electives from across the university, allowing them to tailor the program to their individual interests and career goals.

The curriculum culminates in a capstone experience through which students apply what they've learned to a real-world project. Students who complete this degree are well prepared for careers in a wide range of fields, including sustainability, policy analysis, education and social entrepreneurship.",https://degrees.apps.asu.edu/bachelors/major/ASU00/SFISINBS,,BS,"Innovation in Society, BS",https://degrees.apps.asu.edu/bachelors/major-list/letter/all?init=false&nopassive=true
,"The integrative health Bachelor of Science program provides students with the educational foundation needed to flourish in a variety of health care settings or to pursue graduate studies. The program is specifically designed to provide students with a holistic view of health and wellness that blends conventional medicine with evidence-based complementary approaches.

The curriculum for the integrative health degree explores the art and science of health and healing for the whole person --- mind, body and spirit. Students learn a wide range of therapies that work in conjunction with conventional Western medicine.

The program helps students develop the critical thinking skills needed to assess the credibility of evidence for or against the use of various therapies. Students also gain a better understanding of the cultural context of health and healing and of the legal and ethical issues related to the use of complementary health care.",https://degrees.apps.asu.edu/bachelors/major/ASU00/HSIHTBS/integrative-health,,,"Integrative Health, BS",https://degrees.apps.asu.edu/bachelors/major-list/letter/all?init=false&nopassive=true
,"The integrative social science bachelor's degree program is a unique interdisciplinary studies program that offers the tools to understand and analyze human behavior and social structures through a variety of lenses. Students explore issues such as social and economic inequality, crime, globalization, race and ethnicity, and family dynamics, learning to apply a range of theoretical and methodological approaches to their inquiry.
The degree program combines a strong core in research methods with the flexibility of interdisciplinary coursework, which prepares students for graduate school and for careers in fields that demand critical and analytical skills, such as policy analysis, human resources, law and public service. The coursework is designed to help students sharpen their critical thinking and writing skills while they broaden their understanding of society and social issues.
The faculty includes nationally and internationally recognized scholars in a wide range of social sciences. These faculty members bring their expertise and insights into the classroom, offering students a vibrant and challenging intellectual environment in which to explore the complexities of the social world.",https://degrees.apps.asu.edu/bachelors/major/ASU00/TSISEBS,,BS,"Integrative Social Science, BS",https://degrees.apps.asu.edu/bachelors/major-list/letter/all?init=false&nopassive=true
,"The Bachelor of Arts in interdisciplinary arts and performance is a practice-based, transdisciplinary degree that provides students with opportunities to engage in a wide variety of collaborative, creative, experimental and socially engaged practices.

Students in this innovative program learn to integrate a spectrum of artistic disciplines, including:

art
dance
music
sound
theatre and performance

Students also develop an understanding of arts and design in a variety of social contexts and communities and are provided with the critical and creative skills to develop their unique interests and artistic voices. The program emphasizes collaboration, process and emergence, and students work closely with faculty to design and create original works, performances and projects that extend beyond the classroom into the surrounding community.

The degree program prepares students for a variety of futures as artists, designers and creative professionals. Students may also pair this degree with other disciplines in order to develop unique skill sets and approaches for future careers.",https://degrees.apps.asu.edu/bachelors/major/ASU00/LAIAPBA/interdisciplinary-arts-and-performance,,BA,"Interdisciplinary Arts and Performance, BA",https://degrees.apps.asu.edu/bachelors/major-list/letter/all?init=false&nopassive=true
,"This interdisciplinary arts and sciences bachelor's degree program from the College of Integrative Sciences and Arts at ASU's Polytechnic campus allows students to design a plan of study based on their personal interests and career goals. Students choose two subject areas to concentrate on from a broad range of options available on the Polytechnic campus and through ASU Online. The options are grouped into seven clusters: art and design, communication and media, cultural studies, exploratory, social sciences, sustainability, and technological innovation.

The core courses in the major are taught using an integrative approach, focusing on theories and methods from the humanities, social sciences and natural sciences. The courses build skills employers seek in areas such as evidence-based inquiry and analysis, critical thinking, creative thinking, problem-solving, teamwork and collaboration, and written and oral communication.

The curriculum culminates in an applied project or internship and portfolio in which students are able to articulate their personal and professional growth and showcase the skills learned in the major. The major also is available through ASU Online.",https://degrees.apps.asu.edu/bachelors/major/ASU00/LSIASBA,,,"Interdisciplinary Arts and Sciences, BA",https://degrees.apps.asu.edu/bachelors/major-list/letter/all?init=false&nopassive=true
Organizational Studies,"The Bachelor of Arts in interdisciplinary studies with a concentration in organizational studies is a degree program for students who want to build on a chosen subject area with an interdisciplinary course of study focused on how organizations function.

The organizational studies concentration provides a theoretical framework for understanding organizations and the contexts in which they operate. The curriculum prepares students for a range of leadership and administrative positions in business, government and nonprofit organizations. Coursework combines perspectives from social sciences, humanities, and applied and professional fields to prepare students for the challenges of a rapidly changing, increasingly global work environment.

Students select two subject areas from an approved list of more than 150 subjects. They combine 18 credit hours of upper-division coursework in each area with 9 credit hours of core courses to complete the 45 credit hour major.",https://degrees.apps.asu.edu/bachelors/major/ASU00/LAISTOSBA,,BA,"Interdisciplinary Studies (Organizational Studies), BA",https://degrees.apps.asu.edu/bachelors/major-list/letter/all?init=false&nopassive=true
,"The BA program in interdisciplinary studies helps students create an individualized, academically sound program of study to meet their specific educational and career goals. Students in the program take the lead in designing their own cross-disciplinary course of study. They choose two concentration areas from the more than 350 undergraduate majors, minors and certificate programs offered at ASU. Interdisciplinary studies students are intellectual trailblazers who combine their passions and interests to forge a new path of learning. They see connections others don't, and they are not afraid to learn in different ways. With the help of an academic advisor, students in this program select courses that are most relevant to their goals, and they learn to articulate the value of their unique academic background to others, including future employers and graduate schools. Students should contact the College of Integrative Sciences and Arts at the Downtown Phoenix, Polytechnic, Tempe or West campus for further information about the BIS program.",https://degrees.apps.asu.edu/bachelors/major/ASU00/LAISTBA,,BA,"Interdisciplinary Studies, BA",https://degrees.apps.asu.edu/bachelors/major-list/letter/all?init=false&nopassive=true
,"The BSD program in interior design at The Design School is highly ranked in the U.S. and focuses on design excellence, innovation and interdisciplinary collaboration. Interior design is a multifaceted profession in which creative and technical solutions are applied within a structure to achieve a built interior environment.

The curriculum emphasizes research and analysis to enhance the function and quality of interior spaces for residential and commercial design, including corporate, health care, hospitality and retail design. These solutions are functional, enhance the quality of life and culture of the occupants, and are aesthetically attractive.

Designs are created in response to and coordinated with the building shell and acknowledge the physical location and social context of the project. Designs must adhere to code and regulatory requirements and encourage the principles of environmental sustainability.

The interior design process follows a systematic and coordinated methodology, including research, analysis and integration of knowledge into the creative process, whereby the needs and resources of the client are satisfied to produce an interior space that fulfills the project goals. Interior design includes a scope of services performed by a professional design practitioner, qualified by means of education, experience and examination, to protect and enhance the health, life safety and welfare of the public.

Interior design students gain a broad foundation in design history, theory and technical skills. They also have the opportunity to participate in domestic and international travel programs, interdisciplinary research and design projects, faculty-led student organizations and community service.",https://degrees.apps.asu.edu/bachelors/major/ASU00/DEINDBSD,"The interior design program is accredited by the Council for Interior Design Accreditation, https://www.accredit-id.org/, 206 Grandville Avenue, Suite 350, Grand Rapids, MI 49503.",BSD,"Interior Design, BSD",https://degrees.apps.asu.edu/bachelors/major-list/letter/all?init=false&nopassive=true
Arabic Studies,"The BA program in international letters and cultures with a concentration in Arabic studies offers comprehensive language training and a solid background in the culture and civilization of the Arabic-speaking world. The program aims to create global citizens who are knowledgeable about the Arab world and its significant cultural, intellectual and political contributions to the world. The curriculum allows students to explore the diverse and rich cultural heritage of the Arab world, from classical to modern times, through the study of literature, culture, and intellectual and political history. The school works to make the ASU Tempe campus a hub of intellectual and cultural activities related to the study of the Arab world, the Middle East and the larger Muslim world. The school's faculty members in Arabic are all native or near-native speakers with doctoral degrees from leading universities in North America and years of experience teaching Arabic as a foreign language. The Arabic program in the School of International Letters and Cultures is a vibrant and fast-growing academic unit that promotes a humanistic approach to the study of language and culture. Students can participate in study abroad programs in various countries in the Middle East as a way of enhancing their linguistic proficiency and deepening their cultural understanding of the Arab world.",https://degrees.apps.asu.edu/bachelors/major/ASU00/LAILARBA,,,"International Letters and Cultures (Arabic Studies), BA",https://degrees.apps.asu.edu/bachelors/major-list/letter/all?init=false&nopassive=true
Asian Studies,"The Bachelor of Arts program in international letters and cultures with a concentration in Asian studies offers an integrated course of study in the languages and cultures of Asia, with an emphasis on China or Japan. Students gain a foundation in an Asian language and its cultural and literary traditions. Coursework includes both broad surveys and specialized topics in English as well as advanced training in the selected language.

The program includes three areas of focus:
- Chinese language and culture
- Japanese language and culture
- a general Asian studies track that allows for the study of multiple areas

Through a diverse range of courses, students explore the rich traditions of Asia while developing their proficiency in an Asian language. The flexible curriculum is designed to help students reach their specific academic and career goals. Students benefit from the expertise of the faculty in the School of International Letters and Cultures who are committed to providing a comprehensive education in the languages and cultures of this large and diverse continent.",https://degrees.apps.asu.edu/bachelors/major/ASU00/LAILCBA/asian-studies,,BA,"International Letters and Cultures (Asian Studies), BA",https://degrees.apps.asu.edu/bachelors/major-list/letter/all?init=false&nopassive=true
Classical Studies,"The Bachelor of Arts in international letters and cultures with a concentration in classical studies offers students the opportunity to learn about the ancient Greek and Roman worlds. In this program, students study the languages, literature and cultures of ancient Greece and Rome and their impact on later cultures and on the development of Western civilization. Students also have the opportunity to study the material culture of the ancient world through classics courses in art history and archaeology. The classical studies concentration is inherently interdisciplinary and provides an excellent foundation for a variety of careers by helping students develop valuable skills in critical thinking and analysis as well as in oral and written expression. This program is available as an accelerated degree program.",https://degrees.apps.asu.edu/bachelors/major/ASU00/LAILCBA/classical-studies,,BA,"International Letters and Cultures (Classical Studies), BA",https://degrees.apps.asu.edu/bachelors/major-list/letter/all?init=false&nopassive=true
Classics,"The Bachelor of Arts in international letters and cultures with a concentration in classics provides students with a broad and deep understanding of the language, literature and culture of the classical world (ancient Greece and Rome), helping them gain a better understanding of the global community of the 21st century. The study of classics can reveal much about our own world and the assumptions and values of our own culture through comparison with another.

Students in the classics concentration must choose between one of two tracks: classical languages or classical studies. The classical languages track is for those who wish to focus their studies on the languages of Greek and Latin. The classical studies track does not require students to study Greek or Latin, but offers a wider range of courses in classical civilization, literature and culture.

All students can explore subjects ranging from classical literature and mythology to philosophy, art, archaeology, history, and social and religious life. Students can also participate in study abroad programs that visit and explore important sites from the classical world, programs that enrich their understanding and appreciation of other cultures and the global context.

Beyond the classroom, students can participate in campus organizations such as the classics club, Eta Sigma Phi (the classics honor society), and the Central Arizona Society of the Archaeological Institute of America.

A BA in international letters and cultures with a concentration in classics prepares students to become global citizens who are able to think critically, communicate clearly and understand other cultures. These skills are valuable to a wide variety of employers.",https://degrees.apps.asu.edu/bachelors/major/ASU00/LAILCBA/international-letters-and-cultures-classics-ba,,BA,"International Letters and Cultures (Classics), BA",https://degrees.apps.asu.edu/bachelors/major-list/letter/all?init=false&nopassive=true
French,"The Bachelor of Arts in international letters and cultures with a concentration in French offers a comprehensive and in-depth study of the French language and the cultures of France and the Francophone world. Students study French language at all levels, from beginning to advanced, and can begin their language study at the level appropriate to their previous experience.

The program provides a solid foundation in French and Francophone literatures, cultures and linguistics.

The program offers many opportunities for students to study abroad and encourages them to participate in faculty-led summer programs in France, Quebec and other Francophone regions and in semester or yearlong exchange programs at universities in France and elsewhere in the French-speaking world.

A French major provides a gateway to a variety of careers in business, education, government, the hospitality industry, international relations, nonprofit organizations, publishing and technology, and the concentration prepares students for graduate studies in French and a variety of other fields.",https://degrees.apps.asu.edu/bachelors/major/ASU00/LAILCBA/french,,BA,"International Letters and Cultures (French), BA",https://degrees.apps.asu.edu/bachelors/major-list/letter/all?init=false&nopassive=true
German,"The Bachelor of Arts in international letters and cultures with a concentration in German provides a deep understanding of German language, literature, culture and film, preparing students for an ever more connected and multilingual world. The program is specifically designed to educate global citizens who are prepared for the challenges of a new century and who have an understanding of other cultures. Students also study the complex relationship of the United States to other countries and cultures.
Students in this program can study, intern and research abroad in Germany, Austria and Switzerland. Students also may opt for a dual-major path and obtain a degree in German and another discipline, such as business or biology, to enhance their career opportunities. An accelerated master's degree is also an option for qualified students.
In addition to the B.A., the school offers an undergraduate certificate in German.
The school's study abroad programs are among the best in the nation, providing students with the opportunity to develop a deeper understanding of language and culture. Students can participate in faculty-directed summer programs or, for a more immersive experience, semester or yearlong programs.
The School of International Letters and Cultures is a place for leaders, for risk-takers and for those who are passionate about the future of the planet and its people. This is where language study and cultural awareness enable the tangible, positive changes that the world needs.",https://degrees.apps.asu.edu/bachelors/major/ASU00/LAILCGERBA,,,"International Letters and Cultures (German), BA",https://degrees.apps.asu.edu/bachelors/major-list/letter/all?init=false&nopassive=true
Italian,"The bachelor's degree program in international letters and cultures with a concentration in Italian provides students with an in-depth knowledge of Italian language, literature and culture, while at the same time giving them the tools to analyze and discuss them in a critical fashion.

The major offers a wide spectrum of courses that go well beyond the typical modern language curriculum. Students can take a variety of courses in English that span from the Middle Ages to the 21st century and cover topics as diverse as Dante, cinema, food culture, Italian American studies and fashion. Advanced students can also take a range of classes taught in Italian, from language to literature and culture.

All students are encouraged to participate in one of the many study abroad opportunities offered by the program and the university.

A major in Italian develops the necessary skills for a variety of careers in fields such as business, communication, education, government, law, media, public service and technology. It also provides the foundation necessary for those students who plan to continue their studies in graduate school.",https://degrees.apps.asu.edu/bachelors/major/ASU00/LAITLBA,,BA,"International Letters and Cultures (Italian), BA",https://degrees.apps.asu.edu/bachelors/major-list/letter/all?init=false&nopassive=true
Japanese,"The Bachelor of Arts in international letters and cultures with a concentration in Japanese offers comprehensive training in Japanese language and culture, allowing students to develop advanced linguistic proficiency while gaining in-depth knowledge of Japanese literature, culture, history and society.

The program provides the cultural and linguistic expertise necessary for students to excel in various careers, including international business, translation and interpreting, tourism, journalism, government, foreign service, and teaching English in Japan.",https://degrees.apps.asu.edu/bachelors/major/ASU00/LAILCBA/japanese,,,"International Letters and Cultures (Japanese), BA",https://degrees.apps.asu.edu/bachelors/major-list/letter/all?init=false&nopassive=true
Romanian,"The Bachelor of Arts in international letters and cultures with a concentration in Romanian provides a comprehensive education in Romanian culture as a whole, focusing on its connections to European, Balkan and global cultures.

Students learn about the geography, literature, culture and art of Romania in a curriculum emphasizing critical thinking as well as linguistic and cultural proficiency. They gain the background necessary for pursuing careers in a wide range of fields, including education, tourism, international business and government service.",https://degrees.apps.asu.edu/bachelors/major/ASU00/LAILCBARO/international-letters-and-cultures-romanian-ba,,,"International Letters and Cultures (Romanian), BA",https://degrees.apps.asu.edu/bachelors/major-list/letter/all?init=false&nopassive=true
Russian,"The international letters and cultures bachelor's degree program with a concentration in Russian offers students comprehensive training in the Russian language, as well as in-depth knowledge of the culture, literature, history, politics and intellectual traditions of Russia and the Russophone world.

Russian is an official language of the United Nations and one of the most widely spoken languages in the world. The language is an important medium for global communications in the fields of science, technology and world affairs.

The program offers a sequence of courses at all levels, from beginning to advanced Russian. Through a variety of required courses and electives, students gain a strong command of the language, develop sophisticated analytical and critical skills, and build a solid foundation in Russian studies.

In addition to in-depth studies in culture and literature, students also may choose to complement their major with courses from other fields and disciplines, such as:

business
communication
global health
global studies
history
Jewish studies
justice studies
political science
religious studies
sustainability

Students are strongly encouraged to complement their studies with an internship or a study abroad experience in a Russian-speaking country.",https://degrees.apps.asu.edu/bachelors/major/ASU00/LASILCRBA,,,"International Letters and Cultures (Russian), BA",https://degrees.apps.asu.edu/bachelors/major-list/letter/all?init=false&nopassive=true
Spanish,"The bachelor's degree program in international letters and cultures with a concentration in Spanish provides students with a solid foundation for understanding the Spanish language and Hispanic cultures, as well as a broad humanistic perspective.

The program is oriented toward the development of advanced language proficiency and an understanding of the diverse social and cultural contexts in which the Spanish language is spoken. Students engage with a wide range of fields, including:

cultural studies
film studies
history
languages for the professions
linguistics
literature

The curriculum gives students the ability to communicate in Spanish orally and in writing with a high level of proficiency and to understand and analyze a wide variety of texts from Spain and Latin America. In this environment, students develop skills in cross-cultural understanding and communication.

Students in this program may not minoring in Spanish.

The curriculum is designed for students who have an interest in foreign language, literature and culture and a desire to better understand the Hispanic world.",https://degrees.apps.asu.edu/bachelors/major/ASU00/LASILCBA,,BA,"International Letters and Cultures (Spanish), BA",https://degrees.apps.asu.edu/bachelors/major-list/letter/all?init=false&nopassive=true
,"The BS program in international public health is designed to meet the increasing demand for culturally competent public health professionals who can effectively address global health challenges. This program provides students with a solid foundation in the principles of public health, epidemiology, biostatistics and health promotion, while also incorporating a unique emphasis on international health issues, cross-cultural communication and global health policy. Students in this program develop the knowledge and skills necessary to design, implement and evaluate public health interventions in diverse international settings. They explore topics such as infectious diseases, maternal and child health, nutrition, environmental health and health disparities from a global perspective. Graduates of the program are well-prepared for careers in international health organizations, nongovernmental organizations, government agencies and the private sector, where they can make a meaningful impact on the health and well-being of populations around the world.",https://degrees.apps.asu.edu/bachelors/major/ASU00/TSIFPHBS/international-public-health,The BS program in public health is accredited by the Council on Education for Public Health.,,"International Public Health, BS",https://degrees.apps.asu.edu/bachelors/major-list/letter/all?init=false&nopassive=true
"Chinese, German, Japanese, Spanish","The BS program in international trade provides a strong foundation in international business and economics, along with advanced coursework in international trade relations, international finance, regional economic issues and the cultural aspects of international business.

Students in the BS program in international trade select an emphasis in one of four languages: Chinese, German, Japanese or Spanish. Students must complete a series of advanced courses in their chosen language. An international experience is also required.

Through a combination of business, economics, foreign language and area studies coursework, graduates are prepared for a variety of international careers. Graduates possess both the qualitative and quantitative skills necessary to compete for jobs with multinational corporations, international banks, government agencies and a wide variety of other organizations involved in international trade and finance.

This program offers a strong liberal arts education combined with professional training in economics and international business. This well-rounded background provides an excellent foundation for professional careers in the global economy and for graduate study in fields such as business, law, economics and international affairs.",https://degrees.apps.asu.edu/bachelors/major/ASU00/BAITRBS,All W. P. Carey School of Business programs are accredited by AACSB International.,,"International Trade, BS",https://degrees.apps.asu.edu/bachelors/major-list/letter/all?init=false&nopassive=true
,"The BA program in Italian provides students with a solid foundation in the Italian language and an in-depth knowledge of Italian literature and culture, from the Middle Ages to the present day. Students achieve an advanced level of linguistic competency through a range of language and culture courses and refine their critical understanding of Italy's cultural and literary history by working closely with a variety of primary texts and cultural artifacts. Graduates are prepared to use their language skills and cultural knowledge in a range of professions, including education, international relations and business, as well as for admission to graduate programs in Italian studies and related fields.",https://degrees.apps.asu.edu/bachelors/major/ASU00/LAITABA,,BA,"Italian, BA",https://degrees.apps.asu.edu/bachelors/major-list/letter/all?init=false&nopassive=true
,"The BA program in Japanese provides students with a solid foundation in Japanese language, literature and culture. It emphasizes proficiency in the Japanese language and a broad understanding of Japanese culture in both its traditional and contemporary forms.

Courses cover Japanese language, literature, culture, linguistics and film. Students study the four essential skills of language learning (speaking, listening, reading and writing) in modern Japanese at all levels of instruction.

The program in Japanese provides excellent preparation for a variety of careers in business, education and government.",https://degrees.apps.asu.edu/bachelors/major/ASUSH2201BA/japanese-ba,,,"Japanese, BA",https://degrees.apps.asu.edu/bachelors/major-list/letter/all?init=false&nopassive=true
,"The Bachelor of Arts in Jewish studies is an interdisciplinary degree program for students interested in studying the long and diverse history, religion, literature, languages and culture of the Jewish people.

In addition to a core curriculum covering a broad range of subjects, students have the opportunity to focus on areas of Jewish studies that they find especially compelling.

Students have the opportunity to hone their skills as readers, writers and thinkers. The program helps them acquire a sophisticated global perspective and the knowledge and skills necessary to serve as educated citizens and to go on to an advanced degree program or a career in the private or public sector.

In addition to courses on Jewish history, religion and culture, students take two years of Hebrew language, as part of the degree's core requirements. They also have the option to take more advanced modern or biblical Hebrew, or introductory Yiddish or another language of the Jewish diaspora, to fulfill their foreign language requirement.

Courses in Jewish studies are taught by faculty specialists from a wide variety of academic disciplines, including history, religious studies, English, German and Jewish studies. Faculty members have strong ties with other programs, centers and schools at ASU, such as the Center for the Study of Religion and Conflict, the Melikian Center for Russian, Eurasian and East European Studies, and the School of Historical, Philosophical and Religious Studies.",https://degrees.apps.asu.edu/bachelors/major/ASUSHJSTBA,,BA,"Jewish Studies, BA",https://degrees.apps.asu.edu/bachelors/major-list/letter/all?init=false&nopassive=true
,"The BA program in journalism and mass communication provides students with the broad-based liberal arts education and professional skills necessary to succeed in today's media professions. The program is committed to the values of accuracy, fairness and diversity.

Students learn how to report and write for print, broadcast and online media. They learn how to produce news and information on multiple platforms, from mobile to social to broadcast to web. They learn the professional and ethical principles of journalism, the role of journalism in a democracy, and the importance of a free press.

Students may specialize in print journalism, broadcast journalism or public relations. They also may choose to explore other areas of interest, such as sports journalism, business journalism or digital media.",https://degrees.apps.asu.edu/bachelors/major/ASU00/LAJMCBA/journalism-and-mass-communication-ba,"The journalism and mass communication program is accredited by the Accrediting Council on Education in Journalism and Mass Communications, one of 113 such programs in the United States and the only one in Arizona.",BA,"Journalism and Mass Communication, BA",https://degrees.apps.asu.edu/bachelors/major-list/letter/all?init=false&nopassive=true
,"The Bachelor of Science degree in justice studies examines the meanings of justice and injustice in political, economic, social and cultural contexts. The BS degree emphasizes skills that are increasingly in demand in a variety of public and private justice-related professions. These skills include ethical reasoning, quantitative and qualitative data analysis, and oral and written communication skills.

Students learn a social science approach to the study of justice and take courses that emphasize research and analytical skills and that have policy relevance. They also develop the skills for a critical understanding of how justice is denied or realized. This course of study is particularly valuable for students interested in law school, graduate school or research positions in justice fields.

Justice studies graduates have an understanding of the challenges and opportunities for achieving justice and an ability to critically assess complex problems and communicate potential solutions.",https://degrees.apps.asu.edu/bachelors/major/ASU00/LAJUSBS,,,"Justice Studies, BS",https://degrees.apps.asu.edu/bachelors/major-list/letter/all?init=false&nopassive=true
,"The BS program in kinesiology prepares students for a variety of careers in health- and fitness-related fields as well as for entry into graduate programs in kinesiology and professional programs such as physical therapy, occupational therapy, physician assistant, medicine and chiropractic. Kinesiology is the study of human movement and students in the program learn about anatomy, physiology, biomechanics, exercise physiology and motor control as they relate to human health and performance. Kinesiology majors enjoy a rigorous curriculum that provides an outstanding foundation of knowledge and skills.

Students can work directly with faculty in a variety of research opportunities ranging from clinical populations to elite athletes. Students learn in state-of-the-art research and teaching laboratories, including those focused on biomechanics, motor control and learning, exercise physiology and body composition.

In the final semester, students can choose to participate in an internship with one of our numerous affiliated companies and organizations in the Valley, state and nation. These experiences often lead directly to offers of employment after graduation.

Students who earn a degree in kinesiology are well prepared to pursue any of a number of graduate degrees, including athletic training, clinical exercise physiology, exercise and wellness, physical education, physical therapy and strength and conditioning. In addition, many of our graduates successfully go on to medical school and physician assistant programs.",https://degrees.apps.asu.edu/bachelors/major/ASCNH/TSKINBS,,BS,"Kinesiology, BS",https://degrees.apps.asu.edu/bachelors/major-list/letter/all?init=false&nopassive=true
,"The BSLA in landscape architecture is a professional degree program that focuses on public life and the art and science of designing the built environment. Landscape architecture encompasses the analysis, planning, design, management and stewardship of the natural and built environments. The program emphasizes urban landscape design through the study of social, cultural and environmental issues in the arid Southwest.

The curriculum is centered on a sequence of design studios that increase in complexity, from garden design to urban design. Students also learn hand and digital drawing, landscape history and theory, plant materials and ecology, and construction technologies. The Phoenix metropolitan area serves as an urban laboratory for the program, and students have opportunities to collaborate with students and faculty in architecture, industrial design, interior design and visual communication design as well as with students in other ASU programs, including sustainability, urban planning and construction management.

This program is accredited by the Landscape Architectural Accreditation Board.",https://degrees.apps.asu.edu/bachelors/major/ASU00/LSLABSLA,This program is accredited by the Landscape Architectural Accreditation Board.,BSLA,"Landscape Architecture, BSLA",https://degrees.apps.asu.edu/bachelors/major-list/letter/all?init=false&nopassive=true
Classics,"The BA program in languages and cultures with a concentration in classics offers students the opportunity to learn about the history, literature and cultures of ancient Greece and Rome. Students develop proficiency in ancient Greek or Latin (or both) and gain in-depth knowledge of the classical world and the rich traditions of classical thought and expression.

In studying classics, students acquire important intellectual skills --- critical thinking and reading, sound argumentation, and clear and persuasive writing --- that provide an excellent basis for a variety of careers.

The School of International Letters and Cultures is a place for leaders, and students can take advantage of a variety of award-winning study abroad programs and research opportunities that allow them to explore and find their place in the world.

Recent graduates of this program have pursued careers as educators, editors and museum curators or have continued their education with graduate studies in a variety of fields, such as archaeology, art history and law.",https://degrees.apps.asu.edu/bachelors/major/ASU00/LALCLBA/languages-and-cultures-classics-ba,,,"Languages and Cultures (Classics), BA",https://degrees.apps.asu.edu/bachelors/major-list/letter/all?init=false&nopassive=true
,"The Bachelor of Arts in Latin American studies is a multidisciplinary program in which students are provided the opportunity to study a broad range of subjects related to Latin America and develop an in-depth, interdisciplinary understanding of the region.

The curriculum is designed for students who desire to learn about the society, history, languages and culture of this region and for those who wish to pursue a career involving the Latin American region. Students also have an opportunity for advanced language training in Spanish or Portuguese, and they are encouraged to study abroad in Latin America.

The program offers an honors track with a thesis option for students interested in developing the research, writing and analytical skills needed for graduate school. The program's internship program provides students hands-on professional experiences in fields like social justice, immigration advocacy, international business, health care, community development and sustainability.",https://degrees.apps.asu.edu/bachelors/major/ASU00/LALASBA,,BA,"Latin American Studies, BA",https://degrees.apps.asu.edu/bachelors/major-list/letter/all?init=false&nopassive=true
Public Service and Public Policy,"The BA program in leadership and management prepares students for careers in leadership and management in the public, private and nonprofit sectors. The core of this innovative degree program consists of five thematic areas:

communication
finance
leadership and management
research and methods
sector and community

The core curriculum provides students with a breadth of knowledge and skills necessary for effective leadership in the 21st century. Through the choice of electives and concentration courses, students develop deeper knowledge and skills in an area related to their specific career interests.

Students learn the necessary skills for a successful career in a variety of public, private and nonprofit settings through hands-on practice, including service-learning and internships and a senior capstone project in which they work in a professional setting and present a portfolio of their learning to the community.

What can I do with a degree in leadership and management?

Graduates of this program may find positions that require skills in a variety of areas, such as leadership, program management, community development and financial management. Graduates may be prepared for careers such as:

community outreach specialist
corporate trainer
human resources specialist
management consultant
operations manager
program coordinator
public administrator",https://degrees.apps.asu.edu/bachelors/major/ASU00/TSLDRMGTBA,,BA,"Leadership and Management, BA",https://degrees.apps.asu.edu/bachelors/major-list/letter/all?init=false&nopassive=true
,"The Bachelor of Science in leadership in military and aerospace is an applied degree program in which students receive credit for formal military and aerospace training and experience and apply it toward a bachelor's degree. Students also study the fundamentals of leadership and choose from a variety of interdisciplinary options related to their specific academic and professional goals.

This applied science degree is best suited for students who already possess a significant number of credits from military and aerospace training programs that have been evaluated for college credit by the American Council on Education.

Students select an area of interdisciplinary study related to their unique interests and career aspirations. Available study areas include business, communication, engineering management, project management and public policy, among many others.

The degree is ideal for students with an interest in leadership roles in the civilian and military sectors.",https://degrees.apps.asu.edu/bachelors/major/ASLAMBS,,BS,"Leadership in Military and Aerospace, BS",https://degrees.apps.asu.edu/bachelors/major-list/letter/all?init=false&nopassive=true
,"The BA program in liberal studies is an interdisciplinary program designed for students who have a wide range of interests and who are seeking a broad liberal arts education. It provides students with a general education in the arts, humanities, natural sciences and social sciences.

The liberal studies major is a flexible degree program for students who have a variety of interests and who want to become well-rounded, interdisciplinary thinkers. The degree program offers a broad-based education in the humanities, social sciences, and natural sciences with the opportunity for students to tailor coursework to meet their individual interests and goals.

Students learn how to think critically and analytically, communicate effectively, develop intellectual curiosity and creativity, appreciate diversity, and understand the historical context of contemporary life. Students apply their interdisciplinary knowledge to social issues through engagement with the community.",https://degrees.apps.asu.edu/bachelors/major/ASU00/LALSBA,,BA,"Liberal Studies, BA",https://degrees.apps.asu.edu/bachelors/major-list/letter/all?init=false&nopassive=true
,"Linguistics is the scientific study of human language. Linguistics majors explore the formal properties of language (sound systems, words, sentences, meaning), how children and adults learn language, and how language is used in society, including its relationship to culture, politics, and identity.

The curriculum gives students a solid foundation in the core areas of linguistics and the flexibility to pursue their own interests by choosing from a variety of electives offered within the Department of English and related fields such as anthropology, communication, computer science, philosophy and psychology.

In this program, students develop sought-after skills in communication, analysis and problem-solving.

A BA in linguistics opens doors to employment in business, government, technology and education, and it provides excellent preparation for graduate studies in linguistics and related fields.",https://degrees.apps.asu.edu/bachelors/major/ASU00/LALINBA/linguistics-ba,,BA,"Linguistics, BA",https://degrees.apps.asu.edu/bachelors/major-list/letter/all?init=false&nopassive=true
,"The BS program in management provides students with a broad and comprehensive background of cutting-edge management knowledge and skills. Students gain a solid understanding of the key functions of management and the essential role that managers play in all types of organizations. The curriculum addresses the skills and knowledge needed to successfully manage organizations in a changing, global and diverse environment. Specific topics include leadership, human resource management, team management, organizational strategy, behavior and change, international management, business ethics, and entrepreneurship. Students also gain experience in applying their knowledge to solve real-world problems and develop practical managerial skills through various applied learning projects and activities.",https://degrees.apps.asu.edu/bachelors/major/ASU00/BAMGTBS,The W. P. Carey School of Business is accredited by the Association to Advance Collegiate Schools of Business (AACSB International).,,"Management, BS",https://degrees.apps.asu.edu/bachelors/major-list/letter/all?init=false&nopassive=true
Digital and Integrated Marketing Communications,"The marketing program with a concentration in digital and integrated marketing communications helps students build skills to effectively reach consumers in the global marketplace. The concentration prepares students to work for organizations that need to adapt to an increasingly complex and dynamic environment. The curriculum is designed to educate students on the latest digital marketing trends, strategies and tactics being used by today's leading brands. The curriculum has a data-driven focus with in-depth training on the latest platforms, marketing technology and analytical techniques being used to drive business results. The integrated marketing communications perspective ensures students learn how to strategically integrate various communication tactics and channels to effectively reach target audiences.

Students gain specialized expertise in digital and integrated marketing communications and a broad foundation in general business, along with flexibility in their senior year to choose electives in an area of interest. Topics of study include:

advertising management
analytics
content marketing
digital marketing
marketing communications
public relations
search engine optimization
social media
In addition to classes, students are able to participate in professional development and leadership opportunities through student organizations such as the American Marketing Association, the professional business fraternity Alpha Kappa Psi, and DECA, a collegiate organization preparing emerging leaders and entrepreneurs.

The W. P. Carey School of Business has a dedicated undergraduate career center to assist students with their internship and career search. Graduates are prepared for a variety of marketing positions across industries, including:

advertising agencies
brand management
digital marketing
health care
marketing analytics
marketing research
professional sales
public relations
retail management
sports marketing
technology
This program is available for students in the W. P. Carey School of Business. Students should refer to the W. P. Carey School of Business website for admission standards for this program.

To learn more about the school, students should visit the W. P. Carey School of Business website.

This program provides a strong academic foundation in business and a focused expertise in digital and integrated marketing communications and the general marketing core.",https://degrees.apps.asu.edu/bachelors/major/ASU00/BAMKTGDIMC/marketing-digital-and-integrated-marketing-communications-bs,"The W. P. Carey School of Business is accredited by AACSB International, the Association to Advance Collegiate Schools of Business.",BS,"Marketing (Digital and Integrated Marketing Communications), BS",https://degrees.apps.asu.edu/bachelors/major-list/letter/all?init=false&nopassive=true
Professional Sales,"The BS program in marketing with a concentration in professional sales provides a premier curriculum and platform to prepare students for a successful career in sales. Students develop strong foundations in sales and marketing principles and gain critical insights into the best practices to build and maintain strong customer relationships. They learn the process of creating, communicating and delivering offerings that have value for customers, clients, partners and society at large. Coursework from top-ranked faculty in the Department of Marketing, along with hands-on, real-world experience via internships and other opportunities, gives students the skills and confidence to create, communicate and deliver value to customers in any business setting.",https://degrees.apps.asu.edu/bachelors/major/ASU00/BAMKTPSBS/marketing-professional-sales-bs,"The W. P. Carey School of Business is accredited by AACSB International, the Association to Advance Collegiate Schools of Business.",,"Marketing (Professional Sales), BS",https://degrees.apps.asu.edu/bachelors/major-list/letter/all?init=false&nopassive=true
Professional Sales,"The BS program in marketing provides students with a broad foundation of marketing knowledge that prepares them for success in the dynamic, competitive and global world of business.

The marketing curriculum emphasizes practical, real-world business applications that develop the essential knowledge and skills needed for a variety of marketing positions. The coursework helps students develop specific career-related skills and abilities, particularly in advertising and promotion, data analytics, global marketing, professional selling and retailing.

Through the study of consumer behavior, marketing research and marketing strategy, students learn how to create, communicate and deliver value to customers in a variety of settings. Students apply what they learn through case analysis, problem-solving, real-world business projects and simulations. This approach enables them to transition seamlessly from the university to a variety of exciting and rewarding marketing careers.",https://degrees.apps.asu.edu/bachelors/major/ASU00/BAMKTBS,"The W. P. Carey School of Business is accredited by AACSB International, the Association to Advance Collegiate Schools of Business.",BS,"Marketing, BS",https://degrees.apps.asu.edu/bachelors/major-list/letter/all?init=false&nopassive=true
Materials Science and Engineering,"The BSE program in materials science and engineering is focused on the relationships between material structure and properties for all classes of materials, including biomaterials, electronic materials, metals, polymers and ceramics.

Students learn how to select and create materials for a variety of applications and to predict the performance and failure of engineering materials. The program emphasizes hands-on laboratory experience using modern materials processing and characterization equipment in courses and undergraduate research. Small class sizes in upper-division courses create a personalized learning experience and an excellent atmosphere for student-faculty interaction.

Students may also be interested in the accelerated 4+1 bachelor's and master's degree program that allows them to obtain both a bachelor's degree and a master's degree in as few as five years.",https://degrees.apps.asu.edu/bachelors/major/ASU00/ESMSEBSE,"The materials science and engineering, BSE program is accredited by the Engineering Accreditation Commission of ABET, https://www.abet.org.",BSE,"Materials Science and Engineering, BSE",https://degrees.apps.asu.edu/bachelors/major-list/letter/all?init=false&nopassive=true
Actuarial Science,"The BS degree program in mathematics with a concentration in actuarial science is for students interested in the profession of actuary. An actuary is a business professional who uses mathematical and statistical methods to manage financial risk. Actuaries have been consistently rated as holding one of the best jobs in the United States.

The actuarial profession is a challenging and rewarding career, and the actuarial science program at ASU is designed to prepare students for the first several professional examinations that must be passed in order to become an actuary.

The Society of Actuaries has approved the curriculum for this ASU program to meet the Validation by Educational Experience requirements for economics, corporate finance and applied statistical methods. Students can earn VEE credit from the SOA by achieving a grade of B- or better in approved ASU courses.

In addition to the strong mathematical and statistical background required by the profession, students receive a solid foundation in business by taking several courses in accounting, economics and finance. Students gain hands-on experience by completing a required internship or research experience.",https://degrees.apps.asu.edu/bachelors/major/ASU00/LAMATBS/mathematics-actuarial-science,The undergraduate and graduate programs in the School of Mathematical and Statistical Sciences are not accredited.,BS,"Mathematics (Actuarial Science), BS",https://degrees.apps.asu.edu/bachelors/major-list/letter/all?init=false&nopassive=true
Mathematics Education,"The BA program in mathematics with a concentration in mathematics education is for students who are interested in becoming mathematics teachers in a middle school or high school. The program, offered by The College of Liberal Arts and Sciences, provides a strong background in mathematics and in the art and science of teaching. Through coursework in the School of Mathematical and Statistical Sciences and in Mary Lou Fulton Teachers College, students build a deep understanding of the mathematics they will teach. Through focused coursework and structured, extended experiences in middle school and high school classrooms, students build the specialized knowledge, skills and dispositions necessary for teaching mathematics effectively to diverse learners.

Students who complete this degree are recommended for certification by the Arizona Department of Education to teach mathematics in middle school and high school (grades 6-12). To be recommended for certification, students are required to pass the appropriate secondary subject knowledge and professional knowledge exams of the Arizona Educator Proficiency Assessments.",https://degrees.apps.asu.edu/bachelors/major/mathematics-mathematics-education-ba,,BA,"Mathematics (Mathematics Education), BA",https://degrees.apps.asu.edu/bachelors/major-list/letter/all?init=false&nopassive=true
Secondary Education,"The BS program in mathematics with a concentration in secondary education, offered by the School of Mathematical and Statistical Sciences, is an interdisciplinary program with the Mary Lou Fulton Teachers College. It is designed for students who want to combine a love of mathematics with the desire to teach and share that love with others.

Students gain a deep understanding of mathematics and of the connections between the different branches of mathematics. This includes geometry, algebra, trigonometry, calculus, and statistics, as described in the high school curriculum standards of the National Council of Teachers of Mathematics and the Arizona Department of Education. The degree program includes all the coursework needed to recommend a student for certification to teach mathematics in grades 6-12 in Arizona.

The program meets the requirements of the National Council of Teachers of Mathematics for the preparation of secondary mathematics teachers.",https://degrees.apps.asu.edu/bachelors/major/ASU00/LAMATSEBS,The Mary Lou Fulton Teachers College is accredited by the Council for the Accreditation of Educator Preparation.,BS,"Mathematics (Secondary Education), BS",https://degrees.apps.asu.edu/bachelors/major-list/letter/all?init=false&nopassive=true
Statistics,"The BS program in mathematics with a concentration in statistics provides a solid foundation in statistics in addition to a general background in mathematics. The curriculum includes a yearlong sequence in mathematical statistics, a course in regression analysis and a course in the design of experiments. These core courses provide students with the necessary background for a professional career in statistics or for graduate study in the field.

Students learn to:
- apply critical thinking skills to analyze and solve problems using statistical methods.
- conduct and analyze case studies.
- make and evaluate statistical arguments.
- use statistical software.",https://degrees.apps.asu.edu/bachelors/major/ASU00/LAMATBS/mathematics-statistics,,BS,"Mathematics (Statistics), BS",https://degrees.apps.asu.edu/bachelors/major-list/letter/all?init=false&nopassive=true
Mathematics,"The Bachelor of Arts in mathematics is for students who want to combine a strong background in mathematics with a second area of concentration. Students pursuing the BA degree in mathematics often use this degree to prepare for a career in a mathematics-related field.

A student with a strong mathematics background and a concentration in a second area such as statistics, business, economics or computer science has an advantage in today's technologically oriented job market. For instance, students interested in careers in actuarial science usually major in actuarial science, but a major in mathematics can also be a good path to that career, particularly if the second area of concentration is in finance or economics.

Students who want to become teachers of mathematics in grades 7-12 usually complete the BS degree program in mathematics with a concentration in secondary education.",https://degrees.apps.asu.edu/bachelors/major/ASU00/LAMATBA,,BA,"Mathematics, BA",https://degrees.apps.asu.edu/bachelors/major-list/letter/all?init=false&nopassive=true
"['Actuarial Science', 'Mathematics', 'Mathematics Education', 'Statistics']","The Bachelor of Science in mathematics provides a strong foundation in the traditional areas of mathematics as well as an introduction to new and emerging fields.

The core of the BS program gives students a solid background in calculus, linear algebra and differential equations. This is complemented by upper-division courses in analysis, algebra and applied mathematics, allowing students a great deal of choice in planning a program that is best suited for their interests and career goals.

Students who complete the program are well prepared for careers that require strong analytical and problem-solving skills, and for graduate school in mathematics, statistics and other related fields.",https://degrees.apps.asu.edu/bachelors/major/ASU00/LAMATBS,,BS,"Mathematics, BS",https://degrees.apps.asu.edu/bachelors/major-list/letter/all?init=false&nopassive=true
Computational Mechanics,"Mechanical engineering is a broad discipline that applies the principles of engineering, physics and materials science for the design, analysis, manufacturing and maintenance of mechanical systems. Mechanical engineers possess a high degree of skill in mathematics and the physical sciences, with an emphasis on forces, motion and energy.

The mechanical engineering program provides a broad foundation of knowledge in the thermal and fluid sciences, solid mechanics, manufacturing and system dynamics and control, as well as opportunities for more specialized education in a variety of areas.

The computational mechanics concentration is designed for students with a strong aptitude for mathematics and an interest in using the power of modern computers to analyze and design complex mechanical systems. Computational mechanics blends traditional mechanical engineering with computer science and applied mathematics. Career opportunities are plentiful in areas such as aerospace, automotive, electronics and heavy equipment design and manufacturing.

Graduates of the mechanical engineering program are prepared for a variety of careers in industry, government and academia.",https://degrees.apps.asu.edu/bachelors/major/ASU00/ESMAEAEBSE/mechanical-engineering-computational-mechanics,"The mechanical engineering (computational mechanics), BSE program is accredited by the Engineering Accreditation Commission of ABET, https://www.abet.org. Student enrollment and graduation data are available at engineering.asu.edu/enrollment.",BSE,"Mechanical Engineering (Computational Mechanics), BSE",https://degrees.apps.asu.edu/bachelors/major-list/letter/all?init=false&nopassive=true
Energy and Environment,"The Bachelor of Science in Engineering program in mechanical engineering with a concentration in energy and environment provides a solid foundation in mechanical engineering principles, with special emphasis placed on energy systems and the environment.

Students in the energy and environment concentration develop the expertise needed to design and develop new technologies for energy generation and transfer and for environmental protection.

Examples of study areas include:

- Alternative energy technologies, including fuel cells and solar energy
- Energy efficiency and conservation
- Energy generation and conversion systems
- Environmental protection and remediation technologies, including pollution control systems for power plants and vehicles
- Fossil fuels
- Green building design
- Heating, ventilation and air conditioning (HVAC) systems
- Renewable energy
- Sustainable energy and environmental system design

The program includes instruction in basic sciences and a strong curriculum in engineering academics and design. Coursework in the major includes topics in thermodynamics, fluid mechanics, heat transfer, solid mechanics and machine design.

In the senior year, students have the option to pursue an accelerated 4+1 program, which allows them to earn a BSE and a master's degree in five years.",https://degrees.apps.asu.edu/bachelors/major/ASU00/ESMAEEMBSE/mechanical-engineering-energy-and-environment-bse,"The BSE program in mechanical engineering is accredited by the Engineering Accreditation Commission of ABET, http://www.abet.org. Student enrollment and graduation data are available at engineering.asu.edu/enrollment.",BSE,"Mechanical Engineering (Energy and Environment), BSE",https://degrees.apps.asu.edu/bachelors/major-list/letter/all?init=false&nopassive=true
"Computational Mechanics, Energy and Environment, Robotics","Mechanical engineering is one of the broadest engineering disciplines, providing a wide range of career choices. Mechanical engineers have a hand in designing and manufacturing everything from a new generation of vehicles to the latest medical devices. Through their skills and knowledge, they create and develop new products and technologies that improve health, the environment and the quality of people's lives.

The mechanical engineering program is designed to provide students with a broad education emphasizing the fundamentals of mechanical engineering. It also provides an excellent background for a wide variety of careers in industry, government and academia. Students learn to apply the principles of motion, energy and force to design, develop and manufacture devices and systems for the benefit of humankind. They learn about dynamics, engineering materials, fluid mechanics, heat transfer, machine design, solid mechanics and thermodynamics. In addition to gaining an understanding of these engineering fundamentals, students also benefit from the hands-on experience they gain through laboratory and design courses.

The undergraduate program is offered on campus and online. The undergraduate curriculum provides a strong foundation for professional practice or for graduate study in mechanical and aerospace engineering or a related field, such as biomedical or environmental engineering. The curriculum provides a strong background in science and mathematics, along with general education coursework.",https://degrees.apps.asu.edu/bachelors/major/ASU00/ESMAEBS/mechanical-engineering,"The mechanical engineering BSE program at the Tempe campus is accredited by the Engineering Accreditation Commission of ABET, https://www.abet.org. Student enrollment and graduation data are available at https://engineering.asu.edu/enrollment.",,"Mechanical Engineering, BSE",https://degrees.apps.asu.edu/bachelors/major-list/letter/all?init=false&nopassive=true
,"The BS program in media arts and sciences is an interdisciplinary program that gives students the tools to create, design and develop new media experiences. Students learn in a project-based environment that combines art, design, computer science and engineering through the School of Arts, Media and Engineering, a collaboration between the Herberger Institute for Design and the Arts and the Ira A. Fulton Schools of Engineering.

The program is at the forefront of the information revolution, which has changed the way people communicate, get information, and learn. Students learn how to integrate physical computing, creative coding, and emerging technologies into experiential systems, learning systems, and computational media systems.

The program's hands-on, project-based learning model and interdisciplinary courses prepare students for many emerging careers involving coding, design and systems thinking. The program also prepares them for careers in established fields, such as web design and development, visual effects, game design and development, and creating interactive and educational media experiences for a variety of users.",https://degrees.apps.asu.edu/bachelors/major/ASU00/TSMEDABS,,BS,"Media Arts and Sciences, BS",https://degrees.apps.asu.edu/bachelors/major-list/letter/all?init=false&nopassive=true
,"Medical laboratory scientists are health care professionals who use their expertise to perform complex laboratory tests on patient samples. They use sophisticated biomedical instruments, technologies and methods to analyze blood, body fluids and tissues to provide critical information for the detection, diagnosis and treatment of disease.

The medical laboratory science program offers a professional curriculum in an accelerated format to provide a comprehensive education in the major disciplines of medical laboratory science. Students gain the necessary competencies to perform and interpret laboratory tests, to explain the clinical significance of laboratory test results, to manage laboratory operations and to maintain quality control.

Students complete three years of pre-professional coursework and then apply to the professional program for the final year. The professional program starts each May and consists of three semesters of professional coursework and clinical rotations at an affiliated clinical laboratory.

Upon completion of the program, students are eligible to take a national certification exam. Graduates find employment in a variety of settings, including hospital and reference laboratories, research and pharmaceutical laboratories, fertility clinics, and public health laboratories.",https://degrees.apps.asu.edu/bachelors/major/ASU00/ESMLSBS,"The Medical Laboratory Science, BS program is accredited by the National Accrediting Agency for Clinical Laboratory Sciences.",BS,"Medical Laboratory Science, BS",https://degrees.apps.asu.edu/bachelors/major-list/letter/all?init=false&nopassive=true
,"The Bachelor of Science in medical studies prepares students for careers in the health care field. Students build a strong foundation in medical sciences and develop an understanding of the social and behavioral aspects of health and health care.

The flexible curriculum provides students with a strong pre-health core and the ability to choose from a wide variety of medical- and health-related electives and other courses, allowing them to tailor the degree to their own career aspirations.

It is an excellent choice for students interested in pursuing graduate or professional health programs including medicine, dentistry, optometry, pharmacy, physical therapy and physician assistant studies.

Students in the medical studies program can benefit from the College of Health Solutions' extensive network of clinical partners, which provides opportunities to gain real-world experience.

Students may be eligible for an accelerated 4+1 program in which they can earn a BS in medical studies and an MS in the science of health care delivery in just five years.",https://degrees.apps.asu.edu/bachelors/major/ASU00/ESMSBS/medical-studies,,BS,"Medical Studies, BS",https://degrees.apps.asu.edu/bachelors/major-list/letter/all?init=false&nopassive=true
Medical Microbiology,"The Bachelor of Science in microbiology program provides students with a strong foundation in the microbial sciences and prepares them for a wide range of careers in science and health. The curriculum is comprehensive and modern, including courses in general microbiology, immunology, microbial genetics, microbial physiology, virology, pathogenic bacteriology, microbial ecology and microbial diversity. The program has a strong laboratory emphasis, providing students with the skills required to be successful in the workforce. Students in this major can choose the medical microbiology concentration. The program provides excellent preparation for graduate study in microbiology and related fields as well as for admission to professional schools in medicine, dentistry, optometry, pharmacy and other health-related professions.",https://degrees.apps.asu.edu/bachelors/major/ASU00/LSMICBS,,BS,"Microbiology, BS",https://degrees.apps.asu.edu/bachelors/major-list/letter/all?init=false&nopassive=true
,"The Bachelor of Science in military studies provides students with a multidisciplinary educational experience to develop a well-rounded understanding of the roles of militaries and armed conflict in society and international affairs. Students gain skills in interdisciplinary research and analysis to support career fields in the armed forces, national security, homeland security, veteran services and the defense industry.

The curriculum provides a unique balance of coursework on leadership, strategy and tactics and history, along with technology, intelligence, cybersecurity and international security. Students gain a historical foundation and practical insights to enhance their understanding of the relationship between militaries, governments and societies. They also have an opportunity for advanced analysis of military operations in a complex global environment.

The military studies program is designed for students seeking to pursue a military commission upon graduation, but it is open to all students, including military veterans and family members. It may also appeal to students who are looking for careers in national security and the defense industry. The program provides the necessary flexibility to incorporate Air Force, Army and Navy ROTC course requirements within the major.",https://degrees.apps.asu.edu/bachelors/major/ASU00/LAMSTBS/military-studies,,BS,"Military Studies, BS",https://degrees.apps.asu.edu/bachelors/major-list/letter/all?init=false&nopassive=true
,"The Bachelor of Science in molecular biosciences and biotechnology is a unique, interdisciplinary program offered by the School of Molecular Sciences and The College of Liberal Arts and Sciences. The program focuses on the science and technology of the new revolution in molecular life sciences. Modern biosciences is a quantitative science grounded in chemistry, physics and mathematics, and it is revolutionizing the detection, treatment and prevention of disease. The degree program prepares students for careers in the growing and dynamic fields of biotechnology, medicine and other health professions.

The curriculum blends a strong scientific foundation in the molecular sciences (chemistry, biology, physics) with course work on the application of this knowledge. Hands-on experience is an essential part of the curriculum, with laboratory courses starting in the first year and culminating in a required research experience. A distinctive aspect of the program is the opportunity for students to join one of the many research groups that make ASU a national leader in life science research. Areas of research include mechanisms of disease, drug discovery, diagnostics and biomarkers, bioenergy, biomaterials, protein structure and function, and evolution. In their final two years, students have the opportunity to focus on either medicine or biotechnology through a flexible set of upper-division electives.

Students who are considering this degree program are encouraged to pursue four years of high school mathematics and a year each of biology, chemistry and physics.",https://degrees.apps.asu.edu/bachelors/major/ASU00/LSMOLBSB,,BS,"Molecular Biosciences and Biotechnology, BS",https://degrees.apps.asu.edu/bachelors/major-list/letter/all?init=false&nopassive=true
Music and Movement,"The BA program in music with a concentration in music and movement is designed to train student musicians with an emphasis on embodied music making and somatic education. The program explores a range of movement practices and develops proficiency in movement skills. This concentration prepares students for a variety of careers including as private studio teachers and arts organization staff, as well as for further training in fields such as dance, physical therapy, yoga and other somatic practices.
The music and movement curriculum includes:
a core of music courses, such as theory, aural perception and music history
group and private instruction in the student's primary performance medium
instruction in movement and somatic practices
The Herberger Institute for Design and the Arts at Arizona State University is home to the ASU School of Music, Dance and Theatre, which has a long history of excellence and is a stimulating center of creativity and discovery. The school offers students a wide variety of experiences and hands-on learning opportunities with a diverse roster of faculty who are nationally and internationally recognized in their fields. Students interact with professionals in the Phoenix metropolitan area and across the world through a rich schedule of residencies, workshops and master classes.",https://degrees.apps.asu.edu/bachelors/major/ASU00/LAMUSMUMBA/music-music-and-movement-ba,The music programs are accredited by the National Association of Schools of Music.,BA,"Music (Music and Movement), BA",https://degrees.apps.asu.edu/bachelors/major-list/letter/all?init=false&nopassive=true
Popular Music,"The popular music program in the ASU School of Music, Dance and Theatre is a unique and innovative program for students who want to study the art of popular music and its place in today's culture.

The curriculum is designed to create an environment where students can realize their full potential and be equipped to enter a wide variety of music professions. Students learn to sing and play in a wide variety of popular music styles, to create original music, and to use the tools of music technology and music business and entrepreneurship to forge a unique pathway to a successful career in music.

The popular music program is led by an outstanding faculty of experienced and dedicated teachers who are also active and accomplished performers, songwriters, producers and engineers. Students are accepted into the program through a competitive audition process.",https://degrees.apps.asu.edu/bachelors/major/ASU00/HEMUSBA/music-popular-music,"The School of Music, Dance and Theatre is an accredited institutional member of the National Association of Schools of Music.",,"Music (Popular Music), BA",https://degrees.apps.asu.edu/bachelors/major-list/letter/all?init=false&nopassive=true
"Choral Music Education, Instrumental Music Education, General Music Education","The Bachelor of Music in music learning and teaching prepares students for careers as music educators in K-12 schools and for advanced study. The curriculum leads to Arizona teacher certification.

This program offers three concentrations: choral, instrumental and general music education. Students learn to effectively teach music to children and adolescents in a variety of contexts, including school-based programs, private studios and community music schools. Students learn from faculty members who are nationally and internationally recognized in their fields. Students hone their musicianship and teaching skills in a community of learners who are passionate about the potential of music to transform lives.

The School of Music, Dance and Theatre provides a stimulating artistic and academic environment with an impressive calendar of concerts, recitals, productions, master classes and guest artist presentations.

Students in the music learning and teaching program are eligible to enroll in a special 4+1 program in which they can earn a BM in music learning and teaching and an MM in music learning and teaching in five years. The program's combination of an undergraduate degree and a master's degree enables students to gain a competitive edge in the job market and to command a higher starting salary.",https://degrees.apps.asu.edu/bachelors/major/ASU00/HEMLTBM/music-learning-and-teaching-bm,"The School of Music, Dance and Theatre is accredited by the National Association of Schools of Music; the National Association of Schools of Dance; and the National Association of Schools of Theatre. The dance program is also an accredited institutional member of the American Dance Therapy Association.",,"Music Learning and Teaching, BM",https://degrees.apps.asu.edu/bachelors/major-list/letter/all?init=false&nopassive=true
,"The BA program in music in the Herberger Institute for Design and the Arts at Arizona State University provides a broad foundation in music combined with a liberal arts curriculum. The program has a focus on music studies and scholarship, such as music history, ethnomusicology, music theory and music analysis. The program also provides a music core of ensemble participation, keyboard skills and private lessons. Students can select from a wide range of academic electives both within music and across the university to complement the required curriculum. The BA program in music is well-suited to the student who wishes to combine a major in music with a major or minor in another field of study. It is an excellent choice for a student who does not wish to pursue a performance-based program of study and who has music and academic interests in addition to music scholarship. Many students who complete the BA program in music pursue advanced studies in music history, ethnomusicology, music theory, music librarianship or music industry, and others pursue professional degrees such as law and medicine.",https://degrees.apps.asu.edu/bachelors/major/ASU00/LAMUSBA,"The School of Music, Dance and Theatre is an accredited institutional member of the National Association of Schools of Music.",BA,"Music, BA",https://degrees.apps.asu.edu/bachelors/major-list/letter/all?init=false&nopassive=true
"Composition, Jazz Performance, Music Learning and Teaching, Performance, Theory","The Bachelor of Music in music is a professional degree designed to prepare students for careers in performance or composition and theory.

This degree program offers a rich and intensive educational experience that encourages a high level of professional and musical accomplishment. Students receive an education with an excellent foundation in music theory and music history.

The school promotes collaborative relationships among disciplines, and students in this program have the opportunity to participate in more than 400 concerts and recitals each academic year.",https://degrees.apps.asu.edu/bachelors/major/ASU00/HFMUSBM,The music programs are accredited by the National Association of Schools of Music.,BM,"Music, BM",https://degrees.apps.asu.edu/bachelors/major-list/letter/all?init=false&nopassive=true
,"The bachelor's degree program in musical theatre provides students with conservatory-style training in acting, voice and dance in the context of a liberal arts education at a major research university. Students graduate with a Bachelor of Music in musical theatre.

The program is specifically designed to prepare students for a professional career in musical theatre as a performer on the stage and in film and television.

Students receive one-on-one voice instruction in both classical and contemporary musical theatre techniques (including belt, pop and rock styles) as well as group instruction in vocal styles, acting and dance (jazz, tap and ballet).

Students have many opportunities to perform in a variety of styles, in main stage productions and in student-led workshop productions, cabarets, revues, new work readings and senior capstone projects.

The capstone experience for musical theatre students takes place in the final semester and culminates in an industry showcase in New York City and Los Angeles. Students are mentored for careers as professional performers in musical theatre, stage, concert, theatre and film, or a combination of these areas.",https://degrees.apps.asu.edu/bachelors/major/ASU00/HEMUSTBM,"The School of Music, Dance and Theatre is an accredited institutional member of the National Association of Schools of Music.",BM,"Musical Theatre, BM",https://degrees.apps.asu.edu/bachelors/major-list/letter/all?init=false&nopassive=true
"Memory, Learning and Cognitive Neuroscience, Neurobiology, Pre-professional","Neuroscience is the study of the nervous system, from the level of single molecules up to the intricacies of human behavior and cognition. It represents a vast, interdisciplinary field that draws from biology, chemistry, computer science, engineering, mathematics, medicine, philosophy, physics and psychology. The Bachelor of Science degree program in neuroscience provides a strong foundation for a variety of careers, including academic research, education, medicine and health care, biotechnology, pharmacology, science writing and law.

This program focuses on understanding the functions of the brain and nervous system in both health and disease. Students learn about the nervous system from the perspective of molecular and cellular biology, physiology and systems, and behavior and cognition. This broad base of knowledge prepares students for advanced studies and a wide variety of careers. The curriculum provides a balance of foundational and advanced coursework, including a series of four neuroscience courses that form the core of the major. The first three courses introduce students to foundational concepts in molecular, cellular, systems and behavioral neuroscience, and the senior capstone course provides an in-depth exploration of a specific area of neuroscience. The program offers a diverse selection of advanced electives covering a range of topics including neuroanatomy, neuroendocrinology, neuropharmacology, sensory physiology, and the biology of learning and memory.

To provide students with hands-on experience in neuroscience, the program requires a laboratory or research component. Students have the opportunity to take advanced laboratory courses or conduct independent research alongside world-class faculty. The honors thesis program offers motivated students the opportunity to work on an independent research project under the supervision of a faculty member.",https://degrees.apps.asu.edu/bachelors/major/ASU00/LSLSCBS,,,"Neuroscience, BS",https://degrees.apps.asu.edu/bachelors/major-list/letter/all?init=false&nopassive=true
,"The BS program in nonprofit leadership and management prepares students for professional careers in the nonprofit sector. The program provides a conceptual and practical background for working with and in diverse nonprofit organizations through a distinctive curriculum delivered by both world-class scholars and a diverse team of nationally and internationally recognized practitioners. Coursework focuses on key knowledge sectors of nonprofit management and leadership, including: community and social innovation, cross-sector collaboration, fundraising and development, human resources, leadership and ethics, marketing and social media, program evaluation and social entrepreneurship. Students apply this knowledge to the real world through capstone and internship experiences. The curriculum offers a unique learning experience through its engaged learning approach that emphasizes the practical application of theory to real-world problems facing nonprofit and philanthropic organizations. Students gain practical experience that allows them to learn important leadership skills in the classroom and in the field, working alongside nonprofit leaders and organizations in the community. Graduates of the program work in a wide variety of nonprofit organizations, including the arts, culture, community development, education, environment, health and human services, faith-based services, and sports.",https://degrees.apps.asu.edu/bachelors/major/ASNLMBS/nonprofit-leadership-and-management-bs,,BS,"Nonprofit Leadership and Management, BS",https://degrees.apps.asu.edu/bachelors/major-list/letter/all?init=false&nopassive=true
,"The RN to BSN program in the Edson College of Nursing and Health Innovation at ASU is for registered nurses who have earned an associate degree or diploma in nursing and are looking for a top-quality, flexible and affordable online bachelor's degree program from a university with a national reputation for academic excellence. This program also serves as a strong foundation for nurses wishing to pursue graduate nursing education.

This fast-paced program has five-week courses that build on students' prior nursing knowledge and offer opportunities for professional growth. Students advance their skills in evidence-based practice, critical thinking and leadership. The program covers topics in professionalism, health promotion, patient safety, quality improvement, health information management, ethics, teamwork, collaboration and public health. Students in the program develop the knowledge and skills necessary for providing nursing care to an increasingly diverse population in a variety of health care settings.",https://degrees.apps.asu.edu/bachelors/major/ASU00/ESNURBSN,Commission on Collegiate Nursing Education,BSN,"Nursing (RN to BSN), BSN",https://degrees.apps.asu.edu/bachelors/major-list/letter/all?init=false&nopassive=true
Veteran,"The Bachelor of Science in nursing program at ASU's Edson College of Nursing and Health Innovation is a traditional, four-semester upper-division program that prepares students to function as generalists in acute care settings.

The curriculum follows a logical sequence, progressing from simple to complex concepts. Courses cover theory and concepts that are later applied in the clinical setting.

The clinical component, which enables students to develop the skills and competencies required of an entry-level professional nurse, consists of clinical and lab experiences in hospitals and community agencies throughout the metropolitan Phoenix area. An internship in the final semester offers students concentrated clinical experience.

Students completing the BSN program are eligible to apply to take the National Council Licensure Examination for Registered Nurses.",https://degrees.apps.asu.edu/bachelors/major/ASU00/NURBSN,"The Bachelor of Science in Nursing and Master of Science in Nursing programs at Arizona State University are accredited by the Commission on Collegiate Nursing Education (http://www.ccneaccreditation.org).

All ASU graduate and undergraduate academic programs are accredited by the Higher Learning Commission of the North Central Association of Colleges and Schools.",,"Nursing, BSN",https://degrees.apps.asu.edu/bachelors/major-list/letter/all?init=false&nopassive=true
Dietetics,"The BS program in nutrition with a concentration in dietetics provides a curriculum based in the sciences to prepare students for a career as a registered dietitian nutritionist.

The program provides students with the academic foundation in nutrition science, food science, medical nutrition therapy, nutrition education and counseling, and community nutrition to provide services to individuals and groups.

Through coursework, lab and hands-on cooking and food preparation experiences, students learn how nutrition and food choices affect human health.

The curriculum provides a strong foundation in chemistry and the biological sciences to support students' understanding of nutrient metabolism and its application to human health and disease. Graduates of the program are well prepared for careers in a variety of settings such as health care organizations, community and public health agencies, corporate wellness programs, the food and nutrition industry, private practice, and research.

The concentration in dietetics is a Didactic Program in Dietetics that is accredited by the Accreditation Council for Education in Nutrition and Dietetics.

Upon graduation, students are eligible to apply to an ACEND-accredited dietetic internship. Successful completion of the dietetic internship provides eligibility to take the Registration Examination for Dietitians. Passage of this exam grants the registered dietitian nutritionist credential.

Effective Jan. 1, 2024, the Commission on Dietetic Registration has changed the degree requirement for dietitian registration eligibility from a bachelor's degree to a graduate degree. In most states, graduates also must obtain licensure or certification to practice. For more information about the educational pathways to become a RDN, students should visit https://www.eatrightpro.org/acend/students-and-advancing-education/information-for-students.",https://degrees.apps.asu.edu/bachelors/major/nutrition-dietetics-bs,The concentration in dietetics is a Didactic Program in Dietetics that is accredited by the Accreditation Council for Education in Nutrition and Dietetics.,BS,"Nutrition (Dietetics), BS",https://degrees.apps.asu.edu/bachelors/major-list/letter/all?init=false&nopassive=true
Food and Nutrition Management,"The BS program in nutrition with a concentration in food and nutrition management provides a strong foundation in nutrition science along with knowledge and skills in food and business management. It is designed for students interested in a career in areas such as:

community nutrition
foodservice systems management
nutrition management
public health

The curriculum is built upon a strong science foundation, including chemistry, biology, anatomy and physiology. The upper-division coursework includes advanced human nutrition, food science, quantity food production and management. The program is specifically designed to meet the academic requirements for students planning to become a registered dietitian nutritionist, the food and nutrition expert. A specific selection of courses provides students with the eligibility to apply to a dietetic internship, which is required prior to taking the national Registration Examination for Dietitians.

Graduates may also be interested in pursuing graduate study in a number of areas, including nutrition, food studies or public health.

This major is eligible for the Western Undergraduate Exchange (WUE) program. Students from Western states who choose this major and meet requirements may be eligible for a significant tuition reduction.",https://degrees.apps.asu.edu/bachelors/major/ASU00/HSNUTFNBS,"Accreditation Council for Education in Nutrition and Dietetics
Status: Accreditation",BS,"Nutrition (Food and Nutrition Management), BS",https://degrees.apps.asu.edu/bachelors/major-list/letter/all?init=false&nopassive=true
"['Food and Nutrition Business', 'Human Nutrition', 'Nutritional Sciences', 'Public Health Nutrition']","The Bachelor of Science in nutrition program at ASU provides a strong foundation in nutrition science, food and metabolism. The nutrition major is ideal for students interested in careers where they translate nutrition science to improve human health, including medicine and other health professions, nutrition research, community nutrition and the food industry.

Students are prepared to communicate nutrition information to diverse audiences, from individuals to communities to policy makers. With four distinct concentrations, students are able to tailor their education to match their career interests. Graduates can use the BS in nutrition as a standalone degree to enter the workforce or for entry into graduate or professional programs.",https://degrees.apps.asu.edu/bachelors/major/ASU00/ESNBS?init=false&nopassive=true,,BS,"Nutrition, BS",https://degrees.apps.asu.edu/bachelors/major-list/letter/all?init=false&nopassive=true
,"The BS program in nutritional science focuses on the physiological and biological aspects of foods and nutrients. This degree emphasizes the role of nutrition in health and disease and provides a strong foundation in the biological and chemical sciences.

Coursework in this program is science-intensive, with classes in biology, chemistry and biochemistry, organic chemistry, and physiology. Students learn to translate this information to meet the nutritional needs of individuals and populations.

The curriculum helps prepare students for further study in a graduate nutrition program or a professional health care program.",https://degrees.apps.asu.edu/bachelors/major/ASU00/HSNSHBS,,,"Nutritional Science, BS",https://degrees.apps.asu.edu/bachelors/major-list/letter/all?init=false&nopassive=true
,"The Bachelor of Science in operations management and analysis program prepares students to use analytical and quantitative methods to solve operational problems. Operations management is a function of every business and organization and is focused on the design, management and improvement of the processes that create and deliver an organization's products and services.

Operations managers are problem-solvers who are interested in data and analysis and how to improve business processes.

Operations management and analysis graduates work in supply chain management, purchasing, logistics, consulting, quality management, project management and many other fields.",https://degrees.apps.asu.edu/bachelors/major/ASU00/SCBSOPANBS?init=false&nopassive=true,All W. P. Carey School of Business degrees are accredited by the Association to Advance Collegiate Schools of Business.,BS,"Operations Management and Analysis, BS",https://degrees.apps.asu.edu/bachelors/major-list/letter/all?init=false&nopassive=true
Project Management,"The Bachelor of Arts in organizational leadership with a concentration in project management offers an innovative, interdisciplinary curriculum with a focus on leadership theory, project management principles and techniques, and data-driven decision-making. Students benefit from an outcomes-based approach that includes a unique curriculum of eight-week courses that are fully online and taught by professional faculty from a variety of academic and professional backgrounds. Students are prepared to become versatile and resourceful project management professionals with the strong leadership and communication skills needed in today's global organizations, whether they are in the public, private or nonprofit sector.

The project management concentration focuses on providing students with the knowledge and skills needed for careers in the growing field of project management. The curriculum is aligned with the Project Management Body of Knowledge developed by the Project Management Institute and covers all the major areas of project management: scope, time, cost, risk, quality, communications, human resources, procurement and integration management.

In this program, students develop skills in project planning and scheduling, budgeting, resource allocation, risk management, and communication. Students learn how to effectively lead and motivate teams and manage project resources.

In the program's capstone course, students participate in a real-world project, which allows them to apply the knowledge and skills they have gained and to build their professional portfolio. This program prepares students for the Project Management Institute's Certified Associate in Project Management examination.

This program is offered by the College of Integrative Sciences and Arts.",https://degrees.apps.asu.edu/bachelors/major/ASU00/LAOLPMBA,,,"Organizational Leadership (Project Management), BA",https://degrees.apps.asu.edu/bachelors/major-list/letter/all?init=false&nopassive=true
"Veterans, Society and Service","The BA program in organizational leadership with a concentration in veterans, society and service focuses on developing the knowledge and skills for effective leadership in a variety of public, private and nonprofit settings, with a distinctive emphasis on understanding the veteran population. Students develop key communication, leadership and management skills for success in leading contemporary organizations. Students also gain a deeper and more thorough understanding of the unique strengths veterans bring to the workplace as well as the needs they and their families often have in health care, social services, and educational and career transitions from the military. The organizational leadership degree program is offered by the College of Integrative Sciences and Arts. The college's faculty is composed of nationally and internationally recognized scholars whose teaching and research focuses on the complex task of leading modern organizations in an increasingly diverse and globalized world. The program is ideal for veterans, active-duty military and military-family members as well as for those who aspire to work with and advocate for this growing and important segment of American society.",https://degrees.apps.asu.edu/bachelors/major/ASU00/LAOLOVSSBA,,BA,"Organizational Leadership (Veterans, Society and Service), BA",https://degrees.apps.asu.edu/bachelors/major-list/letter/all?init=false&nopassive=true
,"The BA program in organizational leadership provides an interdisciplinary education focused on theories and practices of leadership and leadership development. The program prepares students for leadership roles in a variety of public, private and nonprofit settings. The program also helps students who are already in leadership positions to be more effective.

Students in the organizational leadership major learn to:

apply leadership theories to real-world challenges
lead and manage organizational change
build teams and manage conflict
make ethical decisions
communicate effectively

The curriculum builds upon a liberal arts foundation and combines coursework from the social sciences and humanities. All students complete an internship or applied project, integrating classroom knowledge with practical experience.

The program's interdisciplinary focus cultivates intellectual flexibility and the critical thinking skills needed to analyze complex problems from multiple perspectives. The program's emphasis on ethics, communication and diversity prepares graduates who can help organizations thrive in an increasingly complex and diverse global marketplace.",https://degrees.apps.asu.edu/bachelors/major/ASU00/LAORGLBA,,BA,"Organizational Leadership, BA",https://degrees.apps.asu.edu/bachelors/major-list/letter/all?init=false&nopassive=true
Therapeutic Recreation,"The BS program in parks and recreation management prepares students for a variety of careers in the management of parks, recreation and tourism services and is designed for students interested in improving the quality of life within communities and for visitors. Parks and recreation management professionals work to provide and manage outdoor recreation experiences, sport and recreation programs in the community, and tourism and special event opportunities.

Students are prepared with a strong foundation of knowledge in management, marketing, leadership and programming. Throughout the curriculum, students gain career-relevant experience through hands-on learning in the classroom, in the community and in professional settings.

Graduates of the parks and recreation management program are well-prepared for entry-level professional positions and advancement to mid-management and upper-management positions within public, nonprofit and commercial organizations. Areas of emphasis in this major include park and recreation administration, sport management, tourism management and community recreation.",https://degrees.apps.asu.edu/bachelors/major/ASU00/PRMPRMBS,The BS program in parks and recreation management with a concentration in therapeutic recreation is accredited by the Commission on Accreditation of Allied Health Education Programs upon the recommendation of the Committee on Accreditation of Recreational Therapy Education.,,"Parks and Recreation Management, BS",https://degrees.apps.asu.edu/bachelors/major-list/letter/all?init=false&nopassive=true
,"The BS program in pharmacology and toxicology provides a strong background in basic sciences, including chemistry and biology, as well as in-depth coursework and hands-on laboratory experience in pharmacology and toxicology. Students are introduced to the effects of chemicals on biological systems and learn about the discovery, development and regulation of drugs. They learn to identify and characterize the effects of drugs and other chemicals on the body, from the molecular and cellular levels to the organ systems and whole organism levels. They are exposed to a broad spectrum of topics including disease mechanisms and drug action, drug metabolism and disposition, mechanisms of chemical-induced toxicity, regulatory processes, and the application of modern research methods to solve pharmacological and toxicological problems. Through hands-on laboratory courses, students learn modern techniques used in the fields of pharmacology and toxicology. With a strong foundation in pharmacology and toxicology and basic sciences, graduates of this program are competitive for a wide range of graduate programs.",https://degrees.apps.asu.edu/bachelors/major/ASU00/LABSPHTXBS,,BS,"Pharmacology and Toxicology, BS",https://degrees.apps.asu.edu/bachelors/major-list/letter/all?init=false&nopassive=true
"Morality, Politics and Law","The Bachelor of Arts program in philosophy with a concentration in morality, politics and law provides a solid foundation for careers in law, public service, and public and private administration by focusing on the values and principles that underlie and justify political and legal institutions.

Students in this program benefit from close interaction with faculty who have international reputations for their scholarship. They develop their skills in reasoning, analysis and argumentation through challenging coursework, research opportunities and a variety of philosophy-related extracurricular activities.",https://degrees.apps.asu.edu/bachelors/major/ASU00/LAPHIMPLBA,,BA,"Philosophy (Morality, Politics and Law), BA",https://degrees.apps.asu.edu/bachelors/major-list/letter/all?init=false&nopassive=true
"Morality, Politics and Law, Science, Nature and Mind","The philosophy bachelor's degree program teaches students to think clearly and critically about the most important questions of human existence. In philosophy classes, students examine classic texts, analyze arguments and write their own reasoned arguments. These skills are valuable to a wide range of graduate studies and professional careers.",https://degrees.apps.asu.edu/bachelors/major/ASU00/LAPHILBA,,BA,"Philosophy, BA",https://degrees.apps.asu.edu/bachelors/major-list/letter/all?init=false&nopassive=true
,"The BAE in physical education prepares students for careers as physical education teachers in K-12 schools.

The program emphasizes a holistic approach to physical education, focusing on developing physically literate individuals who have the knowledge, skills and confidence to enjoy a lifetime of healthful physical activity.

The program's curriculum is aligned with national and state standards for physical education and provides students with a strong foundation in the areas of motor development, exercise physiology, biomechanics, curriculum development and instructional strategies.

Students also gain extensive hands-on experience through a variety of field experiences in local schools, culminating in a full-time student teaching internship during their final semester.

Graduates are prepared to meet the requirements for teacher certification in Arizona and other states, and are equipped with the skills and knowledge to create and implement effective physical education programs that promote lifelong health and wellness for all students.",https://degrees.apps.asu.edu/bachelors/major/ASU00/TEPEDBAE,The Mary Lou Fulton Teachers College is accredited by the Council for the Accreditation of Educator Preparation.,BAE,"Physical Education, BAE",https://degrees.apps.asu.edu/bachelors/major-list/letter/all?init=false&nopassive=true
Astrophysics,"The BS program in physics with a concentration in astrophysics offers a strong foundation in classical and modern physics, and it provides specialized knowledge in astrophysics. This foundation prepares students for graduate study in astrophysics and related fields and for a wide range of careers in industry, data science, technology and education.

Specialized courses in astrophysics include theoretical astrophysics, observational astronomy and cosmology. The program focuses on active learning, with small classes and research opportunities, and provides exceptional career and academic mentoring by faculty members.

In addition to a rigorous and challenging curriculum, physics students often choose to enhance their education by getting involved in a wide variety of activities available at ASU, including the Society of Physics Students, research opportunities with faculty in the department, and science outreach programs.",https://degrees.apps.asu.edu/bachelors/major/ASU00/LAPHYSBS/physics-astrophysics,,BS,"Physics (Astrophysics), BS",https://degrees.apps.asu.edu/bachelors/major-list/letter/all?init=false&nopassive=true
professional,"The BS program in physics with a concentration in professional physics is designed for students with a keen interest in physics who plan to pursue graduate studies in the field or who plan to work as professional physicists in industry or government. Students gain a rigorous grounding in both classical and modern physics, learning to apply physical principles to the solution of problems. They learn to design and conduct experiments and to analyze and interpret the data collected. They also learn mathematical methods and the use of computers to solve physics problems. The concentration in professional physics is excellent preparation for graduate studies in physics, as the required coursework closely follows the guidelines of the American Institute of Physics. This includes advanced courses in electricity and magnetism, quantum mechanics and thermal physics, plus an advanced laboratory course. Graduates of this program may also elect to seek employment as physicists. They may find entry-level positions in industry or government in areas related to applied physics and engineering, such as aerospace, electronics, computation and energy.",https://degrees.apps.asu.edu/bachelors/major/ASU00/LAPHYSBS/physics-professional,,,"Physics (Professional), BS",https://degrees.apps.asu.edu/bachelors/major-list/letter/all?init=false&nopassive=true
Secondary Education,"The BA program in physics with a concentration in secondary education is a comprehensive program for students who wish to become high school physics teachers. The program provides a broad introduction to the fundamental principles of physics, with advanced coursework in mechanics, electricity and magnetism, and quantum physics. The program has been developed jointly by the Department of Physics and Mary Lou Fulton Teachers College. Graduates from this program receive an institutional recommendation from ASU to the Arizona Department of Education for certification as a secondary school teacher in physics. The program is part of a concerted effort by the physics department to respond to the urgent need for well-qualified high school teachers of physics and to the President's call for 100,000 new STEM teachers nationwide.",https://degrees.apps.asu.edu/bachelors/major/ASU00/LAPHYSBA,Mary Lou Fulton Teachers College is accredited by the Council for the Accreditation of Educator Preparation.,,"Physics (Secondary Education), BA",https://degrees.apps.asu.edu/bachelors/major-list/letter/all?init=false&nopassive=true
,"The Bachelor of Arts in physics program provides a comprehensive survey of the main fields of physics in a flexible curriculum. It is intended for students who wish to pursue a career in a field where a strong background in physics is desirable or for students who wish to become certified as secondary school physics teachers.

The physics BA program gives students a solid foundation in physics while allowing them the flexibility to explore other academic areas. For example, students may wish to combine their studies in physics with preprofessional training in medicine, law or business; with a second major in philosophy, English or another liberal arts field; or with in-depth study in a technical area such as computer science, biology or engineering.

Students are not required to complete a senior-level capstone course; however, they may choose to complete an undergraduate research project or thesis as an elective.

For students who may be interested in a career in medicine, ASU offers a preprofessional health program. Pre-health professions advisors are available to help students prepare for medical school and other health professions.

Students who may be interested in a career in law can take advantage of the pre-law advising services at ASU. Students are encouraged to meet with a pre-law advisor early in their academic career and throughout their undergraduate experience.

Students who are interested in pursuing teacher certification should meet with their academic advisor to ensure that all requirements are met.",https://degrees.apps.asu.edu/bachelors/major/ASU00/LAPHYSBA,,,"Physics, BA",https://degrees.apps.asu.edu/bachelors/major-list/letter/all?init=false&nopassive=true
"['Astrophysics', 'Biophysics', 'Materials Physics', 'Physics Education', 'Standard Physics']","The Bachelor of Science in physics is designed to provide a broad and solid education in classical and modern physics with an emphasis on the theory and application of physics in the 21st century.
The program is suitable for those planning careers in research in physics or a related field (with a graduate degree); in secondary education; or in industry, including the aerospace, data science, defense, electronics, energy, medical, semiconductor and technology sectors.
In addition to the fundamental physics curriculum, students can participate in research projects in areas such as biophysics, cosmology, elementary particle physics, condensed matter and materials physics, nanoscience, and physics education. Many of these projects are in collaboration with faculty in other departments on campus and at other institutions and national laboratories. The Department of Physics offers research opportunities not only at the Tempe campus but at the Downtown Phoenix campus as well, through the Center for Biological Physics. Undergraduates will find access to state-of-the-art facilities for their research, such as the LeRoy Eyring Center for Solid State Science, the Center for Biological Physics and several facilities in the Biodesign Institute.",https://degrees.apps.asu.edu/bachelors/major/ASU00/LAPHYSBS/physics,,,"Physics, BS",https://degrees.apps.asu.edu/bachelors/major-list/letter/all?init=false&nopassive=true
,"Political science is the study of governments, public policies and political processes, systems and political behavior. It is a social science dealing with the theory and practice of politics and the analysis of political systems and political behavior.

The BA program in political science provides students with a broad and systematic understanding of the political world and the skills to think critically, communicate effectively and conduct research. Students learn how to ask and answer important questions about politics, both domestic and international. They study how governments and political systems are structured and how they function, and they learn about the political ideas that have shaped the world.

Students may focus their studies on particular subfields, including:
- American politics
- comparative politics
- international relations
- political theory

In addition to a broad liberal arts background, this program provides students with the opportunity to develop skills in oral and written communication, as well as in critical and analytical thinking.",https://degrees.apps.asu.edu/bachelors/major/ASU00/LSPOLSCBA,,BA,"Political Science, BA",https://degrees.apps.asu.edu/bachelors/major-list/letter/all?init=false&nopassive=true
,"The Bachelor of Science in political science program provides students with the research tools to study social phenomena. This degree program prepares students to become leading researchers in a variety of social science fields.

The BS degree program in political science is recommended for students who want to develop more advanced quantitative analysis skills, especially those interested in continuing on to graduate school in political science, in data-driven careers in politics, government or the private sector, or in some law degrees where these skills are particularly helpful. The program prepares students to become leading researchers in various fields, with high-level skills in social science statistics, mathematics and research design.

The School of Politics and Global Studies is a dynamic and engaged community of scholars who are nationally and internationally recognized in their fields. Students learn from and work with faculty members who are leading experts on topics such as:

campaigns and elections
conflict and human rights
international relations
Latino politics
law and society
political theory
women and politics

As an integral part of the school, the BS program in political science prepares students with the tools they need to be socially aware, critically thinking and engaged citizens.",https://degrees.apps.asu.edu/bachelors/major/ASPOSBS,,BS,"Political Science, BS",https://degrees.apps.asu.edu/bachelors/major-list/letter/all?init=false&nopassive=true
,"The BS program in population health provides students with the foundational skills and knowledge needed to improve the health of populations and promote health equity for all. Students learn the foundational skills and knowledge needed to improve the health of populations and promote health equity for all. They also develop the skills needed for evidence-based practice and decision-making by completing coursework in areas such as epidemiology, biostatistics, health policy, program planning, global health, and social and behavioral health. This comprehensive curriculum offers students the opportunity to examine the complex factors that influence human health and disease and to explore methods for protecting and improving the health of entire populations. The program can provide the foundation for graduate studies in public health or for medical, dental or pharmacy school, and it can prepare students for a wide range of career opportunities in the health care industry. Students interested in applying for graduate school or professional programs such as medical, dental or pharmacy school are strongly encouraged to connect with their academic advisor to discuss the specific courses they should take.",https://degrees.apps.asu.edu/bachelors/major/ASU00/HEPOPHBS,,BS,"Population Health, BS",https://degrees.apps.asu.edu/bachelors/major-list/letter/all?init=false&nopassive=true
,"The BS program in preveterinary medicine is a comprehensive, four-year undergraduate course of study that combines coursework required for admission to a college of veterinary medicine with in-depth study of animal structure and function. Students develop a strong background in biology and chemistry and advanced coursework in anatomy, physiology, nutrition, immunology and other animal-related subjects.

The curriculum is ideal preparation for students who want to become veterinarians but who also may decide to pursue graduate or professional school opportunities in other health-related areas or careers in the biotechnology or animal health industries. The degree program includes all of the required coursework for admission to most colleges of veterinary medicine.

Students who wish to pursue a career in veterinary medicine may do so with a variety of undergraduate degrees. Because admission to veterinary college is not guaranteed and is extremely competitive, students are advised to choose a degree program that offers a strong background in the sciences and offers a variety of career options.

This major is eligible for the Western Undergraduate Exchange program at a reduced tuition rate. The WUE tuition rate is available to students from Alaska, California, Colorado, Hawaii, Idaho, Montana, Nevada, New Mexico, North Dakota, Oregon, South Dakota, Utah, Washington, Wyoming, Guam, the Republic of the Marshall Islands, the Federated States of Micronesia and the Commonwealth of the Northern Mariana Islands (CNMI).

This program is offered by the College of Integrative Sciences and Arts at the Polytechnic campus.",https://degrees.apps.asu.edu/bachelors/major/ASU00/LABAPVETBS,,BS,"Preveterinary Medicine, BS",https://degrees.apps.asu.edu/bachelors/major-list/letter/all?init=false&nopassive=true
"Air Transportation Management, Unmanned Aerial Systems","The BS program in professional flight prepares students to become professional pilots. Graduates earn a commercial pilot certificate with multi-engine and instrument ratings.

The program focuses on developing the aeronautical knowledge, skills and flight proficiency needed for a career as a professional pilot. Students learn to fly in the most technologically advanced aircraft and simulators available. The program meets the requirements for a restricted airline transport pilot certificate. With a restricted ATP, a pilot needs only 1,000 flight hours to be eligible to fly for an airline, compared with 1,500 hours otherwise required. Additionally, a graduate of ASU's professional flight program earns the commercial pilot certificate in as few as 450 flight hours versus the standard 1,500 hours it could take from other flight schools.

Students have the opportunity to make valuable contacts with industry professionals. Upon completion of flight training, students can apply for certified flight instructor positions with ASU's flight provider, AeroGuard Flight Training Center.

Graduates are prepared for careers as professional pilots.",https://degrees.apps.asu.edu/bachelors/major/ASU00/APPRFLBS,This program is accredited by the Aviation Accreditation Board International.,BS,"Professional Flight, BS",https://degrees.apps.asu.edu/bachelors/major-list/letter/all?init=false&nopassive=true
Applied Physics,"The BS program in professional science with a concentration in applied physics provides a unique alternative to traditional degree programs in science. This innovative program combines a strong core in the major with professional skills in communication, computation and workplace practices. Students are trained in the fundamentals of physics and in how to apply their knowledge to technology-based careers. In addition to technical proficiency, students gain critical workplace skills such as project management, business fundamentals and leadership.",https://degrees.apps.asu.edu/bachelors/major/ASU00/SCPSAPBS,,BS,"Professional Science (Applied Physics), BS",https://degrees.apps.asu.edu/bachelors/major-list/letter/all?init=false&nopassive=true
Environmental Technology and Management,"The Bachelor of Science degree program in professional science with a concentration in environmental technology and management is an innovative, interdisciplinary program that combines a science background with professional skills to prepare students for a variety of careers in the technology and management sectors of the environmental industry.

The program provides students with the critical skills and knowledge needed to address the complex environmental challenges facing society.

The curriculum combines courses in life and physical sciences, technology and engineering, management, and leadership. Students learn from faculty in the College of Integrative Sciences and Arts and Ira A. Fulton Schools of Engineering who are experts in their fields and have extensive experience in the environmental industry.

Students have opportunities to gain hands-on experience through internships and research projects with industry partners and government agencies.

Graduates are well prepared for careers in a variety of fields, including:
-environmental consulting
-environmental health and safety
-natural resource management
-sustainability

Graduates are prepared for career paths in industry and governmental agencies as well as for admission to professional science master's programs.",https://degrees.apps.asu.edu/bachelors/major/ASUPRO/TSEMBS,,BS,"Professional Science (Environmental Technology and Management), BS",https://degrees.apps.asu.edu/bachelors/major-list/letter/all?init=false&nopassive=true
,"The BS program in project management provides students with the knowledge and skills needed for careers managing projects in a variety of industries.

Students learn the entire project life cycle, from initiation and planning to execution, monitoring, controlling and closing. The curriculum covers a wide array of courses, including:
-agile project management
-change management
-cost and schedule control
-leadership
-procurement
-quality management
-risk management

The program provides a deep understanding of project management principles, tools and techniques. Students are prepared to plan, execute and oversee projects to successful completion, making them valuable assets to any organization.",https://degrees.apps.asu.edu/bachelors/major/ASU00/TEPMGTBS,"The Bachelor of Science in project management is accredited by the PMI Global Accreditation Center for Project Management Education Programs (GAC). The GAC is the world's leading specialized accrediting body for project management and related degree programs, attesting to the quality of the ASU degree program and its graduates.",BS,"Project Management, BS",https://degrees.apps.asu.edu/bachelors/major-list/letter/all?init=false&nopassive=true
,"The Bachelor of Arts in psychology provides a strong foundation for a variety of careers and for the pursuit of graduate studies in psychology and other professional fields. The degree program emphasizes the development of critical and analytical thinking skills.

Students learn about the science of behavior and mental processes through active learning and mentored experiences in research labs and community settings. Many psychology majors also complete a second major, a minor or a certificate in other areas, such as family and human development, business, or justice studies, to expand their skills and career options.

ASU's Department of Psychology is an award-winning department that has been recognized by the American Psychological Association for its undergraduate program. The program provides the opportunity to explore many areas within psychology through a wide variety of research areas and courses such as:

Social Psychology
Clinical Psychology
Cognitive Psychology
Developmental Psychology
Behavioral Neuroscience
Abnormal Psychology
Memory and Forgetting
These courses represent the major areas of psychological science.

Students interested in pursuing a graduate degree in psychology or a related area are strongly encouraged to gain research experience by working in one of the psychology department's more than 30 research labs. The Department of Psychology's website has a search tool for finding research opportunities.",https://degrees.apps.asu.edu/bachelors/major/ASU00/LAPSYSBA,,BA,"Psychology, BA",https://degrees.apps.asu.edu/bachelors/major-list/letter/all?init=false&nopassive=true
,"The Bachelor of Science in psychology program provides a strong foundation in the concepts and methods of the science of psychology.

Psychology is the scientific study of behavior and mental processes, from the level of the nerve cell to the level of the group. The BS program offers a more extensive background in the foundational areas of psychology and a more comprehensive quantitative and research methods sequence than does the Bachelor of Arts program. The degree is excellent preparation for graduate study in psychology as well as other professional fields, such as law and medicine.

Psychology majors gain experience in analyzing, interpreting and synthesizing information in a scientific manner. These are skills that are highly valued in many work environments.

The bachelor's degree in psychology is a popular undergraduate major. Many students choose to combine their study of psychology with another major or minor. Psychology graduates are employed in a wide variety of work settings. Many jobs require specific skills and knowledge in a specialized area, such as applied behavior analysis, and students should check with a departmental advisor for details on specific career-related course sequences.",https://degrees.apps.asu.edu/bachelors/major/ASU00/LAPSYSBS/psychology,,BS,"Psychology, BS",https://degrees.apps.asu.edu/bachelors/major-list/letter/all?init=false&nopassive=true
,"The BS program in public administration is intended for students who are interested in a career in public service. The program prepares students with the knowledge and skills necessary for management and leadership positions in government and nonprofit organizations.
The curriculum requires courses in a number of public service-related areas, including:

leadership and management
public policy
public finance
urban studies

The curriculum prepares students to solve public problems and to pursue and advance in a public service career. Coursework focuses on the knowledge and skills that are most useful to public service professionals, and students learn to critically analyze and creatively respond to the challenges of governance. Students also develop an appreciation for the ethical dimensions of public service and the importance of professional integrity.
The program is offered by the School of Public Affairs, part of the Watts College of Public Service and Community Solutions.",https://degrees.apps.asu.edu/bachelors/major/ASU00/LSPABBS/public-administration,,BS,"Public Administration, BS",https://degrees.apps.asu.edu/bachelors/major-list/letter/all?init=false&nopassive=true
,"The BS program in public health prepares students to promote and protect the health of individuals and communities.

Students learn how to analyze and understand the complex factors that influence the health and well-being of individuals, families, communities and populations and develop skills to promote health equity and prevent disease, injury and disability.

The curriculum provides a strong foundation in the five core disciplines of public health:
biostatistics
environmental health
epidemiology
health policy and management
social and behavioral sciences

Students take coursework on topics such as:
global health
health communication
health disparities
health education and promotion
program planning, implementation and evaluation
research methods

Throughout the program, students gain real-world experience through an internship, which provides a valuable opportunity to apply their knowledge and skills in a public health setting.

Upon graduation, students are well prepared for careers in a variety of public health fields, such as:
community health
environmental health
global health
health communication
health education and promotion

They are also well-prepared for graduate studies in public health and related fields, such as health care administration, medicine and public policy.

Graduates of this program may be eligible to sit for the national credentialing exam to become a Certified Health Education Specialist. The CHES exam is offered by the National Commission for Health Education Credentialing and is the only accredited credential in the health education and promotion profession.",https://degrees.apps.asu.edu/bachelors/major/ASU00/HEHEPHBS,,BS,"Public Health, BS",https://degrees.apps.asu.edu/bachelors/major-list/letter/all?init=false&nopassive=true
science and technology policy,"The BS program in public policy teaches students the skills to understand, analyze and influence public policy at the local, state and national levels. Students learn to critically evaluate policy arguments, research and data; conduct policy analysis; and communicate effectively about policy issues orally and in writing. The curriculum integrates a strong foundation in public policy with analytical courses in economics and research methods as well as a policy concentration of the student's choice. Graduates are well-prepared for a variety of careers in which they can make a difference in their communities and in leadership positions in government, nonprofit organizations and the private sector.",https://degrees.apps.asu.edu/bachelors/major/ASPPB/public-policy-bs,,BS,"Public Policy, BS",https://degrees.apps.asu.edu/bachelors/major-list/letter/all?init=false&nopassive=true
,"The BA program in public relations and strategic communications provides a comprehensive understanding of how to be an effective communicator in a variety of business, media and nonprofit organizations. Students in this degree program learn how to communicate effectively with diverse audiences and to create and sustain the quality of relationships that an organization needs to succeed. The program also provides skills in managing internal and external communications programs using traditional and new media. Students learn how to respond to and manage crises and to become innovative problem-solvers. The curriculum provides a strong foundation in professional ethics, media law, theory and research. All students are required to complete a professional internship prior to graduation.",https://degrees.apps.asu.edu/bachelors/major/ASU00/JCPRSBA,,,"Public Relations and Strategic Communications, BA",https://degrees.apps.asu.edu/bachelors/major-list/letter/all?init=false&nopassive=true
Emergency Management and Homeland Security,"The BS program in public service and public policy with a concentration in emergency management and homeland security offers an innovative, interdisciplinary curriculum. It draws on the expertise of faculty in the School of Public Affairs and from a variety of other academic units across ASU.

The curriculum combines a foundation in public service and public policy with specialized courses in emergency management and homeland security and electives drawn from related disciplines. The program prepares students for leadership and management roles in public, private and nonprofit organizations through the study of topics that include:

all-hazards emergency management
comparative disaster management
critical infrastructure protection
cybersecurity policy and management
disaster planning and preparedness
disaster response and recovery
ethical issues for emergency managers
health and medical issues in emergency management
homeland security policy and administration
information technology in emergency management
introduction to public service and public policy
terrorism
The coursework prepares students for challenging leadership positions within the public safety disciplines of fire services, law enforcement, and emergency medical and health services. Students gain the critical-thinking skills and understanding necessary to excel as leaders who must address the challenges of disaster response and recovery.",https://degrees.apps.asu.edu/bachelors/major/ASU00/PPEMHSBS/public-service-and-public-policy-emergency-management-and-homeland-security-bs,,BS,"Public Service and Public Policy (Emergency Management and Homeland Security), BS",https://degrees.apps.asu.edu/bachelors/major-list/letter/all?init=false&nopassive=true
Emergency Management and Homeland Security,"The BS program in public service and public policy prepares students for careers in the public sector, including in government and nonprofit organizations. Students gain insight into public policy and the issues public and nonprofit managers face, from human resources and budgeting to policy analysis and ethics. Students learn to develop and implement policy and deliver public services effectively and ethically in a diverse and dynamic society. Students acquire an understanding of the structure and function of the public sector, the skills required for success in public service and the values characteristic of public service.

Core coursework in public policy and management provides the foundation for students to develop specializations in areas of individual interest.

The BS program in public service and public policy also offers a concentration in emergency management and homeland security. The concentration prepares students with the knowledge and skills necessary for a career in emergency management and homeland security. Students develop competence in the management of all types of hazards and disasters through the study of planning, mitigation, response and recovery. A wide variety of elective courses in criminal justice, social work, public affairs, geography, communication, sustainability and other areas are available to support and enrich the curriculum.",https://degrees.apps.asu.edu/bachelors/major/ASUPPSPUB,,BS,"Public Service and Public Policy, BS",https://degrees.apps.asu.edu/bachelors/major-list/letter/all?init=false&nopassive=true
,"The Bachelor of Arts in business with a concentration in real estate provides an overview of the tools and concepts used for real estate decision-making.

The program is designed for students who want to develop a broad-based knowledge of business with a specific understanding of real estate markets, law, finance and appraisal. Students are prepared to become leaders who create value in the real-estate development, investment, and lending industries.",https://degrees.apps.asu.edu/bachelors/major/ASU00/BABUSREABS,The W. P. Carey School of Business is accredited by the Association to Advance Collegiate Schools of Business (AACSB International).,BA,"Real Estate, BA",https://degrees.apps.asu.edu/bachelors/major-list/letter/all?init=false&nopassive=true
,"The Bachelor of Science in recreation therapy program at ASU is designed to prepare competent, entry-level recreational therapists with the knowledge, skills and abilities necessary to become leaders in the field and successfully complete the national exam. The program curriculum is specifically aligned with the requirements of the National Council for Therapeutic Recreation Certification.

The recreational therapy profession seeks to improve the quality of life for individuals with disabilities, injuries or illnesses through active treatment. This is achieved using a systematic approach called the therapeutic recreation process, which includes assessment, planning, implementation, evaluation and documentation. Recreational therapists are active, creative and compassionate professionals who use recreation activities and other life experiences to help people make the most of their lives --- physically, mentally, emotionally and socially.

The program requires students to complete a supervised, professional internship in the final semester of the program. Faculty members assist students in obtaining an internship that fits their desired career path.",https://degrees.apps.asu.edu/bachelors/major/ASU00/TSRCTBS,The recreation therapy program is accredited by the Commission on Accreditation of Allied Health Education Programs upon the recommendation of the Committee on Accreditation of Recreational Therapy Education.,BS,"Recreation Therapy, BS",https://degrees.apps.asu.edu/bachelors/major-list/letter/all?init=false&nopassive=true
,"The Bachelor of Arts in religious studies is the undergraduate degree program in the academic study of religion.

The curriculum focuses on the critical, analytical and cross-cultural study of religions. Students learn to see religions as complex and historically dynamic traditions, involving texts, rituals, social institutions, and material cultures, which have shaped, and in turn been shaped by, their historical and cultural contexts.

The curriculum covers the major world religions (Buddhism, Christianity, Hinduism, Islam and Judaism) and also newer, smaller-scale or little-known traditions as well as non-religious meaning systems.

In addition to a broad comparative overview of religious traditions, students also develop expertise in one tradition or a particular theme. Students learn diverse approaches to the study of religion, from fields such as:

anthropology
history
philosophy
sociology

They gain strong research and writing skills, and they learn to think critically about complex texts, practices and social formations. The degree offers a basic foundation in the study of religion that can lead to graduate study or to a wide variety of careers.",https://degrees.apps.asu.edu/bachelors/major/ASU00/LASHURSBA,,BA,"Religious Studies, BA",https://degrees.apps.asu.edu/bachelors/major-list/letter/all?init=false&nopassive=true
,"The Bachelor of Science in Engineering in robotics program is an interdisciplinary program that prepares students to meet the challenges of designing and developing the intelligent systems of today and the future. Students will develop foundational knowledge in computer science, data structures, mathematics and the physical sciences, with strong hands-on experience in the design, development, construction and application of robotic and autonomous systems, including control systems and machine learning.

Through an integrative, experience-based curriculum, students will gain experience in the end-to-end design of robotic systems, as well as an appreciation of the social and ethical aspects of these technologies. Students who complete the BSE in robotics will be prepared for work in the increasingly interdisciplinary field of robotics, where expertise in both hardware and software is critical. The curriculum provides breadth and depth across the core areas of robotics (sensing, reasoning and acting) while also enabling students to pursue specialized interests in a specific area.

This program is offered by the School of Computing and Augmented Intelligence.",https://degrees.apps.asu.edu/bachelors/major/robotics,"The robotics BSE program is accredited by the Engineering Accreditation Commission of ABET, https://www.abet.org.",,"Robotics, BSE",https://degrees.apps.asu.edu/bachelors/major-list/letter/all?init=false&nopassive=true
Russian,"The Bachelor of Arts program in Russian offers students a solid foundation in the Russian language, with a focus on all four language skills (speaking, listening, reading and writing), and combines it with the study of Russian literature, culture, history, politics and film.

In addition to the skills gained through the study of a foreign language, literature and culture, which are highly valued by employers, students develop the strong intercultural communication and critical thinking skills needed to thrive in an increasingly interconnected and diverse world. Graduates are prepared for careers in a wide range of fields, including education, government service, journalism, national security, nongovernmental and nonprofit organizations, and translation and interpretation.

The program offers a diverse selection of Russian language, literature and culture courses. All Russian majors are strongly encouraged to participate in one of the study abroad programs available in Russia and other Russian-speaking countries.",https://degrees.apps.asu.edu/bachelors/major/ASU00/LASILRUSBA,,BA,"Russian, BA",https://degrees.apps.asu.edu/bachelors/major-list/letter/all?init=false&nopassive=true
Biological Sciences,"The BAE program in secondary education with a concentration in biological sciences prepares students to become middle school or high school science teachers. Students learn how to be effective teachers and how to develop and evaluate curriculum and instructional materials.

The program combines coursework in biology and other sciences with courses in the theory and practice of teaching. Teacher candidates learn how to plan lessons, manage a classroom and assess student learning. They are taught how to foster a learning environment in which all students, including those from diverse cultural and linguistic backgrounds, can succeed.

Extensive field experiences in a variety of school settings give students the opportunity to practice their teaching skills and connect what they are learning in their university classes with the realities of the classroom. The program culminates in a full-time clinical experience (student teaching).

Graduates are recommended for teacher certification in Arizona to teach biology in grades 6 through 12.",https://degrees.apps.asu.edu/bachelors/major/ASU00/TESEDBIOSCB,"This program, which is accredited by the Council for the Accreditation of Educator Preparation, leads to teacher certification in the state of Arizona.",BAE,"Secondary Education (Biological Sciences), BAE",https://degrees.apps.asu.edu/bachelors/major-list/letter/all?init=false&nopassive=true
Chemistry,"The BAE program in secondary education with a concentration in chemistry prepares students to teach chemistry in grades seven through 12. The program is a collaboration between the Mary Lou Fulton Teachers College and The College of Liberal Arts and Sciences. Students complete subject matter coursework in the partner college and teacher preparation coursework in the Teachers College.

Graduates of this program earn an institutional recommendation from ASU to the Arizona Department of Education for teacher certification in the state of Arizona in chemistry, grades 7-12.

All students must meet the requirements for Arizona teacher certification. This includes extended field experiences (teacher residencies) in a variety of settings appropriate to the student's chosen content area and grade level. Students should see the academic advisor for information on completing requirements for teacher certification.",https://degrees.apps.asu.edu/bachelors/major/ASU00/LATEACHEBAE,,BAE,"Secondary Education (Chemistry), BAE",https://degrees.apps.asu.edu/bachelors/major-list/letter/all?init=false&nopassive=true
Earth and Space Sciences,"The BAE program in secondary education with a concentration in earth and space sciences prepares students to become middle school and high school earth and space sciences teachers.

Coursework in this Mary Lou Fulton Teachers College program emphasizes the content knowledge and pedagogical skills needed to be a highly qualified teacher, including research-based teaching strategies and methods. The coursework is integrated with extensive field experiences in partner districts, culminating in a full-time student teaching internship.

Upon completion of the program, students are prepared to teach a variety of earth and space sciences subjects, including:
- astronomy
- geology
- meteorology
- oceanography

Students who complete this program earn a bachelor's degree and an Arizona teaching certificate in secondary education, 6-12, and a structured English immersion endorsement, K-12. This program is also offered as a fast-track option for eligible students, allowing them to complete both their undergraduate and master's degrees in education in four and a half years.",https://degrees.apps.asu.edu/bachelors/major/ASU00/LASEDESSBAE,All educator preparation programs in the Mary Lou Fulton Teachers College are accredited by the Association for Advancing Quality in Educator Preparation. ASU is also accredited by the Higher Learning Commission.,,"Secondary Education (Earth and Space Sciences), BAE",https://degrees.apps.asu.edu/bachelors/major-list/letter/all?init=false&nopassive=true
English,"The BAE program in secondary education with a concentration in English prepares students to teach English in grades 6-12. The program emphasizes the knowledge, skills and dispositions needed to be an effective teacher of English in a multicultural society.

Coursework focuses on knowledge of the subject matter, the learner and learning, and curriculum, instruction and assessment. Students learn about the English language and how to analyze literature as well as how to teach reading and a wide range of types of writing.

This secondary education program includes professional experiences in a variety of school settings, including a full-time student teaching internship. The professional experiences, which are integrated with the coursework, provide students with a rich, hands-on experience of working with students from various cultural, linguistic and socioeconomic backgrounds.

All coursework is taken in a sequential manner.

Arizona teacher certification for grades 6-12 is awarded upon successful completion of the program. The Mary Lou Fulton Teachers College provides a teaching certification officer who is a liaison to the Arizona Department of Education and who is able to provide information on the certification process.",https://degrees.apps.asu.edu/bachelors/major/ASU00/LASEDENGBAE,The Mary Lou Fulton Teachers College is accredited by the Council for the Accreditation of Educator Preparation.,BAE,"Secondary Education (English), BAE",https://degrees.apps.asu.edu/bachelors/major-list/letter/all?init=false&nopassive=true
History,"The BAE program in secondary education with a concentration in history prepares students to teach history in grades 6-12. Students learn to develop curriculum, instruction and assessment materials to meet the needs of all learners in history classrooms, including English language learners and students with disabilities.

Students in this program are not required to complete a minor.

In addition to the content knowledge courses in history, students take a range of professional teacher preparation courses grounded in research-based practices, and they spend significant time in partner-district schools working with mentor teachers and students. The program culminates in a full-time student teaching internship. Upon successful completion of all program requirements, graduates are recommended for teacher certification in Arizona.",https://degrees.apps.asu.edu/bachelors/major/secondary-education-history-bae,The Mary Lou Fulton Teachers College is accredited by the American Psychological Association and the Council for the Accreditation of Educator Preparation.,,"Secondary Education (History), BAE",https://degrees.apps.asu.edu/bachelors/major-list/letter/all?init=false&nopassive=true
Mathematics,"The BAE program in secondary education with a concentration in mathematics prepares students to teach mathematics to students in grades seven through 12.

The program offers students rich, discipline-based content knowledge and research-based pedagogical training in a clinically rich teacher preparation program. Graduates of the program are prepared to have a positive impact on student learning and to meet the unique needs of diverse student populations.

Students in this program benefit from the expertise of world-class faculty in Mary Lou Fulton Teachers College. This professional educator preparation program in the college is a model for 21st-century teacher education.

The program includes cutting-edge coursework, extensive clinical experiences and a student-centered environment that is supportive of diversity. Students' coursework is enriched by research and hands-on learning in a variety of school and community settings.

Graduates are recommended for teacher certification in Arizona.",https://degrees.apps.asu.edu/bachelors/major/ASU00/LAMAED,Mary Lou Fulton Teachers College is accredited by the Council for the Accreditation of Educator Preparation.,,"Secondary Education (Mathematics), BAE",https://degrees.apps.asu.edu/bachelors/major-list/letter/all?init=false&nopassive=true
,"The Bachelor of Arts in Education in secondary education with a concentration in physics prepares students to teach physics in a secondary school setting (grades 6-12).

The program provides students with a broad and balanced curriculum of physics and pedagogy coursework. Students explore the principles of physics and how to translate those concepts into engaging and effective lesson plans.

Students also gain hands-on experience by completing a two-semester student teaching experience in a local school. The program is designed to meet the certification requirements of the Arizona Department of Education.",https://degrees.apps.asu.edu/bachelors/major/ASU00/LASEDPHBAE,The Mary Lou Fulton Teachers College is accredited by the Council for the Accreditation of Educator Preparation.,,"Secondary Education (Physics), BAE",https://degrees.apps.asu.edu/bachelors/major-list/letter/all?init=false&nopassive=true
political science,"The BAE program in secondary education with a concentration in political science prepares students to teach political science in grades 7-12.

The program offers a solid foundation for teaching political science in secondary schools. It features a combination of academic work in a content area, professional education experiences and courses leading to institutional recommendation for teacher certification.

The secondary education program is an intensive, cohort-based program that requires students to apply for admission in their sophomore year. All students complete a common core of courses providing a strong foundation in secondary education theory and practice, and they are assigned to a full-year internship in the senior year. In addition, students work with an advisor from the Mary Lou Fulton Teachers College to ensure that all requirements for teacher certification are met.",https://degrees.apps.asu.edu/bachelors/major/ASU00/TSEDUPLBAE,,,"Secondary Education (Political Science), BAE",https://degrees.apps.asu.edu/bachelors/major-list/letter/all?init=false&nopassive=true
Social and Behavioral Sciences (Standard),"The BA program in social and behavioral sciences provides students with an integrated learning experience that draws on the social sciences to explain the causes and consequences of human behavior. The program's interdisciplinary approach provides students with a holistic understanding of people and societies. Students take courses in a variety of fields, including communication, economics, history, political science, psychology and sociology, to analyze human behavior and its connection to the broader social world.

Students also have opportunities to work alongside faculty on research projects and to pursue their own research interests through the New College Undergraduate Inquiry and Research Experiences program. The college's faculty are nationally recognized scholars in their fields who are dedicated to excellence in both teaching and research.

In this program, students develop a core set of analytic and methodological skills and then choose a variety of social science electives based on their career goals. These courses prepare students for careers in diverse fields, such as business, counseling, law, public administration and social work.

Students pursuing an undergraduate certificate in social sciences research methods can learn social science research techniques and gain hands-on experience by collecting, analyzing, interpreting and presenting data.",https://degrees.apps.asu.edu/bachelors/major/ASU00/LASSBSBA,,,"Social and Behavioral Sciences, BA",https://degrees.apps.asu.edu/bachelors/major-list/letter/all?init=false&nopassive=true
American Studies,"The BA program in social and cultural analysis with a concentration in American studies is an interdisciplinary program focusing on the historical and contemporary formations of American culture. Students in American studies explore how race, class, gender, sexuality and place have shaped American society. Coursework in American studies challenges students to learn and use theories and methods from a wide range of academic fields, including:
cultural studies
history
literary studies
media studies
performance studies
sociology
Students have opportunities for independent research and for internships in museums and other cultural institutions in the Phoenix metropolitan area.
The degree can be used to prepare for a wide range of occupations, including:
cultural programming
education
journalism
law
library science
social justice and advocacy work",https://degrees.apps.asu.edu/bachelors/major/ASU00/LASSCAAMBA,,,"Social and Cultural Analysis (American Studies), BA",https://degrees.apps.asu.edu/bachelors/major-list/letter/all?init=false&nopassive=true
Ethnic Studies,"The social and cultural analysis program provides students with a transdisciplinary and integrated understanding of culture, society and identity.

Students in the program analyze social and cultural phenomena through the lenses of history, theory, cultural production, power and positionality. They examine social constructs such as race, ethnicity, class, gender, sexuality and dis/ability, and they learn to communicate effectively about the critical issues of the day, including privilege, inequality and social justice. The curriculum challenges students to move beyond the classroom to engage in the broader community and practice the skills they learn through research and real-world application.

The social and cultural analysis major consists of a common core of courses that grounds students in the fundamental theories and practices in the study of social and cultural phenomena. The program also offers a number of concentrations in specific fields of study, which gives students the opportunity to choose the courses that most closely match their interests and career goals.

The ethnic studies concentration offers in-depth examination of the social construction of race and its impacts at personal, interpersonal, institutional, societal and global levels. Students analyze racial identity formation and the intersections of race with class, gender, sexuality, nationality, ability and other markers of difference. Students learn the histories and cultures of a wide array of racialized and Indigenous groups to prepare for living and working in a diverse society. Courses examine race and racism through multiple disciplinary lenses from the humanities and social sciences. Students are strongly encouraged to select elective courses from across the School of Social Transformation curriculum and from other disciplines across the university.

Students who major in social and cultural analysis are well prepared to work in a variety of settings where critical analysis, creative thinking, intercultural communication, and a strong sense of social responsibility and civic engagement are valued. The program is also excellent preparation for graduate study in a wide range of academic disciplines and professional fields. A bachelor's degree in social and cultural analysis with a concentration in ethnic studies provides a strong foundation for law school or graduate studies in fields such as the humanities, social sciences, cultural studies, communication and justice studies. This concentration is also valuable to careers requiring a strong liberal arts background with a focus on human diversity.",https://degrees.apps.asu.edu/bachelors/major/ASU00/LASCASBA/social-and-cultural-analysis-ethnic-studies,,BA,"Social and Cultural Analysis (Ethnic Studies), BA",https://degrees.apps.asu.edu/bachelors/major-list/letter/all?init=false&nopassive=true
Latin American Studies,"The BA program in social and cultural analysis with a concentration in Latin American studies offers an interdisciplinary approach to the study of the peoples, cultures, societies and political systems of Latin America and the Caribbean. The curriculum allows students to develop an area of interest within Latin American studies.

Students have an opportunity to gain global awareness and cross-cultural communication skills that can be applied to many careers.

The program offers unique opportunities to study with outstanding faculty in the U.S. and in Latin America and the Caribbean.",https://degrees.apps.asu.edu/bachelors/major/ASU00/LASCAALABA,,,"Social and Cultural Analysis (Latin American Studies), BA",https://degrees.apps.asu.edu/bachelors/major-list/letter/all?init=false&nopassive=true
Peace Studies,"The social and cultural analysis program at ASU provides students with the intellectual and practical tools for understanding and engaging with the major social and cultural issues of our time, in local, national and global contexts.

The program combines critical social theory, cultural studies, community-based research and engagement, and innovative curriculum to equip students with the necessary skills to analyze complex social problems and cultural phenomena and to become effective leaders of social change.

Students learn to ask pressing questions about the social world, such as how social inequalities are produced and reproduced, how social identities are created and contested, and how different cultural forms and practices shape our lives and the worlds we inhabit. They develop strong analytical, research, writing and public presentation skills to effectively communicate their ideas to a range of audiences.

The peace studies concentration teaches students to link theory with practice to address the major challenges to peace in the 21st century. The concentration draws from a range of fields, including:

conflict resolution
history
political science
psychology
religious studies
sociology

Students gain understanding of how to engage directly with conflict and its effects and to promote positive change through nonviolent and creative means.",https://degrees.apps.asu.edu/bachelors/major/ASU00/LASCABA/social-and-cultural-analysis-peace-studies,,BA,"Social and Cultural Analysis (Peace Studies), BA",https://degrees.apps.asu.edu/bachelors/major-list/letter/all?init=false&nopassive=true
Queer and Sexuality Studies,"The social and cultural analysis program offers a unique interdisciplinary curriculum that enables students to develop a sophisticated understanding of the complexities of our social world. The concentration in queer and sexuality studies allows students to engage in an interdisciplinary study of sexuality and its importance to human societies and lives in the past and present. The curriculum is composed of courses on gender and sexuality that are drawn from a variety of fields and disciplines, including: history, literature, philosophy, religion, theatre, film and media studies, sociology, anthropology, political science, psychology, art history, and women's and gender studies. The curriculum includes courses on a variety of subjects, such as: the history of sexuality, lesbian and gay history, queer theory, queer and transgender literature, gender and sexuality in the ancient world, gender and sexuality in American religion, gender and sexuality in film, and the sociology of sexualities. Students learn about the various ways in which sexuality has been organized, understood and experienced historically and cross-culturally, and they develop their abilities to think critically about sexual norms, the politics of sexuality and the historical construction of sexual identities.",https://degrees.apps.asu.edu/bachelors/major/ASU00/LASCASQSBA,,BA,"Social and Cultural Analysis (Queer and Sexuality Studies), BA",https://degrees.apps.asu.edu/bachelors/major-list/letter/all?init=false&nopassive=true
Women and Gender Studies,"The BA program in social and cultural analysis with a concentration in women and gender studies offers an interdisciplinary curriculum grounded in the humanities, social sciences and cultural studies. The program provides a unique opportunity to study how gender and other social categories of difference shape the lives of individuals and groups of people in a variety of cultural contexts. Students explore a wide array of topics such as gendered representations in media and literature, the social construction of gender and sexuality, queer studies, the history of feminist thought, and the relationship between gender and social justice. Throughout their course of study, students develop strong critical thinking, analytical, communication and research skills, graduating with a complex understanding of the significance of gender as a social and cultural construct.",https://degrees.apps.asu.edu/bachelors/major/ASU00/LASSCAWGSBA,,BA,"Social and Cultural Analysis (Women and Gender Studies), BA",https://degrees.apps.asu.edu/bachelors/major-list/letter/all?init=false&nopassive=true
,"The BA program in social justice and human rights, housed in the New College of Interdisciplinary Arts and Sciences, provides students with a deep understanding of the historical and contemporary struggles for social justice and human rights.

The program is interdisciplinary, drawing on a range of fields, including law, philosophy, political science, history, sociology and literature to provide students with the intellectual and practical skills necessary to be effective agents of social change and to promote social justice and human rights locally, nationally and globally.

The curriculum focuses on a range of social justice and human rights issues, including economic justice, racial justice, gender justice, environmental justice and LGBTQIA+ rights. Students are encouraged to develop a critical understanding of the social, economic, and political structures that perpetuate injustice and inequality, as well as the strategies and tactics that social movements and human rights organizations have used to challenge those structures.

Graduates are prepared for a variety of careers in fields such as advocacy, community organizing, education, law, nonprofit management, policy analysis and social services. The program can also provide a solid foundation for those interested in pursuing graduate studies in areas such as law, public policy, social work or human rights or as preparation for graduate school.",https://degrees.apps.asu.edu/bachelors/major/social-justice-and-human-rights/ba,,,"Social Justice and Human Rights, BA",https://degrees.apps.asu.edu/bachelors/major-list/letter/all?init=false&nopassive=true
,"The Bachelor of Social Work program at ASU prepares students for entry-level professional social work practice to enhance human well-being and to help meet the needs of diverse individuals, families, groups, organizations and communities. Students learn to advocate for social, economic and environmental justice. Students gain real-world experience through internships at social service agencies.

Coursework and field education experiences are based on a competency model that prepares students to provide social work services in an ethical and effective manner.

The BSW program is available at the Downtown Phoenix, Tucson, West and ASU@Yuma campuses. Students at the ASU@Lake Havasu location can take social work courses as part of the social and behavioral sciences bachelor's degree program with a concentration in social work.

The School of Social Work is dedicated to creating a learning community that is diverse and inclusive, including among its faculty, staff and student body. The school acknowledges the historical and ongoing injustices and violence that Black, Indigenous and other people of color, and other marginalized groups, experience in the U.S. and globally. It recognizes that these injustices are reproduced in institutions of higher education and within the social work profession. Therefore, the school is committed to creating an anti-racist, anti-oppressive and inclusive culture in its classrooms, policies, and practices and in its engagement with the community.",https://degrees.apps.asu.edu/bachelors/major/ASU00/TSSWBSW/social-work,The Bachelor of Social Work program at Arizona State University is accredited by the Council on Social Work Education's Commission on Accreditation.,,"Social Work, BSW",https://degrees.apps.asu.edu/bachelors?init=false&nopassive=true
,"The Bachelor of Science in sociology is the study of social life, social change, and the social causes and consequences of human behavior. Because all human behavior is social behavior, the subject matter of sociology ranges from the intimate family to the hostile mob, from organized crime to religious cults, from the divisions of race, gender and social class to the shared beliefs of a common culture, and from the sociology of work to the sociology of sport.

This program provides students with core knowledge of sociology, with a strong focus on social research methods and analytical skills.

The skills learned through the program are valuable in a wide variety of careers.",https://degrees.apps.asu.edu/bachelors/major/ASU00/LASOCBS,,BS,"Sociology, BS",https://degrees.apps.asu.edu/bachelors/major-list/letter/all?init=false&nopassive=true
,"The Bachelor of Science in software engineering program is focused on the professional aspects of software engineering. It is an application-oriented program based on a core of computer science and mathematics, with an emphasis on working in teams to build and maintain large, complex and secure software systems for the real world.

Graduates are prepared for immediate employment and long-term professional growth in a range of organizations. They are prepared to lead teams of software engineers and to communicate effectively with stakeholders.",https://degrees.apps.asu.edu/bachelors/major/ASU00/ESSERBS,,BS,"Software Engineering, BS",https://degrees.apps.asu.edu/bachelors/major-list/letter/all?init=false&nopassive=true
literature,"The BA program in Spanish with a concentration in literature offers students a wide range of courses in Spanish, Spanish American and U.S. Latino literatures and cultures, from the Middle Ages to the 21st century. Students gain insight into the diverse peoples, histories and cultures of the Spanish-speaking world. In addition to a set of core courses designed to solidify their language skills and critical vocabulary, students in the literature concentration can choose from a wide variety of advanced courses, including:
- Chicano and Chicana literature and culture
- film studies
- Latin American literature and culture
- Medieval and Golden Age Spanish literature and culture
- modern and contemporary Spanish literature and culture

Students also have the opportunity to take courses from a wide range of topics, such as gender studies, popular culture and post-colonial studies.

The curriculum encourages students to think critically about the world and their place in it. Students can enhance their experience through a variety of study abroad programs.",https://degrees.apps.asu.edu/bachelors/major/ASU00/LASPABA,,,"Spanish, BA",https://degrees.apps.asu.edu/bachelors/major-list/letter/all?init=false&nopassive=true
mild/moderate disabilities,"The bachelor's degree program in special education and elementary education leads to teacher certification in both special education (K-12) and elementary education (K-8). The program prepares highly qualified teachers who are equipped to meet the needs of all learners in today's diverse classrooms.
The program combines research-based practices with extensive field experiences in a variety of school settings. The first three years of coursework are identical to the coursework for the BAE in elementary education. Students apply for advancement to the final, professional year of the program when they have met specific requirements, including prerequisite coursework and a minimum GPA.
For the final year of the program, students are part of a cohort that completes a yearlong residency in a K-8 school. This residency includes student teaching and provides a rich clinical experience under the guidance of a highly qualified mentor teacher and a university supervisor.
The BAE in elementary education is also offered as a fast-track program. Students enrolled in this accelerated program complete the same high-quality courses and clinical experiences on an accelerated path, enabling them to graduate and enter the workforce sooner.",https://degrees.apps.asu.edu/bachelors/major/ASU00/TESPELEDBAE,Mary Lou Fulton Teachers College is accredited by the Council for the Accreditation of Educator Preparation.,,"Special Education and Elementary Education, BAE",https://degrees.apps.asu.edu/bachelors/major-list/letter/all?init=false&nopassive=true
,"The bachelor's degree program in speech and hearing science provides students with a strong foundation in the processes and disorders of speech, language and hearing. Students learn the basic science of how humans produce and perceive speech and language as well as the nature of sound and how it is processed by the auditory system. The curriculum also introduces students to the various disorders of communication that affect people throughout their lives and to the methods used to assess and treat these disorders. The program offers outstanding academic and clinical preparation for graduate studies in either speech-language pathology or audiology.",https://degrees.apps.asu.edu/bachelors/major/ASU00/TSSHSHSBCS,,BS,"Speech and Hearing Science, BS",https://degrees.apps.asu.edu/bachelors/major-list/letter/all?init=false&nopassive=true
,"The BA program in sport and media studies explores the symbiotic relationship between sports and various media forms, from traditional print and broadcast to emerging digital platforms. The program provides a comprehensive understanding of how sports are represented, consumed and influenced by media, as well as how media shapes public perception and the cultural significance of sports.

Students in this program delve into the historical, cultural, economic and political dimensions of sports media. They analyze media content, production practices and audience reception in relation to sports, and they examine the role of media in constructing narratives, creating stars and promoting sports as entertainment and a cultural spectacle.

The curriculum is interdisciplinary, drawing from fields such as media studies, cultural studies, sociology, history and communication. Students develop critical thinking, analytical and communication skills, which are essential for careers in sports journalism, broadcasting, public relations, marketing, and media production and management.

Graduates are prepared to critically engage with and contribute to the ever-evolving landscape of sports media, whether as practitioners, critics or scholars.",https://degrees.apps.asu.edu/bachelors/major/ASU00/LABAHSSMS/sport-and-media-studies-ba,,,"Sport and Media Studies, BA",https://degrees.apps.asu.edu/bachelors/major-list/letter/all?init=false&nopassive=true
Sports Business,"The BA program in sports business combines a strong business core with sports-specific curriculum and experiences to prepare students to pursue a career in the dynamic and competitive sports industry.

The sports business program is offered by the W. P. Carey School of Business, which has a worldwide reputation for quality and is accredited by AACSB International.

Students are educated on all facets of the business of sports, including topics such as sports analytics, marketing and promotions, sponsorship, facilities and event management, and sports law and ethics. An internship and applied learning opportunities provide students with invaluable real-world experience. Students learn from world-class faculty who bring research and practical industry experience to the classroom. Top sports executives and organizations from around the country partner with the program, offering students unique engagement opportunities and connections.

Upon graduation, students have a strong foundation in business principles and the specialized knowledge needed for a career in the sports industry.",https://degrees.apps.asu.edu/bachelors/major/ASU00/BABUSBISBA,"The W. P. Carey School of Business, which has a worldwide reputation for quality and is accredited by AACSB International.",BA,"Sports Business, BA",https://degrees.apps.asu.edu/bachelors/major-list/letter/all?init=false&nopassive=true
,"The BA program in sports journalism, in the Walter Cronkite School of Journalism and Mass Communication, prepares students for careers as sports journalists and communicators. The program teaches students the values of accuracy, fairness and diversity in reporting and editing, as well as the roles of journalists in a democracy and the importance of professional ethics.

Students learn to report and write for a variety of media, including broadcast, digital and print. They learn to produce in-depth stories and analysis on sports issues and events. They also learn how to create and edit visual content, such as photographs and videos, as well as how to use social media to engage with audiences and promote their work.

Students have the opportunity to cover professional and college sports for major media outlets through sports bureaus in Phoenix and Los Angeles. They gain hands-on experience in a variety of roles, such as play-by-play announcer, color commentator, sideline reporter, anchor, producer, director and videographer for professional and collegiate sporting events. They also learn how to produce content for digital and social media platforms, including websites, blogs and podcasts.

The Cronkite School has a national reputation for its sports journalism program, which is consistently ranked among the best in the country. The school has state-of-the-art facilities, including a dedicated sports broadcasting studio, and a faculty of experienced professionals who are committed to helping students succeed. Graduates of the program have gone on to work for major sports media outlets, such as ESPN, Fox Sports and the NFL Network.",https://degrees.apps.asu.edu/bachelors/major/ASU00/WASJNBA/sports-journalism,Accrediting Council on Education in Journalism and Mass Communications,BA,"Sports Journalism, BA",https://degrees.apps.asu.edu/bachelors/major-list/letter/all?init=false&nopassive=true
,"The BS program in statistics provides students with a fundamental understanding of the concepts of probability and statistical inference, and a proficiency in the application of statistical methods and data analysis skills. This program covers the same core of statistics courses as the BA program but is supplemented with a greater emphasis on mathematics and the technical aspects of probability and statistical theory. It is designed to prepare students for graduate study in statistics or for a career as a practicing statistician in industry or government. Students learn to use modern statistical software for data analysis and gain experience in statistical consulting. Coursework includes a yearlong sequence in mathematical statistics, a yearlong sequence in applied statistics and a course in statistical computing.",https://degrees.apps.asu.edu/bachelors/major/ASU00/LASSTABS,,BS,"Statistics, BS",https://degrees.apps.asu.edu/bachelors/major-list/letter/all?init=false&nopassive=true
,"The BS program in supply chain management provides students with a deep understanding of how to manage the flow of goods, services and information across the supply chain. The curriculum provides a solid foundation in business disciplines, as well as an extensive array of general education coursework to prepare students for the demands of the global marketplace. The supply chain management major provides students with the critical skills needed for a variety of careers in purchasing, logistics, operations and supply chain management in manufacturing, retailing and service organizations. Graduates are prepared for careers in a global environment that is increasingly dependent on the ability to move goods and services from raw material suppliers to final customers.",https://degrees.apps.asu.edu/bachelors/major/ASU00/BABUSSCMBS,"The W. P. Carey School of Business is accredited by AACSB International --- The Association to Advance Collegiate Schools of Business. The W. P. Carey School of Business is one of the top-ranked business schools in the country, and its undergraduate, graduate and doctoral programs are internationally recognized.",BS,"Supply Chain Management, BS",https://degrees.apps.asu.edu/bachelors/major-list/letter/all?init=false&nopassive=true
"['Ecosystems Sustainability', 'International Development and Sustainability', 'Policy and Governance in Sustainable Systems', 'Society and Sustainability', 'Sustainable Urban Dynamics']","The Bachelor of Arts in sustainability is a liberal arts-oriented degree program that addresses the challenges of sustainability through the lenses of society, culture, economics and the environment. Students develop a solid foundation in sustainability principles and theory and learn to apply their knowledge to real-world situations.

The BA in sustainability requires a foreign language and is excellent preparation for careers in the nonprofit or governmental sectors or for graduate school.",https://degrees.apps.asu.edu/bachelors/major/ASU00/LGSUSBA/sustainability,,,"Sustainability, BA",https://degrees.apps.asu.edu/bachelors/major-list/letter/all?init=false&nopassive=true
"['Ecosystems Sustainability', 'Economics of Sustainability', 'Energy, Materials and Technology', 'International Development and Sustainability', 'Policy and Governance in Sustainable Systems', 'Society and Sustainability', 'Sustainable Food Systems', 'Sustainable Urban Dynamics', 'The Sustainability Commons']","The BS in sustainability is a transdisciplinary degree program that provides a strong foundation for students interested in devising real-world solutions to society's most pressing environmental, economic and social challenges in local, national and global contexts.

The curriculum introduces students to the concept of sustainability in the context of real-world problems. It explores the interaction of environmental, economic and social systems and the complex trade-offs that must be considered when working to solve problems and create a more sustainable future. Students develop an understanding of the concepts and principles that are central to sustainability, as well as the analytical tools and problem-solving skills necessary to address a broad range of sustainability-related issues.

Students can customize their degree by selecting one of nine unique tracks based on their own interests or by taking a broader approach and following a more generalized track of study.",https://degrees.apps.asu.edu/bachelors/major/ASU00/LGSUSBS/sustainability,,BS,"Sustainability, BS",https://degrees.apps.asu.edu/bachelors/major-list/letter/all?init=false&nopassive=true
Food and Farm,"The BS program in sustainable food systems gives students an in-depth, interdisciplinary education about the complex social, economic and environmental factors that affect the sustainability of food systems at local, regional and global scales. The program focuses on the science of food and food production and the economic, social and cultural dimensions of sustainable food systems. The curriculum emphasizes real-world problem-solving, equipping students with the knowledge and practical skills needed for a variety of careers in the private, public and nonprofit sectors of the food industry.",https://degrees.apps.asu.edu/bachelors/major/ASU00/TSSFSBS,,,"Sustainable Food Systems, BS",https://degrees.apps.asu.edu/bachelors/major-list/letter/all?init=false&nopassive=true
,"The BS program in sustainable horticulture provides students with the scientific knowledge and technical skills to design, build and manage sustainable food and landscape systems in a variety of settings. Students learn about the science and art of cultivating plants and how they are used to enhance the human environment. Students in the program develop knowledge and skills to grow and use plants sustainably in a variety of contexts, including landscape design and management, parks and natural areas, green roofs and living walls, sports and golf turf, nursery and greenhouse operations, and food production. Students gain expertise in plant biology, soil science and sustainable horticultural practices and develop a holistic understanding of how plants connect people and the environment.",https://degrees.apps.asu.edu/bachelors/major/ASU00/LASHTBS,,BS,"Sustainable Horticulture, BS",https://degrees.apps.asu.edu/bachelors/major-list/letter/all?init=false&nopassive=true
User Experience,"The BS program in technical communication with a concentration in user experience is a hands-on, project-based program that prepares students for the challenges of a rapidly changing, technologically-oriented workplace.

Students learn to effectively communicate complex technical information to a variety of audiences by focusing on a rhetorical or user-centered approach to communication. This program has an applied focus, emphasizing problem-solving and giving students skills in content strategy, information architecture, user research, usability and creating and editing a variety of technical and digital documents, including websites.

This program is available for students to complete fully online.

The program also offers a fast-track option for students to earn both their bachelor's and master's degrees in as little as five years.",https://degrees.apps.asu.edu/bachelors/major/ASU00/LATTCSBS/technical-communication-user-experience,,BS,"Technical Communication (User Experience), BS",https://degrees.apps.asu.edu/bachelors/major-list/letter/all?init=false&nopassive=true
User Experience (UX),"The BS program in technical communication teaches students the skills necessary to bridge the gap between subject-matter experts and those who need to understand or use the information. Technical communicators are experts in communication: writing, editing, design and research. The program focuses on how to make the complex and technical understandable to a wide range of audiences.

Technical communication students become experts in analyzing audiences to understand their needs. They use that analysis to design, write and edit a variety of genres, from traditional print documents to complex, digital media. Students work individually and in collaborative teams on real-world projects, gaining expertise in the tools and technologies used in the field.

Students also have the opportunity to focus their studies in a particular area of interest. In the user experience concentration, students learn how to research user needs and apply their findings to the design and development of websites and other digital products and services. In technical editing and publishing, students hone their language and copyediting skills. In plain language, students become adept at creating clear and concise content for government agencies and regulated industries. In science and medical communication, students apply their knowledge to communicating complex information for both specialized and lay audiences. All students in the program gain experience in writing for the web, information architecture and content strategy, and creating content for a global audience.",https://degrees.apps.asu.edu/bachelors/major/ASU00/LSTECBS,,BS,"Technical Communication, BS",https://degrees.apps.asu.edu/bachelors/major-list/letter/all?init=false&nopassive=true
,"The BS program in technology entrepreneurship and management provides students with a foundational understanding of entrepreneurship and the innovation process. The program focuses on creating, developing and launching new technology-based ventures, and it is also beneficial to students who would like to work in large organizations in an innovation or product development role.

Students learn how to validate their ideas, research a market, build a minimum viable product and launch a business. They also learn how to pivot, based on customer feedback. The program is specifically designed to provide students with the ability to navigate the process of opportunity recognition, resource acquisition and entrepreneurial management.

Because technology entrepreneurship is a primary driver of the global economy, this program provides students with the critical skills they will need to be part of this economy in the 21st century. Additionally, this program is suitable for students who wish to pursue a social entrepreneurship venture.

Students pursuing this degree can learn about and engage in technology entrepreneurship and management within a polytechnic context. The final semester provides an opportunity for students to launch their ventures in a capstone experience.

Through iProjects, students are given a unique opportunity to find a solution to a real-world challenge. Students gain experience working in a collaborative, team-based setting, and the results have an immediate impact. Recent iProjects have included a challenge to design a renewable energy solution for a small town's street lamps in order to address public safety concerns, an effort to create a social media and web presence for a local nonprofit and the development of a marketing plan for an advanced medical device.",https://degrees.apps.asu.edu/bachelors/major/ASU00/ESTEMBS/technology-entrepreneurship-and-management,,BS,"Technology Entrepreneurship and Management, BS",https://degrees.apps.asu.edu/bachelors/major-list/letter/all?init=false&nopassive=true
Acting,"The BA program in theatre with a concentration in acting provides students with a foundational understanding of theatre studies and acting in a liberal arts context.

The curriculum combines a core of theatre studies with a sequence of courses in acting, voice and movement and directing. The program is designed to provide aspiring actors with a solid foundation of theory and practice. The acting concentration offers small, studio-style classes and individual attention that enables students to acquire skills and develop their craft alongside a supportive ensemble of artists and scholars.

Students who graduate with a BA in theatre with a concentration in acting have a variety of career choices. Many go on to work as professional actors, while others may choose careers in education, public relations or law. This undergraduate program also provides an excellent foundation for graduate studies in theatre and other fields.",https://degrees.apps.asu.edu/bachelors/major/ASU00/LATHETBA/acting,,,"Theatre (Acting), BA",https://degrees.apps.asu.edu/bachelors/major-list/letter/all?init=false&nopassive=true
Design and Production,"The BA program in theatre with a concentration in design and production provides students with a broad and comprehensive view of theatre that includes hands-on experience in every area of theatrical design and production. Students take core classes in acting, dramatic literature, playwriting and script analysis, directing, and history and theory in addition to intensive coursework in design and production. Coursework is based on an inclusive, process-based approach to theatre-making.

Students receive individual attention and work closely with faculty, staff and graduate students on an ambitious season of plays and projects. Opportunities are also available to work on student-produced projects, films, dance concerts and other ASU productions. The program values collaboration, creative problem-solving and professionalism and offers a rigorous, well-rounded and nurturing environment in which all students are challenged to become their best artist-selves.

Students are trained to enter a wide variety of roles in professional theatre and related entertainment industries, including: costuming, lighting, scenery, sound, technical direction, props, stage management, scenic art. The program also prepares students for continued study in graduate school.",https://degrees.apps.asu.edu/bachelors/major/theatre-design-and-production,The theatre programs are accredited by the National Association of Schools of Theatre (NAST).,,"Theatre (Design and Production), BA",https://degrees.apps.asu.edu/bachelors/major-list/letter/all?init=false&nopassive=true
Theatre and Performance Studies,"The BA program in theatre with a concentration in theatre and performance studies is for students who want a broad-based education in theatre and performance. Students can customize their degree by choosing from a range of electives. The program trains students as artists, scholars and cultural leaders who can use their knowledge of theatre and performance to succeed in a variety of professions and to create a more just and equitable world.

Coursework in dramatic literature, theatre history and performance studies is balanced with studio classes and production experiences in acting, design, directing, playwriting, and technology and production.

Students benefit from the program's strong connections with the professional theatre locally, nationally and internationally through professional artist residencies, internship opportunities and faculty mentorship. Students also have the opportunity to participate in and create a variety of productions, including main stage shows, student-led productions, new work development, Theatre for Youth and Community projects and other performances.

In the BA in theatre program, students learn to use theatre and performance as tools to solve local and global challenges.",https://degrees.apps.asu.edu/bachelors/major/ASU00/LATHETBA/theatre-theatre-and-performance-studies,"The ASU School of Music, Dance and Theatre is an accredited member of the National Association of Schools of Theatre.",BA,"Theatre (Theatre and Performance Studies), BA",https://degrees.apps.asu.edu/bachelors/major-list/letter/all?init=false&nopassive=true
Acting,"The BA program in theatre offers a course of study for students who want a broad-based education in theatre within a liberal arts context. This flexible program is ideal for students who want to combine the study of theatre with another area of interest or who are interested in pursuing a career that requires an undergraduate degree with an emphasis on communication, collaboration and creativity.

The curriculum provides a foundation in the major areas of theatre: acting, directing, design and production, and history and literature. Students then pursue their interests by taking an additional 24 credit hours of theatre electives. Courses are available in all areas of theatre studies, and they are taught by a dedicated faculty of working artists and scholars.

Students complete their studies with a one-credit hour senior capstone experience.",https://degrees.apps.asu.edu/bachelors/major/ASU00/LATHETBA,"The School of Music, Dance and Theatre is an accredited institutional member of the National Association of Schools of Theatre.",,"Theatre, BA",https://degrees.apps.asu.edu/bachelors/major-list/letter/all?init=false&nopassive=true
,"The Bachelor of Science in therapeutic recreation prepares students to use recreation and other activity-based interventions to improve the health, well-being and quality of life for individuals with illnesses or disabling conditions. Students learn to use the therapeutic recreation process of assessment, planning, implementation and evaluation of services in a variety of settings such as hospitals, community recreation agencies and long-term care facilities.

The curriculum is based on the standards of the National Council for Therapeutic Recreation Certification. It meets the requirements for students to be eligible to take the NCTRC exam to become a Certified Therapeutic Recreation Specialist®, which is the national credential for therapeutic recreation professionals.

Graduates are prepared for a professional career as a recreational therapist and for a number of other careers that support the health and well-being of individuals and communities.

Recreational therapists help individuals of all ages and with a wide range of medical conditions improve their overall well-being through creative activity. What recreational therapists do: evaluate a client's specific needs and interests, plan goal-oriented treatment to improve physical, cognitive and emotional well-being, use a range of activities to help improve a client's functioning and independence, and help clients to integrate into their community through recreation.

According to the U.S. Bureau of Labor Statistics, overall employment of recreational therapists is projected to grow 4% from 2021 to 2031.",https://degrees.apps.asu.edu/bachelors/major/ASUPRDFTR/therapeutic-recreation-bs,"The therapeutic recreation program is an NCTRC-approved program. The curriculum is based on the standards of the National Council for Therapeutic Recreation Certification and meets the requirements for students to be eligible to take the NCTRC exam to become a Certified Therapeutic Recreation Specialist®, the national credential for therapeutic recreation professionals.",BS,"Therapeutic Recreation, BS",https://degrees.apps.asu.edu/bachelors/major-list/letter/all?init=false&nopassive=true
Meetings and Events,"The BS program in tourism development and management with a concentration in meetings and events provides students with the management skills and knowledge needed to become a leader in one of the world's largest and most diverse industries: tourism.

Students learn how to create and manage exceptional tourism experiences and meetings and events for a wide range of organizations, from convention and visitor bureaus and destination marketing organizations to corporate meeting departments, from third-party event planning companies to conference centers, and from resorts and hotels to nonprofit agencies and government entities. The curriculum addresses the economic, sociocultural and environmental aspects of tourism, and it has an applied, industry-relevant focus.

Throughout the program, students gain the knowledge and skills necessary to succeed as professionals in the meetings and events industry. Classes are taught by a world-renowned faculty who bring extensive professional experience to the classroom. Coursework focuses on topics such as:

destination management
event operations
leadership
marketing and sales
meeting and convention planning and management
sustainable tourism
tourism planning
The curriculum culminates in a required internship, during which students earn academic credit while gaining valuable, real-world experience.",https://degrees.apps.asu.edu/bachelors/major/ASUTDMBS/tourism-development-and-management-meetings-and-events-bs,,BS,"Tourism Development and Management (Meetings and Events), BS",https://degrees.apps.asu.edu/bachelors/major-list/letter/all?init=false&nopassive=true
Resort and Hotel Leadership,"The BS program in tourism development and management with a concentration in resort and hotel leadership teaches students to create and manage exceptional tourism experiences in resort and hotel settings around the world.

This dynamic and engaging program provides a solid foundation of professional management practices and experiential learning in the fields of hospitality, lodging and tourism. Students develop leadership skills and a customer-centric focus through specialized coursework in rooms division management, food and beverage management, financial leadership, guest experience design and destination development.

Students also gain real-world experience during the program. The School of Community Resources and Development has strong relationships with leading domestic and international resort and hotel brands. Students take part in extensive paid internship and management-in-training opportunities, interacting with top industry executives who provide mentorship and career guidance.

Graduates are prepared to assume leadership positions with national and international hotel, resort and casino brands in functional areas including rooms, food and beverage, human resources, sales, marketing and revenue management.",https://degrees.apps.asu.edu/bachelors/major/ASU00/PRTDMBS/tourism-development-and-management-resort-and-hotel-leadership,,,"Tourism Development and Management (Resort and Hotel Leadership), BS",https://degrees.apps.asu.edu/bachelors/major-list/letter/all?init=false&nopassive=true
Sustainable Tourism,"The BS program in tourism development and management with a concentration in sustainable tourism provides students with the management and practical skills necessary for a career in the tourism industry.

The curriculum is designed to be student-centric and provide flexibility. Core courses develop a strong foundation of tourism knowledge. Students then select from an extensive list of electives that align with their specific career interests.

Students in the sustainable tourism concentration focus on developing sustainable tourism practices, including policy, planning and management in natural and cultural heritage sites and in rural and urban settings. Students also examine tourism in the context of economic development, sociocultural and environmental sustainability, and quality of life for residents of the host community. This program prepares graduates who can help communities and businesses create responsible and impactful visitor experiences.",https://degrees.apps.asu.edu/bachelors/major/ASU00/HATDMSBS/tourism-development-and-management-sustainable-tourism-bs,The tourism development and management program is accredited by the Accreditation Commission for Programs in Hospitality Administration.,BS,"Tourism Development and Management (Sustainable Tourism), BS",https://degrees.apps.asu.edu/bachelors/major-list/letter/all?init=false&nopassive=true
"Meetings and Events, Resort and Lodging Leadership, Sustainable Tourism","The BS program in tourism development and management provides students with the knowledge and skills for a successful management career in one of the largest and most diverse industries in the world: tourism.

The program features a core of courses focused on business management principles, a series of specialty tourism courses focused on the operational sectors of the industry, and a choice of one of three concentration areas: meetings and events, resort and lodging leadership, or sustainable tourism.

The curriculum allows students to integrate a strong theoretical and methodological foundation with the professional skills needed to be successful in the industry. Students study the business of tourism, including tourism's role and impact in the local and global context. They learn principles for effectively managing tourism organizations, for developing new tourism products and services, and for assessing the social, economic and environmental impacts of tourism.

A required internship provides students with the opportunity to gain relevant professional experience and apply classroom learning to real-world situations, building their professional networks and preparing them for a career in the largest industry in the world.",https://degrees.apps.asu.edu/bachelors/major/ASU00/PRTDMBS,The BS program in tourism development and management is accredited by the Accreditation Commission for Programs in Hospitality Administration.,BS,"Tourism Development and Management, BS",https://degrees.apps.asu.edu/bachelors/major-list/letter/all?init=false&nopassive=true
Social Justice and Human Rights,"The Bachelor of Arts program in transborder Chicana/o and Latina/o studies with a concentration in social justice and human rights provides students with a deep understanding of Chicana/o and Latina/o communities in the U.S. and across the Americas. The program provides the intellectual and practical skills needed to critically analyze the histories, cultures, social justice and human rights issues of these communities. Students learn to address these complex issues through a curriculum that emphasizes a transborder perspective and is grounded in scholarly and community-based research and practices. Students develop their skills and passion in classes that span the humanities, social sciences and arts, and they have opportunities to engage in experiential learning activities that provide practical experience to move on to graduate programs, professional schools or a variety of careers in the public, private and nonprofit sectors.",https://degrees.apps.asu.edu/bachelors/major/ASU00/LATSBA/transborder-chicanao-and-latinao-studies-social-justice-and-human-rights,,BA,"Transborder Chicana/o and Latina/o Studies (Social Justice and Human Rights), BA",https://degrees.apps.asu.edu/bachelors/major-list/letter/all?init=false&nopassive=true
Transborder Media and Expressive Culture,"The Bachelor of Arts in transborder Chicana/o and Latina/o studies with a concentration in transborder media and expressive culture is a cutting-edge interdisciplinary program focusing on Chicana/o and Latina/o expressive arts (literature, film, music, performance, visual arts) and media in the context of the U.S.-Mexico transborder region. The program gives special attention to the ways Chicana/o and Latina/o populations use expressive arts and media as a means to respond to, critique and shape social life and cultural identities. Students learn about the production, circulation and consumption of Chicana/o and Latina/o media and expressive culture in a transborder context that recognizes the social, cultural and political influence of Mexico and Latin America in the United States and vice versa.",https://degrees.apps.asu.edu/bachelors/major/ASU00/LSTCLSTBA/transborder-media-and-expressive-culture,,BA,"Transborder Chicana/o and Latina/o Studies (Transborder Media and Expressive Culture), BA",https://degrees.apps.asu.edu/bachelors/major-list/letter/all?init=false&nopassive=true
US and Mexico Borderlands,"The BA program in transborder Chicana/o and Latina/o studies with a concentration in U.S. and Mexico borderlands provides an interdisciplinary curriculum that focuses on the U.S.-Mexico border region, its history, its peoples and its cultures.

Students are given the theoretical and practical skills to analyze the social, political, cultural and economic contexts that shape and define the U.S.-Mexico transborder space. Through coursework, research and experiential learning, students gain a comprehensive and nuanced understanding of transborder social, cultural and institutional practices and their historical and contemporary significance for Chicana/o and Latina/o communities in the U.S. Southwest and beyond.

Students take courses in social sciences and humanities that provide them with the variety of skills and knowledge needed for a comparative and transnational understanding of the U.S.-Mexico borderlands.",https://degrees.apps.asu.edu/bachelors/major/ASU00/LATTCLBA,,BA,"Transborder Chicana/o and Latina/o Studies (US and Mexico Borderlands), BA",https://degrees.apps.asu.edu/bachelors/major-list/letter/all?init=false&nopassive=true
autonomous systems,"The BS program in unmanned aerial systems focuses on the knowledge and skills necessary to prepare students for careers in the rapidly growing field of unmanned aerial systems. The program provides students with a strong foundation in aviation science, flight training, data collection and analysis, and aviation safety and management, as well as hands-on experience in the operation and maintenance of unmanned aerial vehicles.

Students learn to design, build and fly UAVs; to collect and analyze data from various sensors; and to apply their knowledge to a variety of applications, such as agriculture, construction, environmental monitoring and public safety.

The curriculum is designed to provide students with a well-rounded education that prepares them for success in the dynamic and evolving field of unmanned aerial systems.

Graduates are prepared for careers as UAV pilots, sensor operators, data analysts and managers in a variety of industries. The program also provides a strong foundation for students who wish to pursue graduate studies in aviation, engineering or related fields.",https://degrees.apps.asu.edu/bachelors/major/ASU00/TEUASBS,,BS,"Unmanned Aerial Systems, BS",https://degrees.apps.asu.edu/bachelors/major-list/letter/all?init=false&nopassive=true
,"The Bachelor of Science in Planning program in urban planning helps students understand the forces that shape the quality of life in neighborhoods, cities and regions around the world.

Students learn how cities and communities work and how urban planning practices and policies can improve people's lives. Urban planners connect knowledge from many fields to specific places and communities. Students learn to think critically about the places in which they live and work and to develop professional skills to help plan better communities for the future. They examine the social, economic, physical and political factors that affect urban environments, and they gain the analytical skills necessary to develop plans and policies to address contemporary challenges.

The degree program focuses on topics such as:

- environmental quality and resource management
- housing and community development
- land use and physical planning
- public policy
- sustainable urbanism
- transportation

Students can develop specific interests and skills by choosing courses and studios from a variety of offerings. They benefit from the program's strong connections to the planning profession and from an extensive alumni network. Graduates are prepared for careers in public, private and nonprofit organizations and for graduate studies in urban planning and related fields, such as architecture, landscape architecture, public policy and public administration, creating just and sustainable futures.",https://degrees.apps.asu.edu/bachelors/major/ASU00/LAUPLBSP,The Bachelor of Science in Planning degree in urban planning is accredited by the Planning Accreditation Board. The school also is a member of the Association of Collegiate Schools of Planning.,BSP,"Urban Planning, BSP",https://degrees.apps.asu.edu/bachelors/major-list/letter/all?init=false&nopassive=true
,"The BS program in user experience provides students with the skills to create and develop engaging, accessible and usable experiences for users.

The user experience program is a multidisciplinary field, bringing together aspects of computer science, engineering, psychology, design, and art. The program prepares students to work in this evolving field by focusing on the design and evaluation of systems for end users. The curriculum is focused on user research, user interface design, information architecture, usability, accessibility, and human factors.

Students learn to apply the user-centered design process to create useful and usable products and services, including websites, mobile applications, and other interactive systems. The degree program emphasizes a hands-on, project-based learning approach through which students apply theories and skills from their coursework to a real-world design challenge.

This program is offered by the College of Integrative Sciences and Arts.",https://degrees.apps.asu.edu/bachelors/major/ASU00/TSIFXBS/user-experience-bs,,BS,"User Experience, BS",https://degrees.apps.asu.edu/bachelors/major-list/letter/all?init=false&nopassive=true
"Small Animal, Equine, Food and Fiber Animal","The Doctor of Veterinary Medicine program is a robust, four-year program that will prepare students for a successful career in veterinary medicine. Our innovative curriculum is built upon a student-centered, evidence-based and instructional-best-practices model. The program is designed to equip graduates with the knowledge and skills necessary to be day-one-ready veterinarians who will be competitive in the 21st century veterinary marketplace. Graduates will be prepared to excel in a variety of careers in private practice, industry, and government, and be leaders in the veterinary medical profession.",https://vetmed.asu.edu/degree-programs/dvm,The Arizona State University College of Veterinary Medicine is accredited by the American Veterinary Medical Association (AVMA) Council on Education (COE).,,"Veterinary Medicine, DVM",https://degrees.apps.asu.edu/bachelors/major-list/letter/all?init=false&nopassive=true
,"The BA program in women and gender studies is a flexible, interdisciplinary program that focuses on the past and present of women and the role of gender in shaping lives, histories and cultures.

Students examine the ways in which sex and gender are socially constructed, and how these constructions intersect with other social identities such as race, ethnicity, class, nationality and sexuality. The curriculum reflects the latest scholarship in the humanities, social sciences and natural sciences, bringing to light women's contributions to culture and society and examining the operations of gender and power in people's lives.

Students examine and analyze a variety of political, historical, cultural and economic issues from a feminist perspective, including reproductive rights, violence against women and the gendered division of labor.

Courses offered are from a variety of fields, including:
- anthropology
- communication
- economics
- English
- history
- justice studies
- philosophy
- political science
- psychology
- religious studies
- social work
- sociology

Graduates of this program are especially well-prepared for graduate study as well as for careers in a wide range of fields in which knowledge of gender issues is important, such as education, counseling, social services, law, public policy and business. The program also fosters leadership skills, social consciousness and a commitment to social justice.",https://degrees.apps.asu.edu/bachelors/major/ASU00/LAWGSBA/women-and-gender-studies,,BA,"Women and Gender Studies, BA",https://degrees.apps.asu.edu/bachelors/major-list/letter/all?init=false&nopassive=true
"Creative Writing, Professional and Public Writing","The Bachelor of Arts in writing, rhetorics and literacies explores the power of the written and spoken word across a range of genres and settings. The program helps students understand that writing is a creative and intellectual act achieved through a process of inquiry, discovery and revision. Students learn how to analyze and produce a wide range of texts and genres for different purposes and audiences in professional, public and creative contexts.

The curriculum emphasizes a deep understanding of audience, context, genre and persuasion and provides students with extensive practice developing their skills as writers, readers and thinkers in a variety of modes and media. In addition to a broad grounding in writing, rhetorical and literacy studies, students also pursue a concentration in either creative writing or professional and public writing.

Students who concentrate in creative writing study across the genres of fiction, nonfiction and poetry, developing their craft as writers and their critical understanding of the literary arts. Students who concentrate in professional and public writing study how writing works in professional settings (e.g., business, science, government) and public spaces (e.g., social media, community organizing, advocacy).

All students in the major complete a capstone course in which they work closely with faculty to develop a substantial, independent project that showcases their abilities as writers, readers and critical thinkers. Both concentrations provide an excellent foundation for any career that requires strong communication, writing and critical thinking skills, as well as for graduate study in a number of fields, from creative writing and composition and rhetoric to communication, law and the study of how texts work in the world.",https://degrees.apps.asu.edu/bachelors/major/ASU00/LAWRTBA,,BA,"Writing, Rhetorics and Literacies, BA",https://degrees.apps.asu.edu/bachelors/major-list/letter/all?init=false&nopassive=true
