Id,ProgramName,ProgramCode,Status,CreatedDate,UpdatedDate,Level,Term,TermCode,LiveDate,DeadlineDate,Resume,StatementOfPurpose,GreOrGmat,EnglishScore,Requirements,WritingSample,CollegeId,IsAnalyticalNotRequired,IsAnalyticalOptional,IsDuoLingoRequired,IsELSRequired,IsGMATOrGreRequired,IsGMATRequired,IsGRERequired,IsIELTSRequired,IsLSATRequired,IsMATRequired,IsMCATRequired,IsPTERequired,IsTOEFLIBRequired,IsTOEFLPBTRequired,IsEnglishNotRequired,IsEnglishOptional,AcademicYear,AlternateProgram,ApplicationType,Department,Fees,IsAvailable,ProgramType,AdmissionDepartmentId,CreatedBy,UpdatedBy,Concentration,Description,OtherConcentrations,ProgramWebsiteURL,Accredidation,AverageScholarshipAmount,CostPerCredit,IsRecommendationSystemOpted,IsStemProgram,MaxFails,MaxGPA,MinGPA,PreviousYearAcceptanceRates,QsWorldRanking,TotalAccepetedApplications,TotalCredits,TotalDeniedApplications,TotalI20sIssued,TotalScholarshipsAwarded,TotalSubmittedApplications,TotalVisasSecured,UsNewsRanking,CollegeApplicationFee,IsCollegePaying,MEContractNegotiatedFee,MyGradAppFee,ProgramCategory,IsCollegeApplicationFree,IsCouponAllowed,IsACTRequired,IsSATRequired,SftpDestinationId,MinimumACTScore,MinimumDuoLingoScore,MinimumELSScore,MinimumGMATScore,MinimumGreScore,MinimumIELTSScore,MinimumMATScore,MinimumMCATScore,MinimumPTEScore,MinimumSATScore,MinimumTOEFLScore,MLModelName,MinimumAnalyticalScore,MinimumEnglishScore,MinimumExperience,MinimumSopRating,WeightAnalytical,WeightEnglish,WeightExperience,WeightGPA,WeightSop,ScholarshipAmount,ScholarshipPercentage,ScholarshipType,IsNewlyLaunched,BatchId,IsImported,IsImportVerified,Is_Recommendation_Sponser,AnalyticalScore,MinimumLSATScore
,Bachelor of Science in Abolitionism and Social Justice,,,,,Undergraduate,,,,,,,,,,,,True,False,False,False,False,False,False,False,False,False,False,False,False,False,False,False,,,,,"$61,260/Year",,,,,,,,,The official university website for Clarkson University is https://www.clarkson.edu.,,,"$2,042",,False,,4.0,2.0,75%,,,,,,,,,,"$61,260/Year",,,,,,,False,False,,,,,,,,,,,,,,,,,,,,,,,"$20,000 to $40,000 annually",,Merit-Based,,,,,,,
,Bachelor of Science in Aerospace Engineering,,,,,Undergraduate,Fall 2026,,,,,,Not Required,Required,,,,,,False,False,False,False,False,True,False,False,False,False,False,False,False,False,,,,Wallace H. Coulter School of Engineering,"$61,284/Year",,,,,,,"At Clarkson, our program has an excellent reputation for preparing students for successful careers in the aerospace engineering profession, from designing satellites to developing the next generation of aircraft. As an aerospace engineering student, you will learn the fundamentals of aerodynamics, astrodynamics, aerospace materials and structures, and propulsion. You will also learn about stability and control of aerospace vehicles. You will learn to use computer-aided tools and gain hands-on experience in our state-of-the-art labs and facilities. We emphasize teamwork and interdisciplinary projects, which is why our graduates are highly sought after by employers. The first year is part of the Clarkson Common Experience, which all students take. During your sophomore year, you'll take introductory courses in mechanical and aeronautical engineering, as well as foundational courses in engineering, mathematics and physics. Then, you'll specialize in aeronautical engineering during your junior and senior years. You'll complete a yearlong capstone design project during your senior year, working as a team to tackle a real-world problem from a corporate sponsor or a faculty-led research project.",,The official university website for Clarkson University is https://www.clarkson.edu.,"Our program is accredited by the Engineering Accreditation Commission of ABET, https://www.abet.org.",,"$2,043",,,,,,73%,,,,,,,,,,"$61,284/Year",,,,,,,,,,,115.0,112.0,,,6.5,,,56.0,,80.0,,,,,,,,,,,"$20,000 to $45,000 annually",,Merit-based,,,,,,,
,Bachelor of Science in American Politics,,,,,Undergraduate,Fall 2026,,,,,,Not Required,Required,,,,,,True,True,False,False,False,True,False,False,False,True,True,False,False,False,,,,School of Arts & Sciences,"$61,250/Year",,,,,,data analytics,"Clarkson's political science major stands out for its strong focus on American politics and public policy and its unique integration of data analytics and social science methods. Students receive rigorous training in both qualitative and quantitative research methods to examine the processes, outcomes and theories of political systems. As a political science major at Clarkson, you will work closely with faculty who are active researchers, publishing cutting-edge studies of public opinion, elections and political behavior, constitutional law, environmental policy, and U.S. foreign policy.",,The official university website for Clarkson University is https://www.clarkson.edu.,,"$46,263","$1,970",,,,4.0,2.0,79%,,,,,,,,,,"$2,184/Year",,,,,,,,,,,115.0,112.0,,,6.5,,,56.0,,80.0,,,,,,,,,,,"up to $31,000/year",,Merit-based,,,,,,,
,Bachelor of Science in Anthropology,,,,,Undergraduate,,,,,,,Not Required,Required,,,,True,False,True,False,False,False,False,True,False,False,False,True,True,False,False,False,,,,,"$59,198/Year",,,,,,,,,The official university website for Clarkson University is https://www.clarkson.edu.,,"$44,813","$1,973",,False,,4.0,2.0,76.8%,,,,,,,,,,"$59,198/Year",,,,,,,False,False,,,115.0,,,,6.5,,,56.0,,80.0,,,,,,,,,,,"$20,000 - $38,000 per year",,Merit-based,,,,,,,
,Bachelor of Science in Applied Mathematics and Statistics,,,,,Undergraduate,,,,,Not Required,Not Required,Not Required,Required,"To apply for admission to Clarkson as a first-year student, you will need to submit the following: A completed application using the Clarkson Application or the Common Application; An official high school transcript; At least one letter of recommendation; A personal essay.",Not Required,,True,False,True,False,False,False,False,True,False,False,False,False,True,False,False,False,,,,School of Arts & Sciences,"$60,290/Year",,,,,,,"Applied mathematics is the language of science and engineering. Mathematical and statistical modeling are essential tools for solving problems in a huge range of fields, from physics and chemistry to business and finance. At Clarkson, you will learn to use those tools to solve complex real-world problems. Our project-based curriculum challenges you to find creative solutions and communicate them effectively. You'll master a variety of mathematical techniques. But more importantly, you will learn how to approach problems from a quantitative perspective. You will also become proficient in using industry-standard software and gain valuable hands-on experience through research projects, cooperative education (co-op) opportunities and internships. As a student in the applied mathematics and statistics program, you will have opportunities to work with faculty on research. Our main research areas are in dynamical systems, mathematical biology, statistics and optimization.",,The official university website for Clarkson University is https://www.clarkson.edu.,,,"$2,010",,True,,4.0,2.0,73%,,,,,,,,,,"$60,290/Year",,,,,,,False,False,,,115.0,,,,6.5,,,,,80.0,,,,,,,,,,,"Up to $25,000 annually",,Merit-based,,,,,,,
,Bachelor of Science in Architectural and Facilities Engineering,,,,,Undergraduate,Fall 2026,,"August 1, 2025","January 15, 2026",,,Not Required,Required,,,,,,True,True,False,False,False,True,False,False,False,True,True,False,False,False,,,,Wallace H. Coulter School of Engineering,"$61,590/Year",,,,,,Construction Engineering Management,"Architectural and facilities engineers oversee the entire life cycle of a building. They play a role in the design, construction and maintenance of buildings, making sure they are safe and comfortable for occupants, as well as efficient and sustainable. As an architectural and facilities engineering major, you'll gain the technical knowledge to design building systems. This includes:

- Electrical and lighting systems
- Heating, ventilation and air conditioning (HVAC)
- Plumbing
- Structural systems

You'll also get a broad education in the other aspects of building life cycles, such as construction engineering and project management. Our curriculum gives you a broad education in architectural and facilities engineering, as well as the opportunity to specialize. All students take common courses in their first two years. You'll take more specialized courses in your junior and senior years. You can also further customize your degree through our Construction Engineering Management concentration. Or, you can pursue focus areas like sustainable design, construction engineering management and smart building technology.",,The official university website for Clarkson University is https://www.clarkson.edu.,,"$51,100","$2,053/credit hour",,,,4.0,2.0,,,,,,,,,,,"$61,590/Year",,,,,,,,,,,115.0,112.0,,,6.5,,,56.0,,80.0,,,,,,,,,,,"Merit scholarships range from $15,000 to $45,000 per year",,"Merit-based, Need-based, Program-specific",,,,,,,
,"Bachelor of Science in Arts, Culture and Technology",,,,,Undergraduate,Fall 2026,,,,Not Required,Required,Not Required,Required,"To apply to Clarkson, you'll need to submit the following: Common Application or Clarkson Application; High School Transcript; One Letter of Recommendation (from your school counselor or a teacher from a core academic subject); Standardized Test Scores (Optional) - Clarkson University is test-optional for most applicants. If you choose to submit scores, we will accept either the SAT or ACT. We will superscore both tests; Essay - Your application essay helps us get to know you better. Please submit one with your application.",Not Required,,True,True,True,True,False,False,False,True,False,False,False,True,True,False,False,False,,,,School of Arts & Sciences,"$61,238/Year",,,,,,"['Creative Technology & Experience Design', 'Music, Media & Production', 'Visual Arts & Design']","The Bachelor of Science in Arts, Culture and Technology (ACT) is an interdisciplinary program that teaches you how to bridge the connections between technology and creative applications in the humanities, arts and social sciences. As a student in the ACT program, you will develop marketable skills in one of three concentrations while building a portfolio of work and learning from faculty who are creative professionals in their fields. You'll gain a core understanding of design principles and develop an entrepreneurial mindset to successfully launch your career or your own enterprise in creative technology. Students in the program must declare one of three concentrations: Creative Technology & Experience Design; Music, Media & Production; and Visual Arts & Design. They can also earn an accelerated bachelor's/master's degree with a Master of Science in Human-Centered Design & Innovation.",,The official university website for Clarkson University is https://www.clarkson.edu.,,"over $48,000",2041,,True,,4.0,2.0,75%,751-800,,,,,,,,,61238,,,,,,,False,False,,,115.0,112.0,,,6.5,,,56.0,,80.0,,,,,,,,,,,"$15,000 up to $45,000",,"Merit-based, Need-based",,,,,,,
,Bachelor of Science in Biology,,,,,Undergraduate,Fall 2026,,,,Not Required,Required,Not Required,Required,"To apply for admission, you'll need to submit an application (either the Common Application or the Clarkson Application), your official high school transcript, and one letter of recommendation. International students may have additional requirements, like proof of English proficiency.",Not Required,,True,False,True,False,False,False,False,True,False,False,False,True,True,False,False,False,,,,School of Arts & Sciences,"$61,400/Year",,,,,,"['pre-dental', 'pre-medical', 'pre-physician assistant', 'pre-veterinary', 'pre-physical therapy advising track']","As a biology major at Clarkson, you will gain a strong foundation in modern biological principles and related sciences. You'll learn about biological processes at the molecular, cellular, organismal and ecological levels. You will also develop proficiency in modern laboratory techniques and a deep appreciation for the scientific method. Our program is tailored to your interests and career goals. Choose from four pre-professional tracks: pre-dental, pre-medical, pre-physician assistant and pre-veterinary. These tracks provide you with all of the necessary prerequisites to apply to professional schools in these fields after you graduate. We also offer a biomedical science & technology minor, as well as a pre-physical therapy advising track. No matter what path you choose, you'll be able to work closely with our faculty, who are conducting cutting-edge research in a wide variety of biological fields.",,The official university website for Clarkson University is https://www.clarkson.edu.,,,"$2,047",,True,,4.0,,78%,,,,,,,,,,"$61,400/Year",,,,,,,False,False,,,115.0,,,,6.5,,,56.0,,80.0,,,,,,,,,,,"$4,000 - Full tuition per year",,Merit-based,,,,,,,
,Bachelor of Science in Biomolecular Science,,,,,Undergraduate,,,,,,,Not Required,Required,,,,,,False,False,False,False,False,True,False,False,False,False,False,False,False,False,,,,School of Arts & Sciences,"$60,290/Year",,,,,,,"The Bachelor of Science in Biomolecular Science (BMS) is an interdisciplinary program jointly administered by the Departments of Biology and Chemistry & Biomolecular Science. The program offers a unique blend of biology, chemistry, mathematics and physics that focuses on the molecular basis of biological processes. The BMS major prepares students for graduate school in the biomolecular sciences, as well as for medical, dental or veterinary school. Students will also be well-qualified for jobs in the pharmaceutical or biotechnology industries.",,The official university website for Clarkson University is https://www.clarkson.edu.,,"$49,000+","$2,010",,,,4.0,2.0,75%,,,,,,,,,,"$60,290/Year",,,,,,,,,,,115.0,112.0,,,6.5,,,56.0,,80.0,,,,,,,,,,,"$15,000 to $40,000 annually",,Merit-based,,,,,,,
,Bachelor of Science in Business Administration,,,,,Undergraduate,,,,,,,Not Required,Required,,,,,,False,False,False,False,False,False,False,False,False,False,False,False,False,False,,,,Reh School of Business,59178,,,,,,"['Business Intelligence & Data Analytics', 'Economics', 'Entrepreneurship', 'Financial Information & Analysis', 'Global Supply Chain Management', 'Human Resource Management', 'Information Systems & Business Processes', 'Marketing', 'Mathematical Economics']","Do you want to develop the knowledge and skills needed to lead, manage and thrive in today's global business world? The business administration major in the Reh School of Business can prepare you.

As a business administration major, you'll take core classes in accounting, finance, law, management and marketing. You will then select two concentrations and a professional elective from among the following areas:

- Business Intelligence & Data Analytics
- Economics
- Entrepreneurship
- Financial Information & Analysis
- Global Supply Chain Management
- Human Resource Management
- Information Systems & Business Processes
- Marketing
- Mathematical Economics

You can also select from concentrations offered within other Clarkson schools. For example, if you want to run an engineering firm, you could combine your business administration major with a concentration in electrical engineering. You could also pursue an engineering and management major or a minor in business.

This major prepares you to work in a variety of industries, such as business, government and not-for-profit organizations. It offers a broad background in business, allowing you to tailor your curriculum to your unique interests and career goals.",,The official university website for Clarkson University is https://www.clarkson.edu.,All of our undergraduate and graduate business programs are accredited by the Association to Advance Collegiate Schools of Business (AACSB).,47000,1973,,,,4.0,2.0,,,,,,,,,,,59178,,,,,,,,,,,115.0,112.0,,,6.5,,,56.0,,80.0,,,,,,,,,,,"$20,000 - $35,000 per year",,Merit-based,,,,,,,
,Bachelor of Science in Business Analytics,,,,,Undergraduate,Fall 2026,,,,,,Not Required,Required,,,,,,True,False,False,False,False,True,False,False,False,False,True,False,False,False,,,,David D. Reh School of Business,58390/Year,,,,,,,"Business analytics is the practice of using data to drive business decisions. Business analysts develop new insights and an understanding of business performance based on data and statistical methods. It requires the ability to collect, process, analyze and interpret data. This includes an understanding of data sources, file structures and data management techniques. Using business analytics, organizations are able to make better decisions and gain a competitive advantage. At Clarkson, you will major in business analytics and learn how to collect, process, analyze and interpret data. In a world with seemingly endless information, employers need people with these skills to inform business strategies. The business analytics major at Clarkson is structured to give you broad exposure to fundamental business analytics principles and practices. You can also customize your focus through various electives in accounting, economics, finance, information systems, marketing and supply chain management. The undergraduate business analytics degree is also designated as a STEM (science, technology, engineering and math) program.",,The official university website for Clarkson University is https://www.clarkson.edu.,Clarkson University's David D. Reh School of Business is accredited by the Association to Advance Collegiate Schools of Business (AACSB).,,1946,,,,4.0,,,,,,,,,,,,58390/Year,,,,,,,,,,,115.0,,,,6.5,,,,,80.0,,,,,,,,,,,"Our merit-based scholarships for incoming first-year students range from $19,000 up to $23,000 per year",,Merit-based,,,,,,,
,Bachelor of Science in Business Intelligence and Data Analytics,,,,,Undergraduate,,,,,Not Required,Required,Not Required,Required,"To apply, first-year students must submit a completed Common Application or Clarkson Application, an official high school transcript, one letter of recommendation from a school counselor or teacher, and a personal essay. Standardized test scores (SAT/ACT) are optional for most applicants.",Not Required,,True,False,True,True,False,False,False,True,False,False,False,True,True,False,False,False,,,,David D. Reh School of Business,"$61,014/Year",,,,,,,"The Bachelor of Science in Business Intelligence and Data Analytics (BIDA) is a STEM-designated business degree. The BIDA program teaches you how to manage and leverage data to generate business insights. You will take courses in data mining, business analytics, management information systems, supply chain modeling, business forecasting, financial modeling, marketing research and statistics. You'll also learn the foundations of business, with courses in accounting, finance, marketing, management, operations and more. Data is big business, and it is a driving force behind almost every business decision being made today. Graduates with business intelligence and data analytics skills are in high demand in the workforce. The World Economic Forum, U.S. Bureau of Labor Statistics, McKinsey Global Institute and others predict that jobs in this field will grow much faster than average through 2030.",,The official university website for Clarkson University is https://www.clarkson.edu.,The David D. Reh School of Business is accredited by the Association to Advance Collegiate Schools of Business (AACSB International).,,"$2,034 per credit hour",,True,,4.0,2.0,,,,,,,,,,,"$61,014/Year",,,,,,,False,False,,,115.0,112.0,,,6.5,,,56.0,,80.0,,,,,,,,,,,"up to $38,000 per year",,"Merit-based, Need-based",,,,,,,
,Bachelor of Science in Chemical Engineering,,,,,Undergraduate,Fall 2026,,,,,,Not Required,Required,,,,,,False,False,False,False,False,True,False,False,False,False,True,False,False,False,,,,Wallace H. Coulter School of Engineering,"$59,790/Year",,,,,,"['Biomolecular Engineering', 'Advanced Materials', 'Process Engineering', 'Business']","Chemical engineers take what chemists do in a lab, apply fundamental engineering, chemistry and biology principles, and use it to make products and processes that are available on a larger, industrial scale. The Bachelor of Science degree in chemical engineering at Clarkson provides a core chemical engineering education that is second to none in the nation. It also has the flexibility to enable you to pursue your interests in a broad range of related areas. In addition to core chemical engineering coursework, you can pursue minors and concentrations in a variety of fields, from business to biomolecular engineering to environmental engineering. You can further customize your studies by pursuing undergraduate research opportunities. Chemical engineering graduates must be able to think critically and analytically when solving problems. You'll take a lot of challenging courses during your time in this program, and you'll work in laboratories and on a variety of project-based assignments. You will learn to work in teams, often with students in other engineering disciplines, to design systems, processes and equipment for chemical engineering-based industries. You will become familiar with the equipment and techniques used in chemical engineering practice. You'll gain an understanding of the professional and ethical responsibilities of chemical engineers and their impact on safety and society.",,The official university website for Clarkson University is https://www.clarkson.edu.,"Our chemical engineering program is accredited by the Engineering Accreditation Commission of ABET, http://www.abet.org.",,"$1,993",,,,4.0,2.0,,,,,,,,,,,59790,,,,,,,,,,,115.0,,,,6.5,,,,,80.0,,,,,,,,,,,"$20,000 to $45,000 annually",,Merit-based,,,,,,,
,Bachelor of Science in Chemistry,,,,,Undergraduate,,,,,,,Not Required,Required,,,,,,False,False,False,False,False,False,False,False,False,False,False,False,False,False,,,,School of Arts & Sciences,"$61,290/Year",,,,,,"Biomolecular Chemistry, Chemical Science","Chemistry is the central science that studies matter and its properties at the atomic and molecular level. As a chemistry major, you will study the composition, structure, properties and change of matter in all its forms, from the simplest atoms and molecules to complex biological systems. Our curriculum provides you with a strong foundation in the core areas of chemistry: analytical, biochemistry, inorganic, organic and physical chemistry. You will also have the opportunity to participate in research with our faculty, who are experts in their fields. In addition to classroom learning, you will gain hands-on experience in our modern and well-equipped laboratories. You will learn to use state-of-the-art instrumentation and techniques, and you will develop the skills to design and conduct experiments, analyze data and communicate your results. You will also have the opportunity to present your research at regional and national conferences, and to publish your work in peer-reviewed journals.",,The official university website for Clarkson University is https://www.clarkson.edu.,Approved by the American Chemical Society (ACS),"$45,800","$2,043/Credit",,,,4.0,2.0,65%,,,,,,,,,,"$61,290/Year",,,,,,,,,,,115.0,,,,6.5,,,56.0,,80.0,,,,,,,,,,,"$20,000 - Full-tuition per year",,Merit-based,,,,,,,
,Bachelor of Science in Civil Engineering,,,,,Undergraduate,Fall 2026,,,,Not Required,Required,Not Required,Required,"To be considered for admission, you must submit the following: A completed application (either the Common Application or the Clarkson Application), your official high school transcript and at least one letter of recommendation from a school counselor or teacher.",Not Required,,True,False,True,False,False,False,False,True,False,False,False,True,True,False,False,False,,,,Wallace H. Coulter School of Engineering,"$59,690/Year",,,,,,"['Architectural Engineering', 'Construction Engineering Management', 'Environmental Engineering', 'Structural Engineering', 'Water Resources Engineering']","Civil engineers are the architects of our infrastructure — the roads, bridges, dams and levees, drinking water and waste-disposal systems, airports, tunnels, and buildings that make up our world. Our civil engineering program gives you the skills to take on major construction projects of all types, from a skyscraper in a major city to a new highway system, and the tools to make them safe, sound and sustainable for years to come. Our undergraduate program will also prepare you for the Fundamentals of Engineering exam, the first step in becoming a licensed professional engineer.",,The official university website for Clarkson University is https://www.clarkson.edu.,Accredited by the Engineering Accreditation Commission of ABET,49100,1990,,True,,,,75%,,,,,,,,,,59690,,,,,,,False,False,,,115.0,,,,6.5,,,56.0,,80.0,,,,,,,,,,,"$15,000 to $45,000",,"Merit-based, Need-based",,,,,,,
,Bachelor of Science in Cognitive Neuroscience,,,,,Undergraduate,Fall 2026,,,,Not Required,Required,Not Required,Required,"To be considered for admission to Clarkson, first-year applicants must submit the following: The Common Application or Clarkson Application; Official High School Transcript; One Letter of Recommendation; Personal Essay; Standardized Test Scores (Optional); List of Senior Year Courses.",Not Required,,True,True,False,False,False,False,False,True,False,False,False,False,False,False,False,False,,,,School of Arts & Sciences,"$59,690/Year",,,,,,,"Why study cognitive neuroscience at Clarkson? How do we learn? How do we remember? How does our brain function? These are just some of the questions we ask in the cognitive neuroscience program. As a cognitive neuroscience major at Clarkson, you will investigate how our brains work. You will learn about the relationship between the brain and human behavior. You will study how we pay attention, learn, solve problems, make decisions and use language. You will also study normal and abnormal brain functioning in relation to psychological disorders and diseases. You will have opportunities to complete research projects with faculty who are experts in fields such as neuropsychology and cognitive development. You will also learn valuable research skills, including hypothesis generation, experimental design and data analysis. These skills will prepare you for a variety of cognitive neuroscience careers and other professions.",,The official university website for Clarkson University is https://www.clarkson.edu.,,,"$1,990",,True,,4.0,2.0,,,,,,,,,,,"$59,690/Year",,,,,,,False,False,,,115.0,112.0,,,6.5,,,56.0,,80.0,,,,,,,,,,,"Up to $25,000 per year",,Merit-based,,,,,,,
,Bachelor of Science in Communication,,,,,Undergraduate,Fall 2026,,,,Not Required,Required,Not Required,Required,"To apply as a first-year student, you will need to submit the following: A completed Common Application or Clarkson Application, an official high school transcript, one letter of recommendation from a school counselor, teacher or advisor, and a personal essay.",Not Required,,True,False,False,False,False,False,False,True,False,False,False,False,False,False,False,False,,,,School of Arts & Sciences,"$60,290/Year",,,,,,"Strategic Communication, Digital Media & Design, Film & Media Production","Clarkson’s communication, media & design major allows you to combine your creative passions with professional skills to build a successful career. Our flexible degree program allows you to concentrate in a specific area or build a broad-based skill set in a variety of communication fields. You’ll have opportunities for hands-on experience through student media groups, internships and co-ops to learn firsthand how to solve real-world problems. Whether you want to pursue a career in media, technology, business or the nonprofit sector, you’ll graduate prepared to excel as a communication professional. Communication skills are among the most sought-after by employers, which means you’ll be in high demand.",,The official university website for Clarkson University is https://www.clarkson.edu.,,,"$2,010",,False,,4.0,,79%,,,,,,,,,,"$60,290/Year",,,,,,,False,False,,,115.0,112.0,,,6.5,,,56.0,,80.0,,,,,,,,,,,"$15,000 to $40,000 annually",,Merit-based,,,,,,,
,Bachelor of Science in Computer Engineering,,,,,Undergraduate,Fall 2026,,,,Not Required,Required,Not Required,Required,First-year applicants must submit the following: A completed Common Application or Clarkson Application; Your official high school transcript; One letter of recommendation from a school counselor or a teacher; A personal essay (required for the Common Application and recommended for the Clarkson Application).,Not Required,,True,True,False,False,False,False,False,True,False,False,False,False,False,False,False,False,,,,Wallace H. Coulter School of Engineering,"$61,280/Year",,,,,,,"Computer engineering is a synergy of electrical engineering and computer science. Our students learn to design, implement, and test computer hardware and software for embedded systems and general-purpose computers. At Clarkson, we offer a rich lab environment where our students can apply what they learn in the classroom. You'll take part in research, co-ops and other hands-on learning experiences. In the Electrical and Computer Engineering Department, our expert faculty conduct research in areas like artificial intelligence, machine learning, computer vision, data and systems, robotics, power systems, communications and networking, and cybersecurity. As a computer engineering major at Clarkson, you can customize your education to align with your career goals. This makes you more marketable, with many of our students receiving job offers well before they graduate. With our extensive list of technical and free electives, you can design a computer engineering program that's perfect for you. Our faculty can guide you in choosing electives based on your interests. We offer many popular options, such as artificial intelligence/machine learning, robotics, power engineering, microelectronics, and communications and networking. Because of our focus on hands-on experiences, you will complete two professional experiences to graduate. Many of our students satisfy this requirement by completing a co-op or internship. Others choose to participate in a research experience. No matter which you choose, you'll be one step ahead of the competition upon graduation. Your curriculum will also include team-based design projects and labs where you can apply your knowledge to real-world problems. By your senior year, you will be prepared to work on a team to complete a year-long capstone design project, solving a real-world engineering problem for a corporate sponsor.",,The official university website for Clarkson University is https://www.clarkson.edu.,"The bachelor of science degree program in Computer Engineering is accredited by the Engineering Accreditation Commission of ABET, https://www.abet.org.",,"$2,043",,True,,4.0,,76%,,,,,,,,,,"$61,280/Year",,,,,,,False,False,,,115.0,,,,6.5,,,56.0,,80.0,,,,,,,,,,,"$20,000 - $42,000 annually",,"Merit-based, Need-based",,,,,,,
,Bachelor of Science in Computer Science,,,,,Undergraduate,Fall 2026,,,,,,Not Required,Required,,,,,,False,False,False,False,False,True,False,False,False,False,True,False,False,False,,,,School of Arts & Sciences,"$59,670/Year",,,,,,"['Algorithms and Theory', 'Artificial Intelligence and Machine Learning', 'Computer Graphics and Visualization', 'Computer Systems', 'Cybersecurity', 'Data Science', 'Robotics', 'Software Engineering', 'Web Science']","Computer scientists are problem-solvers. They develop new technologies and new ways to use existing technologies. Our undergraduate computer science majors do this by combining analytical thinking and creativity to solve difficult, real-world problems. Computer science is a foundational discipline for the information age. It is a broad field with applications in business, science and engineering. As a computer science major, you can choose a specialized concentration, pursue a double major or a minor, or even create a professional concentration with the help of your advisor.",,The official university website for Clarkson University is https://www.clarkson.edu.,,,"$1,989/Credit",,,,4.0,2.0,,,,,,,,,,,59670,,,,,,,,,,,115.0,,,,6.5,,,,,80.0,,,,,,,,,,,"up to $45,000 annually",,Merit-based,,,,,,,
,Bachelor of Science in Data Science,,,,,Undergraduate,,,,,,,Not Required,Required,,,,,,False,False,False,False,False,False,False,False,False,False,False,False,False,False,,,,"School of Arts & Sciences, School of Business, Wallace H. Coulter School of Engineering","$59,334/Year",,,,,,,"From understanding the spread of disease and how to stop it to helping a business with marketing, data science is used everywhere. At Clarkson, you will learn to apply math, statistics and computer science skills to real-world problems. You will gain a theoretical background and hands-on experience in the data analysis pipeline: data acquisition, cleaning, analysis, visualization and interpretation. Our project-based curriculum provides hands-on experience in applying data science knowledge and skills to solve complex problems in various disciplines. Small classes and our state-of-the-art computing labs ensure you receive an exceptional learning experience and support from our expert faculty.",,The official university website for Clarkson University is https://www.clarkson.edu.,,40165,1978,,,,4.0,2.0,76%,,,,,,,,,,59334,,,,,,,,,,,115.0,112.0,,,6.5,,,56.0,,80.0,,,,,,,,,,,"Up to $32,000 per year",,Merit-based,,,,,,,
,Bachelor of Science in Digital Arts and Sciences,,,,,Undergraduate,Fall 2026,,,,Not Required,Required,Not Required,Required,"To apply to Clarkson as a first-year student, you must submit the following: A completed Common Application or Clarkson Application (we have no preference), Official high school transcript(s), One letter of recommendation from a school counselor or teacher, and a Personal essay. Clarkson is test-optional, which means you are not required to submit SAT or ACT scores to be considered for admission. If you do not submit scores, you will not be at a disadvantage in the admissions process.",Not Required,,True,True,True,False,False,False,False,True,False,False,False,True,True,True,False,False,,,,School of Arts & Sciences,"$60,190/Year",,,,,,"['Game Design', 'Film and Animation', 'Web and Mobile Development']","The bachelor's degree in digital arts & sciences at Clarkson will teach you to combine the creative problem-solving of artists and designers with the structured problem-solving of computer scientists. As a result, you will learn to invent, design and build virtual worlds and immersive experiences. This includes creating video games, animated films, virtual and augmented reality experiences, and interactive simulations. You will bring a unique, humanistic vision to the challenges facing society while creating new ways for us to experience reality.
Through our Bachelor of Science in Digital Arts & Sciences degree program, you will graduate with both a portfolio of creative projects and the knowledge of computer science that employers from all types of industries are looking for. You will gain a solid foundation in computer science and mathematics courses. You will develop artistic skills in classes that use digital and traditional media. Through project-based learning, you will learn how to design and build for a range of interactive digital experiences.",,The official university website for Clarkson University is https://www.clarkson.edu.,,,"$2,006",,True,,4.0,,,,,,,,,,,,"$60,190/Year",,,,,,,False,False,,,115.0,,,,6.5,,,56.0,,80.0,,,,,,,,,,,"up to $42,000 annually",,"Merit-based, Need-based",,,,,,,
,Bachelor of Science in Electrical Engineering,,,,,Undergraduate,,,,,,,Not Required,Required,,,,,,False,False,False,False,False,False,False,False,False,False,False,False,False,False,,,,Wallace H. Coulter School of Engineering,,,,,,,"['Communications Engineering', 'Computer Engineering', 'Electrical Power Engineering', 'Microelectronics', 'Robotics']","From the microchips that run your phone to the complex power grid that energizes cities, electrical engineering is one of the broadest and most diverse fields of engineering. It impacts a wide array of sectors, including energy, technology and communications. Clarkson's project-based curriculum provides a basis for professional work in all areas of electrical engineering. The curriculum has a common core of required courses in science, mathematics, computer use and electrical engineering. This prepares you for a wide selection of electives and concentrations that allow you to focus your studies on a specific area of interest.",,The official university website for Clarkson University is https://www.clarkson.edu.,"The undergraduate program in electrical engineering is accredited by the Engineering Accreditation Commission of ABET, https://www.abet.org.","over $52,000","$2,041 per credit hour",,,,4.0,2.0,,,,,,,,,,,"$61,232/Year",,,,,,,,,,,115.0,112.0,,,6.5,,,56.0,,80.0,,,,,,,,,,,"$20,000 - $45,000 per year",,"Merit-based, Need-based",,,,,,,
,Bachelor of Science in Engineering and Management,,,,,Undergraduate,Fall 2026,,,,Not Required,Required,Not Required,Required,"To apply as a first-year student, you will need:

A completed Common Application or Clarkson Application.
An official high school transcript.
One letter of recommendation from your school counselor or a teacher.

Recommended High School Coursework: four years of English, four years of math (including pre-calculus), four years of science (including chemistry and physics), and three years of social studies.",Not Required,,True,False,True,False,False,False,False,True,False,False,False,True,True,False,False,False,,,,School of Business and Wallace H. Coulter School of Engineering,"$61,260/Year",,,,,,"['Civil Engineering Depth', 'Computer Engineering Depth', 'Electrical Engineering Depth', 'Environmental Engineering Depth', 'Mechanical Engineering Depth', 'Software Engineering Depth', 'Structural Engineering Depth']","The Engineering and Management (E&M) program is an interdisciplinary major that integrates engineering, design, management, and liberal arts. The curriculum is rigorous, and E&M graduates are ready to hit the ground running. Students become adept problem-solvers who can frame issues from a variety of perspectives and generate successful solutions for complex, real-world problems. E&M is a business degree and an engineering degree all in one. Our curriculum is roughly one-third engineering, one-third business and one-third liberal arts. E&M students take a common core of business and engineering courses and then choose an engineering depth, which offers them more specific knowledge in a particular area of engineering.",,The official university website for Clarkson University is https://www.clarkson.edu.,"The Engineering & Management program is accredited by the Engineering Accreditation Commission of ABET, https://www.abet.org. It is also accredited by the Association to Advance Collegiate Schools of Business (AACSB International).","over $40,000","$2,042",,True,,4.0,2.0,76.3% (Fall 2023),,,,,,,,,,"$30,630/Semester or $61,260/Year",,,,,,,False,False,,,115.0,,,,6.5,,,56.0,,80.0,,,,,,,,,,,"$15,000 - $45,000 annually",,Merit-based,,,,,,,
,Bachelor of Science in Engineering Studies,,,,,Undergraduate,Fall 2026,,,,Not Required,Required,Not Required,Required,"To apply as a first-year student, you must submit a completed Common Application or Clarkson Application, an official high school transcript, and one letter of recommendation. A personal essay is also required. Standardized test scores are optional.",Not Required,,True,False,True,False,False,False,False,True,False,False,False,True,True,False,False,False,,,,Wallace H. Coulter School of Engineering,"$58,790/Year",,,,,,,"The Bachelor of Science degree in engineering studies is an interdisciplinary engineering program designed for students who have a strong interest in engineering, but who may not wish to become licensed professional engineers. The program provides the flexibility to combine a solid engineering core with a concentration of courses in another professional field. Examples include pre-law, pre-med, engineering management, business, technical communications and liberal arts. This degree is not accredited by the Engineering Accreditation Commission of ABET.

The Bachelor of Science in Engineering Studies is designed to be very flexible in the final year and a half of study. Students complete a strong, broad-based engineering core that provides a solid technical background. In the junior and senior years, students work with an academic advisor to develop an individual plan of study that includes a suite of technical specialty courses and a sequence of courses in a non-engineering professional field. Engineering Studies is an ideal degree for those students who wish to pursue careers at the interface of engineering and other disciplines, for example, in technical sales, law, management or medicine.",,The official university website for Clarkson University is https://www.clarkson.edu.,This degree is not accredited by the Engineering Accreditation Commission of ABET.,,"$1,960/Credit",,True,,,,76%,,,,,,,,,,"$58,790/Year",,,,,,,False,False,,,115.0,,,,6.5,,,56.0,,80.0,,,,,,,,,,,"$15,000 - $45,000 per year",,Merit-based,,,,,,,
,Bachelor of Science in Environmental Engineering,,,,,Undergraduate,Fall 2026,,,,,,Not Required,Required,,,,,,True,True,False,False,False,True,False,False,False,True,True,False,False,False,,,,Wallace H. Coulter School of Engineering,"$61,240/Year",,,,,,"['Water Resources Engineering', 'Water & Wastewater Treatment', 'Air Pollution Control', 'Solid & Hazardous Waste Management', 'Environmental Health & Industrial Hygiene']","Environmental engineers use the principles of engineering, soil science, biology and chemistry to develop solutions to environmental problems. They are involved in efforts to improve recycling, waste disposal, public health, and water and air pollution control. They also address global issues, such as unsafe drinking water, climate change, and environmental sustainability. Environmental engineers design, plan, and implement measures to prevent, control, or remediate environmental hazards. They may work on waste treatment, wastewater treatment, site remediation, or pollution control technology.",,The official university website for Clarkson University is https://www.clarkson.edu.,"The bachelor of science degree program in environmental engineering is accredited by the Engineering Accreditation Commission of ABET, https://www.abet.org.","$49,061","$2,041",,,,4.0,,,,,,,,,,,,"$61,240/Year",,,,,,,,,,,115.0,112.0,,,6.5,,,56.0,,80.0,,,,,,,,,,,"$22,000 to $42,000 per year",,Merit-based,,,,,,,
,Bachelor of Science in Environmental Health Science,,,,,Undergraduate,Fall 2026,,,,,,Not Required,Required,,,,,,False,False,False,False,False,True,False,False,False,False,True,False,False,False,,,,Coulter School of Engineering and School of Arts & Sciences,"$58,790/Year",,,,,,,"Environmental health science focuses on the link between the environment and human health. Environmental health science professionals serve on the front lines, protecting us from threats in our environment. They work to ensure the air we breathe, the water we drink, the food we eat and the communities we live in are safe. This is a STEM-based degree at the intersection of environmental science, chemistry, biology and public health. Our degree provides you with a strong scientific background to assess environmental problems and their effects on human health. Through our challenging curriculum and unique hands-on opportunities, we'll teach you the skills needed to create solutions to these complex problems. Our program is nationally accredited by the National Environmental Health Science and Protection Accreditation Council (EHAC), making us one of only 30 accredited undergraduate environmental health programs in the nation. This accreditation allows our graduates to enter the U.S. Public Health Service as commissioned officers. As part of the Institute for a Sustainable Environment, our students learn from and conduct research with expert faculty in a wide variety of areas. Our small class sizes allow our faculty to work one-on-one with students to meet their academic and career goals. We also work closely with our extensive alumni network to develop professional opportunities for our students. Through our interdisciplinary curriculum, you'll learn: The scientific principles behind major environmental problems, such as air pollution, water pollution and climate change. How environmental contaminants affect human health and the science of toxicology. The essential elements of epidemiology and how to investigate disease outbreaks. The principles of industrial hygiene and how to protect worker health and safety. How to apply risk assessment principles to evaluate and manage environmental health risks. The laws and policies that protect both environmental and public health. The hands-on skills to assess environmental quality and exposure in our state-of-the-art laboratories.",,The official university website for Clarkson University is https://www.clarkson.edu.,Our program is nationally accredited by the National Environmental Health Science and Protection Accreditation Council (EHAC).,,1960,,,,4.0,2.0,,751-800,,,,,,,,,58790,,,,,,,,,,,115.0,,,,6.5,,,,,80.0,,,,,,,,,,,"$15,000 to $40,000 annually",,Merit-based and Need-based,,,,,,,
,Bachelor of Science in Environmental Policy,,,,,Undergraduate,Fall 2026,,"August 1, 2025","January 15, 2026",Not Required,Required,Not Required,Required,"To apply, you'll need to submit the following: Common Application or Clarkson Application; Official High School Transcript; One Letter of Recommendation from your school counselor or a teacher in a core academic subject. Clarkson is a test optional institution for most applicants. If you choose to submit your scores, you may have them sent by the testing agency or you may self-report them on your application. A personal essay/statement is also part of the application.",Not Required,,False,True,True,False,False,False,False,True,False,False,False,True,True,False,False,False,,,,Institute for a Sustainable Environment,"$61,096/Year",,,,,,,"Environmental Policy studies the human dimensions of environmental issues. It includes the study of law, policy, ethics and economics. This interdisciplinary approach focuses on problem solving. You’ll be prepared to work on solutions to today’s environmental challenges. Our program provides a unique mix of hard science, social science and humanities. As a major, you'll be well-prepared for any of these paths after graduation: employment in the corporate world, government agencies or NGOs; graduate study in the social sciences or humanities; law school.",,The official university website for Clarkson University is https://www.clarkson.edu.,,,2037/Credit,,False,,4.0,2.0,76%,,,,,,,,,,61096/Year,,,,,,,False,False,,,115.0,,,,6.5,,,56.0,,80.0,,,,,,,,,,,"$15,000 to $35,000 per year",,"Merit-Based Scholarships, Need-Based Grants",,,,,,,
,Bachelor of Science in Environmental Science and Policy,,,,,Undergraduate,,,,,Not Required,Required,Not Required,Required,"First-year student applicants must submit the following: a completed Common Application or Clarkson Application; an official high school transcript; one letter of recommendation, preferably from a school counselor or a teacher in a math or science field; and an essay or personal statement. Standardized test scores (SAT/ACT) are optional.",Not Required,,True,True,False,False,False,False,False,True,False,False,False,False,False,False,False,False,,,,School of Arts & Sciences,"$61,230/Year",,,,,,"['Environmental Science', 'Environmental Policy']","The environmental science and policy major prepares you to work on pressing environmental issues from polluted streams to climate change and habitat loss. The world needs people who can understand the science behind these issues and analyze the policies needed to address them. You'll gain a strong foundation in the natural sciences, particularly ecology, chemistry, and earth sciences. You will also develop skills in policy analysis, communication, and geospatial technology (GIS). With this combination of skills, you'll be well prepared for a wide range of jobs in government agencies, consulting firms and nonprofit organizations.",,The official university website for Clarkson University is https://www.clarkson.edu.,,"over $47,000","$2,041",,True,,4.0,,75%,,,,,,,,,,"$61,230/Year",,,,,,,False,False,,,,,,,,,,,,,,,,,,,,,,,"$22,000 - $39,000",over 60 percent,"Merit-based, Need-based",,,,,,,
,Bachelor of Science in Financial Information and Analysis,,,,,Undergraduate,,,,,Not Required,Required,Not Required,Required,"Clarkson University requires a completed application (either the Common Application or the Clarkson Application), an official high school transcript, and one letter of recommendation from a school counselor or a teacher. An essay is also a required component of the application.",Not Required,,True,True,False,False,False,False,False,True,False,False,False,False,False,False,False,False,,,,Reh School of Business,"$59,178/Year",,,,,,,"The Bachelor of Science (BS) in financial information and analysis (FIA) is a cutting-edge, interdisciplinary major that combines a strong foundation in finance with data analytics and information systems. Offered through the David D. Reh School of Business, this STEM-designated program prepares you to become a business professional who is an expert at managing and leveraging data to make sound financial decisions. You'll learn how to analyze and value firms, manage investment portfolios, and analyze complex business problems. Our unique project-based curriculum challenges you to work in teams to solve real-world problems. You'll also learn to use information systems and technology tools like Excel, Python, R, Stata, Tableau and SAS to work on data analytics projects. Our graduates are highly sought after by employers for their ability to manage and leverage information to make financial decisions. With this major, you can find a job in nearly any industry, including high-tech manufacturing, financial services, investment management, banking, insurance and energy, as well as in the public sector.",,The official university website for Clarkson University is https://www.clarkson.edu.,The David D. Reh School of Business is accredited by the Association to Advance Collegiate Schools of Business (AACSB).,"$48,460","$1,973",,True,,4.0,2.0,75%,751-760,,,,,,,,,"$59,178/Year",,,,,,,False,False,,,115.0,,,,6.5,,,56.0,,80.0,,,,,,,,,,,"Up to $30,000 per year",,Merit-based,,,,,,,
,Bachelor of Science in Gender and Sexuality Studies,,,,,Undergraduate,Fall 2026,,,,,,Not Required,Required,,,,True,True,True,False,False,False,False,True,False,False,False,True,True,False,False,False,,,,School of Arts & Sciences,"$59,570/Year",,,,,,,,,The official university website for Clarkson University is https://www.clarkson.edu.,,"$41,400","$1,986 per credit hour",,False,,4.0,,74.7%,,,,,,,,,,"$59,570/Year",,,,,,,False,False,,,115.0,,,,6.5,,,56.0,,80.0,,,,,,,,,,,"$15,000 to $35,000 annually",,Merit-based,,,,,,,
,Bachelor of Science in Global Supply Chain Management,,,,,Undergraduate,Fall 2026,,,,Not Required,Required,Not Required,Required,"To apply, you will need: A completed Common Application or Clarkson Application; Official high school transcript(s); At least one letter of recommendation from a school counselor or a teacher who has taught you in a core academic subject (English, math, science, social studies, or foreign language); Personal essay; Standardized test scores (optional for most applicants).",Not Required,,True,True,False,False,False,False,False,True,False,False,False,False,False,False,False,False,,,,Reh School of Business,,,,,,,,"The global supply chain management major prepares you to manage the flow of goods, services and information into and out of an organization. You'll gain broad knowledge of core business functions and in-depth expertise in supply chain management. This includes demand planning, purchasing, inventory control, materials management, logistics, sustainability and information systems.
As a student in the global supply chain management program, you will develop:
- a systems perspective to analyze and manage complex supply chains.
- skills to use contemporary enterprise resource planning (ERP) systems, such as SAP.
- an understanding of logistics and distribution, transportation management, demand planning, and inventory control.
- the ability to use data analytics to identify and solve supply chain problems.
- a perspective on the impact of sustainability on supply chain management.
Our students also develop essential business skills. You'll gain knowledge in accounting, finance, marketing, law, business intelligence and analytics and information systems.",,The official university website for Clarkson University is https://www.clarkson.edu.,"Accredited by the Association to Advance Collegiate Schools of Business (AACSB) International, a distinction earned by less than five percent of business schools worldwide.",,"$1,946 per credit hour",,True,,4.0,,79%,,,,,,,,,,"$58,390/Year",,,,,,,False,False,,,115.0,112.0,,,6.5,,,56.0,,80.0,,,,,,,,,,,"$15,000 - $30,000 per year",,Merit-based,,,,,,,
,Bachelor of Science in History,,,,,Undergraduate,Fall 2026,,,,Not Required,Required,Not Required,Required,"A completed application (either the Common Application or the Clarkson Application), your official high school transcript and one letter of recommendation.",Not Required,,True,True,False,False,False,False,False,False,False,False,False,False,False,False,False,False,,,,School of Arts & Sciences,"$30,145/Semester or $60,290/Year",,,,,,,"History is more than just memorizing dates and names. It's an exploration of the past, the present and the future. By learning about history, you'll be better able to understand the world and all of its complexities. As a history major, you'll engage in a number of thought-provoking discussions, learn how to conduct independent research and become an expert in analytical writing. You'll also learn skills that will help you in any career field you choose, like critical thinking, problem-solving, analysis and both written and oral communication. Our curriculum emphasizes the connections between history and the fields of science, technology, medicine and the environment. You'll find that our courses often explore the broader social contexts of technological and scientific change. You'll also have a number of opportunities to learn about and get involved in historical work being done right in our own community. With our project-based learning model, you'll gain hands-on experience and build your portfolio.",,The official university website for Clarkson University is https://www.clarkson.edu.,,"$45,000","$2,010",,False,,4.0,,65%,,,,,,,,,,"$30,145/Semester or $60,290/Year",,,,,,,False,False,,,115.0,112.0,,,6.5,,,,,80.0,,,,,,,,,,,"Up to $32,000+",97%,"Merit-based, Need-based",,,,,,,
,Bachelor of Science in Humanities,,,,,Undergraduate,Fall 2026,,,,,,Not Required,Required,,,,,,False,False,False,False,False,False,False,False,False,False,False,False,False,False,,,,School of Arts & Sciences,"$59,154/Year",,,,,,,"Do you love to read, write and explore the big questions about our lives and our world? Are you fascinated by the ideas and creations that have shaped human history?

The B.S. in humanities provides a strong foundation in a variety of disciplines while giving you the freedom to choose your own path. You will study subjects such as literature, philosophy, history and communication. You can also explore fields like anthropology and political science.

You will also build on a traditional humanities curriculum by engaging in project-based learning. You will take part in hands-on courses, collaborate with your peers and even get to travel as a part of your studies. By the time you graduate, you will have a unique portfolio of work to show to employers and graduate schools.

Above all else, you will gain skills that are essential to any career. You will develop the ability to think critically, communicate clearly, solve complex problems and collaborate with others.",,The official university website for Clarkson University is https://www.clarkson.edu.,,,1972,,,,4.0,2.0,,,,,,,,,,,"$59,154/Year",,,,,,,,,,,115.0,112.0,,,6.5,,,56.0,,80.0,,,,,,,,,,,"Merit scholarships range from $20,000 up to $30,000 per year",,Merit-based,,,,,,,
,Bachelor of Science in Innovation and Entrepreneurship,,,,,Undergraduate,Fall 2026,,,,Not Required,Required,Not Required,Required,"To apply for admission as a first-year student, please submit the following: A completed Common Application or Clarkson Application, including the personal essay. An official high school transcript. At least one letter of recommendation from a school counselor or teacher who can speak to your academic potential and character.",Not Required,,True,True,True,True,False,False,False,True,False,False,False,True,True,False,False,False,,,,David D. Reh School of Business,"$60,290/Year",,,,,,,"Do you want to develop and launch a business? Maybe you have a passion for problem solving and want to lead innovation in an established organization? Then majoring in innovation and entrepreneurship (I&E) is for you. In our program, you'll gain the knowledge and skills needed to develop ideas into sustainable ventures that create economic and social value. What is innovation and entrepreneurship? Simply put, it's about leading change by creatively solving problems, big and small. Through project-based courses, you'll learn a proven process for identifying opportunities and launching new businesses or innovative products and services. You'll gain a foundation of business skills that will help you at every step. You'll also learn the skills to be an effective communicator and collaborator — essential in today's fast-paced, team-based work environments. Our program doesn't just teach you the tools of business. We'll give you a mindset for entrepreneurship and innovation that will help you bring your ideas to life and give you a competitive advantage throughout your career.",,The official university website for Clarkson University is https://www.clarkson.edu.,The Reh School of Business is accredited by the Association to Advance Collegiate Schools of Business (AACSB). Fewer than 5 percent of business schools worldwide have this distinction.,,"$2,008",,True,,4.0,2.0,75%,,,,,,,,,,"$60,290/Year",,,,,,,False,False,,,115.0,112.0,,,6.5,,,56.0,,80.0,,,,,,,,,,,"$20,000 to $35,000 per year",,Merit-based,,,,,,,
,Bachelor of Science in Interdisciplinary Liberal Arts,,,,,Undergraduate,,,,,,,Not Required,Required,,,,,,True,True,False,False,False,True,False,False,False,True,True,False,False,False,,,,School of Arts & Sciences,"$61,254/Year",,,,,,,"The Bachelor of Science in Interdisciplinary Liberal Arts program at Clarkson University provides a broad and rigorous education across different fields, including humanities, social sciences, arts, and communication. It's an ideal degree if you are interested in exploring complex social and cultural issues from a variety of perspectives. You will develop critical thinking, communication, research and problem-solving skills that are in high demand in today's workforce. You will gain a deep understanding of the human experience and learn to think critically and creatively.",,The official university website for Clarkson University is https://www.clarkson.edu.,,46000,2042,,,,4.0,,75%,801-850,,,,,,,,,61254,,,,,,,,,,,115.0,112.0,,,6.5,,,56.0,,80.0,,,,,,,,,,,"$20,000 to $35,000 annually",,"Merit-based, Need-based",,,,,,,
,Bachelor of Science in International Relations,,,,,Undergraduate,Fall 2026,,,"January 15, 2026",,,Not Required,Required,,,,,,False,False,False,False,False,True,False,False,False,False,False,False,False,False,,,,School of Arts & Sciences,"$59,334/Year",,,,,,,"International Relations at Clarkson is an interdisciplinary major that draws from political science, economics, history, anthropology, sociology and law. Students take a diverse array of courses to hone their expertise in the field of international relations while also completing a secondary area of study, a minor or a second major that complements their interests.",,The official university website for Clarkson University is https://www.clarkson.edu.,,"$49,158","$1,978 per credit hour",,,,4.0,2.0,68.4%,,,,,,,,,,59334,,,,,,,,,,,115.0,112.0,,,6.5,,,56.0,,80.0,,,,,,,,,,,"$15,000 to $35,000 annually",,Merit-based,,,,,,,
,Bachelor of Science in Law and Society,,,,,Undergraduate,Fall 2026,,,,Not Required,Required,Not Required,Required,"To apply as a first-year student, you will need to submit the following: The Common Application or the Clarkson Application, your official high school transcript, one letter of recommendation, and a personal essay or statement. Clarkson is test-optional for the Bachelor of Science in Law and Society.",Not Required,,True,False,False,False,False,False,False,True,False,False,False,False,False,False,False,False,,,,School of Arts & Sciences,"$61,010/Year",,,,,,"['Criminal Justice and Law', 'Environment and Society', 'Gender and Law']","Understand the intersection of law, society and justice. At Clarkson, you will study how law is shaped by and, in turn, shapes political, social, cultural and economic forces. This interdisciplinary approach to the study of law and society draws on scholarship in anthropology, criminology, economics, history, philosophy, political science, psychology and sociology. You will learn how to make effective arguments, analyze evidence, write clearly and concisely, and understand the social forces that shape the law. The law and society major teaches you to critically analyze how legal institutions shape moral and ethical problems in society. You will learn to recognize, understand and critique the ways law functions as a social institution in both theory and practice. You'll complete an interdisciplinary set of core courses and then tailor your studies to focus on topics that most interest you, such as criminal justice and law, environment and society, or gender and law. You can also craft your own thematic program in consultation with your advisor.",,The official university website for Clarkson University is https://www.clarkson.edu.,,"$52,190","$2,034",,False,,4.0,2.0,74%,,,,,,,,,,"$61,010/Year",,,,,,,False,False,,,115.0,112.0,,,6.5,,,56.0,,80.0,,,,,,,,,,,"$20,000 to $45,000 annually",,Merit-based,,,,,,,
,Bachelor of Science in Literature,,,,,Undergraduate,Fall 2026,,,,,,,,,,,True,False,False,False,False,False,False,False,False,False,False,False,False,False,False,False,,,,,59342,,,,,,,,,The official university website for Clarkson University is https://www.clarkson.edu.,,"over $45,000","$1,978",,False,,4.0,2.0,76%,751-760,,,,,,,,,59342,,,,,,,False,False,,,,,,,,,,,,,,,,,,,,,,,"Up to $36,000",,"Merit-based, Need-based",,,,,,,
,Bachelor of Science in Mathematical Economics,,,,,Undergraduate,Fall 2026,,"August 1, 2025","January 15, 2026",,,Not Required,Required,,,,,,False,False,False,False,False,False,False,False,False,False,False,False,False,False,,,,School of Arts & Sciences and the Reh School of Business,61288/Year,,,,,,,"Mathematical economics at Clarkson is a rigorous, quantitative and policy-relevant program that combines the strengths of our economics and mathematics departments. You will receive excellent preparation for graduate studies in economics or for a quantitative career in business, finance, or government. You will learn skills that are highly valued by employers, including theoretical modeling, empirical analysis and computer programming. You will also learn how to apply these skills to analyze public policy and firm strategy in a wide variety of areas, such as the environment, innovation, international trade, and industrial organization. What makes this program at Clarkson unique is its small size. You will get to know your professors well and will have opportunities to work closely with them on research projects.",,The official university website for Clarkson University is https://www.clarkson.edu.,,49000,2043,,,,4.0,2.0,78%,,,,,,,,,,61288/Year,,,,,,,,,,,,,,,,,,,,,,,,,,,,,,,"up to $34,000 annually",99%,"Merit-based, Specialty",,,,,,,
,Bachelor of Science in Mathematics,,,,,Undergraduate,Fall 2026,,,,,,Not Required,Required,,,,,,False,False,False,False,False,False,False,False,False,False,False,False,False,False,,,,School of Arts & Sciences,"$59,384/Year",,,,,,,"The bachelor of science (B.S.) degree program in mathematics provides a fundamental understanding of many different areas of mathematics and its applications. As a mathematics major, you'll develop the analytical skills and the ability to express complex mathematical ideas with clarity and precision. The bachelor's degree program is flexible. Students can choose to concentrate on a specific area, such as applied mathematics or statistics, or take courses from a broad spectrum of mathematics subfields. In our Mathematics B.S. program, you can choose from a broad variety of courses in mathematics, statistics, computer science, physics and other science and engineering fields. You'll work with faculty members on challenging and cutting-edge research projects. You may even have the opportunity to serve as a research or teaching assistant in the Department of Mathematics. As a student in our program, you'll be encouraged to participate in a mathematics seminar, which meets every week to hear about the most recent mathematical breakthroughs.",,The official university website for Clarkson University is https://www.clarkson.edu.,,"over $45,000",1979,,,,,,75%,,,,,,,,,,59384,,,,,,,,,,,115.0,,,,6.5,,,56.0,,80.0,,,,,,,,,,,"$15,000 to $40,000 annually",,Merit-based,,,,,,,
,Bachelor of Science in Mechanical Engineering,,,,,Undergraduate,Fall 2026,,,,,,Not Required,Required,,,,,,True,True,False,False,False,True,False,False,False,True,True,False,False,False,,,,Wallace H. Coulter School of Engineering,61284/Year,,,,,,"['Advanced Manufacturing Engineering', 'Biomedical Engineering', 'Design of Mechanical Systems', 'Energy Systems Engineering', 'Robotics', 'Structural and Materials Engineering', 'Thermal and Fluid Science and Engineering']","The mechanical engineering program at Clarkson University is a robust, project-based program that trains students in the design, development, analysis and manufacturing of both small-scale components and large-scale systems. As a mechanical engineer, you will influence the design of all types of products and systems, including cars, planes, power plants, robots, biomedical devices and more. You will find that our curriculum combines classroom instruction with hands-on lab and design experience, which gives you valuable professional skills. Our program is among the top in the nation for starting salary potential. You'll gain a holistic understanding of how the discipline affects society and the environment. You will be prepared for a career in industry, government or advanced studies.",,The official university website for Clarkson University is https://www.clarkson.edu.,"The undergraduate program in mechanical engineering is accredited by the Engineering Accreditation Commission of ABET, https://www.abet.org.",,2043/Credit Hour,,,,4.0,2.0,,,,,,,,,,,61284/Year,,,,,,,,,,,115.0,112.0,,,6.5,,,56.0,,80.0,,,,,,,,,,,"$15,000 to over $35,000 annually",,"Merit-based, Specialty",,,,,,,
,Bachelor of Science in Philosophy,,,,,Undergraduate,,,,,,,Not Required,Required,,,,True,False,False,False,False,False,False,False,False,False,False,False,False,False,False,False,,,,,,,,,,,,"Philosophy is the study of the fundamental questions of human existence. What is knowledge? What is the nature of reality? What does it mean to be a good person, and what is the best way to live? Philosophers explore these questions with creativity and rigorous logical analysis. They develop strong skills in critical thinking, reading and writing. They learn how to analyze and construct arguments. And they learn how to express themselves with clarity and precision. Our program offers courses in traditional branches of philosophy, like logic, ethics, metaphysics and the history of philosophy, as well as in fields of applied ethics, like bioethics and environmental ethics. Philosophy can be studied on its own or as a second major. It is especially popular as a double major with engineering, science, business and pre-health programs. This is because the analytical and communication skills provided by a philosophy education are vital to success in any profession. Philosophy majors have some of the highest acceptance rates to law school and medical school, and they have the highest mid-career salary of any humanities major.",,The official university website for Clarkson University is https://www.clarkson.edu.,,,,,False,,,,,,,,,,,,,,,,,,,,,False,False,,,115.0,112.0,,,6.5,,,56.0,,80.0,,,,,,,,,,,,,,,,,,,,
,Bachelor of Science in Physics,,,,,Undergraduate,Fall 2026,,,,Not Required,Required,Not Required,Required,"To apply for admission, you will need to submit:

- The Common Application or the Clarkson Application.
- Official high school transcript(s). Your school counselor can submit this through the Common Application, Slate.org or Parchment, or by mail or fax.
- One letter of recommendation from a school counselor or teacher. You can submit up to three.
- A personal essay or statement.",Not Required,,True,False,False,False,False,False,False,False,False,False,False,False,False,False,False,False,,,,School of Arts & Sciences,"$59,198/Year",,,,,,"Computational Science and Data Analytics Concentration, Mathematical Physics Concentration, Pre-Health Concentration, Pre-Law Concentration, Materials Science Concentration","Physics is the fundamental science that underlies our understanding of the world around us, from the smallest subatomic particles to the cosmos' largest galaxies. At Clarkson, a Bachelor of Science in Physics goes beyond the theoretical. Our world-class faculty will guide you as you apply what you learn in the classroom to real-world challenges in our state-of-the-art labs and research facilities. You can work with faculty on cutting-edge research in a wide range of areas, including condensed matter physics, optics, statistical mechanics, complex systems and nonlinear dynamics. In addition to a core curriculum of physics courses, the program offers technical electives that will help you gain skills for life after graduation. In your junior and senior years, you can conduct a research project as part of your senior capstone experience.",,The official university website for Clarkson University is https://www.clarkson.edu.,,49000,1973,,True,,4.0,,65%,,,,,,,,,,59198,,,,,,,False,False,,,115.0,112.0,,,6.5,,,56.0,,80.0,,,,,,,,,,,"up to $40,000 per year",,"Merit-based, Need-based",,,,,,,
,Bachelor of Science in Political Science,,,,,Undergraduate,Fall 2026,,,,Not Required,Required,Not Required,Required,"To apply as a first-year student, you will need to submit either the Common Application or the Clarkson Application, an official high school transcript, and at least one letter of recommendation. Clarkson University is test optional; you may submit SAT or ACT scores, but they are not required for admission.",Not Required,,True,False,False,False,False,False,False,False,False,False,False,False,False,False,False,False,,,,School of Arts & Sciences,"$59,570/Year",,,,,,,"Political science is the systematic study of power: who has it, why they have it and how they use it. The major is designed for students who are intellectually curious about the major political questions of our time. It provides a deeper understanding of political events, ideas and institutions. You will gain in-depth knowledge of how political and governmental systems operate. You will examine the impact that public policies have on society, the economy and everyday life. Our curriculum will prepare you to make a difference in society. You'll be taught by faculty who are active researchers, who publish in leading academic journals and who are committed to teaching excellence. Small class sizes promote close student-faculty interaction and mentoring. In addition to a set of core courses, you will choose from a rich array of courses in five areas: American politics, comparative politics, international relations, political theory and public policy. The political science major will give you in-depth knowledge, analytical skills and practical experience. You will understand how political actors behave and make choices. You will learn to form compelling arguments. And you will gain advanced writing and communication skills. You can further hone these skills in our honors program, which culminates in a thesis you will present to department faculty.",,The official university website for Clarkson University is https://www.clarkson.edu.,,"$49,100","$1,986",,False,,4.0,2.0,72.4%,,,,,,,,,,"$59,570/Year",,,,,,,False,False,,,115.0,,,,6.5,,,56.0,,80.0,,,,,,,,,,,"up to $32,000 per year",,"Merit-based, Need-based",,,,,,,
,Bachelor of Science in Pre-Law,,,,,Undergraduate,,,,,Not Required,Required,Not Required,Required,"To apply as a first-year student, you will need to submit the following: The Common Application or Clarkson Application, an official high school transcript, one letter of recommendation (from a school counselor, teacher, or other academic source), and a personal essay/statement. Clarkson is test-optional, which means you can choose whether or not you wish to submit SAT or ACT scores as part of your application.",Not Required,,True,False,False,False,False,False,False,False,False,False,False,False,False,False,False,False,,,,School of Arts & Sciences,"$59,184/Year",,,,,,,,,The official university website for Clarkson University is https://www.clarkson.edu.,,,1972.8,,False,,4.0,2.0,70.3%,,,,,,,,,,59184,,,,,,,False,False,,,115.0,,,,6.5,,,,,80.0,,,,,,,,,,,Up to full-tuition,,Merit-based,,,,,,,
,Bachelor of Science in Pre-Medical Sciences,,,,,Undergraduate,Fall 2026,,,,Not Required,Not Required,Not Required,Required,"All first-year applicants must submit the following: The Common Application or the Clarkson Application; Official high school transcript; One letter of recommendation from a school counselor or teacher. While essays are not required for admission at Clarkson, we strongly encourage you to submit one. Clarkson University has a test-optional admission policy. You may choose to submit your standardized test scores (SAT and/or ACT) for consideration, but they are not required for admission.",Not Required,,True,True,True,True,False,False,False,True,False,False,False,True,True,False,False,False,,,,School of Arts & Sciences,"$60,290/Year",,,,,,"Pre-Dental, Pre-Medical, Pre-Occupational Therapy, Pre-Optometry, Pre-Pharmacy, Pre-Physical Therapy, Pre-Physician Assistant, Pre-Podiatry, Pre-Veterinary","The pre-medical sciences major is an interdisciplinary program designed for students who want a strong science foundation for careers in medicine and other health professions. This program provides the foundational coursework required for admission to a number of professional graduate programs in the health sciences. Through a rigorous and flexible science curriculum, students are prepared to excel on standardized admissions tests and in their professional school programs. A distinguishing feature of Clarkson's health sciences programs is that students work with a dedicated pre-health advisor starting their first year to select coursework and plan professional development activities that match their career aspirations. This combination of a rigorous curriculum and comprehensive advisement has allowed our students to be highly successful in gaining admission to their professional school of choice. The curriculum can be tailored to meet the entrance requirements for a variety of health professional programs, including: Pre-Dental, Pre-Medical, Pre-Occupational Therapy, Pre-Optometry, Pre-Pharmacy, Pre-Physical Therapy, Pre-Physician Assistant, Pre-Podiatry, Pre-Veterinary. This major cannot be combined with the following majors: biology, biomolecular science, chemistry, or physics. It can be paired with a humanities, social sciences or business major as part of a double major. In such cases, this program would serve as the science component of the student's education.",,The official university website for Clarkson University is https://www.clarkson.edu.,,,"$2,010",,True,,4.0,2.0,73%,,,,,,,,,,"$60,290/Year",,,,,,,False,False,,,115.0,112.0,,,6.5,,,56.0,,80.0,,,,,,,,,,,"Up to $30,000 annually",,"Merit-based, Need-based",,,,,,,
,Bachelor of Science in Pre-Physical Therapy,,,,,Undergraduate,Fall 2026,,,,,,Not Required,Required,,,,,,True,False,False,False,False,True,False,False,False,True,True,False,False,False,,,,School of Arts & Sciences,"$61,230/Year",,,,,,Pre-Physical Therapy,"Our pre-physical therapy track prepares students for entry into Doctor of Physical Therapy (DPT) programs. Our curriculum is specifically designed to meet or exceed the requirements of most DPT programs. You can major in any field you wish, so long as you meet the prerequisites for physical therapy school. Many of our pre-physical therapy students major in biology, psychology or biomolecular science. Our health professions advisors work closely with you to ensure you are meeting all requirements for DPT school. Our students are well-prepared for entry into physical therapy programs. Over the last 10 years, 87 percent of our graduates have been accepted into physical therapy schools. Clarkson also has several articulation agreements with graduate programs that give our students an advantage in the admission process. The most popular of these is our direct-entry pathway for our undergraduate students into our own Doctor of Physical Therapy program. Our students can apply as early as their junior year for guaranteed admission, so long as they meet the specific requirements.",,The official university website for Clarkson University is https://www.clarkson.edu.,,,"$2,041/Credit",,,,4.0,2.0,,,,,,,,,,,"$61,230/Year",,,,,,,,,,,115.0,,,,6.5,,,56.0,,80.0,,,,,,,,,,,"Up to $29,000 annually",,"Merit-based, Need-based, and special interest scholarships",,,,,,,
,Bachelor of Science in Pre-Physician Assistant,,,,,Associate,Fall 2026,,,,Not Required,Required,Not Required,Required,"To be considered for admission to Clarkson, you must submit the following items:

The Common Application or the Clarkson Application.
An essay is a required component of both the Common Application and the Clarkson Application.
Official high school transcript.
One letter of recommendation from a school counselor, teacher or advisor.
Standardized Test Scores: Clarkson University has a test-optional admissions policy for all undergraduate programs. If you choose to submit scores, we will accept either the SAT or ACT.",Not Required,,True,True,False,False,False,False,False,False,False,False,False,False,False,False,False,False,,,,School of Arts & Sciences,"$58,290/Year",,,,,,Pre-Physician Assistant Studies,"Physician assistants (PAs) are in high demand. These highly skilled healthcare professionals work in all medical and surgical specialties. They work in a variety of settings, including hospitals, clinics, physician offices, nursing homes and other healthcare facilities. They perform physical exams, order and interpret diagnostic tests, diagnose and treat illnesses, assist in surgery, and write prescriptions. Clarkson's Pre-Physician Assistant Program is not a major, but a concentration that can be taken along with any major. You'll complete the program with the courses required for entry to PA school.

Clarkson University offers a Bachelor of Science degree with a major in biology and a concentration in pre-physician assistant studies. This program of study is designed specifically to meet the prerequisite courses for the Master of Science in Physician Assistant Studies program at Clarkson. In addition, our curriculum provides for most, if not all, of the course requirements for PA programs across the United States. You will have access to our pre-health advisor. They will guide you in choosing the right undergraduate courses and help you with all aspects of the PA school application process. This personalized advising continues for one year after you graduate from Clarkson.",,The official university website for Clarkson University is https://www.clarkson.edu.,,"$50,534",,,True,,,,75%,,,,,,,,,,"$58,290/Year",,,,,,,False,False,,,115.0,112.0,,,6.5,,,56.0,,80.0,,,,,,,,,,,"Merit scholarships range from $15,000 to $25,000",,"Merit-based, Need-based",,,,,,,
,Bachelor of Science in Psychology,,,,,Undergraduate,,,,,,,Not Required,Required,,,,,,True,True,False,False,False,True,False,False,False,True,True,False,False,False,,,,School of Arts & Sciences,"$61,160/Year",,,,,,,"Psychology is the scientific study of the mind, the brain and behavior. As a psychology major, you will examine the many factors that influence human and animal behavior, from the function of single brain cells to the effects of culture on the individual. You will also learn about the scientific methods used to conduct psychological research. The undergraduate psychology program at Clarkson is structured around the core disciplines in the field: cognitive, social, developmental, clinical and biological psychology. The major is designed to build a strong base of knowledge in all of these areas and give you hands-on experience by applying what you learn in the classroom to a lab setting. You'll complete several research projects and have the opportunity to participate in a variety of other high-impact learning experiences, including co-ops, internships, study abroad and community-based service learning. The psychology program is intentionally flexible to allow you to tailor your education to your career goals. Whether you plan on seeking a career right after graduation or continuing your education in graduate school, we will help you build a program of study that's right for you.",,The official university website for Clarkson University is https://www.clarkson.edu.,,"over $39,000","$1,973",,,,4.0,2.0,65%,,,,,,,,,,"$61,160/Year",,,,,,,,,,,115.0,112.0,,,6.5,,,56.0,,80.0,,,,,,,,,,,"$20,000 to $45,000 annually",,Merit-Based Scholarships,,,,,,,
,Bachelor of Science in Science Studies,,,,,Undergraduate,,,,,Not Required,Required,Not Required,Required,"To apply, prospective students must submit either the Common Application or the Clarkson Application. Required documents include an official high school transcript, a personal essay, and one required letter of recommendation, preferably from a school counselor (a second letter from a teacher is strongly encouraged). Clarkson University is test-optional, so submitting SAT or ACT scores is not required.",Not Required,,True,False,True,True,False,False,False,True,False,False,False,True,True,False,False,False,,,,School of Arts & Sciences,"$59,384/Year",,,,,,"['biology', 'chemistry', 'physics', 'mathematics']","The Bachelor of Science in Science Studies (BSSS) degree is for students who want a broad background in the sciences. The program provides the foundational core courses that are essential to all scientific disciplines but is flexible enough to accommodate the needs of students who do not want to become a science specialist.

The BSSS program is an excellent opportunity for students who have an interest in combining their core science and liberal arts coursework into a personalized program of study. The curriculum requires that students select a focus in a science area (biology, chemistry, physics or mathematics). BSSS students also select a complementary non-science minor in areas such as business, communications or pre-health sciences advising tracks.

The program is ideal for students who want to:

Explore science broadly.
Combine their interest in science with other professional aspirations, such as business, law or communications.
Fulfill the admission requirements for professional programs in the health sciences.
Attain teacher certification in a specific science.",,The official university website for Clarkson University is https://www.clarkson.edu.,,,1980,,True,,,,,,,,,,,,,,59384,,,,,,,False,False,,,115.0,112.0,,,6.5,,,56.0,,80.0,,,,,,,,,,,"Up to $30,000 per year",,Merit-based,,,,,,,
,Bachelor of Science in Social Sciences,,,,,Undergraduate,Fall 2026,,,,,,Not Required,Required,,,,,,True,True,False,False,False,True,False,False,False,True,True,True,False,False,,,,School of Arts & Sciences,"$60,490/Year",,,,,,"['Criminology', 'Economics', 'History', 'Political Science', 'Psychology', 'Sociology', 'Quality of Life Studies']","The Bachelor of Science in Social Sciences (SS) is an interdisciplinary program that applies social science theories, concepts, and methods to the study of important societal issues. The Social Sciences major is the largest major in the Department of Humanities and Social Sciences. Its flexible degree requirements allow you to create an individualized course of study suited to your interests and career goals. Social science majors complete a minimum of one social science concentration. They are strongly encouraged to complete a second concentration, a minor, or a second major. Our students have paired the SS major with a second major in engineering, business, and the arts and sciences.

Through your classes, you will acquire core skills in research and writing, critical reading and analysis, and public speaking. In a world of increasing complexity and rapid change, these are the transferable skills that employers and graduate schools demand. The research and analytical skills that you develop as a Social Sciences major will prepare you for careers in law, public policy, nonprofit management, market research, urban planning and a wide range of other professions. Many of our majors go on to graduate school to earn an MA, MBA, JD, or PhD.",,The official university website for Clarkson University is https://www.clarkson.edu.,,"$49,072","$2,016/Credit",,,,4.0,2.0,75%,,,,,,,,,,"$60,490/Year",,,,,,,,,,,115.0,112.0,,,6.5,,,56.0,,80.0,,,,,,,,,,,up to full tuition,,Merit-based,,,,,,,
,Bachelor of Science in Social Documentation,,,,,Undergraduate,Fall 2026,,,,,,Not Required,Required,,,,,,False,False,False,False,False,True,False,False,False,False,False,False,False,False,,,,School of Arts & Sciences,61234/Year,,,,,,,"The social documentation major at Clarkson is an interdisciplinary program that teaches students how to use documentary storytelling techniques to represent the lived experiences of others, paying particular attention to the complex intersections of culture, society and politics. Students in this program will study the ethical, social and political dimensions of documentary work while also developing a set of practical skills in media production. We offer a mix of theoretical, historical and production-based coursework designed to help students think critically about the role of media in society and also participate in the production of media content in an informed way.

Social documentation majors learn to research, write, produce, direct, shoot and edit non-fiction films, and they learn how to think critically about the stories we tell through media. Students study the historical, theoretical and ethical dimensions of documentary film, and they gain a strong foundation in the use of contemporary production technologies to tell compelling and powerful stories. The social documentation curriculum is hands-on and project-based. Students will build a portfolio of documentary work that reflects their unique interests and career goals. Students have the opportunity to participate in one of our many off-campus study programs, including a popular semester-long program in New York City.",,The official university website for Clarkson University is https://www.clarkson.edu.,,"over $49,000",2041,,,,4.0,,75.9%,,,,,,,,,,,,,,,,,,,,,115.0,112.0,,,6.5,,,56.0,,80.0,,,,,,,,,,,"$20,000 to $40,000 annually",,Merit-based,,,,,,,
,Bachelor of Science in Sociology,,,,,Undergraduate,,,,,Not Required,Required,Not Required,Required,"To be considered for freshman admission, a student must submit the following:
1. A completed Common Application or Clarkson Application, including the essay.
2. An official high school transcript.
3. A recommendation from a school counselor or a teacher.
4. Standardized test scores (SAT or ACT) are optional for most applicants.",Not Required,,True,False,True,True,False,False,False,True,False,False,False,True,True,False,False,False,,,,School of Arts & Sciences,"$60,200/Year",,,,,,,"Sociology is the scientific study of human social behavior. Sociologists examine the ways in which people organize themselves into groups, from families to nations, and the resulting impact on individuals and their daily lives. Sociologists are interested in who we are, what we do, what we think and feel, and why. At Clarkson, sociology students examine the structure and culture of different societies and how those societies interact. They study issues such as rural and urban life, the intersection of science and society, race and ethnicity, deviance and crime, gender roles and inequalities, and how institutions like education, government, healthcare, and religion shape our lives. Sociology provides an excellent liberal arts education and develops strong critical thinking, research, and communication skills applicable to a wide variety of careers in social work, public administration, law, business, education, policy analysis, advocacy, and counseling.",,https://clarkson.edu/sites/default/files/2025-10/Master%2025-26%20UGrad%20Catalog.pdf,,"over $39,000","$2,007",,False,,4.0,2.0,,,,,,,,,,,60200,,,,,,,False,False,,,115.0,112.0,,,6.5,,,56.0,,80.0,,,,,,,,,,,"up to $45,000 annually",,Merit-Based Scholarships,,,,,,,
,Bachelor of Science in Software Engineering,,,,,Undergraduate,Fall 2026,,,,,,Not Required,Required,,,,,,True,False,False,False,False,True,False,False,False,False,True,False,False,False,,,,School of Arts & Sciences,"$61,234/Year",,,,,,,"Software engineers design and develop software systems that are safe, secure and reliable. You will learn to use computer science, engineering and mathematics principles to design, develop and test software. At Clarkson, we have a project-based curriculum where you will gain hands-on experience building various software systems. As part of the program, you will work on team-based projects and learn skills in project management, ethical and professional responsibilities, and effective communication.

Our students have had co-ops or internships with companies like Amazon, Google, IBM, Microsoft, Netflix, Pfizer, Lockheed Martin, General Dynamics and Capital One.

Graduates have started careers in companies like Amazon, Google, Microsoft, IBM, Lockheed Martin, General Dynamics, USAA and Bank of America.",,The official university website for Clarkson University is https://www.clarkson.edu.,"The software engineering program is accredited by the Engineering Accreditation Commission of ABET, https://www.abet.org, under the General Criteria and the Program Criteria for Software and Similarly Named Engineering Programs.",,"$2,041/Credit Hour",,,,4.0,2.0,75%,,,,,,,,,,"$61,234/Year",,,,,,,,,,,115.0,,,,6.5,,,,,80.0,,,,,,,,,,,"Up to $40,000 per year",,"Merit-based, Need-based",,,,,,,
,Bachelor of Science in Statistics,,,,,Undergraduate,Fall 2026,,,,,,Not Required,Required,,,,,,True,True,False,False,False,True,False,False,False,True,True,True,False,True,,,,School of Arts & Sciences,"$59,570/Year",,,,,,,"Statistics is the science and art of learning from data. Statisticians offer essential insight into nearly every field imaginable, including business, science, technology, government and engineering. As a statistician, you'll apply mathematical and statistical knowledge to scientific, industrial and economic problems. Our statistics program will prepare you to enter the workforce with real-world skills and knowledge you can immediately put to use. Or you can continue your education with graduate study in statistics, actuarial science, business, economics or another related field. What you learn as a statistics major will also make you a more discerning consumer of information and a better-informed citizen. Our program will train you in the theory and practice of statistics. We will prepare you to make valid inferences from data in the real world. You'll learn to model uncertainty and to distinguish between random and significant effects. You will explore experimental design, regression analysis, machine learning, artificial intelligence, statistical theory, time series analysis, categorical data analysis and mathematical statistics. Throughout our program, you'll learn to be a strong communicator, both orally and in writing. You will be able to explain the assumptions of a model, justify a particular statistical analysis and describe its limitations.",,The official university website for Clarkson University is https://www.clarkson.edu.,,"$50,500","$1,986",,,,4.0,2.0,76%,,,,,,,,,,"$59,570/Year",,,,,,,,,,,115.0,112.0,,,6.5,,,56.0,,80.0,,,,,,,,,,,"$20,000 to $36,000 per year",,Merit-based,,,,,,,
,Bachelor of Science in Sustainable Energy Systems Engineering,,,,,Undergraduate,Fall 2026,,,,,,Not Required,Required,,,,,,True,True,False,False,False,True,False,False,False,True,True,False,False,False,,,,Wallace H. Coulter School of Engineering,"$61,014/Year",,,,,,,"The world has a challenge ahead of it to meet an increasing global energy demand while mitigating the global environmental impact. It is clear that we need a workforce trained to design, build, operate and maintain sustainable and resilient energy systems. The Bachelor of Science in Sustainable Energy Systems Engineering (SESE) program is a specialized undergraduate engineering program that provides a fundamental basis in engineering and a multidisciplinary systems perspective to address society’s need for clean, affordable, and sustainable energy. The curriculum focuses on energy systems analysis and design, from components to large-scale systems. You will gain in-depth knowledge and skills in the following three primary focus areas: Energy generation and conversion, such as solar, wind, biomass and geothermal. Energy transmission, storage and distribution. Energy efficiency and demand management.",,The official university website for Clarkson University is https://www.clarkson.edu.,,"over $50,000","$2,034 per credit hour",,,,4.0,,76%,,,,,,,,,,"$61,014/Year",,,,,,,,,,,115.0,112.0,,,6.5,,,56.0,,80.0,,,,,,,,,,,"$15,000 to $47,000 annually",,"Merit-based, Need-based",,,,,,,
,Bachelor of Science in Sustainable Environmental Systems,,,,,Undergraduate,Fall 2026,,,,Not Required,Required,Not Required,Required,"To apply as a first-year student, applicants must submit either the Common Application or the Clarkson Application. Required documents include an official high school transcript and one letter of recommendation. An essay is also a required part of the application. Standardized test scores (SAT/ACT) are optional for this program.",Not Required,,True,True,True,True,False,False,False,True,False,False,False,True,True,False,False,False,,,,School of Arts & Sciences,59174,,,,,,,"As a sustainable environmental systems major, you will learn to solve environmental challenges using a systems-thinking approach. This unique major is a partnership between the Institute for a Sustainable Environment and the Coulter School of Engineering. It prepares you to tackle complex environmental issues from a holistic perspective. You will become a problem solver who can apply engineering and scientific principles to address environmental challenges. Our major helps you to develop the technical skills to collect and analyze environmental data. You will also learn to work in interdisciplinary teams to find sustainable solutions that consider the environmental, social and economic impacts of those decisions. This program prepares you for graduate school or a career in the government, private or nonprofit sectors.",,The official university website for Clarkson University is https://www.clarkson.edu.,,"$47,212","$1,972",,True,,4.0,,70%,,,,,,,,,,"$59,174/Year",,,,,,,False,False,,,115.0,112.0,,,6.5,,,56.0,,80.0,,,,,,,,,,,"up to $46,000 annually",,Merit-based and Need-based,,,,,,,
,Bachelor of Science in University Studies,,,,,Undergraduate,,,,,,,Not Required,Required,,,,,,False,False,False,False,False,False,False,False,False,False,False,False,False,False,,,,School of Arts & Sciences,"$60,126/Year",,,,,,,"The Bachelor of Science (B.S.) in University Studies is an interdisciplinary undergraduate major that allows you to design your own degree program. In consultation with a faculty advisor, you will create a plan of study by choosing two or three concentrations that meet your individual educational goals. This program is a great option for students who are looking for a program that is not available at Clarkson but can be created by combining several areas of study. It is also an ideal choice for transfer students who may have credits from other institutions that they wish to combine into a single degree.",,The official university website for Clarkson University is https://www.clarkson.edu.,,,"$2,005/Credit Hour",,,,4.0,,,,,,,,,,,,"$60,126/Year",,,,,,,,,,,115.0,,,,6.5,,,,,80.0,,,,,,,,,,,"$15,000 to $42,000 annually",,"Merit-based, Specialty",,,,,,,
,Bachelor of Science in War and Peace Studies,,,,,Undergraduate,,,,,Not Required,Not Required,Not Required,Required,"To apply as a first-year student, you will need the Common Application or Clarkson Application, an official high school transcript, and one letter of recommendation from a school counselor or teacher. Standardized test scores are optional.",Not Required,,True,True,False,False,False,False,False,False,False,False,False,False,False,False,False,False,,,,School of Arts & Sciences,"$61,290/Year",,,,,,,"The Bachelor of Science in War and Peace Studies at Clarkson University is a new, innovative major that examines one of the most fundamental problems of human existence: the organized use of violence. Why do humans go to war? Are there certain conditions that make war more or less likely? How has warfare changed over time and how is it likely to change in the future? What are the human, economic, and political costs of war? What can we learn from past wars? What are the essential components of a just and lasting peace? This interdisciplinary major will train you to become a critical thinker about issues related to war, peace, security, and global affairs. Our core curriculum combines history, social science, and humanities. You'll take courses on military history, the sociology of war and peace, the politics of security, and the ethics of war. This strong foundation will position you to succeed in both our upper-level courses and your chosen career field. You can tailor your education to fit your interests and career goals with our diverse electives and a large number of free electives that will allow you to explore minors or even a second major in one of our many complementary programs, like political science or history. With a degree in war and peace studies from Clarkson, you'll be well-prepared for careers in foreign service, intelligence analysis, homeland security, humanitarian aid, journalism, international law and business, and more.",,The official university website for Clarkson University is https://www.clarkson.edu.,,48000,2043,,False,,4.0,,70.3%,,,,,,,,,,61290,,,,,,,False,False,,,115.0,,,,6.5,,,56.0,,80.0,,,,,,,,,,,"$15,000 - $45,000 annually",,Merit-based,,,,,,,
,Minor in Aerospace Engineering,,,,,Undergraduate,,,,,Not Required,Not Required,,,The aerospace engineering minor requires students to complete 18 credit hours of coursework from required and elective courses. Students must have a GPA of 2.0 or better in the courses for the minor.,Not Required,,True,False,False,False,False,False,False,False,False,False,False,False,False,False,False,False,,,,Wallace H. Coulter School of Engineering,"$61,260/Year",,,,,,"['aeronautical engineering (atmospheric flight)', 'astronautical engineering (space flight)']","The aerospace engineering minor is designed for students with an interest in aerospace engineering and related engineering sciences. The courses within the minor cover a range of subjects, including statics, dynamics, fluid mechanics, thermodynamics, aerodynamics, aerospace structures and materials, stability and control, and propulsion. You can choose to concentrate on aeronautical engineering (atmospheric flight) or astronautical engineering (space flight). Students are also exposed to systems engineering design through a yearlong capstone design experience in which you will design, build and test an aerospace system.",,The official university website for Clarkson University is https://www.clarkson.edu.,,"over $48,000",2042,,True,,4.0,2.0,,,,,,,,,,,61260,,,,,,,False,False,,,,,,,,,,,,,,,,,,,,,,,"up to $40,000",,Merit-based,,,,,,,
,Minor in Anthropology,,,,,Undergraduate,Fall 2026,,,,Not Required,Not Required,Not Required,Required,"A minor in anthropology requires completion of 15 credit hours in anthropology courses (courses with ANTH designators) with a grade of C or better. At least 6 of these 15 credit hours must be at the 300-level or above and taken at Clarkson. The course requirements are as follows:

Required Core Courses (Choose one):
ANTH270 Cultural Anthropology
ANTH280 Human Origins
ANTH290 Principles of Archaeology

Area Courses (Choose three):
ANTH310 Native North American Cultures
ANTH311 Gender and Globalization
ANTH312 Anthropology of Religion
ANTH313 Anthropology of Food
ANTH321 North American Archaeology
ANTH331 Human Evolution

Elective Courses (Choose one):
Any ANTH course not taken to fulfill the above requirements.",Not Required,,True,False,False,False,False,False,False,False,False,False,False,False,False,False,False,False,,,,School of Arts & Sciences,"$59,570/Year",,,,,,,"Anthropology is the study of people, past and present, focusing on human culture and social organization from a global and comparative perspective. It is a broad, holistic discipline that uses a variety of methods — qualitative, quantitative and comparative — to understand the human condition in all its diversity. Anthropologists are interested in how societies are organized and why people from different cultures behave in the ways they do. The minor in anthropology at Clarkson complements any area of study. The minor provides an added dimension to the student's primary academic focus by helping them understand different cultures and societies. This is especially useful for students interested in studying abroad and/or working for an international company.",,The official university website for Clarkson University is https://www.clarkson.edu.,,"over $51,000","$1,986",,False,,4.0,2.0,,,,,,,,,,,"$59,570/Year",,,,,,,False,False,,,115.0,112.0,,,6.5,,,56.0,,80.0,,,,,,,,,,,"Merit scholarships range from $25,000 to full-tuition annually.",,"Merit-based, Need-based",,,,,,,
,Minor in Applied Mathematics,,,,,Undergraduate,Fall 2026,,,,Not Required,Not Required,,,"The applied mathematics minor consists of six 3-credit courses, for a total of 18 credits. Three of these courses must be unique to the minor.

Required Courses:
- MA231 Calculus III
- MA232 Elementary Differential Equations
- MA339 Applied Linear Algebra

Elective Courses (choose three):
- MA331 Fourier Series and Boundary Value Problems
- MA363 Mathematical Modeling
- MA377 Advanced Engineering Mathematics I
- MA380 Special Topics in Mathematics
- MA451/CS451 Numerical Methods
- MA455/CS455 Graph Theory
- MA465 Mathematical Biology
- ES330 Fluid Mechanics
- ME444 Introduction to Finite Element Methods",Not Required,,True,False,False,False,False,False,False,False,False,False,False,False,False,False,False,False,,,,School of Arts & Sciences,"$59,494/Year",,,,,,,"A minor in applied mathematics provides the perfect complement to your major by adding another layer of expertise for your career. Our interdisciplinary minor is available to all students and pairs exceptionally well with any major in the Reh School of Business or the Coulter School of Engineering. In consultation with a math faculty member, students choose the math courses that will best supplement their major studies and enhance their résumés. Students must complete a total of six courses to earn the minor.",,The official university website for Clarkson University is https://www.clarkson.edu.,,,"$1,983 per credit hour",,True,,4.0,2.0,68.4%,,,,,,,,,,"$59,494/Year",,,,,,,False,False,,,,,,,,,,,,,,,,,,,,,,,"$20,000 to $45,000 per year",,Merit-based,,,,,,,
,Minor in Architectural and Facilities Engineering,,,,,Undergraduate,,,,,,,,,,,,,,False,False,False,False,False,False,False,False,False,False,False,False,True,False,,,,Coulter School of Engineering,"$59,334/Year",,,,,,,"The architectural and facilities engineering minor is a cross-disciplinary minor that introduces engineering and non-engineering students to the challenges of designing, constructing and operating buildings and other facilities. Students gain exposure to topics in architectural history, as well as the design of systems to provide light, power, water and climate control within buildings. Additional coursework introduces students to modern structural analysis and design techniques and issues related to construction project management. This minor is open to all students.",,The official university website for Clarkson University is https://www.clarkson.edu.,,,"$1,478 per credit hour",,,,4.0,2.0,67%,751-800,,,,,,,,,,,,,,,,,,,,,,,,,,,,,,,,,,,,,,,,"$15,000 to $40,000 per year",,Merit-based,,,,,,,
,Minor in Biology,,,,,Undergraduate,,,,,,,Not Required,Required,,,,,,False,False,False,False,False,True,False,False,False,False,False,False,False,False,,,,School of Arts & Sciences,"$61,230/Year",,,,,,,"Biology is the study of life, and in this minor you'll explore that topic from the molecular to the ecosystem level. Students minoring in biology at Clarkson benefit from our small class sizes, one-on-one attention from faculty and access to state-of-the-art facilities and equipment. Whether you want to perform independent research with a faculty member, study pre-health or develop another biology-related professional interest, you'll be on your way to success with a minor in biology. Our minor is flexible. Our core curriculum gives you a strong foundation in all areas of biology. Then, you can customize the program by choosing electives from a wide range of subjects, including animal behavior, cancer biology, immunology, microbiology, and molecular cell biology.",,The official university website for Clarkson University is https://www.clarkson.edu.,,49600,2041,,,,4.0,2.0,74.4%,,,,,,,,,,61230,,,,,,,,,,,115.0,112.0,,,6.5,,,56.0,,80.0,,,,,,,,,,,"$15,000 annually to full tuition",,Merit-based,,,,,,,
,Minor in Biomolecular Science,,,,,Undergraduate,,,,,,,Not Required,Required,,,,,,True,True,False,False,False,True,False,False,False,True,True,False,False,False,,,,School of Arts & Sciences,"$60,190/Year",,,,,,,"Biomolecular science is an interdisciplinary field that lies at the interface of biology, chemistry and physics. Research in this area is focused on understanding biological processes at the molecular level. This field is currently undergoing an explosive growth period, leading to an ever-increasing demand for scientists and engineers with expertise in this area. Students pursuing a minor in biomolecular science at Clarkson can expect to explore topics in biochemistry, biophysics, cell biology and molecular biology, among others. These courses will help you gain valuable insight and prepare you for a professional career in the medical field or in graduate studies.",,The official university website for Clarkson University is https://www.clarkson.edu.,,"over $49,000",1489,,,,4.0,2.0,,,,,,,,,,,"$60,190/Year",,,,,,,,,,,115.0,112.0,,,6.5,,,56.0,,80.0,,,,,,,,,,,"$15,000 to $34,000",,Merit-based,,,,,,,
,Minor in Business,,,,,Undergraduate,,,,,,,Not Required,Not Required,,,,,,False,False,False,False,False,False,False,False,False,False,False,False,True,False,,,,Reh School of Business,"$61,232/Year",,,,,,,"Business is everywhere, regardless of your career path. Understanding business fundamentals will benefit you as an employee, a manager or even as your own boss. You will learn important skills and information related to accounting, marketing, finance, management and more. Our Business Minor is a great complement to any major.",,The official university website for Clarkson University is https://www.clarkson.edu.,The David D. Reh School of Business is accredited by the Association to Advance Collegiate Schools of Business (AACSB).,"over $47,000",1971,,,,4.0,2.0,70.2%,801-1000,,,,,,,,,61232,,,,,,,,,,,,,,,,,,,,,,,,,,,,,,,"up to $30,000 per year",,"Merit-based, Need-based",,,,,,,
,Minor in Chemical Engineering,,,,,Undergraduate,Fall 2026,,,,,,,,"The minor in chemical engineering consists of 21 credit hours, including 15 credit hours of required courses and 6 credit hours of electives from the chemical engineering program. At least three elective credits must be in CH300- or CH400-level courses.

Required Courses:
CH210 Chemical Process Calculations
CH220 Introduction to Chemical Engineering Practice
CH301 Chemical Engineering Thermodynamics
CH320 Chemical Engineering Fluid Mechanics
CH360 Chemical Engineering Heat & Mass Transfer

Elective Courses:
6 credit hours of electives from the chemical engineering program.",,,True,False,False,False,False,False,False,False,False,False,False,False,False,False,False,False,,,,Wallace H. Coulter School of Engineering,"$58,790/Year",,,,,,,"The chemical engineering minor allows students in other engineering disciplines, chemistry, physics, biology and mathematics to obtain an understanding of the fundamental principles of chemical engineering as well as some background in specialized areas such as biochemical engineering, materials science, environmental engineering, electrochemical engineering and polymer science. Students majoring in another engineering discipline are well-prepared for the chemical engineering minor, as it requires a strong foundation in math, physics and chemistry. The minor consists of 18 credit hours.",,The official university website for Clarkson University is https://www.clarkson.edu.,,"$47,500","$1,960",,True,,4.0,2.0,76%,,,,,,,,,,"$58,790/Year",,,,,,,False,False,,,,,,,,,,,,,,,,,,,,,,,"up to $37,000 per year",,"Merit-based, Need-based",,,,,,,
,Minor in Chemistry,,,,,Undergraduate,Fall 2026,,,,,,,,"The minor in chemistry consists of the General Chemistry sequence (CM131/133, CM132/134) or the General Chemistry Honors sequence (CM103/105, CM104/106), the Organic Chemistry I lecture and lab (CM241/243) and three additional chemistry courses for a total of 25 credits. The three additional courses must be at the 200 level or higher and one of the courses must have a laboratory component. A total of nine credits for the minor must be from courses that are not required for a student’s major. Students must earn a grade of C or better in all courses for the minor.",,,True,False,False,False,False,False,False,False,False,False,False,False,False,False,False,False,,,,School of Arts & Sciences,61290,,,,,,,"The study of chemistry provides a fundamental understanding of the structure and properties of atoms and molecules. A minor in chemistry will provide you with a core understanding of the major subdivisions of the field: analytical, inorganic, organic and physical chemistry. You will also develop laboratory skills through our intensive curriculum. Our faculty and staff are committed to providing a hands-on experience and will ensure your success in the classroom and the lab. The study of chemistry will help you develop your problem-solving, critical-thinking and analytical skills.",,The official university website for Clarkson University is https://www.clarkson.edu.,,53000,2043,,True,,4.0,2.0,74%,801-1000,,,,,,,,,61290,,,,,,,False,False,,,,,,,,,,,,,,,,,,,,,,,"$15,000 to a full-tuition scholarship",,Merit-based,,,,,,,
,Minor in Civil Engineering,,,,,Undergraduate,,,,,,,,,"The civil engineering minor is for non-civil engineering majors and consists of 21 credit hours, at least 9 of which must be at the 300 level or higher. The student must have a minimum GPA of 2.0 in the minor courses. Required courses include: ES220 Statics, ES222 Strength of Materials, ES223 Rigid Body Dynamics, ES330 Fluid Mechanics, CE340 Intro to Env. Engr. or CE341 Env. Engr., CE444 Foundation Engr. or ES340 Thermo. or CE301 Struct. Analysis I or CE310 Transportation Engr., CE490 FE Exam Fundamentals (1 credit) or CE380 Civil Engineering Materials, and an additional 3-credit CE course at the 300 or 400 level.",,,True,False,False,False,False,False,False,False,False,False,False,False,False,False,False,False,,,,Wallace H. Coulter School of Engineering,"$60,290/Year",,,,,,,"The civil engineering minor is for students who want to broaden their knowledge in the areas of environmental, geotechnical, structural or water resources engineering. The minor is also popular for students who want to become more attractive to employers and graduate schools by having a documented diverse knowledge base.

The civil engineering minor will equip you with the skills to address a number of engineering challenges in your future career. For example, a student might work on a project team to evaluate alternative water supply systems for a municipality. Or a student might work on the design of a specialized structure. An understanding of topics within civil engineering will complement the major discipline and allow you to take part in more diverse and interdisciplinary projects.",,The official university website for Clarkson University is https://www.clarkson.edu.,,36200,2010,,True,,4.0,2.0,73.1%,494,,,,,,,,,60290,,,,,,,False,False,,,,,,,,,,,,,,,,,,,,,,,"up to $45,000",,"Merit-based, Need-based",,,,,,,
,Minor in Cognitive Neuroscience,,,,,Undergraduate,Fall 2026,,,,Not Required,Not Required,,,,Not Required,,True,False,False,False,False,False,False,False,False,False,False,False,False,False,False,False,,,,School of Arts & Sciences,"$58,390/Year",,,,,,,"Cognitive neuroscience is the scientific field that is concerned with the study of the biological processes and aspects that underlie cognition, with a specific focus on the neural connections in the brain which are involved in mental processes. It addresses the questions of how cognitive activities are affected or controlled by neural circuits in the brain. Cognitive neuroscience is a branch of both psychology and neuroscience, overlapping with disciplines such as behavioral neuroscience, cognitive psychology, physiological psychology and affective neuroscience. The cognitive neuroscience minor will provide students with a deeper understanding of mind and brain, focusing on the neural basis of cognition and behavior. Students will gain the knowledge and skills necessary for the study of the human brain and be prepared for careers and graduate study in a variety of related disciplines.",,The official university website for Clarkson University is https://www.clarkson.edu.,,"$48,000","$1,946",,True,,4.0,2.0,,,,,,,,,,,"$58,390/Year",,,,,,,False,False,,,,,,,,,,,,,,,,,,,,,,,"$2,000 - $40,000 per year",,"Merit-based, Need-based",,,,,,,
,Minor in Communication,,,,,Undergraduate,Fall 2026,,,,Not Required,Not Required,Not Required,Required,"To receive a minor in Communication, a student must complete, with a cumulative GPA of at least 2.0, an 18-credit-hour program of study (6 courses) approved by a Communication & Media faculty member. Students take three required courses and choose three electives from the options listed below. At least 9 of the 18 credit hours must be from upper-division courses (300- or 400-level).

Required Courses (9 credits):
- COMM 219 Introduction to Communication
- COMM 230 Public Speaking
- COMM 417 Intercultural Communication",Not Required,,True,False,False,False,False,False,False,False,False,False,False,False,False,False,False,False,,,,School of Arts & Sciences,60290/Year,,,,,,,"Effective communication is one of the most in-demand skills in the workplace. Whatever your major or career path, you'll need to communicate complex ideas and information clearly and persuasively. The communication minor will enhance your communication skills through a flexible curriculum. You'll learn the fundamentals of communication theory and take electives in a variety of courses that fit your interests. You can focus your electives on professional and technical communication or digital media and film studies. You can also explore a range of topics from journalism and intercultural communication to digital storytelling and social media.",,The official university website for Clarkson University is https://www.clarkson.edu.,,"more than $47,000",1971,,False,,4.0,2.0,,,,,,,,,,,,,,,,,,False,False,,,115.0,112.0,,,6.5,,,56.0,,80.0,,,,,,,,,,,"$25,000 - $30,000 per year",,Merit-based,,,,,,,
,Minor in Computer Engineering,,,,,Undergraduate,,,,,Not Required,Not Required,Not Required,,"A minor in computer engineering consists of 19-21 credit hours.

Required Courses:
ES 250 Electrical Science
EE 261 Digital Design
EE 264 Introduction to Microprocessors

One of the following sequences:
EE 341 Microelectronics and EE 443 Advanced Microelectronics Design OR
EE 363 Computer Organization & Design and EE 407 Computer Networks OR
EE 363 Computer Organization & Design and EE 464 Embedded Systems

One 300- or 400-level EE or CS course (with advisor approval).",Not Required,,True,False,False,False,False,False,False,False,False,False,False,False,False,False,False,False,,,,Wallace H. Coulter School of Engineering,"$59,178/Year",,,,,,,"The Computer Engineering minor is designed for students who want to develop foundational knowledge of digital logic and circuit design, computer organization, microprocessors and software engineering. You will complete courses in electrical engineering, computer science and software engineering to gain a better understanding of how computers work. Learn from our expert faculty who have decades of real-world experience. Take a mix of courses from the Electrical & Computer Engineering Department and the Department of Computer Science. Develop skills in circuit analysis and electronics. Get hands-on experience in our state-of-the-art facilities, like the Communication Networks and Systems Laboratory, the Electric Power Engineering Laboratory and the Robotics Laboratory.",,The official university website for Clarkson University is https://www.clarkson.edu.,,"$39,500","$1,973/Credit",,True,,4.0,2.0,,601-650,,,,,,,,,59178,,,,,,,False,False,,,,,,,,,,,,,,,,,,,,,,,"$15,000 to $38,000 annually",,Merit-based,,,,,,,
,Minor in Computer Science,,,,,Undergraduate,Fall 2026,,,,,,,,,,,,,False,False,False,False,False,False,False,False,False,False,False,False,False,False,,,,School of Arts & Sciences,"$59,570/Year",,,,,,,"The minor in computer science is designed for students who desire a coherent program of study in computer science to complement their major field of study. This minor provides a substantial introduction to the field. For most majors, computer science is an approved minor. This is a powerful combination for careers that require cross-disciplinary expertise. Computer science majors may not minor in computer science.",,The official university website for Clarkson University is https://www.clarkson.edu.,,"$49,000","$1,986",,,,4.0,2.0,67.1%,,,,,,,,,,"$59,570/Year",,,,,,,,,,,,,,,,,,,,,,,,,,,,,,,"$15,000 to $30,000 annually",,"Merit-based, Need-based",,,,,,,
,Minor in Data Science,,,,,Undergraduate,,,,,,,Not Required,Required,,,,,,True,True,False,False,False,True,False,False,False,True,True,False,False,False,,,,Wallace H. Coulter School of Engineering,"$61,232/Year",,,,,,,"Data is more than just numbers. It is a vital tool for making impactful decisions and solving the world's most difficult problems. As a data science minor, you will learn to utilize skills from computer science and mathematics to collect, manage, analyze and visualize data. The data science minor is designed for any student looking for in-demand, interdisciplinary and quantitative skills. Our curriculum is flexible and hands-on, allowing students to tailor their education to their specific major and career goals. Students choose from a variety of courses to fulfill their requirements. As a result, they can learn tools and techniques that they can apply to their chosen field, from engineering to social sciences.",,The official university website for Clarkson University is https://www.clarkson.edu.,,51194,"2,037/credit hour",,,,4.0,2.5,,,,,,,,,,,,,,,,,,,,,,115.0,112.0,,,6.5,,,56.0,,80.0,,,,,,,,,,,"from $20,000 up to full tuition annually",,"Merit-Based Scholarships, Need-Based Grants",,,,,,,
,Minor in Digital Arts and Sciences,,,,,Undergraduate,,,,,,,Not Required,Not Required,,,,,,False,False,False,False,False,False,False,False,False,False,False,False,True,False,,,,School of Arts & Sciences,"$61,014/Year",,,,,,,"The digital arts and sciences minor gives you the creative problem-solving and software skills needed for today's media industries. You will be able to apply art and design principles to a wide range of fields, including computer science, communications and business. Coursework includes both foundational classes in topics like digital imaging and electives that let you specialize in areas like game design, animation or filmmaking. You also will build a portfolio of work to show to employers.",,The official university website for Clarkson University is https://www.clarkson.edu.,,,"$2,034",,,,4.0,2.0,75%,,,,,,,,,,"$61,014/Year",,,,,,,,,,,,,,,,,,,,,,,,,,,,,,,"$15,000 to $45,000 annually",,Merit-based,,,,,,,
,Minor in Economics,,,,,Undergraduate,,,,,,,Not Required,Required,,,,,,True,True,False,False,False,True,False,False,False,True,True,False,False,False,,,,David D. Reh School of Business,,,,,,,,"A minor in economics offers a structured approach to thinking about a wide range of analytical problems. It will equip you with the skills to address and find solutions for problems in a business, nonprofit or government setting. Economics offers the necessary preparation if you're interested in a career in business, law or government, and it provides an excellent foundation for graduate study in a number of fields.",,The official university website for Clarkson University is https://www.clarkson.edu.,,33000,"$1,990",,,,4.0,2.0,76%,,,,,,,,,,"$59,690/Year",,,,,,,,,,,115.0,112.0,,,6.5,,,56.0,,80.0,,,,,,,,,,,"From $15,000 up to full tuition",,Merit-based,,,,,,,
,Minor in Electrical Engineering,,,,,Undergraduate,,,,,Not Required,Not Required,Not Required,Not Required,"The electrical engineering minor requires a total of 16 credits. Required courses (7 credits) include ES220 Statics and ES250 Electrical Science. Students must also complete 9 credits of electives chosen from any 300-level or 400-level EE courses, with some exclusions (EE301, EE401, EE402, EE450, EE451, EE452, EE453 and EE499). To declare the minor, students must complete the Academic Minor/Concentration Declaration Form, get approval from both the minor coordinator and the department chair for the minor, and submit the completed form to Clarkson University's Student Achievement Services (SAS) office.",Not Required,,True,False,False,False,False,False,False,False,False,False,False,False,False,False,False,False,,,,Wallace H. Coulter School of Engineering,61230/Year,,,,,,,"The Electrical Engineering minor is an excellent opportunity for students to acquire a broad understanding of electrical and computer engineering principles, as well as hands-on experience in one of the most exciting, challenging and rapidly evolving disciplines. This minor is not available to Electrical Engineering majors.",,The official university website for Clarkson University is https://www.clarkson.edu.,,51135,2041,,True,,4.0,2.0,66% (2022),,,,,,,,,,61230/Year,,,,,,,False,False,,,,,,,,,,,,,,,,,,,,,,,"15,000 to 45,000 annually",25-75% of tuition,"Merit-based, Need-based",,,,,,,
,Minor in Engineering Science,,,,,Undergraduate,Fall 2026,,,,,,Not Required,Required,,,,,,False,False,False,False,False,True,False,False,False,False,False,False,False,False,,,,Wallace H. Coulter School of Engineering,"$61,234/Year",,,,,,,"The Engineering Science minor is designed for non-engineering majors who want to broaden their exposure to engineering. This minor will provide a sound introduction to the engineering thought process, analysis and problem solving, design and systems, and the application of mathematics, chemistry, and physics to common engineering problems. Students completing the minor will have an appreciation for the profession of engineering and a fundamental knowledge of its principles and techniques.",,The official university website for Clarkson University is https://www.clarkson.edu.,,"$48,600","$2,041/Credit",,,,4.0,2.0,75% for Fall 2023,494,,,,,,,,,"$61,234/Year",,,,,,,,,,,115.0,112.0,,,6.5,,,56.0,,80.0,,,,,,,,,,,"$15,000 to $40,000 annually",,Merit-based,,,,,,,
,Minor in Entrepreneurship,,,,,Undergraduate,,,,,,,,,,,,,,False,False,False,False,False,False,False,False,False,False,False,False,False,False,,,,Reh School of Business,"$61,230/Year",,,,,,,"The entrepreneurship minor is designed to promote an entrepreneurial spirit in students and to encourage the creation of new business ventures. The curriculum combines core business courses in accounting, law, marketing and human resource management with courses in the creative process and the management of innovation and technological change. The minor will help to develop within our graduates a vision for identifying new business ideas and the expertise for successfully launching new business ventures. This minor is open to all Clarkson majors.",,The official university website for Clarkson University is https://www.clarkson.edu.,,,"$2,041 per credit hour",,,,4.0,2.0,,,,,,,,,,,"$61,230/Year",,,,,,,,,,,,,,,,,,,,,,,,,,,,,,,"Up to $34,000 annually",,"Merit-based, Need-based",,,,,,,
,Minor in Environmental Engineering,,,,,Undergraduate,Fall 2026,,,,,,Not Required,Required,,,,,,False,False,False,False,False,False,False,False,False,False,False,False,False,False,,,,Wallace H. Coulter School of Engineering,"$61,044/Year",,,,,,,"An Environmental Engineering Minor at Clarkson will provide you with a unique understanding of the interaction between humans and the environment. This minor provides a coherent program of study in the traditional areas of environmental engineering, including water and wastewater treatment, air pollution control, solid and hazardous waste management, and environmental systems modeling. While the Environmental Engineering Minor is well suited for students in any engineering discipline, it is also appropriate for students in other fields with an interest in environmental protection and sustainability.

The minor is comprised of five courses, with a requirement that at least three courses are taken outside of the student's major requirements. In addition to a set of three required core courses that build a strong foundation, students have the opportunity to take specialized elective courses on topics like pollution prevention, sustainable development, industrial ecology, and water resources engineering.

A minor in Environmental Engineering will provide you with a broad understanding of how science and engineering principles are applied to solve some of society's most challenging environmental problems. Through this program, you will not only gain a stronger understanding of the technical aspects of environmental engineering, but will also have an appreciation for the social, political and economic complexities that are often inherent in environmental decision-making.",,The official university website for Clarkson University is https://www.clarkson.edu.,,"$51,688","$2,034.80",,,,4.0,2.0,69.48%,801-850,,,,,,,,,"$61,044/Year",,,,,,,,,,,115.0,,,,6.5,,,,,80.0,,,,,,,,,,,"Up to $40,000 per year",,"Merit-based, Need-based",,,,,,,
,Minor in Environmental Policy,,,,,Undergraduate,,,,,,,,,,,,,,False,False,False,False,False,False,False,False,False,False,False,False,False,False,,,,Institute for a Sustainable Environment,"$61,464/Year",,,,,,,"The environmental policy minor is a strong complement to majors in business, liberal arts, science and engineering. Courses are offered by the departments of Economics & Financial Studies, Humanities & Social Sciences, and Civil & Environmental Engineering, and by the Institute for a Sustainable Environment. You will build skills and knowledge in critical thinking and evaluation of environmental issues from a policy and social science perspective, with an emphasis on the interaction between human and natural systems. These skills will prepare you to make sound judgments about the management of environmental issues.",,The official university website for Clarkson University is https://www.clarkson.edu.,,,"$2,049 per credit hour",,,,4.0,2.0,76%,801-850,,,,,,,,,"$61,464/Year",,,,,,,,,,,,,,,,,,,,,,,,,,,,,,,"up to $38,000 per year",,Merit-based,,,,,,,
,Minor in Environmental Science,,,,,Undergraduate,,,,,Not Required,Not Required,Not Required,Required,"To complete a minor in environmental science, a student must complete the following:
- Introduction to Environmental Science (EV100) or Introduction to Environmental Studies (EV150)
- One of the following: Ecology (BY320), Terrestrial Ecology (BY322), Aquatic Ecology (BY424) or Ecosystem Ecology (EV325)
- One of the following: Environmental Chemistry (CM371) or Atmospheric Chemistry (CM372)
- One of the following: Environmental Geology (ES330) or Climate Change (ES380)
- One of the following: Environmental Policy (EV311) or Environmental Law (LW270)
- At least three credit hours of coursework chosen from the list of approved electives.

A minimum of 9 credit hours must be courses not required by the student's major. A minimum GPA of 2.0 must be maintained in the courses taken for the minor. This minor is not available to students majoring in environmental science and policy or environmental health science.",Not Required,,True,False,False,False,False,False,False,False,False,False,False,False,False,False,False,False,,,,Institute for a Sustainable Environment,"$59,710/Year",,,,,,,"The minor in environmental science provides a strong foundation in understanding environmental issues. The core curriculum focuses on understanding scientific concepts and applying them to issues of public policy. The electives allow students to take advanced courses in specific areas of environmental science, such as ecology, atmospheric science, hydrology and remediation.",,The official university website for Clarkson University is https://www.clarkson.edu.,,51130,1990,,True,,4.0,2.0,,,,,,,,,,,59710,,,,,,,False,False,,,115.0,,,,6.5,,,56.0,,80.0,,,,,,,,,,,"$15,000 to $30,000",,Merit-based,,,,,,,
,Minor in Gender and Sexuality Studies,,,,,Undergraduate,,,,,Not Required,Not Required,,,"To complete a minor in gender and sexuality studies, students must take a total of five courses (15 credits), including: SS245: Intro to Gender and Sexuality Studies; One upper-level humanities course in gender studies; One upper-level social sciences course in gender studies; Two other gender and sexuality studies electives.",Not Required,,True,False,False,False,False,False,False,False,False,False,False,False,False,False,False,False,,,,School of Arts & Sciences,"$61,232/Year",,,,,,,"The Gender and Sexuality Studies minor is an interdisciplinary program that focuses on how gender and sexuality are constructed and policed, as well as how these constructions inform our understandings of ourselves, our bodies and our desires. Students learn to think critically about how knowledge, power and privilege operate in different cultures and historical periods. Courses in the minor focus on the social, cultural, political, economic, historical and physiological aspects of gender, sex and sexuality. They also examine the intersections of gender and sexuality with other identity categories, such as race, ethnicity, class, disability and religion. Students must take 18 credit hours to complete the minor. At least nine of these credit hours must be at the 300 or 400 level.",,The official university website for Clarkson University is https://www.clarkson.edu.,,"$43,000","$2,041",,False,,4.0,2.0,75%,,,,,,,,,,,,,,,,,False,False,,,,,,,,,,,,,,,,,,,,,,,"Up to $40,000 per year",,"Merit-based, Need-based",,,,,,,
,Minor in Global Supply Chain Management,,,,,Undergraduate,,,,,,,,,,,,,,False,False,False,False,False,False,False,False,False,False,False,False,False,False,,,,David D. Reh School of Business,"$59,570/Year",,,,,,,"The global supply chain management minor focuses on how to manage the flow of goods, services and information both within and between organizations around the world. In the global supply chain management program, you'll learn how to successfully identify and manage the various partners and resources that are required to get a product from the raw material state into the hands of the end-user. Students in the global supply chain management minor can choose from a range of courses designed to provide depth and breadth in the understanding of how to manage and improve a global supply chain. Our program gives you valuable skills in business analytics, operations and project management, information systems, negotiation, logistics and more. The GSCM minor complements many programs at Clarkson and is open to all students, regardless of major.",,The official university website for Clarkson University is https://www.clarkson.edu.,The David D. Reh School of Business is accredited by the prestigious Association to Advance Collegiate Schools of Business (AACSB).,"$49,150","$1,986/Credit",,,,4.0,2.0,73.6%,,,,,,,,,,"$59,570/Year",,,,,,,,,,,,,,,,,,,,,,,,,,,,,,,"Up to $36,000 annually",100%,"Merit-based, Need-based",,,,,,,
,Minor in History,,,,,Undergraduate,,,,,,,Not Required,Not Required,,,,,,False,False,False,False,False,False,False,False,False,False,False,False,True,False,,,,School of Arts & Sciences,59152,,,,,,,"History is more than just memorizing names and dates. A history minor at Clarkson will give you the tools to analyze the complexity of human experience and understand how the past shapes the present. You will learn to evaluate evidence, recognize multiple points of view and build arguments. You will develop an awareness of social and historical context that prepares you to understand and participate in local and global events. These are timeless skills valuable in any career path. A minor in history at Clarkson will help you develop the skills you need to become a globally-minded citizen and professional.

What You'll Learn

- Gain a nuanced understanding of social and political issues, their context and their development over time.
- Develop your ability to understand, critique and synthesize complex arguments.
- Learn to construct clear and concise evidence-based arguments.",,The official university website for Clarkson University is https://www.clarkson.edu.,,42652,1972,,,,4.0,2.0,76%,,,,,,,,,,59152,,,,,,,,,,,,,,,,,,,,,,,,,,,,,,,"Up to $50,000 annually",,Merit-based,,,,,,,
,Minor in Humanities,,,,,Undergraduate,,,,,Not Required,Not Required,Not Required,Not Required,"The minor in humanities consists of six 3-credit courses (18 credits total) in at least three different disciplines in the humanities. The six courses must include the following:

One introductory course (100- or 200-level)
One course on theory or methods
Four additional courses in the humanities, at least two of which must be at the 300- or 400-level.

At least two courses must form a concentration in a single discipline, historical period, or thematic area, chosen in consultation with the minor coordinator.

Humanities disciplines at Clarkson include communication, history, literature, philosophy and modern languages.",Not Required,,True,False,False,False,False,False,False,False,False,False,False,False,False,False,True,False,,,,School of Arts & Sciences,"$60,290/Year",,,,,,,"The humanities minor gives students the opportunity to learn critical approaches to enduring works of art, literature and philosophy, and to apply those approaches to a wide range of cultural and social concerns. The humanities minor complements majors in engineering, business and the sciences by giving students skills in critical reasoning, effective writing and ethical awareness. Students will work closely with their advisor to select five humanities courses that best align with their interests.",,The official university website for Clarkson University is https://www.clarkson.edu.,,"49,100","2,010",,False,,4.0,2.0,74%,751-800,,,,,,,,,60290,,,,,,,False,False,,,,,,,,,,,,,,,,,,,,,,,"$20,000 to $45,000 annually",,"Merit-based, Need-based",,,,,,,
,Minor in Law and Society,,,,,Undergraduate,,,,,,,Not Required,Not Required,,,,,,False,False,False,False,False,False,False,False,False,False,False,False,True,False,,,,School of Arts & Sciences,"$59,190/Year",,,,,,,"The minor in law and society is a pre-law minor for undergraduate students at Clarkson who intend to apply to law school. This minor prepares students for law school or a career in the legal professions. Students interested in business, environmental science and policy, healthcare, national security, politics and many other fields can enhance their professional preparation with a pre-law education. The minor in law and society examines the nature of legal institutions, the role of law in social change and the relationship between law and social justice. Required courses in political science, philosophy and communication establish a firm foundation in legal study. Students then build on that foundation with a number of electives from across the humanities and social sciences. Electives cover a wide range of fields including criminal justice, history, literature, philosophy, psychology and sociology.",,The official university website for Clarkson University is https://www.clarkson.edu.,,,1973,,,,4.0,2.0,75%,,,,,,,,,,"$59,190/Year",,,,,,,,,,,,,,,,,,,,,,,,,,,,,,,"$15,000 to $43,000",,Merit-based,,,,,,,
,Minor in Literature,,,,,Undergraduate,,,,,Not Required,Not Required,Not Required,Required,"To declare a minor, a student must complete a 'Declaration or Change of Minor' form, available from Clarkson Central.",Not Required,,True,False,False,False,False,False,False,False,False,False,False,False,False,False,False,False,,,,School of Arts & Sciences,"$58,390/Year",,,,,,,"Why minor in literature? Because the study of literature and literary criticism teaches you how to think critically, express your ideas clearly and persuasively, and better understand the human condition. When you minor in literature at Clarkson, you will study a wide variety of texts from many different time periods, geographical regions and cultures. From Shakespeare to contemporary science fiction, you will learn to read deeply and thoughtfully, paying close attention to the ways in which language shapes our experience of the world. Literature minors also develop their creative and critical writing skills, learning to articulate their own ideas about the texts they read in a clear and compelling way. The skills you will develop as a literature minor will be valuable no matter what career you pursue. Indeed, employers in all fields are looking for candidates who can think critically, communicate effectively and understand different perspectives. These are the very skills that the study of literature helps to develop. A minor in literature will not only enrich your understanding of the world but will also prepare you for success in whatever you choose to do after graduation.",,The official university website for Clarkson University is https://www.clarkson.edu.,,"$49,000","$1,946",,False,,4.0,2.0,70.6%,,,,,,,,,,"$58,390/Year",,,,,,,False,False,,,,,,,,,,,,,,,,,,,,,,,,,Merit-based,,,,,,,
,Minor in Manufacturing Engineering,,,,,Undergraduate,,,,,Not Required,Not Required,,,This minor is not available to mechanical engineering majors.,Not Required,,True,False,False,False,False,False,False,False,False,False,False,False,False,False,False,False,,,,Wallace H. Coulter School of Engineering,"$61,044/Year",,,,,,,"Manufacturing engineering is an interdisciplinary field, drawing from mechanical engineering, materials science and engineering, industrial engineering, electrical engineering and computer science, among other disciplines. The objective of this minor is to give students in these disciplines a broad overview of manufacturing engineering principles and practice. The minor also helps students prepare to work as practicing engineers in the manufacturing industries. Manufacturing is a critical component of the U.S. and global economies, and employers are always looking for students with experience and knowledge in manufacturing. By earning a minor in manufacturing engineering, you will enhance your major by gaining important cross-disciplinary skills. You will also develop knowledge on topics such as: Industrial quality control; Manufacturing systems; Material processing; Robotics and automation. You will also gain hands-on experience by completing a manufacturing project. These skills will open you up to more career opportunities when you graduate.",,The official university website for Clarkson University is https://www.clarkson.edu.,,"$46,678","$2,034.80",,True,,4.0,2.0,76.2% for Fall 2023,,,,,,,,,,"$61,044/Year",,,,,,,False,False,,,,,,,,,,,,,,,,,,,,,,,"$5,000 to $40,000 annually",,"Merit-based, Need-based",,,,,,,
,Minor in Materials Engineering,,,,,Undergraduate,Fall 2026,,,,,,,,A minimum GPA of 2.0 is required in courses taken for the minor. The minor in materials engineering is administered by the Department of Chemical & Biomolecular Engineering.,,,True,False,False,False,False,False,False,False,False,False,False,False,False,False,False,False,,,,Wallace H. Coulter School of Engineering,"$60,290/Year",,,,,,,"Materials are everywhere. Everything is made of something. From advanced alloys in jet engines to polymers in medical implants to semiconductors in our electronic devices, materials engineering is all about understanding the relationships between the structure, properties, processing and performance of materials. A materials engineering minor will prepare you to solve complex engineering problems in a wide variety of exciting career fields. You'll get an introduction to different classes of materials like metals, ceramics and polymers and learn how to process them for different uses. You'll gain a deeper understanding of the physical and chemical behavior of materials and get an opportunity for hands-on experience in our state-of-the-art materials laboratories.",,The official university website for Clarkson University is https://www.clarkson.edu.,,"Over $38,000",2010,,True,,4.0,2.0,,,,,,,,,,,60290,,,,,,,False,False,,,,,,,,,,,,,,,,,,,,,,,"$20,000 up to $45,000 per year",,"Merit-based, Need-based",,,,,,,
,Minor in Mathematical Economics,,,,,Undergraduate,,,,,,,Not Required,Not Required,"This minor requires 18 credit hours. You must complete the following courses:

EC350 Intermediate Microeconomics (3 credits)
EC351 Intermediate Macroeconomics (3 credits)
MA231 Calculus III (3 credits)
MA232 Elementary Differential Equations (3 credits)
MA339 Applied Linear Algebra (3 credits)
Choose one:
MA331 Fourier Series & Boundary Value Problems (3 credits)
MA332 Intermediate Differential Equations (3 credits)
MA363 Mathematical Modeling (3 credits)
MA/STAT383 Probability & Statistics (3 credits)",,,True,False,False,False,False,False,False,False,False,False,False,False,False,False,True,False,,,,School of Arts & Sciences and the David D. Reh School of Business,"$61,260/Year",,,,,,,"The Mathematical Economics minor is intended for students in business, science, or engineering who want to enhance their analytical and quantitative skills and prepare for a career in quantitative business analysis, financial analysis, or actuarial analysis, or for graduate studies in economics or finance. This minor is not available for Economics majors or Financial Information & Analysis majors.",,The official university website for Clarkson University is https://www.clarkson.edu.,,"$52,050","$2,042",,True,,4.0,2.0,75%,#121-130 (QS World University Rankings: USA 2021),,,,,,,,,"$61,260/Year",,,,,,,False,False,,,,,,,,,,,,,,,,,,,,,,,"$15,000 to $35,000 per year",,"Merit-based, Need-based",,,,,,,
,Minor in Mathematics,,,,,Undergraduate,Fall 2026,,,,,,Not Required,Not Required,,,,,,False,False,False,False,False,False,False,False,False,False,False,False,True,False,,,,School of Arts & Sciences,"$58,390/Year",,,,,,,"A minor in mathematics is an excellent addition to any student’s degree program. In a world increasingly driven by data and quantitative analysis, a background in mathematics provides students with problem-solving and critical thinking skills that are highly valued by employers. Our mathematics minor is flexible and can be designed to complement any major, from engineering and the sciences to business and the humanities.",,The official university website for Clarkson University is https://www.clarkson.edu.,,,1946,,,,4.0,2.0,74%,,,,,,,,,,58390,,,,,,,,,,,,,,,,,,,,,,,,,,,,,,,"$15,000 to $32,000 per year",,"Merit-Based Scholarships, Specialty Scholarships",,,,,,,
,Minor in Mechanical Engineering,,,,,Undergraduate,Fall 2026,,,,,,Not Required,Not Required,,,,,,False,False,False,False,False,False,False,False,False,False,False,False,True,False,,,,Wallace H. Coulter School of Engineering,,,,,,,,"A minor in mechanical engineering offers you the opportunity to strengthen your understanding of this critical discipline and make yourself a more versatile and attractive candidate to employers. The minor is a great option for those majoring in aeronautical engineering, civil engineering, chemical engineering, electrical engineering, engineering and management or physics. You can also customize your minor to best fit your career goals.",,https://www.clarkson.edu/academics/schools-colleges/engineering/mechanical-aerospace,,"$34,000 per year","$1,986",,,,4.0,2.0,,,,,,,,,,,,,,,,,,,,,,,,,,,,,,,,,,,,,,,,,,"Range from $20,000 annually up to full tuition",100% (of students receive financial aid),"Merit-based, Need-based",,,,,,,
,Minor in Philosophy,,,,,Undergraduate,Fall 2026,,,,Not Required,Not Required,Not Required,Required,"To complete the minor, students must take at least five philosophy courses (15 credits). At least three of these courses (9 credits) must be at the 300- or 400-level. To declare a philosophy minor, students must fill out a Declaration of Minor Form with the Department of Humanities and Social Sciences.",Not Required,,True,False,False,False,False,False,False,True,False,False,False,False,False,False,False,False,,,,School of Arts & Sciences,60494/Year,,,,,,,"The philosophy minor is designed to help students think more deeply about questions of fundamental and lasting importance. Philosophy courses ask students to analyze and evaluate basic assumptions concerning the nature of reality, knowledge and value. Through the analysis of arguments and the articulation of their own positions, students develop sophisticated skills in critical reasoning and written and oral expression. These skills are highly valued and can be used in any career a student chooses to pursue.",,The official university website for Clarkson University is https://www.clarkson.edu.,,"over $49,000",2017,,False,,4.0,2.0,65%,801-850,,,,,,,,,,,,,,,,False,False,,,115.0,112.0,,,6.5,,,56.0,,80.0,,,,,,,,,,,"$15,000 up to full tuition",,"Merit-based, Need-based",,,,,,,
,Minor in Physics,,,,,Undergraduate,Fall 2026,,,,,,Not Required,Not Required,,,,,,False,False,False,False,False,False,False,False,False,False,False,False,True,False,,,,School of Arts & Sciences,"$61,260/Year",,,,,,,"The physics minor offers a student with a major in some other field the opportunity to acquire a fundamental understanding of physics and its relationship to their field of study. The minor requires a minimum of 18 credit hours of physics.

Required Courses:

PH131 Physics I (4) or PH141 Physics I Honors (4)
PH132 Physics II (4) or PH142 Physics II Honors (4)
PH231 Modern Physics (3)
PH232 Modern Physics II (3)

One elective must be chosen from the following: Any PH course at the 300 level or above.",,The official university website for Clarkson University is https://www.clarkson.edu.,,48300,1702,,,,4.0,2.0,69.5%,,,,,,,,,,61260,,,,,,,,,,,,,,,,,,,,,,,,,,,,,,,"Up to $53,000",,Merit-based,,,,,,,
,Minor in Political Science,,,,,Undergraduate,Fall 2026,,,,Not Required,Not Required,Not Required,Required,"A minor in political science requires completion of 18 credit-hours (with a minimum grade of 2.0/4.0 in each course) in political science courses. At least 9 of these 18 credit-hours must be at the 300 or 400 level. To declare a minor, students should meet with a political science faculty member.",Not Required,,True,False,False,False,False,False,False,False,False,False,False,False,False,False,False,False,,,,School of Arts & Sciences,60794,,,,,,,"The political science minor is intended for students who wish to supplement their major field of study with an introduction to the systematic study of government and politics. The curriculum reflects the traditional subfields of political science: political theory, American politics, comparative politics and international relations. The minor also gives students a variety of specialized courses that reflect the diverse interests of the Political Science Department faculty.",,The official university website for Clarkson University is https://www.clarkson.edu.,,"over $50,000","$2,026",,False,,4.0,2.0,,801-850,,,,,,,,,60794,,,,,,,False,False,,,115.0,,,,6.5,,,56.0,,80.0,,,,,,,,,,,"$20,000 to $37,000 annually",,"Merit-based, Need-based",,,,,,,
,Minor in Project Management,,,,,Undergraduate,,,,,Not Required,Not Required,,,"To declare a minor in Project Management, you must be a current undergraduate student at Clarkson. The process is to contact your student success advisor in the Student Success Center to get started.",Not Required,,True,False,False,False,False,False,False,False,False,False,False,False,False,False,False,False,,,,David D. Reh School of Business,59570/Year,,,,,,,"Project management is a critical skillset that is in high demand across many industries and job functions. Students in any major will benefit from a solid grounding in project management principles and methods. This minor is designed to provide that grounding, with a set of three required courses and several electives to choose from. After the introductory course, students will learn to manage projects within an organization, from project selection to termination. They will also learn agile project management, a popular method for completing projects with speed and purpose, especially for software and new product development projects.",,The official university website for Clarkson University is https://www.clarkson.edu.,,"$50,000",1986,,False,,4.0,,,721-730,,,,,,,,,,,,,,,,False,False,,,,,,,,,,,,,,,,,,,,,,,"Up to $46,000",,"Merit-based, Need-based",,,,,,,
,Minor in Psychology,,,,,Undergraduate,Fall 2026,,,,,,Not Required,Required,,,,,,False,False,False,False,False,True,False,False,False,True,True,False,False,False,,,,School of Arts & Sciences,"$61,234/Year",,,,,,,"The psychology minor is a popular option for students majoring in a diverse set of disciplines, from engineering to biology to business. A basic understanding of psychology will help you understand the needs, motivations and behaviors of people you will work with throughout your career, as well as those of customers, clients and patients. For students majoring in the sciences, a psychology minor will help you better prepare for careers in medicine, physical therapy, occupational therapy or physician assistant studies.",,The official university website for Clarkson University is https://www.clarkson.edu.,,,"$2,041/Credit Hour",,,,4.0,2.0,,751-760,,,,,,,,,"$61,234/Year",,,,,,,,,,,115.0,,,,6.5,,,56.0,,80.0,,,,,,,,,,,"Up to $25,000 per year",,Merit-based,,,,,,,
,Minor in Quality Management,,,,,Undergraduate,Fall 2026,,,,,,,,The quality management minor is open to all students and requires 15 credits (five courses) in specified operations and project management topics.,,,True,False,False,False,False,False,False,False,False,False,False,False,False,False,False,False,,,,Wallace H. Coulter School of Engineering and David D. Reh School of Business,"$61,010/Year",,,,,,,"Quality Management (QM) is the set of organized activities that a company performs to ensure the quality of its products and services. QM is a multi-disciplinary field with theories, methods and tools that can be applied to any industry (e.g., manufacturing, health care, construction, service and education) and any function of the organization (e.g., design, production, marketing, human resources, accounting and finance). It is a key competency required of all professionals. The Quality Management minor is especially suited for engineering, business and science majors to help prepare you for careers in a wide range of fields, including: Manufacturing and Service, Quality Management, Product and Process Design, Reliability Engineering, Statistical Process Control, Business Process Improvement, Lean and Six-Sigma, Supply Chain Management, Health Care Systems.",,The official university website for Clarkson University is https://www.clarkson.edu.,,"Over $45,000",2034,,False,,4.0,2.0,75%,,,,,,,,,,2182,,,,,,,False,False,,,,,,,,,,,,,,,,,,,,,,,"Up to $38,000",,"Merit-based, Need-based",,,,,,,
,Minor in Robotics,,,,,Undergraduate,,,,,,,Not Required,Not Required,,,,,,False,False,False,False,False,False,False,False,False,False,False,False,True,False,,,,Wallace H. Coulter School of Engineering,"$59,690/Year",,,,,,,"Robotics is a rapidly growing field with a high demand for engineers and computer scientists who have the necessary training to work on robotics applications. The goal of the robotics minor is to provide this necessary multidisciplinary training to undergraduate students. The minor is highly interdisciplinary and provides both hands-on and theoretical experiences to train students in the fundamental concepts of robotics. These concepts include kinematics, dynamics, control, sensing, manipulation, locomotion and navigation. Because of the interdisciplinary nature of the field, the minor is open to all students on campus with the required prerequisites. Upon completion of the minor, students should have the theoretical and practical skills to pursue careers and/or graduate studies in robotics.",,The official university website for Clarkson University is https://www.clarkson.edu.,,,1990,,,,4.0,2.0,,,,,,,,,,,59690,,,,,,,,,,,,,,,,,,,,,,,,,,,,,,,"$15,000 to $35,000 annually",,"Merit-based, Need-based",,,,,,,
,Minor in Sociology,,,,,Undergraduate,,,,,Not Required,Not Required,Not Required,Required,"The minor consists of 18 credit hours (6 courses) of which nine credit hours (3 courses) must be at the 300 level or higher. All students must take SS241 Introductory Sociology. To declare a minor, students must complete the Curriculum Add/Drop Form available from Clarkson Central.",Not Required,,True,False,False,False,False,False,False,True,False,False,False,False,False,False,False,False,,,,School of Arts & Sciences,"$59,494/Year",,,,,,,"Sociology is the study of people in groups, the study of society and the causes and consequences of human social behavior. It studies how society patterns our lives, how we interact with others and how we create and recreate the social world in which we live. A minor in sociology will not only enhance your cultural literacy but will equip you with a keen understanding of social organizations and social structures, their functions, dynamics, and the interplay between them and individual behavior.",,The official university website for Clarkson University is https://www.clarkson.edu.,,"$51,000","$1,983",,False,,4.0,2.0,77.5%,,,,,,,,,,"$59,494/Year",,,,,,,False,False,,,115.0,,,,6.5,,,56.0,,80.0,,,,,,,,,,,"$20,000 to $37,000 per year",,"Merit-based, Need-based",,,,,,,
,Minor in Software Engineering,,,,,Undergraduate,Fall 2026,,,,,,,,,,,,,False,False,False,False,False,False,False,False,False,False,False,False,False,False,,,,School of Arts & Sciences,"$61,010/Year",,,,,,,"Software engineering involves the specification, design, development, validation and maintenance of software systems. This minor will give you a fundamental understanding of these processes, which can be applied to many fields, from app and video game development to aeronautical controls and medical technology. You will graduate with the skills to effectively contribute to software development projects. A minor in software engineering pairs well with any major that requires the development of software, including computer science, computer engineering, electrical engineering and mathematics.",,The official university website for Clarkson University is https://www.clarkson.edu.,,,"$2,034/Credit Hour",,,,4.0,2.0,67%,,,,,,,,,,"$61,010/Year",,,,,,,,,,,,,,,,,,,,,,,,,,,,,,,"$15,000 up to $45,000 annually",,Merit-based,,,,,,,
,Minor in Statistics,,,,,Undergraduate,Fall 2026,,,,Not Required,Not Required,Not Required,Not Required,"Students must take at least 18 credits for the minor. Required Courses (9 credits): STAT 383: Applied Statistics, STAT 384: Advanced Applied Statistics, MA339: Applied Linear Algebra. Elective Courses (9 credits): Choose 3 from the following list: STAT/MA 284: Probability and Statistics, STAT 381: Probability, STAT 382: Mathematical Statistics, STAT 386: Time Series Analysis, STAT 487: Design of Experiments, ES 380: Biostatistics & Experimental Design, ES 402: Intro to Geospatial Data Analysis, ES 420: Intro to Python for Data Analysis.",Not Required,,True,False,False,False,False,False,False,False,False,False,False,False,False,False,True,False,,,,School of Arts & Sciences,59434/Year,,,,,,,"In the modern world, the need to deal with data is ubiquitous. This has led to a recent upsurge of interest in the field of statistics. The Department of Mathematics offers a minor in statistics that can be taken by any student at Clarkson. The main goal of this minor is to provide students with a solid background in statistical methodology. This minor is suitable for students who wish to pursue a career in industry or graduate school. The required courses will give students a strong grounding in the fundamentals of probability and statistics, while the electives will enable them to learn about more specialized areas like experimental design, data mining, biostatistics and others. The department has two statisticians and other faculty members whose research areas include applications of statistics.",,The official university website for Clarkson University is https://www.clarkson.edu.,,"Over $49,000",1875,,True,,4.0,2.0,76%,,,,,,,,,,59434/Year,,,,,,,False,False,,,,,,,,,,,,,,,,,,,,,,,"Up to $30,000",,"Merit-based, Need-based",,,,,,,
,Minor in Sustainable Energy Systems Engineering,,,,,Undergraduate,Fall 2026,,,,,,Not Required,Required,,,,,,True,False,False,False,False,True,False,False,False,False,True,False,False,False,,,,Wallace H. Coulter School of Engineering / School of Arts & Sciences,"$58,390/Year",,,,,,,"A fundamental aspect of modern civilization is the need for an abundant, reliable, affordable and clean supply of energy. This minor focuses on the transition to a sustainable energy infrastructure. Students in this minor learn about energy science and engineering principles, analyze the performance of various energy systems and examine their environmental, economic and social impacts. This knowledge is used to design next-generation sustainable energy systems that meet the growing global energy demand while minimizing climate and environmental impacts.",,The official university website for Clarkson University is https://www.clarkson.edu.,,"over $49,000","$1,946",,,,4.0,2.0,75%,,,,,,,,,,58390,,,,,,,,,,,115.0,,,,6.5,,,,,80.0,,,,,,,,,,,"$15,000 to $43,000 annually",,"Merit-based, Need-based",,,,,,,
,Minor in Sustainable Solutions for Small Island Communities,,,,,Undergraduate,,,,,,,,,"Students in the minor in sustainable solutions for small island communities must complete a minimum of 18 credit hours, including 12 credits of core courses and 6 credits of electives. The core courses will give you a fundamental introduction to both the complex challenges facing these communities and the interdisciplinary approaches to problem-solving. Through your electives, you will tailor your knowledge to a particular area of interest, like environmental health or policy. You may not use courses that are required for your major to satisfy the requirements for this minor.

Required Courses (12 credits):
EV102 - Introduction to Sustainability for Small Island Communities
EV202 - Culture and Environment of Small Island Communities
EV302 - Case Studies in Sustainable Development for Small Island Communities
EV402 - Senior Design in Sustainable Development for Small Island Communities

Technical Electives (6 credits), select two from the following:
ANTH365 - Global/Local Issues in Food
BY314 - Tropical Biology and Ecology
CE340 - Water & Wastewater Treatment
CE479 - Water Resources Engineering
EHS309 - Global and Public Health
ES330 - Introduction to Ecology
ES340 - Environmental Chemistry
ES432 - GIS
ES436 - Ecological Economics & Policy
EV311 - Sustainable Agriculture
POL360 - Environmental Policy & Politics
SS232 - Environment & Society",,,True,False,False,False,False,False,False,False,False,False,False,False,False,False,False,False,,,,Institute for a Sustainable Environment,"$60,190/Year",,,,,,,"Small island communities around the globe are facing many serious challenges to their long-term sustainability. These communities are often on the front lines when it comes to the impacts of climate change, including extreme weather events, sea level rise and ocean acidification. These communities are also often located in remote areas, with a small economic base and rely on long supply chains for food, energy and manufactured goods. The combination of these factors makes these communities extremely vulnerable to the predicted effects of climate change and other global disturbances (such as a global pandemic or other disruptions to global trade). The Minor in Sustainable Solutions for Small Island Communities is a 15-credit minor that aims to provide students with foundational knowledge of the unique sustainability challenges faced by small island communities, including those in the developing world and indigenous communities. Students will learn the key principles of sustainability and sustainable development, gain a technical understanding of the key environmental issues facing these communities and develop skills that are required to identify and help implement sustainable solutions in the areas of water, energy, food and waste. This minor is open to all Clarkson undergraduate majors.",,The official university website for Clarkson University is https://www.clarkson.edu.,,51600,2006,,True,,4.0,2.0,75%,,,,,,,,,,60190,,,,,,,False,False,,,,,,,,,,,,,,,,,,,,,,,"$20,000 - $45,000 per year",,"Merit-based, Need-based",,,,,,,
,Minor in War and Peace Studies,,,,,Undergraduate,,,,,,,Not Required,,,,,True,False,False,False,False,False,False,False,False,False,False,False,False,False,False,False,,,,School of Arts & Sciences,"$59,290/Year",,,,,,,"War and peace studies is an interdisciplinary minor designed to examine the causes of war and the conditions necessary for peace. The program is specifically concerned with military force and its effects on society. The minor covers a wide variety of topics, including international conflict, military history, the role of intelligence and national security, civil-military relations, terrorism, arms control, and defense policy. The study of war and peace can prepare you for a career in federal service as a civilian or military employee in the Department of Defense, the Department of State, the National Security Council or the intelligence community. The minor may also be helpful in pursuing a business career with defense contractors or other internationally oriented firms, or in a variety of non-governmental organizations.",,The official university website for Clarkson University is https://www.clarkson.edu.,,38202,1976,,False,,4.0,2.0,68%,,,,,,,,,,"$59,290/Year",,,,,,,False,False,,,,,,,,,,,,,,,,,,,,,,,"$15,000 to $40,000 annually",,"Merit-based, Specialty",,,,,,,
