Resume,StatementOfPurpose,Requirements,WritingSample,IsAnalyticalNotRequired,IsAnalyticalOptional,IsStemProgram,IsACTRequired,IsSATRequired,MinimumACTScore,MinimumSATScore,extraction_level,Program name,Program Page url
Not Required,Not Required,"For the B.S. degree in Accounting, a minimum of 120 credits is required. Entrance to the major requires a minimum cumulative grade-point average (GPA) and the completion of specific core courses with a grade of C or better, including: Financial and Managerial Accounting (ACCTG 211), Introductory Microeconomic Analysis and Policy (ECON 102), Rhetoric and Composition (ENGL 15 or ENGL 30), Techniques of Calculus I (MATH 110 or MATH 140), and Introduction to Statistics (SCM 200 or STAT 200). First-year applicants must submit a Self-Reported Academic Record (SRAR).",Not Required,True,True,False,False,False,,,program,Bachelor of Science in Accounting,https://bulletins.psu.edu/university-course-descriptions/undergraduate/
Required,,"Entrance to the Acting major is by audition. Enrollment in the B.F.A. Acting program is limited. To be considered for admission, students must first apply to the University by completing the Penn State undergraduate application and also schedule an audition with the School of Theatre. For some programs, a pre-screening is required.",,True,True,False,False,False,,,program,Bachelor of Fine Arts in Acting,https://bulletins.psu.edu/undergraduate/colleges/arts-architecture/acting-bfa/acting-bfa.pdf
,,"Entrance to Major (ETM) Requirements: For entrance to the Actuarial Science major (ACTSC_BS), students must: (1) meet with an academic adviser and establish a plan of study; (2) have a minimum cumulative grade-point average of 3.20; and (3) complete the following courses with a grade of C or better: ACCTG 211, ECON 102, ENGL 15 or ENGL 30H, MATH 140, MATH 141, and STAT 200.",,False,True,True,False,False,,,program,Bachelor of Science in Actuarial Science,https://bulletins.psu.edu/undergraduate/colleges/smeal-business/
,,"To be eligible for entrance to the Advertising/Public Relations major, a student must: (1) have completed at least 29.1 credits; (2) have a minimum cumulative grade-point average of 2.00; (3) have completed COMM 160 and COMM 180 with a grade of C or better.",,True,True,False,False,False,,,program,Bachelor of Arts in Advertising and Public Relations,https://bulletins.psu.edu/undergraduate/colleges/bellisario-communications/advertising-public-relations-ba/advertising-public-relations-ba_suggestedacademicplantext.pdf
,,"To be eligible for entrance to the Aerospace Engineering major, a student must: (1) have completed MATH 140, MATH 141, PHYS 211, and CHEM 110 with a grade of C or better; (2) have completed at least two of the following: EMCH 211, EMCH 212, and/or MATH 220, MATH 230, MATH 231, MATH 250, MATH 251 with a grade of C or better; (3) have earned a minimum cumulative grade-point average of 3.00. This GPA requirement may change each year.",,True,True,True,False,False,,,program,Bachelor of Science in Aerospace Engineering,https://bulletins.psu.edu/university-course-descriptions/undergraduate/
Not Required,Not Required,"First-year applicants to Penn State must submit the following for admission: an application (MyPennState or Common App), the Self-Reported Academic Record (SRAR), and standardized test scores (SAT or ACT) are optional through the Fall 2025 semester. High school unit requirements include: 4 units of English, 3 units of Mathematics, 3 units of Science, 3 units of Social Studies, and 2 units of a World Language.",Not Required,True,True,False,False,False,,,program,Bachelor of Arts in African American Studies,https://apply.psu.edu/register/form?id=83b869b8-cff5-4374-bac6-f6012e7b123c
,,"In order to be eligible for entrance to the African Studies major, a student must: have attained at least a 2.00 cumulative grade-point average. For the Bachelor of Arts degree in African Studies, a minimum of 123 credits is required, 24 of which must be at the 400 level.",,True,False,False,False,False,,,program,Bachelor of Arts in African Studies,https://bulletins.psu.edu/university-course-descriptions/undergraduate/
Not Required,Not Required,"Entrance to the Agribusiness Management major requires a minimum cumulative grade-point average of 2.00 and the completion of at least 29.1 credits. For first-year admission, applicants must meet the following high school unit requirements: four units of English, three units of mathematics (including algebra, geometry, and trigonometry), three units of science, three units of social studies, and two units of a single world language. Applicants must submit a high school transcript or Self-Reported Academic Record (SRAR).",Not Required,True,True,False,False,False,,,program,Bachelor of Science in Agribusiness Management,https://bulletins.psu.edu/university-course-descriptions/undergraduate/
Not Required,Not Required,"In order to be eligible for entrance to this major, a student must: have attained at least a 2.00 cumulative grade point average. The first two years of the program are designed to provide a sound foundation in the mathematical, physical, and biological sciences. During the third and fourth years, students complete the core requirements and select technical electives in their areas of interest. General undergraduate admission requires a completed application and the Self-Reported Academic Record (SRAR).",Not Required,True,True,True,False,False,,,program,Bachelor of Science in Agricultural and Biorenewable Systems Management,https://abe.psu.edu/undergraduate/majors
,,"To be eligible for admission to the Agricultural and Extension Education major, students must: 1. have completed at least 29 credits; 2. have a cumulative grade point average of at least 2.00; 3. have completed ENGL 15 or ENGL 30; 4. have completed 3 credits of Mathematics (GQ).",,True,True,False,False,False,,,program,Bachelor of Science in Agricultural and Extension Education,https://bulletins.psu.edu/university-course-descriptions/undergraduate/
,,"To be eligible for entrance to the Agricultural Science major, a student must: 1) have completed at least 29 credits; 2) have a cumulative grade-point average of at least 2.00.",,True,True,True,False,False,,,program,Bachelor of Science in Agricultural Science,https://bulletins.psu.edu/university-course-descriptions/undergraduate/
,Not Required,"First-year students are evaluated based on: High school GPA, Standardized test scores (SAT/ACT) are optional for students applying for admission through the fall 2025 semester, High school courses, Personal statement (optional). For Penn State University Park, the following high school units are required: 4 units of English, 3 units of math, 3 units of science, 3 units of social studies, and 2 units of the same world language. For all other campuses, the world language is not required but is recommended.",,True,True,False,False,False,,,program,Bachelor of Arts in American Studies,https://bulletins.psu.edu/university-course-descriptions/undergraduate/
Not Required,Not Required,"To be eligible for entrance to the Animal Science major, a student must have completed at least 29.1 credits and have a minimum cumulative grade-point average of 2.00. First-year applicants are evaluated on the basis of their high school record, including GPA and rigor of coursework. Penn State is currently test-optional, meaning standardized test scores (SAT or ACT) are not required for admission but may be submitted if the applicant chooses.",Not Required,True,False,True,False,False,,,program,Bachelor of Science in Animal Science,https://catalog.shsu.edu/undergraduate/colleges-academic-departments/science-and-engineering-technology/agricultural-science/
,,"In order to be eligible for entrance to the Anthropological Science major, a student must: 1. attain at least a 2.00 cumulative grade point average; 2. complete ANTH 21 GN(4) and ANTH 45(3) with a grade of C or better.",,True,True,True,False,False,,,program,Bachelor of Science in Anthropological Science,https://bulletins.psu.edu/university-course-descriptions/undergraduate/
,,"To be eligible for entrance to the Anthropology major, a student must: 1. have completed at least 29.5 cumulative credits; 2. have a cumulative grade point average of at least 2.00.",,True,False,False,False,False,,,program,Bachelor of Arts in Anthropology,https://bulletins.psu.edu/university-course-descriptions/undergraduate/
Not Required,Not Required,"To apply for first-year admission, applicants must submit the Penn State application or the Common App, and the Self-Reported Academic Record (SRAR). Standardized test scores (SAT or ACT) are optional for first-year students applying through the 2025-26 academic year. For entrance to the Anthropology BS major, students must have completed at least 29 credits with a cumulative grade-point average of at least 2.00.",Not Required,True,True,True,False,False,,,program,Bachelor of Science in Anthropology,https://bulletins.psu.edu/university-course-descriptions/undergraduate/
Not Required,Not Required,"To be eligible for entrance to the Architectural Engineering major, a student must satisfy the following requirements: 1. Be enrolled in the College of Engineering or the Division of Undergraduate Studies. 2. Have completed at least 29 graded Penn State credits. 3. Have completed with a grade of C or better: CHEM 110, MATH 140, MATH 141, and PHYS 211. 4. Have earned a minimum cumulative grade-point average of 2.60.",Not Required,True,True,True,False,False,,,program,Bachelor of Science in Architectural Engineering,https://bulletins.psu.edu/university-course-descriptions/undergraduate/
,,Admission to the professional B.Arch. degree program is based on high school rank and SAT (or ACT) scores. High school students apply during their senior year for admission into the five-year B.Arch. program. There is no portfolio review for admission to the first-year of the B.Arch. program. Transfer students apply to the department for admission to the program after they have applied to Penn State. The admissions procedure for transfer students into the Architecture program is based on a review of the student's college records and a portfolio of creative work.,,True,False,True,False,False,,,program,Bachelor of Architecture in Architecture,https://arts.psu.edu/
Not Required,Not Required,"Admissions requirements for the Architecture major are listed on the Undergraduate Admissions website. To be considered for admission to the Bachelor of Science in Architecture, students must have a minimum of a high school diploma and meet the following high school unit requirements: 4 units of English, 3 units of Social Studies/Arts/Humanities, 3 units of Science, 3 units of Math (including algebra, geometry, and trigonometry), and 2 units of a single world language. Applicants to the architecture program are not required to submit a portfolio of work.",Not Required,True,True,True,False,False,,,program,Bachelor of Science in Architecture,https://bulletins.psu.edu/undergraduate/colleges/arts-architecture/architecture-bs/
,,"In order to be eligible for entrance to the Art (B.A.) major, a student must have: 1. attained at least a 2.00 cumulative grade-point average; 2. completed at least 24 credits. First-year students are admitted to the College of Arts and Architecture and typically apply for entrance to the major during their sophomore year. A portfolio is not required for admission to the B.A. in Art. Penn State is test-optional through the fall 2025 semester; first-year applicants can choose whether to submit SAT or ACT scores.",,True,True,False,False,False,,,program,Bachelor of Arts in Art,https://bulletins.psu.edu/undergraduate/colleges/arts-architecture/
,Required,"The B.F.A. in Art is a professional degree program that requires a portfolio review for admission. Portfolios are reviewed once each semester by a committee of the Art faculty. To be eligible for the portfolio review, students must have completed or be currently enrolled in ART 110, ART 111, ART 122Y, and ART 201 or ART 202, and have a minimum cumulative grade-point average of 2.00.",,True,True,False,False,False,,,program,Bachelor of Fine Arts in Art,https://bulletins.psu.edu/university-course-descriptions/undergraduate/
,Required,"To be eligible for entrance to the Art Education major, a student must have: attained at least a 3.00 cumulative grade-point average; completed at least 48 collegiate-level credits; completed ENGL 15 or ENGL 30; 3 credits of literature (GH); and 6 credits of quantification (GQ); passed the PAPA or CORE exams or had them waived by qualifying SAT/ACT scores; submitted a portfolio of 10-12 pieces of original work for review by the Art Education faculty; participated in a personal interview with the Art Education faculty; submitted a one-page, typed statement of their professional goals.",,True,True,False,False,False,,,program,Bachelor of Science in Art Education,https://bulletins.psu.edu/university-course-descriptions/undergraduate/
Not Required,Not Required,"Admission to the Art History major is based on the university’s standard undergraduate admission requirements. To be eligible for entrance to the Art History major, a student must: 1) attain at least a 2.00 cumulative grade-point average; and 2) satisfy any other requirements that may be established by the academic department. Standardized test scores are optional for first-year undergraduate applicants through the 2025-2026 academic year. Required high school coursework includes 4 units of English, 3 units of Mathematics, 3 units of Science, 3 units of Social Studies, and 2 units of World Language.",Not Required,True,True,False,False,False,,,program,Bachelor of Arts in Art History,https://bulletins.psu.edu/university-course-descriptions/undergraduate/
,,"In order to be eligible for entrance to the Asian Studies major, a student must: 1) attain at least a 2.00 cumulative grade-point average; 2) be enrolled in or have completed at least 24 credits. Admissions to all undergraduate programs are processed by the Undergraduate Admissions Office. First-year and transfer students may apply for admission to the College of the Liberal Arts. For a Bachelor of Arts degree in Asian Studies, a minimum of 123 credits is required.",,True,True,False,False,False,,,program,Bachelor of Arts in Asian Studies,https://bulletins.psu.edu/university-course-descriptions/undergraduate/
Not Required,Not Required,"In order to be eligible for entrance to this major, a student must: 1) attain at least a 2.00 cumulative grade-point average and 2) satisfy the following course requirements: ASTRO 291, MATH 140, MATH 141, PHYS 211. For first-year admission, applicants to the Eberly College of Science must have completed the following high school units: 4 units of English, 3.5 units of Mathematics (including algebra, geometry, and trigonometry), 3 units of Science, 3 units of Social Studies/Arts/Humanities, and 2 units of a single World Language.",Not Required,True,True,True,False,False,,,program,Bachelor of Science in Astronomy and Astrophysics,https://bulletins.psu.edu/university-course-descriptions/undergraduate/
Not Required,Not Required,"In order to be eligible for entrance to the Biobehavioral Health major, a student must: 1. attain at least a 2.00 cumulative grade-point average; 2. have completed BBH 101 with a grade of C or better.",Not Required,True,True,True,False,False,,,program,Bachelor of Science in Biobehavioral Health,https://bulletins.psu.edu/university-course-descriptions/undergraduate/
Not Required,Not Required,"First-year applicants to Penn State must submit a completed application and the Self-Reported Academic Record (SRAR). High school unit requirements include: 4 units of English, 3 units of Mathematics (including algebra, geometry, and trigonometry), 3 units of Science, 3 units of Social Studies, and 2 units of a World Language. For the Eberly College of Science, additional emphasis is placed on math and science performance. Applicants can choose to submit SAT or ACT scores, but Penn State is test-optional through 2025.",Not Required,True,True,True,False,False,,,program,Bachelor of Science in Biochemistry and Molecular Biology,https://bulletins.psu.edu/university-course-descriptions/undergraduate/
,,"To be eligible for entrance to this major, students must satisfy the following requirements: pass the following courses with a grade of C or better: CHEM 110, MATH 140, MATH 141, and PHYS 211; have completed at least 29 earned Penn State credits (excludes transfer and AP credits); have a minimum cumulative grade-point average of 2.60.",,True,True,True,False,False,,,program,Bachelor of Science in Biological Engineering,https://bulletins.psu.edu/university-course-descriptions/undergraduate/
Not Required,Not Required,"To be eligible for entrance to the Biology major, a student must have: 1. attained at least a 2.00 cumulative grade-point average; 2. completed BIOL 110 GN(4), CHEM 110 GN(3), and MATH 140 GQ(4) with a grade of C or better. Undergraduate admission also requires the completion of specific high school units: 4 units of English, 3 units of social studies, 3 units of science, 3 units of math (algebra, geometry, trigonometry, or higher), and 2 units of a single world language.",Not Required,True,False,True,False,False,,,program,Bachelor of Science in Biology,https://bulletins.psu.edu/university-course-descriptions/undergraduate/
Not Required,Not Required,"For the B.S. degree in Biomedical Engineering, a minimum of 129 credits is required. Entry to the Biomedical Engineering major occurs during the spring semester of the sophomore year. Students must complete the following entrance-to-major requirements: CHEM 110, MATH 140, MATH 141, PHYS 211 with a grade of C or better. At least a 3.00 cumulative Penn State grade-point average is required. High school students should have a minimum of 4 units of English, 3 units of mathematics (including algebra, geometry, and trigonometry), 3 units of science, and 3 units of social studies/art/humanities.",Not Required,False,True,True,False,False,,,program,Bachelor of Science in Biomedical Engineering,https://bulletins.psu.edu/university-course-descriptions/undergraduate/
,,"In order to be eligible for entrance to the Biorenewable Systems major, a student must have: 1) attained at least a 2.00 cumulative grade point average.",,True,True,True,False,False,,,program,Bachelor of Science in Biorenewable Systems,https://bulletins.psu.edu/university-course-descriptions/undergraduate/
,Not Required,"For entrance into the Biotechnology major, there are no additional requirements beyond those for admission to the University. The first-year admission process is based on a variety of factors, including high school grades and coursework, standardized test scores (SAT/ACT), and other information provided in the application. For transfer students, applicants who have completed at least 18 credits may be considered for admission.",,True,True,True,False,False,,,program,Bachelor of Science in Biotechnology,https://bulletins.psu.edu/university-course-descriptions/undergraduate/
,,"To be eligible for entrance to the Business major, a student must: 1) have completed the following entrance-to-major requirements with a grade of C or better: MATH 110 GQ(3) or MATH 140 GQ(4), ACCTG 211(4), ECON 102 GS(3), SCM 200 GQ(4) or STAT 200 GQ(4); 2) have achieved a minimum cumulative grade-point average of 2.00.",,True,True,False,False,False,,,program,Bachelor of Science in Business,https://bulletins.psu.edu/undergraduate/colleges/university-college/business-bs/
,,"To be eligible for entrance to the Chemical Engineering major, a student must: 1) have completed the following entrance-to-major requirements with a grade of C or better in each: CHEM 110, CHEM 111, CHEM 112, MATH 140, MATH 141, PHYS 211; 2) have achieved a cumulative grade-point average (GPA) of 2.60 or higher.",,True,True,True,False,False,,,program,Bachelor of Science in Chemical Engineering,https://bulletins.psu.edu/university-course-descriptions/undergraduate/
Not Required,Not Required,"In order to be eligible for entrance to this major, a student must: attained at least a 2.00 cumulative grade-point average; completed CHEM 110, CHEM 111, CHEM 112, MATH 140, and MATH 141 and earned a grade of C or better in each of these courses. General high school requirements for Penn State include: 4 units of English, 3 units of Mathematics, 3 units of Science, 3 units of Social Studies, and 2 units of a World Language.",Not Required,True,False,True,False,False,,,program,Bachelor of Science in Chemistry,https://bulletins.psu.edu/university-course-descriptions/undergraduate/
Not Required,Not Required,"In order to be eligible for entrance to the Chinese major, a student must have: 1. attained at least a 2.00 cumulative grade-point average; 2. completed CHNS 1, CHNS 2, and CHNS 3 or equivalent. For the B.A. degree in Chinese, a minimum of 123 credits is required. For more information about the admission process, students should visit the Office of Undergraduate Admissions website.",Not Required,True,True,False,False,False,,,program,Bachelor of Arts in Chinese,https://bulletins.psu.edu/university-course-descriptions/undergraduate/
,,"To be eligible for entrance to the Civil Engineering major, a student must have: attained at least a 2.60 cumulative grade-point average; completed the following entrance-to-major courses with a grade of C or better: CHEM 110, MATH 140, MATH 141, and PHYS 211. Students must apply for entrance to the major during the semester in which they are completing their entrance-to-major requirements, typically the spring of the sophomore year.",,True,True,True,False,False,,,program,Bachelor of Science in Civil Engineering,https://bulletins.psu.edu/university-course-descriptions/undergraduate/
,,"In order to be eligible for entrance to the Classics and Ancient Mediterranean Studies major, a student must have: attained at least a 2.00 cumulative grade-point average. First-year students who wish to start at University Park are admitted to the DUS (Division of Undergraduate Studies) or to the College of the Liberal Arts. Admission to the Bachelor of Arts in Classics and Ancient Mediterranean Studies requires only that students are admitted to the College of the Liberal Arts and meet the criteria for entrance to the major.",,True,True,False,False,False,,,program,Bachelor of Arts in Classics and Ancient Mediterranean Studies,https://bulletins.psu.edu/university-course-descriptions/undergraduate/
Not Required,Not Required,"To be eligible for entrance to the Communication Arts and Sciences major, a student must: 1) attain at least a 2.00 cumulative grade-point average. 2) have completed CAS 101 with a grade of C or better. 3) have completed CAS 201 or CAS 202 with a grade of C or better.",Not Required,True,True,False,False,False,,,program,Bachelor of Arts in Communication Arts and Sciences,https://bulletins.psu.edu/university-course-descriptions/undergraduate/
,,"Admission to the Communication Arts and Sciences major (CAS) is available to any student who has been admitted to the University and who is in good standing. Entering students are typically admitted to the College of the Liberal Arts and then apply for the CAS major during their sophomore year when they have completed 29 credits and earned a 2.0 or higher cumulative GPA. In addition to a cumulative 2.0 GPA, students must have completed CAS 101.",,True,True,False,False,False,,,program,Bachelor of Science in Communication Arts and Sciences,https://bulletins.psu.edu/university-course-descriptions/undergraduate/
Not Required,Not Required,"First-year students can apply to Penn State through the Undergraduate Admissions Office and can choose Communication Sciences and Disorders (CSD) as their major on the application. Evaluation for admission is based on a variety of factors, including high school GPA, high school coursework (specifically completion of required high school units), and standardized test scores if the student chooses to submit them. Required high school units include four units of English, three units of mathematics, three units of science, and three units of social studies, arts, or humanities.",Not Required,True,False,True,False,False,,,program,Bachelor of Science in Communication Sciences and Disorders,https://hhd.psu.edu/csd
Not Required,Not Required,"In order to be eligible for entrance to this major, a student must: 1) attain at least a 2.00 cumulative grade-point average. For general undergraduate admission, applicants must have a high school diploma or its equivalent. Required high school coursework includes 4 units of English, 3 units of Mathematics, 3 units of Science, 3 units of Social Studies, and 2 units of World Language.",Not Required,True,False,False,False,False,,,program,"Bachelor of Science in Community, Environment, and Development",https://bulletins.psu.edu/university-course-descriptions/undergraduate/
,,"In order to be eligible for entrance to the Comparative Literature major, a student must have: 1. attained at least a 2.00 cumulative grade point average. For the B.A. degree in Comparative Literature, a minimum of 120 credits is required.",,True,True,False,False,False,,,program,Bachelor of Arts in Comparative Literature,https://bulletins.psu.edu/university-course-descriptions/undergraduate/
Not Required,Not Required,"To be considered for first-year admission to Penn State, applicants must provide their high school records (official transcripts or Self-Reported Academic Record). General high school unit requirements include 4 units of English, 3 units of Mathematics, 3 units of Science, and 3 units of Social Studies/Arts/Humanities. For the Computer Engineering program in the College of Engineering, a minimum of 1/2 unit of trigonometry or higher-level math is specifically required. Penn State is currently test-optional through the Fall 2025 semester.",Not Required,True,True,True,False,False,,,program,Bachelor of Science in Computer Engineering,https://bulletins.psu.edu/university-course-descriptions/undergraduate/
Not Required,Not Required,"To be eligible for entrance to the Computer Science major, a student must: have completed MATH 140, MATH 141, PHYS 211, and CMPSC 121 or CMPSC 131 with a grade of C or better; have earned a minimum cumulative grade-point average. General first-year admission requires high school graduation or GED, and the completion of specific high school units including 4 units of English, 3 units of Mathematics, 3 units of Science, 3 units of Social Studies/Arts/Humanities, and 2 units of World Language.",Not Required,False,True,True,False,False,,,program,Bachelor of Science in Computer Science,https://bulletins.psu.edu/university-course-descriptions/undergraduate/
Not Required,Not Required,"To be eligible for admission to the Computer Science major, students must: 1. Have completed the following courses with a grade of C or better: CMPSC 121 or CMPSC 131, CMPSC 122 or CMPSC 132, MATH 140, MATH 141. 2. Have a cumulative grade-point average of 2.00 or higher. General first-year admission requirements include the completion of the following high school units: 4 units of English, 3 units of Mathematics, 3 units of Science, 3 units of Social Studies/Arts/Humanities, and 2 units of a single World Language.",Not Required,True,True,True,False,False,,,program,Bachelor of Arts in Computer Science,https://bulletins.psu.edu/university-course-descriptions/undergraduate/
,,"Entrance to the Corporate Innovation and Entrepreneurship major is competitive and based on specific criteria including successful completion of administrative requirements, credit count, grade-point average, and specific courses. To be eligible for entrance to the Corporate Innovation and Entrepreneurship major, students must: (1) have completed at least 44 cumulative credits at Penn State but not more than 59 cumulative credits at Penn State (this includes current-semester credits in progress) at the time of application for entrance to the major; (2) have a cumulative grade-point average of 3.20 or higher; (3) have completed the following entrance-to-major courses with a grade of C or better: ACCTG 211, ECON 102, ENGL 15 or ENGL 30H, FIN 301, MATH 110 or MATH 140, MGMT 301, MKTG 301, SCM 301, and STAT 200.",,True,False,False,False,False,,,program,Bachelor of Science in Corporate Innovation and Entrepreneurship,https://bulletins.psu.edu/undergraduate/colleges/smeal-business/corporate-innovation-entrepreneurship-bs/corporate-innovation-entrepreneurship-bs_text.pdf
,,"To be considered for first-year admission to Penn State, applicants must have completed a minimum of 15 high school units, including: 4 units of English (including 1 unit of composition or rhetoric), 3 units of mathematics (including algebra, geometry, and a second year of algebra), 3 units of science (including 2 units of natural science), 3 units of social studies (including 1 unit of world history or geography), and 2 units of the same world language. Additionally, to be eligible for entrance to the Creative Writing major, a student must have attained at least a 2.00 cumulative grade-point average and completed at least 29.1 credits. The B.F.A. in Creative Writing requires a total of 120 credits for graduation. Penn State is test-optional through Fall 2025.",,True,True,False,False,False,,,program,Bachelor of Fine Arts in Creative Writing,https://behrend.psu.edu/school-of-humanities-social-sciences/academic-programs/creative-writing
,Not Required,"To be eligible for entrance to the Criminology major, a student must: (1) have completed at least 29.1 credits; (2) have achieved at least a 2.00 cumulative grade-point average; (3) have completed CRIM 100(3), SOC 110(3) or STAT 200(4), and one of the following: CRIM 249(3), CRIM 250W(3), or CRIM 406(3), all with a grade of C or better.",,True,False,False,False,False,,,program,Bachelor of Arts in Criminology,https://bulletins.psu.edu/university-course-descriptions/undergraduate/
Not Required,Not Required,"To be eligible for entrance to the Criminology major (CRIMB_BS), a student must have: 1. attained at least a 2.00 cumulative grade point average. For general undergraduate admission to Penn State, applicants must provide a completed application, the Self-Reported Academic Record (SRAR), and meet high school unit requirements including 4 units of English, 3 units of Mathematics, 3 units of Science, 3 units of Social Studies, and 2 units of World Language.",Not Required,True,True,False,False,False,,,program,Bachelor of Science in Criminology,https://bulletins.psu.edu/university-course-descriptions/undergraduate/
Not Required,Not Required,"To be eligible for entrance to the Cybersecurity Analytics and Operations major, students must satisfy the following requirements: 1. Attain at least a 2.00 cumulative grade-point average. 2. Complete the following entrance-to-major courses with a grade of C or better: MATH 110 GQ or MATH 140 GQ; IST 210, IST 220, IST 242 (or CMPSC 122 or CMPSC 132), and STAT 200 GQ or SCM 200 GQ.",Not Required,True,True,True,False,False,,,program,Bachelor of Science in Cybersecurity Analytics and Operations,https://bulletins.psu.edu/university-course-descriptions/undergraduate/
Not Required,Not Required,"To apply for the Bachelor of Science in Data Sciences, first-year applicants must submit an online application (via MyPennState or the Common App) and the Self-Reported Academic Record (SRAR). Penn State is test-optional through 2025, meaning SAT or ACT scores are not required for admission. The most important factor in the review of an application is the high school academic record, specifically grades and course rigor.",Not Required,True,True,True,False,False,,,program,Bachelor of Science in Data Sciences,https://miamioh.edu/_files/documents/about-miami/president/bot/2019/minutes-05-17-19.pdf
,Required,"Entrance to the Digital Arts and Media Design (DART) major is a two-step process. Step 1: All students must first apply to the university through the Penn State Undergraduate Admissions Office. Step 2: Applicants must also complete a portfolio review for the Digital Arts and Media Design major. Information regarding the portfolio review process and deadlines is available on the program's website. For the B.Des. degree in Digital Arts and Media Design, a minimum of 120 credits is required.",,True,True,False,False,False,,,program,Bachelor of Design in Digital Arts and Media Design,https://bulletins.psu.edu/university-course-descriptions/undergraduate/
,,"To be eligible for admission to the Bachelor of Design in Digital Multimedia Design, students must meet the general University admission requirements, which include a high school diploma or equivalent and the completion of specific high school units. This program is available to both first-year and transfer students. Notably, a portfolio review is not required for admission to this major.",,True,False,False,False,False,,,program,Bachelor of Design in Digital Multimedia Design,https://bulletins.psu.edu/university-course-descriptions/undergraduate/
Not Required,Not Required,"In order to be eligible for entrance to this major, a student must: 1. have attained at least a 2.00 cumulative grade-point average; 2. have completed at least 29.1 credits and be at least a third-semester student. Students must apply for admission to the college by following the procedures described on the Penn State Admissions website.",Not Required,True,False,True,False,False,,,program,Bachelor of Science in Earth Science and Policy,https://bulletins.psu.edu/university-course-descriptions/undergraduate/
Not Required,Not Required,"For the B.S. degree in Earth Sciences, a minimum of 120 credits is required. In order to be eligible for entrance to the Earth Sciences major, a student must: 1) attain at least a 2.00 cumulative grade-point average; 2) complete the following courses with a grade of C or better: EARTH 100, GEOSC 1, GEOSC 20, or METEO 3. First-year applicants to Penn State must submit: Penn State application, Self-Reported Academic Record (SRAR) or high school transcript, and optional SAT or ACT scores.",Not Required,True,True,True,False,False,,,program,Bachelor of Science in Earth Sciences,https://bulletins.psu.edu/university-course-descriptions/undergraduate/
Not Required,Not Required,"To be eligible for admission to Penn State as a first-year student, you must have graduated from high school or have a GED. The following high school units are required for all students: 4 units of English, 3 units of Mathematics (Algebra 1, Algebra 2, and Geometry), 3 units of Science, 3 units of Social Studies/Art/Humanities, and 2 units of a single World Language. Admission to the East Asian Studies major is available to students who have been admitted to the College of the Liberal Arts.",Not Required,True,True,False,False,False,,,program,Bachelor of Arts in East Asian Studies,https://bulletins.psu.edu/university-course-descriptions/undergraduate/
Not Required,Not Required,"To be eligible for entrance to the Economics major, a student must have attained at least a 2.00 cumulative grade-point average and completed and earned a grade of C or better in ECON 102 GS(3), ECON 104 GS(3), MATH 110 GQ(4) or MATH 140 GQ(4). For the Bachelor of Arts degree in Economics, a minimum of 120 credits is required.",Not Required,True,True,False,False,False,,,program,Bachelor of Arts in Economics,https://bulletins.psu.edu/university-course-descriptions/undergraduate/
Not Required,Not Required,"To be eligible for entrance to the Economics (ECNBS) major, a student must have: 1. attained at least a 2.00 cumulative grade-point average; 2. completed and earned a grade of C or better in: ECON 102 GS(3), ECON 104 GS(3), MATH 110 GQ(4) or MATH 140 GQ(4).",Not Required,True,True,True,False,False,,,program,Bachelor of Science in Economics,https://bulletins.psu.edu/university-course-descriptions/undergraduate/
,Optional,"To be eligible for entrance to the Electrical Engineering major, a student must: 1. have completed the following entrance-to-major courses with a grade of C or better: CHEM 110, MATH 140, MATH 141, PHYS 211, PHYS 212. 2. have attained at least a 2.60 cumulative grade-point average (on a 4.00 scale) and at least third-semester classification (29.1 credits). Additionally, applicants to the College of Engineering must have completed 1/2 unit of trigonometry or higher level math (pre-calculus, calculus) in high school.",,True,True,True,False,False,,,program,Bachelor of Science in Electrical Engineering,https://bulletins.psu.edu/university-course-descriptions/undergraduate/
Not Required,Not Required,"In order to be eligible for entrance to this major, students must satisfy the following requirements: 1. Completed the requirements for the Associate in Engineering Technology in Electrical Engineering Technology degree or its equivalent. 2. A minimum cumulative grade point average of 2.00. For the Bachelor of Science in Electrical Engineering Technology degree, a minimum of 127 credits is required.",Not Required,False,True,True,False,False,,,program,Bachelor of Science in Electrical Engineering Technology,https://bulletins.psu.edu/university-course-descriptions/undergraduate/
,,Entrance to the Electro-Mechanical Engineering Technology major requires the completion of at least 29 credits and a minimum 2.00 cumulative grade-point average.,,True,True,True,False,False,,,program,Bachelor of Science in Electro-Mechanical Engineering Technology,https://bulletins.psu.edu/university-course-descriptions/undergraduate/
Not Required,Not Required,"Applicants must submit a completed undergraduate application and the Self-Reported Academic Record (SRAR). Standardized test scores (SAT or ACT) are currently optional for undergraduate admission. To be formally admitted into the Elementary and Early Childhood Education major, students must meet 'Entrance to Major' requirements, which typically occur after completing 48-60 credits at Penn State. These requirements include a minimum 3.00 cumulative grade-point average and the completion of specific core courses in English and Mathematics.",Not Required,True,True,False,False,False,,,program,Bachelor of Science in Elementary and Early Childhood Education,https://sites.google.com/stjudeschool.com/missmcgoldrick2b?usp=sharing
Not Required,Not Required,"To be eligible for entrance to the Energy and Sustainability Policy major, a student must have: 1. attained at least a 2.00 cumulative grade-point average; 2. completed no fewer than 29.1 cumulative credits. General first-year admission requires a high school diploma or equivalent and the completion of required high school units including 4 years of English, 3 years of mathematics, 3 years of science, 3 years of social studies, and 2 years of a single world language.",Not Required,True,True,True,False,False,,,program,Bachelor of Science in Energy and Sustainability Policy,https://bulletins.psu.edu/university-course-descriptions/undergraduate/
,,Incoming first-year students who meet the current Penn State admission criteria will be admitted directly into the major. Penn State undergraduate students may be admitted to the major after they have satisfied the following requirements: (1) have completed at least 29.1 credits and (2) have a cumulative grade-point average of at least 2.00.,,True,True,False,False,False,,,program,Bachelor of Arts in Energy and Sustainability Policy,https://bulletins.psu.edu/university-course-descriptions/undergraduate/
Not Required,Not Required,"To be eligible for entrance to the Energy Business and Finance major, a student must: (1) have completed the following entrance-to-major requirements with a grade of C or better in each course: ECON 102 GS(3), MATH 140 GQ(4) and (2) have a minimum cumulative grade-point average of 2.00.",Not Required,True,True,True,False,False,,,program,Bachelor of Science in Energy Business and Finance,https://bulletins.psu.edu/university-course-descriptions/undergraduate/
Not Required,Not Required,"For the B.S. degree in Energy Engineering, a student must be granted admission to the major. Entrance to the Energy Engineering major requires that the student has: 1. completed the following courses with a grade of C or better: CHEM 110, MATH 140, MATH 141, and PHYS 211; 2. earned a minimum cumulative grade-point average of 2.00.",Not Required,True,True,True,False,False,,,program,Bachelor of Science in Energy Engineering,https://bulletins.psu.edu/university-course-descriptions/undergraduate/
,,"In order to be eligible for entrance to the English major, a student must: 1. have attained at least a 2.00 cumulative grade-point average; 2. have completed ENGL 15 or ENGL 30H with a grade of C or better.",,True,False,False,False,False,,,program,Bachelor of Arts in English,https://bulletins.psu.edu/university-course-descriptions/undergraduate/
,,"In order to be eligible for entrance to this major, a student must: 1. attain at least a 2.00 cumulative grade-point average. For the Bachelor of Science degree in Enterprise Technology Integration, a minimum of 120 credits is required.",,True,True,True,False,False,,,program,Bachelor of Science in Enterprise Technology Integration,https://bulletins.psu.edu/undergraduate/colleges/capital/enterprise-technology-integration-bs/
Not Required,Not Required,"In order to be eligible for entrance to the Environmental Resource Management major, a student must: 1. have completed the following entrance-to-major requirements: BIOL 110 or CHEM 110 or ECON 102, MATH 110 or MATH 140; 2. have a minimum cumulative grade-point average of 2.00. Additionally, freshman applicants must meet high school unit requirements: 4 units of English, 3 units of Mathematics, 3 units of Science, 3 units of Social Studies/Arts/Humanities, and 2 units of a single World Language.",Not Required,True,True,True,False,False,,,program,Bachelor of Science in Environmental Resource Management,https://bulletins.psu.edu/university-course-descriptions/undergraduate/
,,"Entrance to the Environmental Systems Engineering major requires the completion of at least 29 credits and a minimum cumulative grade-point average of 2.00. Additionally, students must complete MATH 140, MATH 141, CHEM 110, and PHYS 211 with a grade of C or better.",,True,True,True,False,False,,,program,Bachelor of Science in Environmental Systems Engineering,https://bulletins.psu.edu/university-course-descriptions/undergraduate/
,,"Admission to the Film Production major is a two-step process. First, students must be admitted to the Donald P. Bellisario College of Communications. Second, enrollment in the Film Production major is limited. Students apply for admission to the major after completing at least three semesters of study at Penn State and the two prerequisite courses: COMM 150 and COMM 242. Admission to the major is competitive and based on a review of the student's creative work and academic record.",,True,True,False,False,False,,,program,Bachelor of Arts in Film Production,https://bulletins.psu.edu/university-course-descriptions/undergraduate/
,,"To be eligible for entrance to the Finance major, students must enroll in the Smeal College of Business or the Division of Undergraduate Studies and must complete the following entrance-to-major requirements: ACCTG 211(4) or ACCTG 211H(4), ECON 102(3) or ECON 102H(3), ENGL 15 GWS(3) or ENGL 30 GWS(3) or ENGL 137H GWS(3) or CAS 137H GWS(3), MATH 110 GQ(4) or MATH 140 GQ(4) or MATH 110H GQ(4) or MATH 140H GQ(4), STAT 200 GQ(4) or SCM 200 GQ(4) or SCM 200H GQ(4). All these courses must be completed with a grade of C or better. Students must have a minimum cumulative grade-point average that is set annually.",,True,True,False,False,False,,,program,Bachelor of Science in Finance,https://bulletins.psu.edu/university-course-descriptions/undergraduate/
,,"Graduates of a high school or those who have earned a GED may be eligible for admission to the first-year class. Requirements for admission to the University are a high school diploma or GED and the following high school units: 4 units of English; 3 units of mathematics (algebra, geometry, trigonometry, or higher math); 3 units of science; 3 units of social studies; 2 units of the same second language. In order to be eligible for entrance to this major, students must satisfy the following requirements: attained at least a 2.00 cumulative grade-point average; completed the following courses and earned a grade of C or better in each: CHEM 110, CHEM 111, CHEM 112, MATH 110 or MATH 140.",,True,True,True,False,False,,,program,Bachelor of Science in Food Science,https://bulletins.psu.edu/university-course-descriptions/undergraduate/
Not Required,Not Required,"In order to be eligible for entrance to the Forensic Science major, a student must: 1. have completed the following entrance-to-major requirements with a grade of C or better: CHEM 110, CHEM 111, CHEM 112, FRNSC 210, and MATH 140; 2. have earned a minimum cumulative grade-point average of 2.00",Not Required,True,True,True,False,False,,,program,Bachelor of Science in Forensic Science,https://bulletins.psu.edu/university-course-descriptions/undergraduate/
Not Required,Not Required,"To be eligible for entrance to the French and Francophone Studies major, a student must: (1) have completed at least 29.1 credits; (2) have a minimum cumulative grade-point average of 2.00. For first-year admission, applicants are evaluated on their high school GPA and completion of required high school coursework (including 4 units of English, 3 units of Math, 3 units of Science, 3 units of Social Studies, and 2 units of World Language).",Not Required,True,False,False,False,False,,,program,Bachelor of Arts in French and Francophone Studies,https://bulletins.psu.edu/university-course-descriptions/undergraduate/
Not Required,Not Required,"Admissions requirements for the Bachelor of Science in Geography are consistent with the requirements for the College of Earth and Mineral Sciences. To be eligible for admission to the Geography major, students must be enrolled in the College of Earth and Mineral Sciences or the Division of Undergraduate Studies (DUS). For admission to the University, first-year applicants must have a high school diploma or its equivalent and have completed a minimum of 15 units of preparatory work, including 4 units of English, 3 units of Mathematics, 3 units of Science, 3 units of Social Studies, and 2 units of a single world language other than English.",Not Required,True,True,True,False,False,,,program,Bachelor of Science in Geography,https://bulletins.psu.edu/university-course-descriptions/undergraduate/
,,"In order to be eligible for entrance to this major, students must satisfy the following requirements: attained at least a 2.00 cumulative grade point average.",,True,False,True,False,False,,,program,Bachelor of Arts in Geography,https://bulletins.psu.edu/university-course-descriptions/undergraduate/
Not Required,Not Required,"Entrance to the Geosciences major requires that a student have: (1) completed at least 29 credits; (2) earned a cumulative grade-point average of at least 2.00; and (3) completed GEOSC 1, GEOSC 20, or GEOSC 71; and CHEM 110 and MATH 140, each with a grade of C or better.",Not Required,True,True,True,False,False,,,program,Bachelor of Science in Geosciences,https://bulletins.psu.edu/university-course-descriptions/undergraduate/
Not Required,Not Required,"For entrance into the major, students must have a cumulative grade-point average of 2.0 or higher.",Not Required,True,False,False,False,False,,,program,Bachelor of Arts in German,https://bulletins.psu.edu/university-course-descriptions/undergraduate/
,,"In order to be eligible for entrance to the Global and International Studies major, a student must have: 1. attained at least a 2.00 cumulative grade-point average; 2. completed at least 27.5 credits. For Penn State's general admission requirements, freshman applicants must submit Penn State’s undergraduate application, official high school transcripts or GED, and SAT or ACT scores (optional through 2025).",,True,True,False,False,False,,,program,Bachelor of Arts in Global and International Studies,https://bulletins.psu.edu/university-course-descriptions/undergraduate/
Not Required,Not Required,"Applicants must apply to the University through the Undergraduate Admissions Office. In addition to the University's high school graduation requirements, the College of the Liberal Arts requires two units of a single world language other than English. To be eligible for entrance to the Global and International Studies major, a student must: (1) have completed at least 29.1 credits and be enrolled in or have completed his/her fourth semester; (2) have a minimum cumulative grade-point average of 2.00; and (3) have completed GLIS 101 or GLIS 102 with a grade of C or better.",Not Required,True,True,False,False,False,,,program,Bachelor of Science in Global and International Studies,https://bulletins.psu.edu/university-course-descriptions/undergraduate/
,Required,Admission to the Graphic Design major is a two-step process. First-year students must first apply to Penn State and then submit a portfolio to the Stuckeman School via SlideRoom. Admission is based on a review of the student’s academic record and the portfolio.,,True,True,False,False,False,,,program,Bachelor of Design in Graphic Design,https://bulletins.psu.edu/university-course-descriptions/undergraduate/
Not Required,Not Required,"First-year applicants must complete a minimum of 15 units of high school coursework, including 4 units of English, 3 units of Social Studies, 3 units of Science, 3 units of Math (specifically Algebra 1, Algebra 2, and Geometry or Trigonometry), and 2 units of a single world language. Evaluation for admission is primarily based on the student's high school academic record (GPA) and the completion of these required subjects. Penn State is currently test-optional through the fall 2025 semester.",Not Required,True,True,False,False,False,,,program,Bachelor of Science in Health Policy and Administration,https://hhd.psu.edu/hpa
Not Required,Not Required,"To be considered for first-year admission to Penn State, applicants must complete high school course requirements, which include four units of English, three units of social studies, three units of science, and three units of math (algebra, geometry, and trigonometry). Applicants must also submit a Self-Reported Academic Record (SRAR). Standardized test scores (SAT or ACT) are optional. For entrance to the History (B.A.) major specifically at Abington, students must satisfy a 2.00 cumulative grade-point average.",Not Required,True,True,False,False,False,,,program,Bachelor of Arts in History,https://bulletins.psu.edu/undergraduate/colleges/abington/history-ba/
Not Required,Not Required,"In order to be eligible for entrance to this major, a student must: 1) attain at least a 2.00 cumulative grade-point average; 2) satisfy the third semester classification; 3) complete the following entrance-to-major requirements with a grade of C or better: ACCTG 211, ECON 102, HM 201. Standard Penn State undergraduate admission requirements also apply, including the submission of a high school transcript and optional standardized test scores.",Not Required,True,True,False,False,False,,,program,Bachelor of Science in Hospitality Management,https://bulletins.psu.edu/university-course-descriptions/undergraduate/
Not Required,Not Required,"In order to be eligible for entrance to this major, a student must: 1. attain at least a 2.00 cumulative grade-point average; 2. be in at least their third semester (at least 27.1 credits). For the Bachelor of Science degree in Human Development and Family Studies, a minimum of 120 credits is required.",Not Required,True,True,False,False,False,,,program,Bachelor of Science in Human Development and Family Studies,https://bulletins.psu.edu/university-course-descriptions/undergraduate/
Not Required,Not Required,"Entrance to Major: In order to be eligible for entrance to the Human Resource Management major, a student must: 1. attain at least a 2.00 cumulative grade-point average; 2. have completed ECON 102 GS(3), PSYCH 100 GS(3), and STAT 200 GQ(4) or SCM 200 GQ(4), and earned a grade of C or better in each of these courses. To be eligible for admission to the College of the Liberal Arts, an applicant must have completed: 2 units of a single world language other than English.",Not Required,True,True,False,False,False,,,program,Bachelor of Science in Human Resource Management,https://bulletins.psu.edu/university-course-descriptions/undergraduate/
,,"To be eligible for entrance to the Industrial Engineering major, students must have completed 29-55 cumulative credits at Penn State; have an overall cumulative grade-point average of 2.60 or higher; and have completed the following courses with a grade of C or better: CHEM 110, MATH 140, MATH 141, and PHYS 211.",,True,True,True,False,False,,,program,Bachelor of Science in Industrial Engineering,https://bulletins.psu.edu/university-course-descriptions/undergraduate/
Not Required,Not Required,"To be eligible for entrance to the Information Sciences and Technology major, a student must: 1) attain a cumulative grade-point average of 2.00 or higher; and 2) complete the following courses with a grade of C or better: IST 110, IST 140 (or CMPSC 101 or CMPSC 121), IST 210, and IST 220. General first-year admission to the university requires the completion of specific high school units, including four units of English, three units of Mathematics (algebra, geometry, and trigonometry/pre-calculus), three units of Science, three units of Social Studies, and two units of a World Language.",Not Required,True,True,True,False,False,,,program,Bachelor of Science in Information Sciences and Technology,https://bulletins.psu.edu/university-course-descriptions/undergraduate/
Not Required,Not Required,"Our Bachelor of Science in Integrated Social Sciences is a flexible degree program that gives you the tools to explore how the world works across a variety of social science disciplines. Working with a dedicated program director, you can customize your coursework to match your specific interests while following a rigorous academic path. Students will gain knowledge in research methods, ethics, and critical thinking. They will also be able to communicate effectively in a variety of formats.",Not Required,True,True,False,False,False,,,program,Bachelor of Science in Integrated Social Sciences,https://la.psu.edu/future-students/academics/degrees/integrated-social-sciences/
Not Required,Not Required,Entrance to the Integrative Science major (ISCI_BS) requires the following: Cumulative grade point average of at least 2.00. Standardized test scores (SAT or ACT) are not required for students applying for undergraduate admission through the 2025-26 academic year.,Not Required,True,True,True,False,False,,,program,Bachelor of Science in Integrative Science,https://bulletins.psu.edu/university-course-descriptions/undergraduate/
,,"To be eligible for entrance to the Interdisciplinary Business with Engineering Studies major, a student must have: attained at least a 2.00 cumulative grade-point average and completed: MATH 140, ECON 102, CHEM 110 and ACCTG 211 with a grade of C or better.",,True,False,True,False,False,,,program,Bachelor of Science in Interdisciplinary Business with Engineering Studies,https://bulletins.psu.edu/university-course-descriptions/undergraduate/
,,"The Interdisciplinary Science and Business (ISB) degree, offered by the School of Science and the Black School of Business, allows students to prepare for careers in the 21st-century business and technology environment. This program provides students with a solid foundation in the physical and life sciences and a thorough understanding of the business principles needed to manage modern technology. Graduation requirements include 121 credits, and students must complete coursework in science, business, and engineering. For more information, please contact the B.S. in Interdisciplinary Science and Business program at 814-898-6105 or email behrend-science@psu.edu.",,True,False,True,False,False,,,program,Bachelor of Science in Interdisciplinary Science and Business,https://behrend.psu.edu/school-of-science/academic-programs/interdisciplinary-science-and-business
,,"International Business is a secondary major. To graduate with a major in International Business, a student must also complete a primary major in the Smeal College of Business. Entrance to the International Business major occurs at the same time as entrance to the primary Smeal major. To be eligible for the International Business major, a student must be enrolled in the Smeal College of Business or the Division of Undergraduate Studies. Students must have completed 29-59 cumulative credits at Penn State and have a cumulative grade-point average of 3.20. In addition to the GPA and credit requirements, students must also: 1. Complete or be currently enrolled in the following entrance-to-major courses: ACCTG 211, ECON 102, ENGL 15 or ENGL 30, MATH 110 or MATH 140, STAT 200 or SCM 200. 2. Demonstrate proficiency in a contemporary foreign language. 3. Submit an application for the major.",,True,True,False,False,False,,,program,Bachelor of Science in International Business,https://bulletins.psu.edu/university-course-descriptions/undergraduate/
Not Required,Not Required,"Entrance to Major: In order to be eligible for entrance to the International Politics major, a student must: 1. attain at least a C (2.00) cumulative grade-point average for all courses taken at the University; and 2. have at least third-semester classification (a minimum of 44 credits). For a first-year student to be eligible for admission to the College of the Liberal Arts, an applicant must have a high school diploma or its equivalent and have completed the following units: 4 units of English, 3 units of Mathematics (algebra, geometry, and trigonometry or higher math), 3 units of Science, 3 units of Social Studies/Arts/Humanities, and 2 units of a single world language.",Not Required,True,True,False,False,False,,,program,Bachelor of Arts in International Politics,https://bulletins.psu.edu/university-course-descriptions/undergraduate/
,,"In order to be eligible for entrance to the Italian major, a student must have: attained at least a 2.00 cumulative grade-point average and completed or be currently enrolled in IT 3 or IT 10.",,True,True,False,False,False,,,program,Bachelor of Arts in Italian,https://bulletins.psu.edu/university-course-descriptions/undergraduate/
Not Required,Not Required,"To be eligible for entrance to the Japanese major, a student must: (1) have completed at least 29.1 credits and be enrolled in or have completed no more than 60 credits; (2) have completed JAPNS 1, JAPNS 2, and JAPNS 3; (3) have earned at least a 2.00 cumulative grade-point average.",Not Required,True,False,False,False,False,,,program,Bachelor of Arts in Japanese,https://bulletins.psu.edu/university-course-descriptions/undergraduate/
,,"This program currently has no additional requirements for entrance to the major. For Penn State's admissions requirements, visit the Admissions website. First-year admission to Penn State is based on several factors, including: High school coursework, Grades, Standardized test scores (SAT or ACT) – optional through Fall 2025.",,True,False,False,False,False,,,program,Bachelor of Arts in Jewish Studies,https://bulletins.psu.edu/university-course-descriptions/undergraduate/
,,"To be eligible for entrance to the Journalism major, a student must: (1) have completed COMM 160 with a grade of C or better; (2) have completed at least 27.5 cumulative credits; and (3) have a minimum cumulative grade-point average of 2.00.",,True,False,False,False,False,,,program,Bachelor of Arts in Journalism,https://bulletins.psu.edu/university-course-descriptions/undergraduate/
,,"In order to be eligible for entrance to the Kinesiology major, a student must have: 1) attained at least a 2.00 cumulative grade-point average; 2) completed the following entrance-to-major requirements with a grade of C or better: BIOL 110 GN(4), KINES 100(3), KINES 101(3), PSYCH 100 GS(3) and one of the following: BIOL 161 GN(3) or BIOL 141 GN(3).",,True,True,True,False,False,,,program,Bachelor of Science in Kinesiology,https://bulletins.psu.edu/university-course-descriptions/undergraduate/
Not Required,Not Required,"To be eligible for first-year admission to the Bachelor of Arts in Labor and Human Resources at Penn State, applicants must meet the university's general undergraduate admission requirements. These include the completion of specific high school units: 4 units of English, 3 units of mathematics, 3 units of science, 3 units of social studies, and 2 units of a single world language. Admission decisions are primarily based on a student's academic record in high school, including grade point average (GPA) and the rigor of the curriculum.",Not Required,True,True,False,False,False,,,program,Bachelor of Arts in Labor and Human Resources,https://issuu.com/psbehrend/docs/penn_state_behrend_commencement_program_fall_202
,,"To be eligible for entrance to the Labor and Human Resources major, a student must: (1) have completed at least 29.1 cumulative credits; (2) have a cumulative grade-point average of at least 2.00; and (3) have completed the following courses with a grade of C or better: LHR 100.",,True,False,False,False,False,,,program,Bachelor of Science in Labor and Human Resources,https://bulletins.psu.edu/university-course-descriptions/undergraduate/
Not Required,Not Required,"The Bachelor of Landscape Architecture (B.L.A.) is a five-year professional degree program, fully accredited by the Landscape Architecture Accreditation Board (LAAB). Admissions to the Bachelor of Landscape Architecture program are handled through the Undergraduate Admissions Office. To be eligible for entrance to the Bachelor of Landscape Architecture major, a student must: (1) have completed the admission requirements of the University and the College of Arts and Architecture; (2) have a cumulative grade-point average of 2.00 or higher.",Not Required,True,True,True,False,False,,,program,Bachelor of Landscape Architecture in Landscape Architecture,https://bulletins.psu.edu/university-course-descriptions/undergraduate/
Not Required,Not Required,"To be eligible for entrance to the Latin American Studies major, a student must have: attained at least a 2.00 cumulative grade-point average. For admission to the University, undergraduate applicants must submit an application, official high school transcripts or a Self-Reported Academic Record (SRAR), and have completed specific high school units including 4 units of English, 3 units of Mathematics, 3 units of Science, 3 units of Social Studies, and 2 units of a single World Language.",Not Required,True,True,False,False,False,,,program,Bachelor of Arts in Latin American Studies,https://bulletins.psu.edu/university-course-descriptions/undergraduate/
Not Required,Not Required,"Entrance to Major: No additional requirements for admission to this major. For more information about the admission process, students should visit the Undergraduate Admissions website.",Not Required,True,False,False,False,False,,,program,Bachelor of Arts in Law and Society,https://bulletins.psu.edu/university-course-descriptions/undergraduate/
,Required,"To be eligible for entrance to the Letters, Arts, and Sciences major, a student must: (1) have completed at least 27.5 credits; (2) have a cumulative grade-point average of at least 2.00; and (3) submit a proposal for the major. The proposal must be developed in consultation with a faculty advisor. The proposal must include: (1) a statement of the student's goals; (2) a list of the courses that will be used to meet the requirements for the major; and (3) a rationale for how the courses will help the student meet their goals.",,True,True,False,False,False,,,program,"Bachelor of Arts in Letters, Arts, and Sciences",https://bulletins.psu.edu/university-course-descriptions/undergraduate/
,,"Requirements for admission to the University as a first-year student include a high school diploma or equivalent and the completion of the following high school units: 4 units of English, 3 units of mathematics, 3 units of science, 3 units of social studies, and 2 units of the same world language. Penn State is test-optional through fall 2025.",,True,False,False,False,False,,,program,Bachelor of Arts in Linguistics,https://bulletins.psu.edu/university-course-descriptions/undergraduate/
,,"To be eligible for entrance to the Management major, students must: 1. obtain a cumulative grade-point average (GPA) of 2.00 or higher; 2. complete and earn a grade of C or better in: ACCTG 211, ECON 102, ENGL 15 or ENGL 30H or ESL 15, MATH 110 or MATH 140, and STAT 200 or SCM 200.",,False,True,False,False,False,,,program,Bachelor of Science in Management,https://bulletins.psu.edu/university-course-descriptions/undergraduate/
Not Required,Not Required,"To apply for the Bachelor of Science in Management Information Systems at Penn State, first-year applicants must submit an online application (via Penn State’s MyPennState portal or the Common App) and a Self-Reported Academic Record (SRAR). Standardized test scores (SAT or ACT) are optional through the Fall 2025 application cycle. Penn State does not require letters of recommendation, a resume, or a writing sample as part of the undergraduate application process. While an optional personal statement is available within the application, it is not required.",Not Required,True,True,True,False,False,,,program,Bachelor of Science in Management Information Systems,https://catalogs.eku.edu/undergraduate/science-technology-engineering-mathematics/computer-science-information-technology/management-information-systems-bs/
Not Required,Not Required,"To be eligible for entrance to the Marketing major, students must: 1) attain a cumulative grade-point average of 3.20 or higher; 2) complete the following entrance-to-major courses with a grade of C or better: ACCTG 211, ECON 102, ENGL 15 or ENGL 30, MATH 110 or MATH 140, MGMT 301, MKTG 301, and SCM 301; and 3) have completed at least 44 but no more than 59 cumulative credits at Penn State. High school requirements for admission include 4 units of English, 3 units of Mathematics, 3 units of Science/Social Studies, and 2 units of a single World Language.",Not Required,True,True,False,False,False,,,program,Bachelor of Science in Marketing,https://bulletins.psu.edu/university-course-descriptions/undergraduate/
Not Required,Not Required,"To be eligible for entrance to the Materials Science and Engineering major, a student must: 1. Have completed the following entrance-to-major courses with a grade of C or better: CHEM 110, MATH 140, MATH 141, and PHYS 211. 2. Have a minimum cumulative GPA of 2.00. General application requirements include the completion of the Penn State application or Common App, the Self-Reported Academic Record (SRAR), and standardized test scores (SAT or ACT), which are optional through the fall 2025 semester.",Not Required,True,True,True,False,False,,,program,Bachelor of Science in Materials Science and Engineering,https://bulletins.psu.edu/university-course-descriptions/undergraduate/
Not Required,Not Required,"Applicants must have a high school diploma or its equivalent. General freshman admission requirements include 15 secondary school units: 4 units of English, 3 units of mathematics (including algebra, geometry, and algebra 2), 3 units of science, 3 units of social studies, and 2 units of a single world language. For entrance to the Mathematics major, a student must have: 1) attained at least a 2.00 cumulative grade-point average; 2) completed MATH 140 and MATH 141 with a grade of C or better.",Not Required,True,True,True,False,False,,,program,Bachelor of Arts in Mathematics,https://bulletins.psu.edu/university-course-descriptions/undergraduate/
Not Required,Not Required,"In order to be eligible for entrance to the Mathematics major, a student must have: 1. attained at least a 2.00 cumulative grade-point average; 2. completed MATH 140 and MATH 141 with a grade of C or better. General first-year admission requires a high school diploma or equivalent and the completion of specific high school units including English, Mathematics, Science, Social Studies, and World Language.",Not Required,True,True,True,False,False,,,program,Bachelor of Science in Mathematics,https://bulletins.psu.edu/university-course-descriptions/undergraduate/
Not Required,Not Required,"To be eligible for entrance to this major, students must satisfy the following requirements: 1. A minimum cumulative grade point average of 2.60. 2. Completion of the following courses with a grade of C or better: CHEM 110, MATH 140, MATH 141, PHYS 211. General freshman admission requires the submission of an official high school transcript or equivalent.",Not Required,True,True,True,False,False,,,program,Bachelor of Science in Mechanical Engineering,https://bulletins.psu.edu/university-course-descriptions/undergraduate/
,,"To be eligible for the Mechanical Engineering Technology major, a student must have earned a minimum cumulative grade-point average of 2.00 and completed MET 107, MET 111, MATH 022, and MATH 026 or MATH 040 or MATH 041 or MATH 081 or MATH 140. General first-year admission requirements for Penn State Behrend include 4 units of English, 3 units of mathematics (algebra, geometry, trigonometry), 3 units of science, 3 units of social studies, and 2 units of a single world language.",,True,True,True,False,False,,,program,Bachelor of Science in Mechanical Engineering Technology,https://behrend.psu.edu/directory/school-engineering/mechanical-engineering-technology
,,"In order to be eligible for entrance to the Media Studies major, a student must: 1. have attained at least a 2.00 cumulative grade-point average; 2. have completed at least 29.1 credits.",,True,False,False,False,False,,,program,Bachelor of Arts in Media Studies,https://bulletins.psu.edu/university-course-descriptions/undergraduate/
Not Required,Not Required,"In order to be eligible for entrance to this major, a student must have achieved a minimum cumulative grade-point average of 2.00 and have completed the following entrance-to-major requirements: MATH 140, MATH 141, and PHYS 211. General high school requirements for freshman admission include 4 units of English, 3 units of mathematics (algebra, geometry, and trigonometry/pre-calculus), 3 units of science, 3 units of social studies/arts/humanities, and 2 units of a single world language.",Not Required,True,True,True,False,False,,,program,Bachelor of Science in Meteorology and Atmospheric Science,https://bulletins.psu.edu/university-course-descriptions/undergraduate/
Not Required,Not Required,"In order to be eligible for entrance to the Microbiology major, a student must: 1) attained at least a 2.00 cumulative grade-point average; 2) completed MICRB 201(3) or MICRB 202(2) and earned a grade of C or better. Freshman Students: Information on the Penn State admission process for first-year students can be found on the Admissions section of the Bulletin. Transfer Students: Information on the Penn State admission process for transfer students can be found on the Admissions section of the Bulletin.",Not Required,True,True,True,False,False,,,program,Bachelor of Science in Microbiology,https://bulletins.psu.edu/university-course-descriptions/undergraduate/
,,"In order to be eligible for entrance to the Middle Level Education major, a student must: 1. Attain at least a 3.00 cumulative grade point average. 2. Complete at least 48 units of transferable college-level credit. 3. Pass the Basic Skills Requirement. 4. Complete ENGL 15 GWS or ENGL 30 GWS, 3 credits of literature, and MATH 200 and MATH 201. 5. Complete EDPSY 14.",,True,False,False,False,False,,,program,Bachelor of Science in Middle Level Education,https://bulletins.psu.edu/university-course-descriptions/undergraduate/
Not Required,Not Required,"Entrance to Major (ETM) Requirements: In addition to the University requirements for entrance to a major, the College of Earth and Mineral Sciences requires that students complete MATH 140, MATH 141, PHYS 211, and CHEM 110 with a grade of C or better. Students may spend their first two years at any Penn State campus and then finish the final two years at University Park or Fayette.",Not Required,True,True,True,False,False,,,program,Bachelor of Science in Mining Engineering,https://www.eme.psu.edu/undergraduate/academics/undergraduate-programs/mining-engineering-major
,,"In addition to the application for admission to the University, students must also submit a School of Music application and complete an audition on a band or orchestral instrument, piano, organ, or voice. Entrance to the major occurs upon completion of at least 29.1 credits, with a minimum 2.00 cumulative GPA and a successful performance audition.",,True,False,False,False,False,,,program,Bachelor of Arts in Music,https://bulletins.psu.edu/university-course-descriptions/undergraduate/
,,"Entrance to the Bachelor of Music (B.M.) major requires a successful performance audition on a standard orchestral or band instrument, piano, organ, classical guitar, or voice. Audition requirements are available on the School of Music website. In addition to the audition, students must also complete the University application for admission. Students are admitted to the program only after a successful audition has been completed and they have been admitted to the University.",,True,False,False,False,False,,,program,Bachelor of Music in Music,https://bulletins.psu.edu/university-course-descriptions/undergraduate/
Required,Required,"To be considered for admission to the Bachelor of Music Education program, applicants must first apply for undergraduate admission to Penn State. Once the University application is submitted and a Penn State ID number is received, applicants must submit the School of Music supplemental application to schedule an audition. Required components for the School of Music application include a successful performance audition on a primary instrument or voice, an interview with music education faculty, and a brief essay (statement of intent) explaining the applicant's choice of music education as a career. A resume of musical background and activities is also required as part of the supplemental application.",Not Required,True,False,False,False,False,,,program,Bachelor of Music Education in Music Education,https://www.globalreachonline.com/course-details.php?institute_course_id=MTAxMjgy
Required,Required,"Entrance to the Musical Arts major requires a successful audition on an instrument or voice. In addition to the audition, students must submit a personal statement (maximum 500 words) describing their interest in the Bachelor of Musical Arts degree, as well as two letters of recommendation from music professionals. For some students, an interview or a portfolio review may be required.",,True,False,False,False,False,,,program,Bachelor of Musical Arts in Musical Arts,https://bulletins.psu.edu/university-course-descriptions/undergraduate/
Required,,"Admission to the Musical Theatre option is based on an audition. Potential students must first be admitted to the university and then audition for the program. The audition process involves a pre-screen submission including a resume, headshot, and performance videos. Candidates who pass the pre-screen are invited to a final audition consisting of singing, acting, and dance components.",,True,True,False,False,False,,,program,Bachelor of Fine Arts in Musical Theatre,https://bulletins.psu.edu/university-course-descriptions/undergraduate/
,,"To be eligible for entrance to the Nuclear Engineering major, students must satisfy the following requirements: 29-55 cumulative credits (one semester in residence at Penn State); 2.60 cumulative grade-point average; and completion of MATH 140, MATH 141, PHYS 211, and CHEM 110 with a grade of C or better.",,True,False,True,False,False,,,program,Bachelor of Science in Nuclear Engineering,https://bulletins.psu.edu/undergraduate/colleges/engineering/nuclear-engineering-bs/nuclear-engineering-bs_suggestedacademicplantext.pdf
,Not Required,"Admission to the Nursing major is competitive. Review factors include the high school grade-point average and high school coursework. Review of applications for the Nursing major begins in early November. First-year students who select the Nursing major on their application will be reviewed for admission to the College of Nursing. High school students are required to have: 4 units of English, 3 units of mathematics (algebra, geometry, and trigonometry or higher math), 3 units of science, and 3 units of social studies, humanities, or the arts. In addition, two units of the same world language other than English are required.",Not Required,True,True,False,False,False,,,program,Bachelor of Science in Nursing,https://bulletins.psu.edu/university-course-descriptions/undergraduate/
Not Required,Not Required,"First-year students who meet the university admission requirements are admitted directly into the major. High school unit requirements include: 4 units of English, 3 units of Mathematics (Algebra, Geometry, and Trigonometry), 3 units of Science, 3 units of Social Studies, Arts, or Humanities, and 2 units of a single World Language. Penn State is currently test-optional through the Fall 2025 semester. To be eligible for entrance to the Nutritional Sciences major, a student must have a cumulative grade-point average of at least 2.00.",,True,True,True,False,False,,,program,Bachelor of Science in Nutritional Sciences,https://bulletins.psu.edu/university-course-descriptions/undergraduate/
,,"For information about the Penn State application process, please visit the Office of Undergraduate Admissions website. To be eligible for entrance to the Organizational Leadership major, a student must have: 1. attained at least a 2.00 cumulative grade-point average.",,True,True,False,False,False,,,program,Bachelor of Arts in Organizational Leadership,https://bulletins.psu.edu/undergraduate/colleges/liberal-arts/organizational-leadership-bs/
Not Required,Not Required,"Penn State reviews applications for first-year and transfer admission based on a variety of factors, including high school GPA, high school coursework, and standardized test scores (if submitted). For transfer students, the primary consideration is the student’s academic record at previous colleges or universities. High school students are expected to complete specific units of study, including English, Social Studies, Science, Arts/Humanities, and Mathematics (Algebra 1, Algebra 2, and Geometry/Trigonometry).",Not Required,True,True,False,False,False,,,program,Bachelor of Science in Organizational Leadership,https://bulletins.psu.edu/university-course-descriptions/undergraduate/
Not Required,Not Required,"In order to be eligible for entrance to this major, students must satisfy the following requirements: attained at least a 2.00 cumulative grade-point average; completed MATH 140, MATH 141, PHYS 211, and CHEM 110 with a grade of C or better. General undergraduate admission also requires the completion of specific high school units: 4 units of English, 3 units of social studies, 3 units of science, 3 units of math (algebra, geometry, and trigonometry), and 2 units of a single world language.",Not Required,True,True,True,False,False,,,program,Bachelor of Science in Petroleum and Natural Gas Engineering,https://bulletins.psu.edu/university-course-descriptions/undergraduate/
,,"In order to be eligible for entrance to this major, a student must: 1. complete the following entrance to major course with a grade of C or better: PHIL 1 or PHIL 2 or PHIL 12 or PHIL 13; 2. have a minimum cumulative grade-point average of 2.00.",,True,False,False,False,False,,,program,Bachelor of Arts in Philosophy,https://bulletins.psu.edu/university-course-descriptions/undergraduate/
Not Required,Not Required,"To be eligible for entrance to the Physics major, a student must have attained at least a 2.00 cumulative grade-point average and completed MATH 140, MATH 141, PHYS 211, and PHYS 212 and earned a grade of C or better in each of these courses. General first-year admission requirements include the completion of specific high school units: 4 units of English, 3 units of mathematics (algebra, geometry, and trigonometry), 3 units of science, 3 units of social studies, and 2 units of a single world language. Applicants must also provide high school transcripts or a Self-Reported Academic Record (SRAR).",Not Required,True,True,True,False,False,,,program,Bachelor of Science in Physics,https://bulletins.psu.edu/university-course-descriptions/undergraduate/
,,"In order to be eligible for entrance to this major, a student must: 1. attain at least a 2.00 cumulative grade-point average and 2. have completed MATH 140, MATH 141, PHYS 211, and PHYS 212, and earned at least a grade of C in each of these courses.",,True,True,True,False,False,,,program,Bachelor of Science in Planetary Science and Astronomy,https://bulletins.psu.edu/university-course-descriptions/undergraduate/
Not Required,Not Required,"Entrance to the Plant Sciences major requires a 2.00 or higher cumulative grade-point average. For first-year admission, Penn State requires a completed application and high school transcripts. The university is test-optional for the 2024 and 2025 application cycles, meaning SAT or ACT scores are not required but may be submitted for consideration.",Not Required,True,True,True,False,False,,,program,Bachelor of Science in Plant Sciences,https://agsci.psu.edu/academics/undergraduate/degree-explorer/plant-sciences
,,"In order to be eligible for entrance to the Political Science major, a student must have: 1. attained at least a 2.00 cumulative grade-point average; 2. completed PLSC 1, PLSC 3, PLSC 7, or PLSC 14 with a grade of C or better. For the B.A. degree in Political Science, a minimum of 123 credits is required.",,True,False,False,False,False,,,program,Bachelor of Arts in Political Science,https://bulletins.psu.edu/university-course-descriptions/undergraduate/
Not Required,Not Required,"To be eligible for entrance to the Political Science major, a student must: (1) have completed at least 29 credits; (2) have a minimum cumulative grade-point average of 2.00; (3) have completed and earned a grade of C or better in at least two of the following: PLSC 1, PLSC 3, PLSC 7, PLSC 14; and (4) have completed and earned a grade of C or better in 3 credits of GH, GS, or GHW.",Not Required,True,True,False,False,False,,,program,Bachelor of Science in Political Science,https://bulletins.psu.edu/university-course-descriptions/undergraduate/
Not Required,Not Required,"For the Materials Science and Engineering major (which offers an emphasis in Polymer Science and Engineering), first-year applicants must meet Penn State's general undergraduate admission requirements, including submission of a high school transcript or equivalent and the Self-Reported Academic Record (SRAR). For students seeking entrance to the major, specific requirements include the completion of CHEM 110, MATH 140, MATH 141, and PHYS 211 with a grade of C or better and a minimum cumulative grade-point average (GPA) of 2.00. Additionally, Penn State is test-optional through the Fall 2025 semester, meaning standardized test scores are not required for admission.",Not Required,True,True,True,False,False,,,program,Bachelor of Science in Polymer Science and Engineering,https://bulletins.psu.edu/university-course-descriptions/undergraduate/
,Required,"To be considered for the Premedical-Medical program, a student must be in their final year of high school. In addition to completing the Penn State application, a student must submit an official SAT or ACT score (the SAT/ACT requirement is not optional for this program). Admission to this program is highly selective. The most successful applicants have: A minimum combined SAT score of 1470 (Evidence-based Reading and Writing + Math) OR a composite ACT score of 32; Rank in the top 10 percent of their high school graduating class; and Significant volunteer or work experience in a healthcare setting. After an initial review, a select group of applicants will be invited to complete the second phase of the application process, which includes an additional application, three letters of recommendation, and a personal statement.",,True,False,True,True,True,32.0,1470.0,program,Bachelor of Science in Premedical-Medical,https://bulletins.psu.edu/university-course-descriptions/undergraduate/
Not Required,Not Required,"In order to be eligible for entrance to this major, a student must: 1) attain at least a 2.00 cumulative grade-point average and 2) complete the following courses with a grade of C or better: CHEM 110, CHEM 111, CHEM 112, CHEM 113, MATH 140, MATH 141.",Not Required,True,True,True,False,False,,,program,Bachelor of Science in Premedicine,https://bulletins.psu.edu/undergraduate/colleges/eberly-science/premedicine-bs/
,,"To be eligible for entrance to the Professional Photography major, a student must: 1. attain at least a 2.00 cumulative grade-point average; 2. satisfy any other entrance requirements for the major. Administrative Enrollment Controls are initiated when student demand exceeds the capacity of a program's faculty or facilities. Students must have completed a certain number of credits and have a specific grade point average for admission.",,True,True,False,False,False,,,program,Bachelor of Design in Professional Photography,https://bulletins.psu.edu/undergraduate/colleges/arts-architecture/professional-photography-bdes/professional-photography-bdes.pdf
Not Required,Not Required,"To apply for undergraduate admission to the Bachelor of Science in Project and Supply Chain Management, students must submit an application through MyPennState or the Common App, and provide a Self-Reported Academic Record (SRAR). Penn State is test-optional for students applying through the fall 2025 semester. For entrance to the major, students typically must complete specific prerequisite courses, including MATH 110 or MATH 140, STAT 200 or SCM 200, and ENGL 15 or ENGL 30H, with a grade of C or better, and meet minimum cumulative GPA requirements.",Not Required,True,True,True,False,False,,,program,Bachelor of Science in Project and Supply Chain Management,https://vertexaisearch.cloud.google.com/grounding-api-redirect/AUZIYQHbb_kNMO73_-GM-WfgBJdafZpv1klpFqyw7l3HxIrf3wN5K4qCRSKkaFz3JN1tJEy2oRHfrUqM5BM4_i_E5adDpoYpfWswzEFYjB8ToS4EJ8cyW3w9Z-ZVeIegMnPuy-3uTA==
,,"In order to be eligible for entrance to the Psychology major, a student must have: attained at least a 2.00 cumulative grade-point average; completed PSYCH 100 with a grade of C or better; and completed one of the following with a grade of C or better: STAT 200, SOC 1, or PSYCH 100. Applicants must also meet general high school unit requirements, which include 4 units of English, 3 units of Mathematics, 3 units of Science, 3 units of Social Studies, and 2 units of World Language.",,True,True,False,False,False,,,program,Bachelor of Arts in Psychology,https://bulletins.psu.edu/undergraduate/colleges/liberal-arts/psychology-ba/psychology-ba_suggestedacademicplantext.pdf
,Not Required,"First-year applicants must submit the Self-Reported Academic Record (SRAR) and meet specific high school unit requirements: 4 units of English, 3 units of Mathematics (including algebra, geometry, and trigonometry or higher math), 3 units of Science, 3 units of Social Studies/Arts/Humanities, and 2 units of a single World Language. For formal entrance to the Psychology B.S. major, students must complete PSY 100, STAT 200 or PSY 200, and one additional 200-level PSY course (such as PSY 212, PSY 221, or PSY 231) with a grade of C or better, and maintain a minimum cumulative grade-point average of 2.00.",,True,True,True,False,False,,,program,Bachelor of Science in Psychology,https://bulletins.psu.edu/university-course-descriptions/undergraduate/
,,"To be eligible for entrance to the Public Policy major, a student must have: attained at least a 2.00 cumulative grade-point average.",,True,True,False,False,False,,,program,Bachelor of Arts in Public Policy,https://bulletins.psu.edu/university-course-descriptions/undergraduate/
,,"In order to be eligible for entrance to this major, students must satisfy the following requirements: be enrolled in the College of Health and Human Development or the Division of Undergraduate Studies. have completed the following: ENGL 15 or ENGL 30H; and 3 credits from the following: STAT 200, PSYCH 200, or SOC 7.",,True,False,False,False,False,,,program,"Bachelor of Science in Recreation, Park, and Tourism Management",https://bulletins.psu.edu/university-course-descriptions/undergraduate/
,,"In order to be eligible for entrance to this major, a student must: 1. have attained at least a 2.00 cumulative grade-point average; and 2. have at least third-semester classification (at least 29.1 credits). For information on the Penn State admission process, please visit the Undergraduate Admissions website.",,True,True,False,False,False,,,program,Bachelor of Science in Rehabilitation and Human Services,https://bulletins.psu.edu/undergraduate/colleges/university-college/rehabilitation-human-services-bs/
Not Required,Not Required,"To apply for undergraduate admission at Penn State, first-year applicants must submit an application (either via MyPennState or the Common App) and their official high school transcripts (Self-Reported Academic Record). For the 2025-26 academic year, Penn State is test-optional, meaning students may choose whether or not to submit SAT or ACT scores for consideration.",Not Required,True,True,False,False,False,,,program,Bachelor of Arts in Religious Studies,https://la.psu.edu/future-students/academics/degrees/religious-studies/
,,"Entrance to the Risk Management major occurs during the spring semester of the student's sophomore year. A student must have: (1) attained at least a 3.20 cumulative grade point average (this GPA is subject to change each year); (2) completed or be currently enrolled in all entrance-to-major courses; (3) completed at least 44 cumulative credits at Penn State; and (4) submitted an application for the major through LionPATH. The following entrance-to-major courses must be completed with a grade of C or better: MATH 110 or MATH 140, ACCTG 211, ECON 102, ENGL 15 or ENGL 30, MGMT 301, MKTG 301, STAT 200 or SCM 200.",,True,True,False,False,False,,,program,Bachelor of Science in Risk Management,https://bulletins.psu.edu/undergraduate/colleges/smeal-business/risk-management-bs/
,,"To be eligible for entrance to the Russian major, a student must have: 1. attained at least a 2.00 cumulative grade point average; 2. completed at least 29.1 credits. For the B.A. degree in Russian, a minimum of 120 credits is required. For Penn State's general admission requirements, please visit the Undergraduate Admissions website.",,True,False,False,False,False,,,program,Bachelor of Arts in Russian,https://bulletins.psu.edu/university-course-descriptions/undergraduate/
Not Required,Not Required,"To be considered for first-year admission to Penn State, applicants must submit the online application and the Self-Reported Academic Record (SRAR). Penn State is test-optional through the fall 2025 semester; first-year applicants can choose whether to submit SAT or ACT scores. For students already enrolled at the university, entry to the Science (SCIBC) major requires a 2.00 or higher cumulative grade-point average and at least 29.1 credits.",Not Required,True,True,True,False,False,,,program,Bachelor of Science in Science,https://bulletins.psu.edu/university-course-descriptions/undergraduate/
,Not Required,"In order to be eligible for entrance to the Secondary Education major, a student must: 1) have completed at least 27.1 credits and have a cumulative grade-point average of 3.00; 2) have completed CI 280 and EDPSY 14 with a grade of C or better; 3) provide evidence of 80 hours of volunteer or paid service with learners of the age group the candidate plans to teach; 4) submit a completed Entrance-to-Major application; and 5) provide evidence of having completed at least 6 credits of college-level mathematics, 3 credits of college-level English literature, and 3 credits of college-level English composition.",,True,False,False,False,False,,,program,Bachelor of Science in Secondary Education,https://bulletins.psu.edu/university-course-descriptions/undergraduate/
Not Required,Not Required,"To be eligible for entrance to the Security and Risk Analysis major, students must: 1) have completed the following entrance-to-major requirements with a grade of C or better: IST 140, SRA 111, MATH 110 or MATH 140, and STAT 200 or SCM 200; and 2) have achieved a minimum cumulative grade-point average of 2.00. Incoming first-year students are admitted directly into the College of Information Sciences and Technology as pre-major students.",Not Required,True,True,True,False,False,,,program,Bachelor of Science in Security and Risk Analysis,https://bulletins.psu.edu/university-course-descriptions/undergraduate/
Required,Required,"In order to be eligible for entrance to the Social Work major, a student must: 1. Have completed 32.1 or more credits. 2. Have a cumulative GPA of 2.50 or higher. 3. Have completed SOC 1 or SOC 5 with a grade of C or better. 4. Have completed or be enrolled in SW 200W with a grade of C or better. 5. Complete an application for entrance to the B.S.W. program.",,True,True,False,False,False,,,program,Bachelor of Social Work in Social Work,https://bulletins.psu.edu/university-course-descriptions/undergraduate/
,,"Incoming first-year students are admitted directly to the major. For more information about the admission process, students should visit the Undergraduate Admissions website.",,True,True,False,False,False,,,program,Bachelor of Arts in Sociology,https://bulletins.psu.edu/university-course-descriptions/undergraduate/
Not Required,Not Required,"Incoming freshmen at University Park are admitted directly into the College of the Liberal Arts. For University-wide admission policies, please consult the Undergraduate Education section of this Bulletin. To be eligible for entrance to the Sociology (SOCBS) major, a student must have: attained at least a 2.00 cumulative grade-point average.",Not Required,True,True,False,False,False,,,program,Bachelor of Science in Sociology,https://bulletins.psu.edu/university-course-descriptions/undergraduate/
,,"To be eligible for entrance to the Spanish major, a student must: 1) have completed at least 29.1 cumulative credits; 2) have a minimum cumulative grade-point average of 2.00.",,True,False,False,False,False,,,program,Bachelor of Arts in Spanish,https://bulletins.psu.edu/university-course-descriptions/undergraduate/
,,"To be eligible for entrance to the Special Education major, a student must: (1) have completed at least 29.1 credits; (2) have a cumulative grade-point average of at least 3.00 (and maintain it); (3) have completed with a grade of C or better: CI 295 (or equivalent), EDPSY 10 or 11, EDTHP 115, ENGL 15 or 30H, MATH 200; (4) have completed at least 6 credits of university-level English literature and composition and 6 credits of university-level mathematics; (5) documentation of at least 80 hours of volunteer or paid education work with people with disabilities.",,True,False,False,False,False,,,program,Bachelor of Science in Special Education,https://bulletins.psu.edu/university-course-descriptions/undergraduate/
Not Required,Not Required,"For admission to the University, students must submit a high school transcript or equivalent and meet specific high school unit requirements, including 4 units of English, 3 units of Mathematics, 3 units of Science, 3 units of Social Studies, and 2 units of World Language. For formal entrance to the Statistics (B.S.) major, students must have attained at least a 2.00 cumulative grade-point average and have completed MATH 140, MATH 141, and either STAT 200 or STAT 250 with a grade of C or better in each of these courses.",Not Required,True,True,True,False,False,,,program,Bachelor of Science in Statistics,https://bulletins.psu.edu/university-course-descriptions/undergraduate/
Not Required,Not Required,"To be eligible for entrance to the Supply Chain and Information Systems (SCIS_BS) major, students must: 1. have completed 44-59 cumulative credits at Penn State (this includes current-semester credits in progress). 2. have completed with a grade of C or better: ACCTG 211, ECON 102, ENGL 15, ENGL 30H, or ESL 15, MATH 110 or MATH 140, and STAT 200 or SCM 200. 3. have achieved a minimum cumulative grade-point average (GPA).",Not Required,True,True,True,False,False,,,program,Bachelor of Science in Supply Chain and Information Systems,https://bulletins.psu.edu/university-course-descriptions/undergraduate/
Not Required,Not Required,"Entrance to the Telecommunications and Media Industries major (formerly Telecommunications) requires that a student have a 2.00 or higher cumulative grade-point average and have completed COMM 100, COMM 160, or COMM 180 with a grade of C or better. For the B.A. degree, a minimum of 120 credits is required, including at least 42 credits in the major. Penn State is test-optional for first-year applicants through the fall 2025 semester, meaning standardized test scores are not required for admission.",Not Required,True,True,False,False,False,,,program,Bachelor of Arts in Telecommunications,https://bulletins.psu.edu/university-course-descriptions/undergraduate/
Required,Required,"Entrance to the Theatre major requires a successful audition or interview for all students. This is in addition to the University’s application for admission. To be eligible for entrance to the Theatre major, a student must have completed at least 18 scholarship credits at Penn State and earned at least a 2.00 cumulative grade-point average.",,True,True,False,False,False,,,program,Bachelor of Arts in Theatre,https://bulletins.psu.edu/university-course-descriptions/undergraduate/
Required,Required,"Admission to the Bachelor of Fine Arts (BFA) in Theatre program at Penn State is by interview or audition. This is in addition to the standard Penn State undergraduate application. Applicants must first apply for admission to Penn State through MyPennState or the Common App and then complete a secondary artistic review process via the School of Theatre, which includes submitting a portfolio, resume, personal statement, and participating in an audition or interview depending on the specific concentration (Acting, Musical Theatre, Design and Technology, or Stage Management).",,True,True,False,False,False,,,program,Bachelor of Fine Arts in Theatre,https://catalog.illinois.edu/undergraduate/faa/theatre-bfa/
,,"For the Bachelor of Science degree in Turfgrass Science, a minimum of 120 credits is required. In order to be eligible for entrance to this major, a student must: 1. attained at least a 2.00 cumulative grade-point average. 2. completed and earned a grade of C or better in: BIOL 110, CHEM 110, TURF 235.",,True,True,True,False,False,,,program,Bachelor of Science in Turfgrass Science,https://bulletins.psu.edu/university-course-descriptions/undergraduate/
Not Required,Not Required,"The Bachelor of Science degree in Veterinary and Biomedical Sciences (VBSC) provides students with a strong foundation in the biological and physical sciences. For the B.S. degree in Veterinary and Biomedical Sciences, a minimum of 124 credits is required. To be eligible for entrance to the major, a student must have attained at least a 2.00 cumulative grade-point average. Additionally, each student must earn at least a grade of C in each of the following courses: BIOL 110, BIOL 220W, BIOL 230W, VBSC 50, VBSC 211, and MICRB 201. General first-year application requirements for Penn State include a high school diploma or equivalent and the following high school units: 4 English, 3 Mathematics, 3 Science, 3 Social Studies, and 2 World Language.",Not Required,True,True,True,False,False,,,program,Bachelor of Science in Veterinary and Biomedical Sciences,https://bulletins.psu.edu/university-course-descriptions/undergraduate/
,Required,"For the Bachelor of Arts in Visual Arts, students must apply to the University and also submit a portfolio through the School of Visual Arts Slideroom. Portfolios are reviewed once a year for admission to the program in the following fall semester. To be eligible for entrance to the Visual Arts major (B.A.), a student must: 1) have completed at least 29.1 credits; 2) have a minimum cumulative grade-point average of 2.00; 3) have completed ART 1, ART 20, ART 30, ART 40, ART 50, and ARTH 111 or ARTH 112 with a grade of C or better.",,True,True,False,False,False,,,program,Bachelor of Arts in Visual Arts,https://bulletins.psu.edu/university-course-descriptions/undergraduate/
Not Required,Not Required,"In order to be eligible for entrance to this major, a student must satisfy the following requirements: 1. have completed 29-59 cumulative credits; 2. have a minimum cumulative grade-point average of 2.00. For first-year students, admission is based on high school records and optional standardized test scores. Students must have a minimum of 15 units in required subject areas: 4 units of English, 3 units of Mathematics, 3 units of Science, 3 units of Social Studies, and 2 units of World Language.",Not Required,True,True,True,False,False,,,program,Bachelor of Science in Wildlife and Fisheries Science,https://bulletins.psu.edu/university-course-descriptions/undergraduate/
Not Required,Not Required,"To be eligible for admission to the Women's Studies major, students must be enrolled in the College of the Liberal Arts or the Division of Undergraduate Studies and have a cumulative grade-point average of 2.00 or higher.",Not Required,True,False,False,False,False,,,program,Bachelor of Arts in Women's Studies,https://bulletins.psu.edu/university-course-descriptions/undergraduate/
,,"In order to be eligible for entrance to this major, students must satisfy the following requirements: achieve a minimum cumulative grade point average of 3.00; complete at least 48 degree-applicable credits; complete the following courses with a grade of C or better: ENGL 15 or ENGL 30, 3 credits of literature (GH) from the University-approved list, EDPSY 14 or PSYCH 100, and 6 credits of quantification (GQ); provide documentation of at least 40 hours of volunteer or paid experience with learners of the age group the candidate plans to teach; complete a speech-and-hearing screening (at no cost to the student); complete an interview with a World Languages Education faculty member; and complete a dispositional assessment.",,True,False,False,False,False,,,program,Bachelor of Science in World Languages Education,https://bulletins.psu.edu/university-course-descriptions/undergraduate/
,,"To apply for the Associate in Science in Business Administration, you must have a high school diploma or its equivalent (GED). High school students may apply for admission; however, they may not begin their studies until they have graduated from high school. Transfer students may also apply; however, any credit earned at another institution will be evaluated on a case-by-case basis.",,True,True,False,False,False,,,program,Associate in Science in Business Administration,https://www.worldcampus.psu.edu/degrees-and-certificates/associate-degrees
,,"To be eligible for admission to the Associate in Science in Criminal Justice degree program, a student must be a high school graduate or have earned a General Education Development (GED) certificate or its equivalent.",,True,False,False,False,False,,,program,Associate in Science in Criminal Justice,https://bulletins.psu.edu/university-course-descriptions/undergraduate/
Not Required,Not Required,"Applicants must submit a completed application, including the Self-Reported Academic Record (SRAR) or official high school transcripts. Penn State is test-optional for undergraduate admission; students may choose whether or not to include SAT or ACT scores as part of their application.",Not Required,True,False,False,False,False,,,program,"Associate in Arts in Letters, Arts, and Sciences",https://bulletins.psu.edu/university-course-descriptions/undergraduate/
,,"For the Associate in Science degree in Human Development and Family Studies, a minimum of 60 credits is required. To be eligible for entrance to the Human Development and Family Studies major, a student must: 1) attain at least a 2.00 cumulative grade point average.",,True,False,False,False,False,,,program,Associate in Science in Human Development and Family Studies,https://bulletins.psu.edu/university-course-descriptions/undergraduate/
,,Admission to the Information Sciences and Technology (ISTAS_AS) major is based on the admission requirements for Penn State. Students who meet the University's minimum requirements for admission are eligible to enroll in this major.,,True,False,True,False,False,,,program,Associate in Science in Information Sciences and Technology,https://bulletins.psu.edu/undergraduate/colleges/university-college/information-sciences-technology-as/
,,"To be eligible for admission to an associate degree, an applicant must have a high school diploma or a General Education Development (GED) credential. For the Associate in Science degree in Labor and Human Resources, a minimum of 60 credits is required.",,True,False,False,False,False,,,program,Associate in Science in Labor and Human Resources,https://bulletins.psu.edu/university-course-descriptions/undergraduate/
,,"Admission to the program is through the Penn State Undergraduate Admissions Office. To be considered for admission, you must have high school units in: English (4), Social Studies/Arts/Humanities (3), Science (3), Math (3, including algebra). You must have also completed one unit of high school biology and one unit of high school chemistry.",,True,False,False,False,False,,,program,Associate in Science in Nursing,https://www.nursing.psu.edu/about/
,,General admission criteria are used to assess students' eligibility for the OTA program. High school grades in units of study are used to determine eligibility for admission. Prospective students must also complete 15 hours of observation in at least two different occupational therapy settings and submit a completed Clinical Observation Form with the application.,,True,False,False,False,False,,,program,Associate in Science in Occupational Therapy Assistant,https://bulletins.psu.edu/university-course-descriptions/undergraduate/
,,"Entry to the PTA program is a two-step process: (1) Entry to Penn State; (2) Entry to the Physical Therapist Assistant (PTA) Program. Students must first be admitted to Penn State. Once admitted, students will then apply for entry to the PTA program. Entry into the program is based on: 1) High school grades or college grades (if 18 or more college-level credits are completed); 2) SAT or ACT scores (if applicable); 3) Documentation of observation in a physical therapy setting; 4) A program application.",,True,True,False,False,False,,,program,Associate in Science in Physical Therapist Assistant,https://bulletins.psu.edu/university-course-descriptions/undergraduate/
,,"Admission to the program is based on high school record (GPA) or, for transfer students, college academic record. Enrollment in the Radiologic Sciences program is limited, and students must be aware that admission to the University does not guarantee admission to the clinical component of the program. Admission to the clinical component is a separate process.",,True,False,True,False,False,,,program,Associate in Science in Radiologic Sciences,https://bulletins.psu.edu/university-course-descriptions/undergraduate/
,,"Entrance to the Biomedical Engineering Technology major (2ET) requires that the student has: 1) completed MATH 22 or is eligible for MATH 26 or higher, and 2) completed CHEM 110. For the Associate in Engineering Technology degree in Biomedical Engineering Technology, a minimum of 68 credits is required.",,True,True,True,False,False,,,program,Associate in Engineering Technology in Biomedical Engineering Technology,https://bulletins.psu.edu/undergraduate/colleges/engineering/biomedical-engineering-bs/
,,"Penn State identifies and reviews a number of factors when making an admission decision. These include your high school grades and curriculum, your standardized test scores (optional), your class rank (if available), and other factors like your application essay and involvement in activities.",,True,True,True,False,False,,,program,Associate in Engineering Technology in Electrical Engineering Technology,https://bulletins.psu.edu/university-course-descriptions/undergraduate/
Not Required,Not Required,"Students must have a high school diploma or its equivalent. High school unit requirements include: 3 units of English, 3 units of Mathematics (including algebra, geometry, and trigonometry), 3 units of Science, and 5 units of other subjects. This program is currently only available at the Penn State Berks and Penn State DuBois campuses. Standardized test scores (SAT or ACT) are not required for students applying for admission through the Fall 2025 semester.",Not Required,True,True,True,False,False,,,program,Associate in Engineering Technology in Mechanical Engineering Technology,https://bulletins.psu.edu/university-course-descriptions/undergraduate/
,,"For admission to the University, an applicant must have a high school diploma or its equivalent. To be eligible for admission to the Nanotechnology major, students must have a grade-point average of 2.0 or higher.",,True,True,True,False,False,,,program,Associate in Engineering Technology in Nanotechnology,https://bulletins.psu.edu/university-course-descriptions/undergraduate/
Not Required,Not Required,There are no additional entrance requirements for this major.,Not Required,True,True,True,False,False,,,program,Associate in Science in Wildlife Technology,https://bulletins.psu.edu/university-course-descriptions/undergraduate/
,,"To be admitted to the minor, students must be in a major that is not Accounting and have a cumulative grade-point average of 2.0 or higher. Admission into the Accounting minor is competitive. Students must have completed the following courses with a grade of C or better: ACCTG 211, ECON 102, and (MATH 110 or MATH 140).",,True,False,False,False,False,,,program,Minor in Accounting,https://bulletins.psu.edu/programs/
,,"For admission to the minor, students must have completed at least 45 credits and be in good academic standing.",,True,False,False,False,False,,,program,Minor in Addictions and Recovery,https://bulletins.psu.edu/university-course-descriptions/undergraduate/
,,"Any student enrolled in a major at Penn State may apply for the Aerospace Engineering minor. Some prerequisites may be required. To be admitted to the minor, students must have a grade of C or better in AERSP 311 and AERSP 313. Some courses may require prerequisites. Students may apply for admission to the minor through the LionPATH 'Update Academics' tool.",,True,False,True,False,False,,,program,Minor in Aerospace Engineering,https://bulletins.psu.edu/undergraduate/colleges/engineering/information-sciences-technology-aerospace-engineering-minor/information-sciences-technology-aerospace-engineering-minor.pdf
,,A student must be at least a fifth-semester standing to apply for a minor in the College of the Liberal Arts. A grade of C or better is required for all courses in the minor. The minor requires a minimum of 18 credits.,,True,False,False,False,False,,,program,Minor in African American Studies,https://bulletins.psu.edu/university-course-descriptions/undergraduate/
,,"For a minor in African Studies, a minimum of 18 credits is required. A grade of C or better is required for all courses in the minor. At least 6 credits must be at the 400 level. To be admitted to the minor, students must have completed at least one African Studies course.",,True,False,False,False,False,,,program,Minor in African Studies,https://bulletins.psu.edu/university-course-descriptions/undergraduate/
,,"At least a 2.00 cumulative grade-point average and at least third-semester classification are required for admission. A grade of C or better is required for all courses in the minor, as specified by Senate Policy 59-10. In addition, at least six credits of the supplement 400-level courses must be taken from the Department of Agricultural Economics, Sociology, and Education.",,True,False,False,False,False,,,program,Minor in Agribusiness Management,https://bulletins.psu.edu/university-course-descriptions/undergraduate/
,,Admission to the minor is by permission of the minor adviser. Students are required to have a 2.00 or higher grade point average to be admitted to the minor.,,True,False,True,False,False,,,program,Minor in Agronomy,https://bulletins.psu.edu/university-course-descriptions/undergraduate/
,,"A student must have at least a 2.00 cumulative grade-point average to be accepted into a minor. A student may not declare a minor until they have attained at least third-semester classification (29.1 credits). A grade of C or better is required for all courses in the minor. To graduate with this minor, at least 6 credits of the 18 credits for the minor must be at the 400-level.",,True,False,False,False,False,,,program,Minor in American Studies,https://bulletins.psu.edu/university-course-descriptions/undergraduate/
,,"To be eligible to declare a minor, a student must have completed at least 1 semester of University enrollment and be in good academic standing (2.00 or higher cumulative GPA).",,True,False,True,False,False,,,program,Minor in Animal Science,https://bulletins.psu.edu/university-course-descriptions/undergraduate/
,,A grade of C or better is required for all courses in the minor. At least six credits of the minor must be unique from the prescribed courses required by a student's major program.,,True,False,False,False,False,,,program,Minor in Anthropology,https://bulletins.psu.edu/university-course-descriptions/undergraduate/
,,"To be admitted to the minor, a student must have at least a 2.0 GPA. At least six credits of the minor must be unique from any other degree or minor.",,True,False,False,False,False,,,program,Minor in Arabic,https://bulletins.psu.edu/university-course-descriptions/undergraduate/
,,"To be admitted to a minor, an undergraduate student must be enrolled in a major and must have completed at least 18 credits at Penn State or have transferred at least 18 credits to Penn State.",,True,False,False,False,False,,,program,Minor in Architectural History,https://bulletins.psu.edu/university-course-descriptions/undergraduate/
,,"The minor is open to all students, except those in the pre-architecture and architecture majors. Entry into the minor requires a cumulative GPA of 2.0 or better. A student enrolled in this minor must receive a grade of C or better in all courses required for the minor, as specified in 12.A of the Senate Rules and Regulations. At least 6 credits of the minor must be unique from any other degree or minor program in which the student is enrolled.",,True,False,True,False,False,,,program,Minor in Architecture,https://bulletins.psu.edu/university-course-descriptions/undergraduate/
,,"To be admitted to the minor, students must be at least 3rd-semester standing and have a 2.00 or higher cumulative grade point average.",,True,False,False,False,False,,,program,Minor in Art,https://bulletins.psu.edu/university-course-descriptions/undergraduate/
,,"At least six (6) credits of the minor must be unique from the 400-level courses required for the student's major program, or any other minor. To graduate with the minor, students must complete the requirements as specified by the program. A grade of C or better is required for all courses in the minor. A student may not declare a minor until they have been accepted into a major. Application for a minor is made in LionPATH.",,True,False,False,False,False,,,program,Minor in Art History,https://bulletins.psu.edu/university-course-descriptions/undergraduate/
,,Students may apply for admission to the minor after they have achieved at least third-semester classification (29.1 credits).,,True,False,False,False,False,,,program,Minor in Asian Studies,https://bulletins.psu.edu/university-course-descriptions/undergraduate/
,,"To be admitted to the minor, a student must have at least a 2.00 cumulative GPA and have completed MATH 140 and MATH 141 with a grade of C or better. At least 18 credits are required for the minor. A grade of C or better is required for all courses in the minor. At least six credits of the minor must be unique from the student's major degree requirements.",,True,False,True,False,False,,,program,Minor in Astronomy and Astrophysics,https://bulletins.psu.edu/university-course-descriptions/undergraduate/
,,"To be eligible for the Minor in Astrobiology, a student must be enrolled in a baccalaureate degree program. Requirements for a minor must be completed in conjunction with a major degree program. A student must complete at least six credits of the minor at the 400-level. A grade of C or better is required for all courses in the minor, as specified by University Policy 59-10. At least six credits of the minor must be unique from any other degree or minor earned by the student.",,True,False,True,False,False,,,program,Minor in Astrobiology,https://bulletins.psu.edu/university-course-descriptions/undergraduate/
Not Required,Not Required,"Students must be in at least their third semester at Penn State and have a cumulative grade-point average of 2.0 or higher. Some minors have additional requirements; however, this minor does not.",Not Required,True,False,False,False,False,,,program,Minor in Bioethics,https://bulletins.psu.edu/university-course-descriptions/undergraduate/
,,"To be admitted to the minor, students must have completed BIOL 110 and have a 2.00 or higher GPA. A grade of C or better is required for all courses in the minor, as specified by Senate Policy 59-10. In addition, at least six credits of the minor must be unique from the prescribed courses required by a student's major and at least six credits must be upper-level (400-level) courses.",,True,False,True,False,False,,,program,Minor in Biology,https://bulletins.psu.edu/university-course-descriptions/undergraduate/
,,"To be eligible for admission to the minor, a student must be enrolled in a major outside of the Smeal College of Business and have a cumulative GPA of 2.00 or higher.",,True,False,False,False,False,,,program,Minor in Business,https://bulletins.psu.edu/university-course-descriptions/undergraduate/
,,"To be eligible for the minor, students must have completed BLAW 341 with a grade of C or better and have a cumulative GPA of 2.0 or higher.",,True,False,False,False,False,,,program,Minor in Business Law,https://bulletins.psu.edu/university-course-descriptions/undergraduate/
,,"Students may apply for the minor in the Eberly College of Science after they have earned at least 45 credits and have been admitted to a major. Students must apply for the minor no later than the end of the second week of the semester in which they plan to graduate. For the minor in Chemistry, a minimum of 18 credits are required. At least six credits of the 18-20 credits for the minor must be at the 400-level. A grade of C or better is required for all courses in the minor. At least 6 credits for the minor must be unique from the course requirements for a student’s major.",,True,False,True,False,False,,,program,Minor in Chemistry,https://bulletins.psu.edu/university-course-descriptions/undergraduate/
,,"For the minor in Chinese, a minimum of 18 credits is required. At least 6 credits must be at the 400 level. A grade of C or better is required for all courses in the minor. Some courses may require prerequisites.",,True,False,False,False,False,,,program,Minor in Chinese,https://bulletins.psu.edu/university-course-descriptions/undergraduate/
,Required,"To enter the minor, students must have a 2.00 GPA and should submit an application. In the application, students state their goals for the minor and propose a series of courses and a public scholarship project to meet those goals.",,True,False,False,False,False,,,program,Minor in Civic and Community Engagement,https://bulletins.psu.edu/university-course-descriptions/undergraduate/
,,"Students may apply for admission to the minor after they have completed at least 3 credits of CAMS courses. To apply, students must have a minimum 2.00 grade-point average. A range of 18-24 credits is required for the minor. At least 6 credits must be at the 400-level. A grade of C or better is required for all courses in the minor. At least six credits of the minor must be unique from any other degree or minor the student is pursuing.",,True,False,False,False,False,,,program,Minor in Classics and Ancient Mediterranean Studies,https://bulletins.psu.edu/university-course-descriptions/undergraduate/
,,"Admission to the minor is through the Liberal Arts Undergraduate Studies Office. A student's enrollment in the minor is normally done through LionPATH. A grade of C or better is required for all courses in the minor, as specified by Senate Policy 59-10. At least six credits of the 400-level courses must be taken at Penn State.",,True,False,False,False,False,,,program,Minor in Communication Arts and Sciences,https://bulletins.psu.edu/university-course-descriptions/undergraduate/
,,Students with at least third-semester standing (min 29.1 credits) may be admitted to the minor by submitting an application in LionPATH. At least six credits of the minor must be unique from any other degree or minor. A grade of C or better is required for all courses in the minor.,,True,False,False,False,False,,,program,Minor in Communication Sciences and Disorders,https://bulletins.psu.edu/undergraduate/colleges/health-human-development/communication-sciences-disorders-minor/communication-sciences-disorders-minor_contacttext.pdf
,,"At the start of their junior year, students can declare their minor in LionPATH. To be eligible to declare a minor, a student must be enrolled in a major and have completed at least 30 credits. A student who wishes to declare the minor in Comparative Literature should consult with the Director of Undergraduate Studies in the Department of Comparative Literature and must submit an application for the minor in LionPATH. A grade of C or better is required for all courses in the minor. To be eligible for the minor, a student must have a minimum overall grade point average of 2.00 in the courses required for the minor.",,True,False,False,False,False,,,program,Minor in Comparative Literature,https://bulletins.psu.edu/university-course-descriptions/undergraduate/
,,"To enter the minor, students must have completed CMPSC 121 or CMPSC 131 with a grade of C or better. A student must be in a major which does not require Computer Science (CMPSC) or Computer Engineering (CMPEN) for graduation.",,True,False,True,False,False,,,program,Minor in Computer Science,https://bulletins.psu.edu/university-course-descriptions/undergraduate/
,,"At least 4th semester standing is required. To be admitted, students must have a grade of C or better in ENTR 310.",,True,False,False,False,False,,,program,Minor in Corporate Innovation and Entrepreneurship,https://bulletins.psu.edu/undergraduate/colleges/smeal-business/corporate-innovation-entrepreneurship-bs/
,,"A grade of C or better is required for all courses in the minor. For a minor in Creative Writing, a minimum of 18 credits is required.",,True,False,False,False,False,,,program,Minor in Creative Writing,https://bulletins.psu.edu/university-course-descriptions/undergraduate/
,,"To be admitted to the minor, a student must have completed CRIM 100 with a grade of C or better and have at least a 2.00 cumulative grade-point average.",,True,False,False,False,False,,,program,Minor in Criminology,https://astate-prod.dotcms.cloud/a/registrar/files/bulletins/20-21-UG-Bulletin-1page.pdf?language_id=1
,,"Students must have completed 29.1 credits and be enrolled in a Penn State major to apply for this minor. A student may apply for the minor in LionPATH. For more information, please contact the IST Office of Undergraduate Academic Advising. To graduate with a minor, students must satisfy the requirements for the minor, including at least 6 credits at the 400 level. In addition, a student must complete at least six credits of the minor in courses that are not being used to satisfy the requirements of the student’s major. A grade of C or better is required for all courses in the minor, as specified by Senate Policy 59-10.",,True,False,True,False,False,,,program,Minor in Cybersecurity Analytics and Operations,https://bulletins.psu.edu/university-course-descriptions/undergraduate/
,,"Students are eligible to apply for the dance minor after they have completed 6 credits in dance from the following: DANCE 170, DANCE 231, DANCE 241, DANCE 251, DANCE 261. An audition is required for entry into the minor. For a minor in Dance, a minimum of 18 credits is required. At least 6 credits must be at the 400-level. A grade of C or better is required for all courses in the minor, as specified by Senate Policy 59-10.",,True,False,False,False,False,,,program,Minor in Dance,https://bulletins.psu.edu/university-course-descriptions/undergraduate/
,,"Students must apply for entrance to the minor no later than the beginning of their junior year. To apply, students must have completed ART 110S or GD 100 with a grade of C or better. Applications are submitted through the Digital Arts Minor faculty committee. A grade of C or better is required for all courses in the minor. At least six credits must be at the 400-level.",,True,False,False,False,False,,,program,Minor in Digital Arts,https://bulletins.psu.edu/university-course-descriptions/undergraduate/
,,"At least 6 credits of the minor must be separate from any other certificate, major, or minor and the student must have at least a 2.00 grade-point average to be certified for the minor.",,True,False,False,False,False,,,program,"Minor in Digital Media, Arts, and Technology",https://bulletins.psu.edu/university-course-descriptions/undergraduate/
,,"For admission to the minor, students must be enrolled in a baccalaureate program and have completed at least 30 credits at Penn State or another accredited institution.",,True,False,True,False,False,,,program,Minor in Earth Science and Policy,https://bulletins.psu.edu/undergraduate/colleges/earth-mineral-sciences/landscapes-societies-cultures-political-economies-certificate/
,,"A grade of C or better is required for all courses in the minor, as specified by Senate Policy 59-10. In addition, at least six credits of the supplement must be at the 400 level. Entrance to Minor: Students can apply for admission to the minor after they have achieved at least fifth-semester standing.",,True,False,True,False,False,,,program,Minor in Earth Systems,https://bulletins.psu.edu/university-course-descriptions/undergraduate/
,,"A student may apply for the minor in the department or through the office of the minor adviser. A grade of C or better is required for all courses in the minor, as specified by Senate Policy 59-10. To graduate with a minor in Asian Studies, students must have at least 18 credits in Asian Studies, with at least 6 credits at the 400 level.",,True,False,False,False,False,,,program,Minor in East Asian Studies,https://bulletins.psu.edu/undergraduate/colleges/liberal-arts/asian-studies-minor/
,,"A grade of C or better is required for all courses in the minor. At least six credits must be at the 400 level. Prescribed Courses: ECON 102 Introductory Microeconomic Analysis and Policy (3 credits), ECON 104 Introductory Macroeconomic Analysis and Policy (3 credits). Supporting Courses and Related Areas: Select 12 credits of ECON courses (excluding ECON 489, 495, 496) (12 credits).",,True,False,False,False,False,,,program,Minor in Economics,https://bulletins.psu.edu/university-course-descriptions/undergraduate/
,,"To graduate with a minor, students must satisfy the requirements for the minor, including at least 6 credits at the 400-level. A grade of C or better is required for all courses in the minor, as specified by Senate Policy 59-10. A student must complete at least 18 credits of course work. At least 6 credits must be at the 400 level. In addition, the student must select at least 6 credits from a set of approved courses in Education Policy Studies and at least 6 credits from a set of approved courses in other related disciplines such as political science, sociology, or economics.",,True,False,False,False,False,,,program,Minor in Education and Public Policy,https://bulletins.psu.edu/university-course-descriptions/undergraduate/
,,"To be admitted to the minor, students must be enrolled in a major that provides a sufficient background in mathematics and physics. At least six credits of the minor must be unique from any other degree or minor. A grade of C or better is required for all courses in the minor.",,True,False,True,False,False,,,program,Minor in Electrical Engineering,https://bulletins.psu.edu/university-course-descriptions/undergraduate/
,,Students must apply for admission to the minor after they have earned at least 18 credits at Penn State and have been admitted to a major.,,True,False,False,False,False,,,program,Minor in Energy and Sustainability Policy,https://bulletins.psu.edu/university-course-descriptions/undergraduate/
,,"For admission to the minor, students must have completed at least 30 credits at Penn State with a minimum grade point average of 2.00. In addition, students must have completed ECON 102 GS(3) and MATH 110 GQ(4) or MATH 140 GQ(4) with a grade of C or better. A grade of C or better is required for all courses in the minor.",,True,False,True,False,False,,,program,Minor in Energy Business and Finance,https://bulletins.psu.edu/university-course-descriptions/undergraduate/
,,"A grade of C or better is required for all courses in the minor, as specified by Senate Policy 59-10. At least six credits of the minor must be unique from the prescribed courses required by a student's major(s). In addition, at least six credits of the minor must be taken at the 400-level.",,True,False,False,False,False,,,program,Minor in English,https://bulletins.psu.edu/university-course-descriptions/undergraduate/
,,"To be admitted to the minor, students must be enrolled in a baccalaureate program at the University. A grade of C or better is required for all courses in the minor, as specified by Senate Policy 59-10. To graduate with a minor, at least six credits of the minor must be unique from the student's major degree requirements and at least six credits of the minor must be completed at the University at the 400-level.",,True,False,True,False,False,,,program,Minor in Entomology,https://bulletins.psu.edu/university-course-descriptions/undergraduate/
,,"For a minor in Entrepreneurship and Innovation, a minimum of 18 credits is required. At least 6 credits of the 18 must be at the 400-level. A grade of C or better is required for all courses in the minor, as specified by Senate Policy 59-10. To be awarded the ENTI minor, students must complete at least 18 credits from the following lists, including: 9 credits of Core Courses, and 9 credits of Cluster Courses. Students may apply for the ENTI minor in LionPATH. Students are encouraged to apply as soon as they have decided to pursue the minor, but no later than the end of the second week of the semester in which they intend to graduate.",,True,False,False,False,False,,,program,Minor in Entrepreneurship and Innovation,https://bulletins.psu.edu/undergraduate/colleges/intercollege/entrepreneurship-innovation-minor/entrepreneurship-innovation-minor_contacttext.pdf
,,"For admission to the minor, students must be enrolled in a Penn State major and have completed CHEM 110, CHEM 111, and MATH 141 with a grade of C or better.",,True,False,True,False,False,,,program,Minor in Environmental Engineering,https://bulletins.psu.edu/university-course-descriptions/undergraduate/
,,"At the beginning of their junior year, students should submit an application to the Minor in Environmental Inquiry. Students can apply for the minor in LionPATH. Students should have a 2.00 or higher GPA.",,True,False,True,False,False,,,program,Minor in Environmental Inquiry,https://bulletins.psu.edu/university-course-descriptions/undergraduate/
,,"To enroll in this minor, a student must be in a major degree program and have at least a 2.00 grade-point average.",,True,False,True,False,False,,,program,Minor in Environmental Resource Management,https://bulletins.psu.edu/undergraduate/colleges/agricultural-sciences/environmental-resource-management-minor/
,,"A grade of C or better is required for all courses in the minor, as specified by Senate Policy 59-10. In addition, at least six credits of the minor must be unique from the prescribed courses required by a student's major(s), which is also the minimum number of unique credits required by Senate Policy 59-10.",,True,False,True,False,False,,,program,Minor in Equine Science,https://bulletins.psu.edu/university-course-descriptions/undergraduate/
,,"To graduate with a minor, you must occupy a major, complete the minor's requirements, and maintain a C average (2.00) in minor courses. To declare the minor, you should use the 'Update Academics' tool in LionPATH.",,True,False,False,False,False,,,program,Minor in Ethics,https://bulletins.psu.edu/university-course-descriptions/undergraduate/
,,"To be eligible for a minor, a student must have at least a 2.00 cumulative grade-point average and have at least third-semester standing. A grade of C or better is required for all courses in the minor.",,True,False,False,False,False,,,program,Minor in European Studies,https://s3-eu-west-1.amazonaws.com/figshare-production-eu-nd-storage6509-eu-west-1/coversheet/43744515/1/20090517_Commencement.pdf?X-Amz-Algorithm=AWS4-HMAC-SHA256&X-Amz-Credential=AKIARRFKZQ25K5UASON3/20260213/eu-west-1/s3/aws4_request&X-Amz-Date=20260213T070132Z&X-Amz-Expires=86400&X-Amz-SignedHeaders=host&X-Amz-Signature=efbed9b10a0d364447ee5942bcf60697f8c198d358c6d8a92d3600e2750d1172
,,A student who wishes to enroll in the Film Studies minor must have completed a minimum of 28.1 credits. Students must have a cumulative grade point average of 2.00 or better to be accepted into the minor.,,True,False,False,False,False,,,program,Minor in Film Studies,https://bulletins.psu.edu/programs/programs.pdf
,,"For admission to the minor, students must be in a major that is not IST-Finance and have a minimum overall GPA of 2.0. A student enrolled in this minor must receive at least a C or better in all courses for the minor. At least six (6) credits of the minor must be separate from any other minor or major.",,True,False,False,False,False,,,program,Minor in Finance,https://bulletins.psu.edu/undergraduate/colleges/capital/information-sciences-technology-finance-minor/
,,"Students must have a 2.00 or higher cumulative grade-point average and have attained at least third-semester classification (29.1 credits). For admission to the minor, students must have completed: CHEM 110, CHEM 111, CHEM 112, and CHEM 113. A grade of C or better is required for all courses in the minor, as specified by Senate Policy 59-10. In addition, at least six credits of the supplement must be at the 400-level.",,True,False,True,False,False,,,program,Minor in Food Science,https://bulletins.psu.edu/university-course-descriptions/undergraduate/
,,"To enter the minor, students must have completed at least 29.1 credits and have a minimum GPA of 2.0.",,True,False,True,False,False,,,program,Minor in Forest Resources,https://bulletins.psu.edu/undergraduate/colleges/agricultural-sciences/forest-ecosystems-minor/
,,"To be admitted to the minor, students must have completed FR 201 or equivalent. For admission to the minor, students must be enrolled in their fourth semester or higher. A grade of C or better is required for all courses in the minor.",,True,False,False,False,False,,,program,Minor in French and Francophone Studies,https://bulletins.psu.edu/university-course-descriptions/undergraduate/
,,"Students must have completed 29.1 credits and have a 2.00 or higher cumulative grade-point average. To be admitted to the minor, students must be enrolled in a baccalaureate degree program and file an application for the minor in LionPATH.",,True,False,True,False,False,,,program,Minor in Game Development,https://bulletins.psu.edu/university-course-descriptions/undergraduate/
,,"A grade of C or better is required for all courses in the minor, as specified by Senate Policy 59-10. To be admitted to the minor, students must be enrolled in a degree-granting program at Penn State and must have completed at least one geography course with a grade of C or better.",,True,False,True,False,False,,,program,Minor in Geography,https://bulletins.psu.edu/university-course-descriptions/undergraduate/
,,"A grade of C or better is required for all courses in the minor, as specified by Senate Policy 59-10. In addition, at least six credits of the minor must be unique from the prescribed courses required by a student's major(s). To be eligible for a minor, a student must be a degree-seeking student and have reached at least third-semester classification (at least 27.1 credits).",,True,False,True,False,False,,,program,Minor in Geosciences,https://bulletins.psu.edu/university-course-descriptions/undergraduate/
,,"A grade of C or better is required for all courses in the minor, as specified by Senate Policy 59-10. In addition, at least six credits of the 400-level courses must be taken at Penn State. For more information, contact the Department of Germanic and Slavic Languages and Literatures.",,True,False,False,False,False,,,program,Minor in German,https://bulletins.psu.edu/university-course-descriptions/undergraduate/
,,"A minor consists of at least 18 credits; at least 6 of these credits must be at the 400-level. A grade of C or better is required for all courses in the minor. To earn an undergraduate minor, a student must have at least a 2.00 cumulative grade-point average for the courses completed in the minor. Students may apply for admission to the minor in LionPATH.",,True,False,False,False,False,,,program,Minor in Global and International Studies,https://bulletins.psu.edu/university-course-descriptions/undergraduate/
,,A grade of C or better is required for all courses in the minor. At least 6 credits of the minor must be unique from the prescribed courses required by a student's major(s). Entrance to Minor: Students can apply for the minor through Update Academics in LionPATH.,,True,False,False,False,False,,,program,Minor in Greek,https://bulletins.psu.edu/university-course-descriptions/undergraduate/
,,At least 45 credits of University-level work must be completed before a student can apply for this minor. A minimum grade-point average of 2.0 is required for admission to the minor.,,True,False,False,False,False,,,program,Minor in Health Policy and Administration,https://bulletins.psu.edu/university-course-descriptions/undergraduate/
,,"A grade of C or better is required for all courses in the minor, as specified by Senate Policy 59-10. At least six credits of the minor must be unique from the prescribed courses required by a student's major(s).",,True,False,False,False,False,,,program,Minor in Hebrew,https://bulletins.psu.edu/university-course-descriptions/undergraduate/
,,A grade of C or better is required for all courses in the minor. At least six credits must be at the 400 level.,,True,False,False,False,False,,,program,Minor in History,https://bulletins.psu.edu/university-course-descriptions/undergraduate/
,,A student may declare a minor after they have achieved at least third-semester classification and before they have completed their last semester. Minors may be declared through the Update Academics link in the LionPATH Student Center.,,True,False,True,False,False,,,program,Minor in Horticulture,https://bulletins.psu.edu/university-course-descriptions/undergraduate/
,,"To be admitted to the minor, students must be enrolled in a degree-seeking program at Penn State and have attained at least a 2.00 cumulative grade point average.",,True,False,True,False,False,,,program,Minor in Information Sciences and Technology,https://bulletins.psu.edu/university-course-descriptions/undergraduate/
,,"For a minor in International Agriculture, a minimum of 18 credits is required. At least 6 credits must be at the 400 level. A grade of C or better is required for all courses in the minor.",,True,False,False,False,False,,,program,Minor in International Agriculture,https://bulletins.psu.edu/university-course-descriptions/undergraduate/
,,"To be admitted to the minor, students must have a 2.00 GPA or higher. A grade of C or better is required for all courses in the minor, as specified by Senate Policy 59-10. In addition, at least six credits of the minor must be unique from the prescribed courses required by a student's major program.",,True,False,False,False,False,,,program,Minor in International Business,https://bulletins.psu.edu/university-course-descriptions/undergraduate/
,,A grade of C or better is required for all courses in the minor. At least six credits of the minor must be unique from the prescribed courses or additional courses required of a student's major program.,,True,False,False,False,False,,,program,Minor in International Politics,https://bulletins.psu.edu/university-course-descriptions/undergraduate/
,,"To be admitted to the minor, students must be enrolled in a bachelor's degree program and must have a cumulative grade point average of 2.0 or higher. A grade of C or better is required for all courses in the minor. At least 6 credits must be at the 400 level. The minor requires a total of 18 credits.",,True,False,False,False,False,,,program,Minor in Italian,https://bulletins.psu.edu/university-course-descriptions/undergraduate/
,,"A grade of C or better is required for all courses in the minor, as specified by Senate Policy 59-10. At least six credits of the 400-level courses must be taken at Penn State.",,True,False,False,False,False,,,program,Minor in Japanese,https://bulletins.psu.edu/university-course-descriptions/undergraduate/
,,"A student's academic adviser can help in planning a program of study. The minor is open to all students and provides a cross-disciplinary look at the Jewish experience. To apply for a minor, use the 'Update Academics' tool in LionPATH.",,True,False,False,False,False,,,program,Minor in Jewish Studies,https://bulletins.psu.edu/university-course-descriptions/undergraduate/
,,"To be admitted to the minor, students must be at least fourth-semester students and have completed COMM 160 with a grade of C or better. A grade of C or better is required for all courses in the minor, as specified by Senate Policy 44-10.",,True,False,False,False,False,,,program,Minor in Journalism,https://bulletins.psu.edu/university-course-descriptions/undergraduate/
,,"To enter the minor, students must have completed at least 29.1 credits and have a minimum GPA of 2.0. A grade of C or better is required for all courses in the minor.",,True,False,False,False,False,,,program,Minor in Kinesiology,https://bulletins.psu.edu/university-course-descriptions/undergraduate/
,,"To be admitted to the minor, students must be 1) enrolled in a degree-seeking major and 2) have a minimum GPA of 2.0. A grade of C or better is required for all courses in the minor, as specified by Senate Policy 59-10. In addition, at least six credits of the minor must be unique from the prescribed courses required by a student's major(s).",,True,False,False,False,False,,,program,Minor in Korean,https://bulletins.psu.edu/university-course-descriptions/undergraduate/
,,A student who has a cumulative grade-point average of 2.00 or higher and has been admitted to a major in a degree program may be admitted to a minor. Students may apply for admission to the Labor and Human Resources minor at any time.,,True,False,False,False,False,,,program,Minor in Labor and Human Resources,https://bulletins.psu.edu/university-course-descriptions/undergraduate/
,,"A grade of C or better is required for all courses in the minor, as specified by Senate Policy 59-10. In addition, at least six credits of the minor must be unique from the prescribed courses required by a student's major(s).",,True,False,False,False,False,,,program,Minor in Latin,https://bulletins.psu.edu/university-course-descriptions/undergraduate/
,,A student must have reached at least fifth-semester standing to be eligible for entrance into a minor. All courses must be completed with a grade of C or better.,,True,False,False,False,False,,,program,Minor in Latin American Studies,https://bulletins.psu.edu/university-course-descriptions/undergraduate/
,,"To declare a minor, students must have earned at least 18 credits and must declare the minor no later than the beginning of their final semester. A student must have a grade of C or better in all courses for the minor.",,True,False,False,False,False,,,program,Minor in Law and Society,https://behrend.psu.edu/school-of-humanities-social-sciences/academic-programs/minors
,,At least a 2.00 cumulative grade-point average is required for admission to the minor.,,True,False,False,False,False,,,program,Minor in Leadership Development,https://bulletins.psu.edu/university-course-descriptions/undergraduate/
,,"To be admitted to the minor, students must have completed BLAW 341 with a grade of C or better. A grade of C or better is required for all courses in the minor, as specified in Senate Policy 59-10. Students who have a cumulative GPA of 2.00 or higher may apply for the minor.",,True,False,False,False,False,,,program,Minor in Legal Environment of Business,https://financialliteracy.psu.edu/meet-team
,,A grade of C or better is required for all courses in the minor. At least six credits of the minor must be unique from any other degree or minor program of the student. At least six credits of the minor must be at the 400 level.,,True,False,False,False,False,,,program,Minor in Linguistics,https://bulletins.psu.edu/university-course-descriptions/undergraduate/
Not Required,Not Required,"Students who have completed at least 29.1 credits and have a minimum 2.00 cumulative grade-point average are eligible to apply for the minor. For more information about the application process for Smeal minors, please visit the Smeal website. Some majors may be ineligible to apply for this minor; please see the Smeal website for more information.",Not Required,True,False,False,False,False,,,program,Minor in Management,https://bulletins.psu.edu/university-course-descriptions/undergraduate/
,,"To be admitted to the minor, students must be in a major that is not Management Information Systems and must have completed MIS 204 with a grade of C or better. Also, students must have a cumulative grade point average of 2.00 or better. A student who has been admitted to the Smeal College of Business as a pre-major or major is eligible to apply for this minor. A student enrolled in this minor must receive at least a C or better in all courses to be counted toward the minor.",,True,False,True,False,False,,,program,Minor in Management Information Systems,https://bulletins.psu.edu/university-course-descriptions/undergraduate/
,,"A student may apply for the minor in the LionPATH Student Center. To graduate with a minor in Marine Sciences, a student must earn a grade of C or better in all courses required for the minor. At least six credits of the minor must be unique from the prescribed courses required by the student's major program.",,True,False,True,False,False,,,program,Minor in Marine Sciences,https://bulletins.psu.edu/university-course-descriptions/undergraduate/
,,"To be admitted to the minor, students must be at least a third-semester student and have a minimum overall GPA of 2.0. A grade of C or better is required for all courses in the minor.",,True,False,False,False,False,,,program,Minor in Marketing,https://bulletins.psu.edu/university-course-descriptions/undergraduate/
,,"Students may apply for admission to the minor after they have achieved third-semester classification (at least 29.1 credits) and have been admitted to a major. To be admitted to the minor, students must have completed MATSE 201 or MATSE 259 with a grade of C or better. Application is made through the department.",,True,False,True,False,False,,,program,Minor in Materials Science and Engineering,https://bulletins.psu.edu/university-course-descriptions/undergraduate/
,,A grade of C or better is required for all courses in the minor. At least six credits of the 400-level courses must be taken at Penn State. Total Credits: 20-22.,,True,False,True,False,False,,,program,Minor in Mathematics,https://bulletins.psu.edu/university-course-descriptions/undergraduate/
,,"To graduate with a minor in Media Studies, students must earn a grade of C or better in all courses in the minor. At least 6 credits of the minor must be unique from the prescribed courses required by the student's major and at least 6 credits of the minor must be taken at the 400-level. Students may apply for admission to the minor through the Update Academics link in the LionPATH Student Center.",,True,False,False,False,False,,,program,Minor in Media Studies,https://bulletins.psu.edu/undergraduate/colleges/bellisario-communications/media-studies-ba/
,,"A grade of C or better is required for all courses in the minor, as specified by Senate Policy 59-10. At least six credits of the 400-level courses must be taken at Penn State. To graduate with a minor in Medieval Studies, a student must complete 18 credits.",,True,False,False,False,False,,,program,Minor in Medieval Studies,https://bulletins.psu.edu/university-course-descriptions/undergraduate/
,,"The minor is open to all students, with the exception of those in the Meteorology and Atmospheric Science major. It is specifically designed for students in other STEM (Science, Technology, Engineering and Mathematics) fields who are interested in the weather and/or the environment. A total of 18-20 credits is required for the minor. A grade of C or better is required for all courses in the minor.",,True,False,True,False,False,,,program,Minor in Meteorology and Atmospheric Science,https://bulletins.psu.edu/university-course-descriptions/undergraduate/
,,"For admission to the minor, students must have completed MICRB 201 or MICRB 201H and have a 2.00 cumulative grade-point average. A grade of C or better is required for all courses in the minor, as specified by Senate Policy 59-10. At least six (6) credits of the minor must be separate from any other degree or minor the student is pursuing.",,True,False,True,False,False,,,program,Minor in Microbiology,https://bulletins.psu.edu/university-course-descriptions/undergraduate/
,,"For the Middle East Studies minor, a minimum of 18 credits is required. A grade of C or better is required for all courses in the minor.",,True,False,False,False,False,,,program,Minor in Middle East Studies,https://bulletins.psu.edu/university-course-descriptions/undergraduate/
,,"A grade of C or better is required for all courses in the minor, as specified in Senate Policy 59-10. At least six credits of the 18-credit minor must be at the 400 level. Advising for this minor is available through the Professor of Military Science (Army ROTC), Professor of Naval Science (Navy ROTC), or the Professor of Aerospace Studies (Air Force ROTC). Students should contact the appropriate office for application and advising.",,True,False,False,False,False,,,program,Minor in Military Studies,https://bulletins.psu.edu/university-course-descriptions/undergraduate/
,,"To be eligible for the minor, a student must be enrolled in a baccalaureate degree program. A grade of C or better is required for all courses in the minor. At least six credits of the minor must be unique from any other degree or minor earned by the student.",,True,False,True,False,False,,,program,Minor in Mining Engineering,https://bulletins.psu.edu/university-course-descriptions/undergraduate/
,,"To be admitted to the minor, students must be in a major that is not the B.A. or B.M. in Music. Students must have a minimum overall GPA of 2.0. An audition is required for acceptance into applied music study (MUSIC 110V). Admission to the minor is through the School of Music. A grade of C or better is required for all courses in the minor, as specified by Senate Policy 59-10. In addition, at least six credits of the minor must be unique from the prescribed courses required by a student's major(s).",,True,False,False,False,False,,,program,Minor in Music,https://studiegids.universiteitleiden.nl/en/studies/10628/music-studies
,,Admission to the Music Performance minor is based on a performance audition and the approval of the director of the School of Music.,,True,False,False,False,False,,,program,Minor in Music Performance,https://bulletins.psu.edu/university-course-descriptions/undergraduate/
,,"To be admitted to the minor, students must be in good academic standing and must have a 2.00 cumulative grade-point average. Admission to the minor requires an application to the School of Music and an interview with the Music Technology area coordinator.",,True,False,False,False,False,,,program,Minor in Music Technology,https://bulletins.psu.edu/university-course-descriptions/undergraduate/
,,"To be admitted to the minor, students must be in at least their third semester and have a cumulative GPA of 2.0 or higher.",,True,False,True,False,False,,,program,Minor in Nanotechnology,https://bulletins.psu.edu/university-course-descriptions/undergraduate/
,,"A grade of C or better is required for all courses in the minor, as specified by Senate Policy 59-10. At least six credits of the minor must be unique from the prescribed courses required by a student's major and at least six credits must be at the 400-level. Any student who has completed at least 18 credits of natural science (ASTRO, BIOL, CHEM, GEOSC, MICRB, PHYS) with at least 6 of those credits at the 400 level, and who has achieved a grade of C or better in each of those courses, will be awarded this minor.",,True,False,True,False,False,,,program,Minor in Natural Science,https://bulletins.psu.edu/university-course-descriptions/undergraduate/
Not Required,Not Required,"To enter the minor, students must have completed BIOL 110, CHEM 110, and PSYCH 100 with a C or better. A grade of C or better is required for all courses in the minor, as specified by Senate Policy 59-10. At least six credits of the minor must be unique from the prescribed courses required by a student's major and at least six credits must be at the 400 level.",Not Required,True,False,True,False,False,,,program,Minor in Neuroscience,https://bulletins.psu.edu/university-course-descriptions/undergraduate/
,,Students who have completed at least 29.1 credits and are enrolled in a major may apply for this minor using the LionPATH 'Update Academics' tool. A student’s cumulative grade-point average must be at least 2.0 at the time of application to the minor.,,True,False,True,False,False,,,program,Minor in Nuclear Engineering,https://bulletins.psu.edu/undergraduate/colleges/engineering/
,,"The minor is available to students in any major except Nursing. To be eligible for the minor, a student must have completed at least 28.1 credits and have a cumulative grade-point average of at least 2.00. The college will accept students into the minor on a first-come, first-served basis, as space allows. The minor must be declared before the beginning of the student's final semester. Students apply for the minor in LionPATH.",,True,False,False,False,False,,,program,Minor in Nursing,https://bulletins.psu.edu/university-course-descriptions/undergraduate/
,,"To be admitted to the minor, students must be in at least fifth-semester standing and have a 2.00 or higher grade-point average.",,True,False,False,False,False,,,program,Minor in Nutrition,https://bulletins.psu.edu/university-course-descriptions/undergraduate/
,,,,False,False,False,,,,,program,Minor in Occupational Science,https://bulletin.auburn.edu/undergraduate/minors/
,,"A student must have a minimum cumulative grade-point average of 2.00 to be admitted to a minor. To graduate with a minor, a student must earn at least a C grade in each course required for the minor. At least six (6) credits of the minor must be separate from any other combination of majors, minors, options, or certificates.",,True,False,True,False,False,,,program,Minor in Operations and Supply Chain Management,https://bulletins.psu.edu/university-course-descriptions/undergraduate/
,,"To enter the minor, students must have earned a minimum of 30 credits and have a 2.00 cumulative grade-point average. A grade of C or better is required for all courses in the minor. To graduate with a minor, at least six credits of the minor must be unique from the prescribed courses required by a student's major program.",,True,False,False,False,False,,,program,Minor in Organizational Leadership,https://bulletins.psu.edu/university-course-descriptions/undergraduate/
,,"In order to apply for this minor, students must have at least third-semester standing. A grade of C or better is required for all courses in the minor, as specified by Senate Policy 59-10. At least six (6) credits of the minor must be separate from any other degree or minor the student is pursuing.",,True,False,False,False,False,,,program,Minor in Peace and Conflict Studies,https://bulletins.psu.edu/university-course-descriptions/undergraduate/
,,"To be admitted to the minor, students must have completed at least 28.1 credits and be enrolled in a degree program.",,True,False,False,False,False,,,program,Minor in Philosophy,https://bulletins.psu.edu/university-course-descriptions/undergraduate/
,,"A student may apply for a minor after having earned at least 30 credits (including at least 15 Penn State credits) and before the end of the student's final semester. A student must have at least a 2.00 cumulative grade-point average to be eligible to apply for a minor. A grade of C or better is required for all courses in the minor, as specified by Senate Policy 41-10. At least six credits of the minor must be unique from the prescribed courses required by a student's major(s).",,True,False,True,False,False,,,program,Minor in Physics,https://bulletins.psu.edu/university-course-descriptions/undergraduate/
,,"To be admitted to the minor, a student must have completed at least 18 credits at Penn State and must be currently enrolled in a baccalaureate degree program. A student must also be in good academic standing.",,True,False,True,False,False,,,program,Minor in Planetary Science and Astronomy,https://bulletins.psu.edu/university-course-descriptions/undergraduate/
,,"A grade of C or better is required for all courses in the minor, as specified by Senate Policy 59-10. At least six credits of the minor must be separate from any other degree or minor the student is pursuing.",,True,False,True,False,False,,,program,Minor in Plant Pathology,https://bulletins.psu.edu/university-course-descriptions/undergraduate/
,,"This minor is open to all students. To be eligible for the minor, students must have a minimum cumulative GPA of 2.0. A grade of C or better is required for all courses in the minor, as specified by Senate Policy 59-10. In addition, at least six credits of the minor must be unique from the prescribed courses required by a student's major and at least six credits of the minor must be the 400-level.",,True,False,False,False,False,,,program,Minor in Political Science,https://bulletins.psu.edu/university-course-descriptions/undergraduate/
,,At least 30.0 credits must be completed with a cumulative grade-point average of 2.0 or higher.,,True,False,False,False,False,,,program,Minor in Portuguese,https://bulletins.psu.edu/university-course-descriptions/undergraduate/
,,A grade of C or better in PSYCH 100 is required for admission to the minor. A grade of C or better is required for all courses in the minor.,,True,False,False,False,False,,,program,Minor in Psychology,https://bulletins.psu.edu/undergraduate/colleges/liberal-arts/psychology-minor/psychology-minor.pdf
,,"A grade of C or better is required for all courses in the minor, as specified by Senate Policy 59-10. At least six credits of the minor must be unique from the prescribed courses required by a student's major(s).",,True,False,False,False,False,,,program,Minor in Public Policy,https://bulletins.psu.edu/university-course-descriptions/undergraduate/
,,"Entrance to Minor: A student may apply for the minor in LionPATH. To graduate with a minor, a student must have a minimum grade point average of 2.00 in the courses that are required for the minor. At least six credits of the minor must be unique from the prescribed courses required by a student's major(s). A grade of C or better is required for all courses in the minor.",,True,False,False,False,False,,,program,"Minor in Recreation, Park, and Tourism Management",https://hhd.psu.edu/rptm/news
,,"To be admitted to the minor, a student must have at least a 2.0 GPA.",,True,False,False,False,False,,,program,Minor in Rehabilitation and Human Services,https://bulletins.psu.edu/university-course-descriptions/undergraduate/
Not Required,Not Required,"To graduate with a minor in Religious Studies, a student must earn a grade of C or better in all courses specified for the minor. At least six (6) credits of the minor must be unique from the prescribed courses required by a student's major and at least six (6) credits of the minor must be at the 400-level. At least third-semester classification is required to declare the minor.",Not Required,True,False,False,False,False,,,program,Minor in Religious Studies,https://bulletins.psu.edu/university-course-descriptions/undergraduate/
,,"To be eligible for admission to a minor, a student must be enrolled in a degree-seeking program and must have a cumulative grade-point average of at least 2.00. Students must apply to a minor through the Update Academics link in LionPATH. A grade of C or better is required for all courses in the minor, as specified by Senate Policy 59-10. At least six credits of the minor must be unique from the prescribed courses required by a student's major and at least six credits must be at the 400 level.",,True,False,False,False,False,,,program,Minor in Russian,https://bulletins.psu.edu/university-course-descriptions/undergraduate/
,,"To be admitted to the minor, students must be at least fifth-semester standing. A grade of C or better is required for all courses in the minor.",,True,False,True,False,False,,,program,Minor in Security and Risk Analysis,https://bulletins.psu.edu/university-course-descriptions/undergraduate/
,,At least a 2.00 cumulative grade-point average is required for admission to the minor.,,True,False,False,False,False,,,program,Minor in Sexuality and Gender Studies,https://bulletins.psu.edu/university-course-descriptions/undergraduate/
,,"Graduate students with appropriate backgrounds and interests who are enrolled in a Penn State doctoral program may apply for a Graduate Minor in Social Data Analytics. The student's program must be approved by the Social Data Analytics Graduate Program Committee and by the Graduate School. To receive the minor, a student must complete the requirements for the SoDA doctoral program with the exception of the internship and the dissertation. Requirements for a minor include at least 15 credits of SoDA coursework.",,False,False,False,False,False,,,program,Minor in Social Data Analytics,https://bulletins.psu.edu/graduate/programs/majors/social-data-analytics/
,,"A grade of C or better is required for all courses in the minor, as specified by Senate Policy 59-10. At least six credits of the minor must be unique from the prescribed courses required by a student's major and at least six credits of the minor must be at the 400-level.",,True,False,False,False,False,,,program,Minor in Sociology,https://bulletins.psu.edu/university-course-descriptions/undergraduate/
Not Required,Not Required,"Admission to the minor is granted to any student who has completed SPAN 3 or SPAN 10 or the equivalent. A grade of C or better is required for all courses in the minor, as specified by Senate Policy 59-10. In addition, at least six credits of the 400-level courses must be taken at Penn State.",Not Required,True,False,False,False,False,,,program,Minor in Spanish,https://bulletins.psu.edu/university-course-descriptions/undergraduate/
,,"Students must have a 2.00 or higher cumulative grade-point average and have attained at least third-semester classification (29.1 credits) to be eligible to apply for a minor. To graduate with a minor in Special Education, students must earn a C or better in all courses in the minor. At least six credits of the 18 credits required for the minor must be at the 400-level.",,True,False,False,False,False,,,program,Minor in Special Education,https://bulletins.psu.edu/university-course-descriptions/undergraduate/
,,"A grade of C or better is required for all courses in the minor, as specified by Senate Policy 59-10. At least six credits of the minor must be separate from any other degree or minor the student is pursuing.",,True,False,True,False,False,,,program,Minor in Statistics,https://bulletins.psu.edu/university-course-descriptions/undergraduate/
,,"Students may apply for the minor once they have been accepted into a major. All students must complete an online application to be considered for admission to the SCIS minor. To be eligible for admission to the minor, students must have a minimum cumulative GPA of 3.20. Note that the application process is competitive and meeting the minimum GPA does not guarantee admission. A grade of C or better is required for all courses in the minor.",,True,False,False,False,False,,,program,Minor in Supply Chain and Information Systems,https://bulletins.psu.edu/university-course-descriptions/undergraduate/
,,Students may apply for admission to the minor in Sustainability Leadership through the LionPATH 'Update Academics' function.,,True,False,False,False,False,,,program,Minor in Sustainability Leadership,https://bulletins.psu.edu/university-course-descriptions/undergraduate/
,,Students must have a 2.00 cumulative grade-point average to be eligible for admission to a minor.,,True,False,False,False,False,,,program,Minor in Technical Writing,https://www.programs.cptsc.org/Content/B-US_Programs/P-T/Penn%20State%20University%20Berks.htm
,,"A grade of C or better is required for all courses in the minor, as specified by Senate Policy 59-10. In addition, at least six credits of the minor must be unique from the prescribed courses required by a student's major(s). To be admitted to the minor, students must be in at least their third semester at Penn State and have a minimum GPA of 2.0.",,True,False,False,False,False,,,program,Minor in Theatre,https://bulletins.psu.edu/university-course-descriptions/undergraduate/
,,A student must complete ART 110S or ART 111 before applying to the minor. Students must also have a minimum cumulative GPA of 2.00 to be admitted to the minor.,,True,False,False,False,False,,,program,Minor in Visual Arts,https://bulletins.psu.edu/university-course-descriptions/undergraduate/
,,"To graduate with a minor, students must earn at least a C grade in each course for the minor and at least six credits of the minor must be at the 400-level. Students must have a 2.00 cumulative grade-point average to be eligible to add a minor.",,True,False,True,False,False,,,program,Minor in Wildlife and Fisheries Science,https://bulletins.psu.edu/university-course-descriptions/undergraduate/
,,"A grade of C or better is required for all courses in the minor, as specified by Senate Policy 59-10. At least six credits of the minor must be unique from the prescribed courses required by a student's major(s).",,True,False,False,False,False,,,program,Minor in Women's Studies,https://bulletins.psu.edu/university-course-descriptions/undergraduate/
