Id,ProgramName,ProgramCode,Status,CreatedDate,UpdatedDate,Level,Term,TermCode,LiveDate,DeadlineDate,Resume,StatementOfPurpose,GreOrGmat,EnglishScore,Requirements,WritingSample,CollegeId,IsAnalyticalNotRequired,IsAnalyticalOptional,IsDuoLingoRequired,IsELSRequired,IsGMATOrGreRequired,IsGMATRequired,IsGreRequired,IsIELTSRequired,IsLSATRequired,IsMATRequired,IsMCATRequired,IsPTERequired,IsTOEFLIBRequired,IsTOEFLPBTRequired,IsEnglishNotRequired,IsEnglishOptional,AcademicYear,AlternateProgram,ApplicationType,Department,Fees,Fees.1,IsAvailable,ProgramType,AdmissionDepartmentId,CreatedBy,UpdatedBy,Concentration,Description,OtherConcentrations,ProgramWebsiteURL,Accredidation,AverageScholarshipAmount,CostPerCredit,IsRecommendationSystemOpted,IsStemProgram,MaxFails,MaxGPA,MinGPA,PreviousYearAcceptanceRates,QsWorldRanking,TotalAccepetedApplications,TotalCredits,TotalDeniedApplications,TotalI20sIssued,TotalScholarshipsAwarded,TotalSubmittedApplications,TotalVisasSecured,UsNewsRanking,CollegeApplicationFee,IsCollegePaying,MEContractNegotiatedFee,MyGradAppFee,ProgramCategory,IsCollegeApplicationFree,IsCouponAllowed,IsACTRequired,IsSATRequired,SftpDestinationId,MinimumACTScore,MinimumDuoLingoScore,MinimumELSScore,MinimumGMATScore,MinimumGreScore,MinimumIELTSScore,MinimumMATScore,MinimumMCATScore,MinimumPTEScore,MinimumSATScore,MinimumTOEFLScore,MLModelName,MinimumAnalyticalScore,MinimumEnglishScore,MinimumExperience,MinimumSopRating,WeightAnalytical,WeightEnglish,WeightExperience,WeightGPA,WeightSop,ScholarshipAmount,ScholarshipPercentage,ScholarshipType,IsNewlyLaunched,BatchId,IsImported,IsImportVerified,Is_Recommendation_Sponser,AnalyticalScore,MinimumLSATScore,IsGRERequired
,Master of Arts in African American & Black Diaspora Studies,,,,,Graduate,Fall 2026,,,,Required,Required,Optional,REQUIRED,"Candidates for the MA program in African American & Black Diaspora Studies must submit the following materials directly to the Graduate School of Arts & Sciences: Application for Admission, Official transcripts from all colleges and universities attended, Three letters of recommendation (from professors who know the applicant’s work well), Personal Statement (500–1000 words in length, addressing the applicant’s intellectual interests, reasons for wishing to pursue graduate study in African American & Black Diaspora Studies, and future goals), Writing sample (15–25 pages in length, demonstrating skills in analytical prose and critical thinking appropriate for graduate-level work in African American & Black Diaspora Studies), GRE General Test scores are encouraged but not required, A CV or resumé. International students must also demonstrate proficiency in English.",Required,,True,True,True,False,False,False,,True,False,False,False,False,True,True,False,False,,,,Graduate School of Arts & Sciences,"$32,680/Semester","$32,680/Semester",,,,,,,"The MA in African American & Black Diaspora Studies provides students with an interdisciplinary understanding of the historical, social, political, economic, and cultural experiences of people of African descent in the United States and across the diaspora. Our curriculum is designed to deepen students’ knowledge of the foundational texts, theories, and methodologies of the field, while also encouraging them to explore emerging scholarship and critical debates. Students will develop advanced research, analytical, and communication skills, preparing them for doctoral study in African American Studies or related fields, as well as for careers in education, public policy, community advocacy, and the arts.",,https://www.bu.edu/academics/grs/programs/african-american-studies/,,,"$2,043",FALSE,False,,4.0,3.0,,,,,,,,,,,,,,,,,,False,False,,,120.0,,,,7.0,,,,,90.0,,,,,,,,,,,,,"Merit-based (GRS Fellowships, Teaching Assistantships, Research Assistantships, GRS Scholarships)",FALSE,,,FALSE,FALSE,,,
,PhD in African American & Black Diaspora Studies,,,,,Doctoral,Fall 2026,,,,Required,Required,Optional,REQUIRED,"A complete application to the Graduate School of Arts & Sciences consists of the following:
Application (via BU's Application Portal)
Transcripts from all colleges and universities attended
Three Letters of Recommendation
Statement of Purpose
Writing Sample
GRE General Test
English Proficiency (required of all applicants who are not U.S. citizens or permanent residents, and who do not have a bachelor’s or master’s degree from an institution in a country where English is the official language)
Application Fee
Resume/CV",Required,,False,False,True,False,False,False,,True,False,False,False,False,True,False,False,False,,,,Graduate School of Arts & Sciences (GRS),"$30,960/semester","$30,960/semester",,,,,,African American and Black Diaspora Studies PhD Track,"Students applying for doctoral work in American Studies who wish to concentrate their studies on African American and Black Diaspora Studies should indicate this on their application. The African American and Black Diaspora Studies Track (AABD) provides students with an interdisciplinary program of study and training in critical theories and methods. This track introduces students to the complex histories, cultures, and politics of people of African descent, with a particular focus on the experiences of African Americans, Afro-Caribbean, and Black diasporic communities in the Americas. The AABD track provides students with the critical and historical tools needed to understand Black life in a national and transnational context, and to address social, political, and cultural challenges with theoretical sophistication and methodological rigor. Students in the AABD track complete all requirements of the American Studies PhD, but structure their coursework, language examination, qualifying examination, and dissertation toward the AABD track.",,https://www.bu.edu/academics/grs/programs/american-new-england-studies/,,"$91,920/year",$920/credit,FALSE,False,1.0,4.0,3.0,,,,,,,,,,,,,,,,,,False,False,,,120.0,,,,6.5,,,,,84.0,,,,,,,,,,,"$61,920/year",100%,Fellowship (Merit-based),FALSE,,,FALSE,FALSE,,,
,Master of Arts in American Studies,,,,,Graduate,Fall 2026,,,,Required,Required,,,"Applicants to the MA in American Studies should have an undergraduate major in American Studies or a closely related field. An undergraduate GPA of 3.0 or higher is expected. Admission is competitive. Application requirements for the American Studies MA program are listed below. Detailed descriptions of each requirement are available on the GRS Admissions website.
*   Official Transcripts
*   GRE General Test Scores (Optional for Fall 2024 and Fall 2025 applicants)
*   Three Letters of Recommendation
*   Statement of Purpose
*   Writing Sample (5-10 pages)
*   CV/Resume",Required,,True,True,False,False,False,False,,False,False,False,False,False,False,False,False,False,,,,College of Arts & Sciences,"$32,670/Semester","$32,670/Semester",,,,,,,"The MA in American Studies offers students an opportunity to study American culture and society from an interdisciplinary perspective. We offer a holistic program that integrates approaches from fields ranging from literary studies, history, and sociology, to art history, religious studies, and music. The MA is a valuable terminal degree, offering an excellent foundation for professional work in fields ranging from journalism, law, public policy, and business to museum and archival studies, library sciences, and teaching. It also serves as an excellent stepping stone for students who wish to go on to pursue doctoral work in American Studies or related fields.",,https://bsky.app:443/profile/americanstudiesbu.bsky.social,,,"$1,021/credit",FALSE,False,0.0,4.0,3.0,,,,,,,,,,,,,,,,,,False,False,,,,,,,,,,,,,,,,,,,,,,,,,"Merit-based, Teaching Fellowships, Graduate Research Assistantships",FALSE,,,FALSE,FALSE,,,
,PhD in American Studies,,,,,Doctoral,Fall 2026,,,,Required,Required,Not Required,REQUIRED,"Complete applications must include the following:
* Three letters of recommendation (recommenders will upload their letters directly to the Graduate School of Arts & Sciences online application system)
* Official academic transcripts from all post-secondary institutions attended
* A statement of purpose (approximately 1000 words in length) describing your academic preparation and interests, intellectual goals, and reasons for pursuing doctoral studies in American Studies at Boston University.
* A writing sample (15-25 pages) on a topic related to American culture, history, or society.
* A curriculum vitae (CV)
* GRE General Test scores (optional)",Required,,True,True,True,False,False,False,,True,False,False,False,False,True,True,False,False,,,,College of Arts & Sciences,,"$65,360/Year",,,,,,,"The Boston University American Studies Program offers a PhD in American Studies. The program draws on faculty and students from across the humanities and social sciences, providing students with an opportunity to work in several fields while also developing a particular specialization. The American Studies Program trains students in an interdisciplinary approach to the study of American cultures and societies. We invite students to define their own areas of inquiry, drawing on the resources of the entire university. In recent years, our students have pursued topics ranging from the global dimensions of American music and empire, to the politics of race and reproduction in the nineteenth century, to the role of museums in shaping public memory, to the transformation of American landscape and environmental consciousness, to histories of sexuality, performance, and the body in the twentieth century. Graduates of the program are prepared for careers in higher education and related fields.",,https://bsky.app:443/profile/americanstudiesbu.bsky.social,,"$65,360/Year","$2,043.75/Credit",FALSE,False,,4.0,3.0,,,,,,,,,,,,,,,,,,False,False,,,120.0,,,,7.0,,,,,90.0,,,,,,,,,,,"$65,360/Year",100%,"Fellowships, Teaching Assistantships, Research Assistantships",FALSE,,,FALSE,FALSE,,,
,Master of Arts in Preservation Studies,,,,,Graduate,Fall 2026,,,,Required,Required,Not Required,REQUIRED,"Applicants to the MA in Preservation Studies apply through the Boston University Graduate School of Arts & Sciences (GRS) Admissions office. You will need to complete the online application and submit a resume or CV, a personal statement, unofficial transcripts from all colleges and universities attended, three letters of recommendation, and a writing sample of academic or professional work (no more than 25 pages). The GRE General Test is optional for applicants to the MA in Preservation Studies program.",Required,,True,True,True,False,False,False,,True,False,False,False,True,True,False,False,False,,,,College of Arts & Sciences,"$32,720/Semester","$32,720/Semester",,,,,,,"Preservation Studies at Boston University prepares students for careers in historic preservation with a flexible, interdisciplinary program offered through the American & New England Studies Program (AMES). Our location in Boston, a city with a rich history and a leader in preservation, provides students with unmatched access to historical sites, public agencies, and private organizations. The program’s rigorous curriculum provides a strong academic grounding in the history, theory, and practice of historic preservation while our many internship opportunities provide valuable practical experience. The Master of Arts in Preservation Studies (MA PS) is designed for students interested in preparing for professional positions in historic preservation or pursuing further graduate study. It is an interdisciplinary program housed in the American & New England Studies Program in the College of Arts & Sciences. The MA PS curriculum combines a strong academic grounding in the history, theory, and practice of historic preservation with opportunities for practical experience and exposure to various aspects of the field. Students benefit from the program’s small size, the expertise of its faculty, the wealth of resources available in Boston and New England, and the opportunity to engage with a vast network of alumni and preservation professionals.",,https://www.bu.edu/preservation/,,,"$2,045/Credit",FALSE,False,,4.0,3.0,,,,,,,,,,,,,,,,,,False,False,,,115.0,,,,7.0,,,65.0,,90.0,,,,,,,,,,,,25-75% of tuition costs,Merit-based,FALSE,,,FALSE,FALSE,,,
,Master of Arts / Juris Doctor in Preservation Studies,,,,,Doctoral,Fall 2026,,,,Required,Required,Not Required,REQUIRED,"Applicants for the dual degree program must apply separately to the MA in Preservation Studies and to the School of Law. An applicant must be admitted independently by both programs. For the MA in Preservation Studies, applicants are expected to have a bachelor’s degree from an accredited institution. Students must submit an online application with a statement of purpose, official transcripts from all colleges and universities attended, three letters of recommendation, a writing sample, and a CV/Resume. GRE scores are not required. International students must also submit TOEFL, IELTS, or Duolingo English Test scores. A non-refundable $85 application fee is required.",Required,,True,True,False,False,False,False,,True,True,False,False,False,True,False,False,False,,,,Graduate School of Arts & Sciences and School of Law,,,,,,,,,"The dual Master of Arts (MA) in Preservation Studies and Juris Doctor (JD) degree offered by Boston University’s Graduate School of Arts & Sciences and School of Law, respectively, is designed for students who plan to pursue careers as preservationists, land use planners, or attorneys specializing in historic preservation, cultural heritage law, or real estate development. This unique program allows students to delve into the historical, theoretical, and practical aspects of preservation, while simultaneously gaining a thorough understanding of the legal frameworks that govern it. The curriculum integrates coursework from both disciplines, providing students with a comprehensive skill set to address the complex challenges of urban planning, environmental stewardship, and cultural resource management. Graduates of the MA/JD program will be equipped to work in various settings, including government agencies, non-profit organizations, law firms, and private consulting practices, where they can advocate for and implement effective preservation strategies.",,https://www.bu.edu/academics/grs/programs/,,,"$1,844 per credit",FALSE,False,,4.0,3.0,,,,,,,,,,,,,,,,,,False,False,,,,,,,7.0,,,,,100.0,,,,,,,,,,,,,"Merit-based, need-based, Teaching Fellowships, partial scholarships",FALSE,,,FALSE,FALSE,,,
,Master of Arts in Anthropology,,,,,Graduate,Fall 2026,,,,Required,Required,Not Required,REQUIRED,"The Graduate School of Arts & Sciences online application. It is the responsibility of the applicant to ensure that all required documents are submitted. Required Application Materials: Transcripts from all undergraduate and graduate institutions, Three letters of recommendation, CV or resume, Statement of Purpose (no more than 750 words), Writing Sample (e.g., term paper, portion of an honors thesis, or other academic writing), Official GRE scores (Verbal, Quantitative, and Analytical Writing). We do not accept GRE scores older than five years from the date of the intended matriculation. For international students: English proficiency test scores (TOEFL, IELTS, or PTE).",Required,,False,False,True,False,False,False,,True,False,False,False,True,True,False,False,False,,,,Graduate School of Arts & Sciences,"$32,680/Semester","$32,680/Semester",,,,,,,"The Department of Anthropology offers an MA in Anthropology for students interested in advanced interdisciplinary study, as well as those pursuing the MA as part of a doctoral program. The program is designed to provide students with a strong theoretical foundation across the subfields of sociocultural anthropology, archaeology, and biological anthropology, as well as rigorous training in research design, methodology, and analysis. Students are prepared for a range of professional opportunities in academia and in the private and public sectors, locally and internationally.",,https://www.bu.edu/academics/grs/programs/,,,"$2,043/Credit",FALSE,False,2.0,4.0,3.0,,,,,,,,,,,,,,,,,,False,False,,,115.0,,,,6.5,,,59.0,,84.0,,,,,,,,,,,,,,FALSE,,,FALSE,FALSE,,,
,PhD in Anthropology,,,,,Doctoral,Fall 2026,,,,Required,Required,Not Required,REQUIRED,"All prospective applicants must complete the Graduate School of Arts & Sciences (GRS) online application. The following materials are required to be submitted with your application: Online Application, Application Fee, Personal Statement: A brief essay (500-750 words) describing your academic and career goals and interests. Please highlight how your interests align with current faculty research in our department and/or with other interdisciplinary programs or departments at Boston University. Make sure to clearly state your intended area of specialization (e.g. Archaeology, Biological Anthropology, Sociocultural Anthropology). Letters of Recommendation: Three (3) letters of recommendation from faculty or others qualified to evaluate your academic and research abilities. Transcripts: From all institutions of higher education from which you received a degree. Please include transcripts from any post-secondary institutions where you earned 12 or more credits. Curriculum Vitae (CV) or Resume. Writing Sample: A sample of your academic writing (15-25 pages in length). Additional Requirements for International Students: English Proficiency (Official English proficiency scores are generally required from one of the following tests: TOEFL, IELTS, or Duolingo English Test, unless exempted). Optional Application Materials: GRE General Test Scores (submission is optional for applicants to the PhD in Anthropology program). Grant Application Materials (Applicants may submit materials from a grant application they previously prepared). All application materials must be submitted through the GRS online application system by the application deadline.",Required,,True,True,True,False,False,False,,True,False,False,False,False,True,False,False,False,,,,Graduate School of Arts & Sciences (GRS),"$67,360/Year","$67,360/Year",,,,,,,"The PhD program in Anthropology provides students with the training needed to become successful scholars and researchers in anthropological subfields including sociocultural anthropology, archaeology, biological anthropology, and linguistic anthropology. Our program emphasizes interdisciplinary approaches, rigorous methodological training, and a commitment to fieldwork and empirical research. Students benefit from close mentorship by faculty, access to cutting-edge research facilities, and opportunities for fieldwork both locally and internationally. Graduates of our program are prepared for careers in academia, museums, NGOs, and government agencies, among other sectors. We encourage prospective students to explore the research interests of our faculty members to identify potential mentors.",,https://www.bu.edu/academics/grs/programs/,,"$102,884/Year (includes $32,000 stipend, $67,360 tuition, $3,524 health insurance)","$2,807/credit",FALSE,False,2.0,4.0,3.0,,,,,,,,,,,,,,,,,,False,False,,,125.0,,,,7.0,,,,,90.0,,,,,,,,,,,,100%,"Teaching Fellowship, Research Assistantship",FALSE,,,FALSE,FALSE,,,
,Master of Arts in Public Anthropology,,,,,Graduate,Fall 2026,,,,Required,Required,Not Required,REQUIRED,"To be considered for admission, applicants must have: An undergraduate degree in anthropology or a related discipline with a GPA of 3.0 or higher. A minimum of 24 credits in anthropology coursework (including an introductory course in cultural anthropology and a course in archaeological method and theory, or their equivalents, as determined by the Director of Graduate Studies). Evidence of strong writing skills. Evidence of strong academic performance.",Required,,True,True,True,False,False,False,,True,False,False,False,True,True,False,False,False,,,,Graduate School of Arts & Sciences (GRS),"$14,400/Year","$14,400/Year",,,,,,,"The MA in Public Anthropology at Boston University provides students with a strong foundation in anthropological theory and practice. Combining coursework in sociocultural anthropology with hands-on training, the MA program emphasizes the study of contemporary global issues and engaged research practices. This program equips students with the skills to address pressing social concerns, engage diverse publics, and apply anthropological insights in various professional settings, including non-profits, government agencies, cultural institutions, and research organizations.",,https://www.bu.edu/academics/grs/programs/,,,$900/credit,FALSE,False,,4.0,3.0,,,,,,,,,,,,,,,,,,False,False,,,115.0,,,,6.5,,,65.0,,90.0,,,,,,,,,,,"$5,000 to $10,000",,Merit-based,FALSE,,,FALSE,FALSE,,,
,Master of Arts in Archaeology,,,,,Graduate,Fall 2026,,,,Required,Required,GRE,REQUIRED,"Applicants to the MA and PhD programs should consult the GRS Admissions page for general requirements. Materials that must be uploaded as part of the online application include: an official transcript from each college or university attended, a statement of purpose outlining the applicant’s academic and professional goals and explaining why the BU Archaeology program is a good fit, a curriculum vitae or resume, three letters of recommendation, and a writing sample. GRE is no longer required for admission to the MA and PhD programs in Archaeology.",Required,,True,False,True,False,True,False,,True,False,False,False,False,True,True,False,False,,,,Graduate School of Arts & Sciences,"$32,660/Semester","$32,660/Semester",,,,,,,"The MA program in Archaeology at Boston University is a two-year degree designed to provide students with a strong foundation in archaeological theory and method, as well as the ability to specialize in particular archaeological fields. Many of our MA students use the degree as preparation for doctoral studies; others use it to launch careers in cultural resource management or other archaeological endeavors. The MA in Archaeology is designed for students seeking either to deepen their knowledge of the field prior to applying for a PhD program or to acquire the training necessary for a professional career in archaeology. Students are expected to complete 32 credits (8 courses) and an MA thesis or two qualifying papers. Students are encouraged to pursue an archaeological field school and participate in departmental research projects. Students typically fulfill their requirements over two academic years.",,https://www.bu.edu/academics/grs/programs/,,,"$1,021/credit",FALSE,False,2.0,4.0,3.0,,,,,,,,,,,,,,,,,,False,False,,,120.0,,,,7.0,,,,,90.0,,,,,,,,,,,,,"Merit-based (Dean's Scholarships, partial tuition remission and stipends)",FALSE,,,FALSE,FALSE,,,
,PhD in Archaeology,,,,,Doctoral,Fall 2026,,,,Required,Required,GRE,REQUIRED,"Applications to the Graduate Program in Archaeology are handled by the Graduate School of Arts & Sciences (GRS). For specific instructions about the online application, see the GRS Admissions page. All applications must be submitted online.

Application Requirements
*   Curriculum Vitae (CV) or Resume
*   Statement of Purpose: In 750 words or less, describe your reasons for pursuing graduate study, your academic and research interests, and your future goals. You may also include any additional information you wish the Admissions Committee to consider.
*   Letters of Recommendation (3)
*   Transcripts: From all post-secondary institutions you have attended.
*   GRE General Test (optional for Fall 2024 admissions): The Archaeology Department does not require GRE scores for admission. If you wish to submit GRE scores, they will be considered as part of your application. You may submit GRE scores to institution code 3087.
*   Writing Sample: A research paper (15-20 pages) that demonstrates your analytical and writing abilities.
*   English Language Proficiency (international students only): If your native language is not English, you must demonstrate English language proficiency.",Required,,True,True,True,False,True,False,,True,False,False,False,False,True,False,False,False,,,,"Department of Archaeology, College of Arts & Sciences","$68,540/Year","$68,540/Year",,,,,,,"The PhD program in Archaeology is designed for students interested in advanced scholarly training and research. Students may concentrate in a wide variety of geographical and temporal areas, theoretical approaches, and methodological specialties, limited only by the particular interests of the faculty. The PhD program provides students with the advanced skills and knowledge needed to pursue academic careers and leadership positions in cultural resource management, museum studies, and other related fields. Students gain expertise in archaeological theory, method, and practice, and develop strong research and writing skills through coursework, fieldwork, and dissertation research. They will learn how to: Develop and conduct original archaeological research. Analyze and interpret archaeological data. Communicate research findings effectively through written and oral presentations. Teach archaeology at the university level. Contribute to the preservation and management of cultural heritage.",,https://www.bu.edu/archaeology/,,,"$2,142/Credit",FALSE,False,,4.0,3.0,,,,,,,,,,,,,,,,,,False,False,,,115.0,,,,7.0,,,,,90.0,,,,,,,,,,,"Annual stipend of $25,000, full tuition waiver (value $68,540/Year), and student health insurance",,"Fellowship/Assistantship (includes stipend, full tuition waiver, and health insurance)",FALSE,,,FALSE,FALSE,,,
,Master of Arts in Archaeological & Environmental Sciences/Archaeology,,,,,Graduate,Fall 2026,,,,,Required,GRE,REQUIRED,"Official Transcripts, Letters of Recommendation, Statement of Purpose, TOEFL/IELTS Scores (international students only), Application Fee. GRE General Test Scores are NOT REQUIRED for applicants to the MA in Archaeological & Environmental Sciences.",,,True,False,True,False,True,False,,True,False,False,False,False,True,True,False,False,,,,College of Arts & Sciences,32320/Semester,32320/Semester,,,,,,,"The MA in Archaeological & Environmental Sciences (MA AES) is an intensive, 12-month interdisciplinary program designed to train students in the application of scientific methods to the study of archaeological questions. The program emphasizes the practical experience of designing and conducting research, analyzing scientific data in the laboratory, and engaging in field-based data collection. Students learn how to analyze the chemical, physical, and biological properties of archaeological materials and their associated environments. Training occurs in the department’s state-of-the-art laboratories and through ongoing field projects in archaeology. This program prepares students for careers in cultural resource management, museums, archaeological field research, scientific laboratories, and provides a strong foundation for doctoral work in archaeology or related fields.",,https://www.bu.edu/academics/cas/programs/archaeology/ba-ma/,,,2020/credit,FALSE,True,,4.0,3.0,,,,,,,,,,,,,,,,,,False,False,,,115.0,,,,7.0,,,,,90.0,,,,,,,,,,,"Up to $32,320 (covering tuition for up to 16 credits)",Up to 50% (of total program credits),"Merit-based, Need-based",FALSE,,,FALSE,FALSE,,,
,Master of Arts in Classics & Archaeology,,,,,Graduate,Fall 2026,,,,Not Required,Required,Not Required,REQUIRED,"A complete application for admission to a GRS master’s or PhD program includes official transcripts from all institutions of higher education attended, three letters of recommendation, a statement of purpose, GRE General Test scores (optional for Fall 2024, Fall 2025, and Fall 2026 applicants), English language proficiency, and an application fee.",Not Required,,True,True,True,False,False,False,,True,False,False,False,True,True,False,False,False,,,,College of Arts & Sciences,34400/Semester,34400/Semester,,,,,,,"The MA in Classics & Archaeology at Boston University combines the study of Greek and Latin languages and literatures with the theory and practice of classical archaeology. The program is designed to provide students with a strong foundation in classical antiquity, preparing them for further graduate study at the PhD level or for careers in related fields such as museum work, cultural heritage management, or education. Students gain a deep understanding of the classical world through rigorous coursework, research opportunities, and engagement with archaeological fieldwork. The program encourages interdisciplinary approaches and offers flexibility for students to tailor their studies to their interests within the broad scope of Classics and Archaeology.",,https://www.bu.edu/classics/academics/graduate-programs/graduate-degree-programs/ma-in-classics-archaeology/,,,2150/Credit,FALSE,False,,4.0,3.0,,,,,,,,,,,,,,,,,,False,False,,,120.0,,,,6.5,,,59.0,,84.0,,,,,,,,,,,,,"Merit-based, Teaching Fellowships",FALSE,,,FALSE,FALSE,,,
,Master of Arts in Astronomy,,,,,Graduate,Fall 2026,,,,Required,Required,GRE,REQUIRED,"Admission to the MA program in Astronomy typically requires an undergraduate major in Physics or Astronomy (or a closely related field) and a strong record of academic achievement. Required Application Materials include: Completed Application Form, Official Transcripts, Three Letters of Recommendation, Personal Statement (Required), Resume/CV (Required), GRE General Test Scores (Optional), and English Proficiency (International Applicants only).",,,True,True,True,True,True,False,,True,False,False,False,True,True,False,False,False,,,,Graduate School of Arts & Sciences,"$32,820/Semester","$32,820/Semester",,,,,,,"The MA program in Astronomy at Boston University’s Graduate School of Arts & Sciences provides students with a solid understanding of the physical processes governing the universe, preparing them for careers in science, industry, and education. Graduates are well-prepared for entry into PhD programs in astronomy and related fields, or for positions in industry or secondary education. They will have a strong foundation in astrophysics, as well as a range of skills in computation, data analysis, and scientific communication. Our MA students engage in research in a variety of areas of astronomy including planetary science, exoplanets, stellar astrophysics, galactic and extragalactic astronomy, cosmology, and instrumentation. Faculty research programs focus on theoretical, observational, and experimental investigations. MA students can participate in several research projects during their time at BU, developing expertise across a broad range of subjects.",,https://www.bu.edu/academics/grs/programs/,,,"$1,026.88",FALSE,True,1.0,4.0,3.0,,,,,,,,,,,,,,,,,,False,False,,,115.0,,,,6.5,,,59.0,,84.0,,,,,,,,,,,,,"Merit-based scholarships, Teaching fellowships",FALSE,,,FALSE,FALSE,,,
,PhD in Astronomy,,,,,Doctoral,Fall 2026,,,,Required,Required,Not Required,REQUIRED,"Applicants are required to submit official transcripts from all post-secondary institutions, a statement of purpose, three letters of recommendation, and a resume/CV. The GRE General Test and GRE Physics Subject Test are not required and will not be considered for admission. International students whose native language is not English must demonstrate English proficiency (see GRS Requirements).",,,True,False,True,False,False,False,,True,False,False,False,False,True,False,False,False,,,,College of Arts & Sciences,"$32,830/Semester","$32,830/Semester",,,,,,,"The Department of Astronomy offers an exceptional learning experience, coupling a dynamic, intellectually stimulating, and collaborative environment with world-class facilities and research opportunities. Our doctoral program trains students to become scientific leaders in academia, government, and industry through a curriculum that emphasizes a combination of coursework, research experience, and professional development. We provide ample opportunities to grow intellectually by offering the chance to interact with a vibrant community of faculty, postdoctoral researchers, and graduate students who are at the forefront of astronomical research. We have expertise in diverse research areas, including Planetary Science, Exoplanets, Solar and Space Physics, Galaxies, Quasars, and Cosmology, and Interstellar Medium and Star Formation. We expect our students to contribute to the field by producing original research, publish their findings in peer-reviewed journals, and present their work at scientific conferences. Students will also gain valuable experience and training in teaching as part of their academic development.",,https://www.bu.edu/grad/why-bu/phd-program-profiles/astronomy/,,"$105,090/Year (includes tuition, 9-month stipend, and health insurance)","$2,052/Credit",FALSE,True,,4.0,3.0,,,,,,,,,,,,,,,,,,False,False,,,115.0,,,,6.5,,,,,84.0,,,,,,,,,,,"$65,660/Year (Tuition Scholarship)",100%,"Tuition Scholarship, Stipend, Teaching Fellowships, Research Assistantships",FALSE,,,FALSE,FALSE,,,
,Master of Arts in Astrophysics & Space Physics,,,,,Graduate,Fall 2026,,,,Required,Required,GRE,REQUIRED,"Applicants to the MA in Astrophysics & Space Physics degree must have a bachelor’s degree from an accredited institution. An official academic transcript from each college and university attended, a personal statement, three letters of recommendation, and a résumé or CV are required. The GRE General Test is not required.",,,True,False,False,False,True,False,,True,False,False,False,True,True,False,False,True,,,,Graduate School of Arts & Sciences,"$30,950/Semester or $61,900/Year","$30,950/Semester or $61,900/Year",,,,,,,"The Master of Arts in Astronomy (Astrophysics & Space Physics) provides students with a strong foundation in astrophysics, space physics, and instrumentation. Graduates will be prepared to pursue doctoral studies in astrophysics or space physics, or for careers in related fields. Students in the MA in Astronomy (Astrophysics & Space Physics) program are required to take eight courses (32 credits). Students will be advised by a faculty member in the Department of Astronomy and will tailor a course of study to their individual interests and goals. Possible courses include computational physics, electromagnetism, quantum mechanics, stellar atmospheres and interiors, galaxies and cosmology, and space plasma physics. Students will also participate in research with a faculty member, culminating in a Master’s thesis or project in astrophysics or space physics.",,https://www.bu.edu/academics/grs/programs/astronomy/ma/,,,"$1,970/Credit",FALSE,True,,4.0,3.0,,,,,,,,,,,,,,,,,,False,False,,,,,,No minimum score,7.0,,,65.0,,90.0,,,,,,,,,,,,,,FALSE,,,FALSE,FALSE,,,
,Master of Science in Biology,,,,,Graduate,Fall 2026,,,,Required,Required,Not Required,REQUIRED,"Completed Application Form, Application Fee, Transcripts, Letters of Recommendation, Personal Statement, CV/Resume, GRE General Test Scores (submission encouraged, but absence of scores will not disadvantage application), English Proficiency (if applicable).",Not Required,,True,True,False,False,False,False,,True,False,False,False,True,True,False,False,False,,,,Graduate School of Arts & Sciences,"$30,075/Semester","$30,075/Semester",,,,,,"Cell and Molecular Biology, Ecology, Behavior and Evolution, Marine Biology, Neuroscience","The Master of Science (MS) program in Biology is designed for students who wish to deepen their understanding of biology through advanced coursework and research. The program provides a broad education in biology with opportunities for specialization in areas such as cell and molecular biology, ecology, behavior and evolution, marine biology, and neuroscience. Students develop critical thinking, laboratory, and research skills, preparing them for careers in research, education, biotechnology, or further graduate studies.",,https://www.bu.edu/academics/grs/programs/,,,$940/credit,FALSE,True,2.0,4.0,3.0,,,,,,,,,,,,,,,,,,False,False,,,,,,,6.5,,,59.0,,84.0,,,,,,,,,,,,,Merit-based,FALSE,,,FALSE,FALSE,,,
,PhD in Biology,,,,,Doctoral,Fall 2026,,,,Required,Required,Not Required,REQUIRED,"Admission to the Biology PhD program is competitive. Applicants are expected to have a strong background in the biological sciences, including courses in genetics, biochemistry, and molecular biology. Students from other scientific disciplines are also encouraged to apply. Required Materials: Curriculum Vitae or Résumé (CV), Statement of Purpose, Three letters of recommendation, Official transcripts from all universities attended, GRE General Test scores (optional), TOEFL, IELTS, or Duolingo English Test scores (required for international applicants, unless exempt).",,,True,True,True,False,False,False,,True,False,False,False,False,True,True,False,False,,,,Graduate School of Arts & Sciences (GRS),33550/Semester,33550/Semester,,,,,,,"The PhD in Biology program is designed to provide students with the depth and breadth of knowledge necessary to excel in the biological sciences. Our students undertake cutting-edge research under the mentorship of faculty who are leaders in their fields, developing the skills and expertise needed for successful careers in academia, industry, government, and non-profit organizations. The program fosters critical thinking, problem-solving, and communication skills, preparing graduates to address complex biological challenges and contribute to scientific discovery.",,https://www.bu.edu/academics/grs/programs/,,37000/9 Months (Stipend),1049/Credit,FALSE,True,0.0,4.0,3.0,,,,,,,,,,,,,,,,,,False,False,,,120.0,,,,7.0,,,,,90.0,,,,,,,,,,,"Full tuition ($33,550/Semester) + $37,000/9 Months (stipend)",100% (for tuition),"Fellowships, Teaching Assistantships, Research Assistantships, Graduate Assistantships",FALSE,,,FALSE,FALSE,,,
,Master of Science in Biostatistics,,,,,Graduate,Fall 2026,,,,Required,Required,Not Required,REQUIRED,"Official transcripts from all universities and colleges attended.
Two letters of recommendation (academic and/or professional).
A statement of purpose.
A current resume or CV.
Non-refundable application fee.
Official GRE scores (optional).
Official TOEFL/IELTS scores (international students only).",,,True,True,True,False,False,False,,True,False,False,False,True,True,True,False,False,,,,Graduate School of Arts & Sciences and School of Public Health,32380,"$32,380/Semester (full-time, 12-18 credits) or $1,012/Credit (part-time) for the 2024–2025 academic year.",,,,,,Statistical Genetics,"Boston University’s MS in Biostatistics program is located in the Department of Biostatistics, which is part of the School of Public Health (SPH). The program is a collaboration between SPH and the Graduate Medical Sciences (GMS) departments, allowing students to access a diverse range of faculty and resources. The program’s curriculum provides students with a solid foundation in biostatistical theory and methods, as well as practical experience in applying these methods to real-world problems. Graduates are prepared for careers in research, public health, and industry, or for further graduate studies. Our mission is to train students in the theory and application of biostatistics, preparing them for successful careers in academia, industry, and government. We emphasize critical thinking, problem-solving, and effective communication skills.",,https://www.bu.edu/academics/grs/programs/,,,1012,FALSE,True,,4.0,3.0,,,,,,,,,,,,,,,,,,False,False,,,120.0,,,,7.0,,,68.0,,,,,,,,,,,,,,,Merit-based,FALSE,,,FALSE,FALSE,,,
,PhD in Biostatistics,,,,,Doctoral,Fall 2026,,,,Required,Required,Optional,REQUIRED,Required documents: Official transcripts from all post-secondary institutions; Three letters of recommendation; Statement of Purpose (required); Resume or Curriculum Vitae (CV) (required); GRE General Test scores (optional for Fall 2024 applicants); TOEFL/IELTS scores (international applicants only). We use the SOPHAS Express application. You must apply to the PhD in Biostatistics program via SOPHAS Express.,Not Required,,True,True,True,False,False,False,,True,False,False,False,True,True,False,False,False,,,,Boston University School of Public Health,72632/Year,68340/Year,,,,,,,"Biostatistics is an indispensable tool in biomedical research. It provides the quantitative and analytical methods used to draw sound conclusions from scientific data. As a PhD student in Biostatistics, you will develop a solid theoretical background in statistical inference and probability, and apply that knowledge to the design and analysis of biomedical and public health studies. You will conduct original methodological research, participate in collaborative research projects, and become well-versed in statistical computing and programming. PhD students receive a thorough grounding in biostatistical theory and methods in a challenging environment that emphasizes statistical application and collaboration. A typical program takes five years to complete. Coursework is balanced between theoretical foundations and applied methods, with an emphasis on development of original research skills. Through coursework, collaborative research with faculty, and dissertation research, students develop expertise in a wide range of biostatistical methods. Throughout your time in the program, you will deepen your expertise in statistical computing, data analysis, and the presentation of statistical findings. You will engage in discussions with faculty and students about the role of biostatistics in biomedical research, and participate in ongoing research projects. These experiences will prepare you for a successful career as an independent biostatistical researcher.",,https://www.bu.edu/grad/why-bu/phd-program-profiles/biostatistics/,,,,FALSE,False,,4.0,3.5,,,,,,,,,,,,,,,,,,False,False,,,120.0,,,,7.0,,,68.0,,90.0,,,,,,,,,,,104340/Year,100%,"Teaching Assistantships, Research Assistantships, Training Grants",FALSE,,,FALSE,FALSE,,,
,Master of Arts in Biotechnology,,,,,Graduate,Fall 2026,,,,,,Not Required,REQUIRED,,,,True,False,True,False,False,False,,True,False,False,False,True,True,False,False,False,,,,College of Arts & Sciences,"$32,380/Semester",,,,,,,,,,https://www.bu.edu/academics/cas/programs/biochemistry-molecular-biology/ba-ma/,,,"$2,024 per credit",FALSE,True,,4.0,3.0,,,,,,,,,,,,,,,,,,False,False,,,115.0,,,,6.5,,,58.0,,84.0,,,,,,,,,,,,,Merit-based,FALSE,,,FALSE,FALSE,,,
,Master of Science in Biotechnology,,,,,Graduate,Fall 2026,,,,Required,Required,Optional,REQUIRED,"All applicants to the MA or MS in Biotechnology program must submit: Official transcripts from all universities and colleges attended, Three letters of recommendation, A statement of purpose, CV/Resume, GRE General Test scores (optional, but highly recommended), English proficiency test scores (international students only)",,,True,True,True,False,False,False,,True,False,False,False,True,True,False,False,False,,,,College of Arts & Sciences,29376/Year,29376/Year,,,,,,,,,https://www.bu.edu/bmb/ba-ma-program/,,,918/Credit,FALSE,True,,4.0,3.0,,,,,,,,,,,,,,,,,,False,False,,,120.0,,,,7.0,,,65.0,,90.0,,,,,,,,,,,,,"Merit-based, Teaching Fellowships, Research Fellowships, Tuition Remission",FALSE,,,FALSE,FALSE,,,
,Master of Arts in Chemistry,,,,,Graduate,Fall 2026,,,,Required,Required,Not Required,REQUIRED,"Online Application: All applicants must apply using the online application. Application Fee: The fee for PhD applications is $85. The fee for MA and MS applications is $85. Statement of Purpose: This statement should address your reasons for applying to our graduate program in Chemistry, your prior research experience, and your future career goals. For MA and MS applicants, please indicate whether you are interested in the thesis or non-thesis track. CV/Resume: This should outline your academic history, research experience, and any publications, presentations, or awards. Letters of Recommendation: Three letters of recommendation are required from individuals who are familiar with your academic and/or research abilities. Transcripts: Official transcripts from all undergraduate and graduate institutions attended are required. GRE General Test: The GRE General Test is required for all applicants. We do not require the GRE Chemistry Subject Test. Our institution code is 3087. English Proficiency: All applicants whose native language is not English are required to demonstrate English proficiency through the TOEFL or IELTS exam.",Not Required,,False,False,True,False,False,False,,True,False,False,False,True,True,False,False,False,,,,Graduate School of Arts & Sciences (GRS),"$32,670/Semester","$32,670/Semester",,,,,,,"The MA in Chemistry program is designed to enhance the knowledge and skills of individuals with a bachelor’s degree in chemistry or a closely related field. It provides students with advanced coursework and research experience in various areas of chemistry, including analytical, inorganic, organic, physical, and biochemistry. The program prepares graduates for careers in research and development, teaching, or further graduate studies in chemistry or related fields.",,https://www.bu.edu/academics/grs/programs/,,,"$1,021/credit",FALSE,True,0.0,4.0,3.0,,,,,,,,,,,,,,,,,,False,False,,,115.0,,,,7.0,,,65.0,,90.0,,,,,,,,,,,,,Merit-based,FALSE,,,FALSE,FALSE,,,
,PhD in Chemistry,,,,,Doctoral,Fall 2026,,,,Required,Required,Optional,REQUIRED,"Transcripts from all prior collegiate work.
Three letters of recommendation.
A personal statement outlining your interests in chemistry, your research experience, and your career goals.
Resume/CV.
Official TOEFL/IELTS scores (international students only).
The Chemistry Department does not have a formal minimum GPA requirement, however, applicants must have a bachelor’s or master’s degree in Chemistry or a related field to be considered for admission. Successful applicants typically have completed undergraduate courses in inorganic, organic, and physical chemistry, as well as general physics and mathematics through differential equations.",,,True,False,True,False,False,False,,True,False,False,False,True,True,True,False,False,,,,Graduate School of Arts & Sciences,31525/Semester,31525/Semester,,,,,,,"Boston University’s Chemistry Department offers a PhD in Chemistry degree program focusing on a diverse range of research areas, including inorganic, organic, physical, and theoretical chemistry, as well as analytical chemistry, materials chemistry, and chemical biology. The PhD program is tailored to students’ individual needs and interests, providing them with the flexibility to design a course of study that aligns with their goals. Students will take courses in advanced chemistry topics and conduct original research under the guidance of a faculty mentor. The program culminates in the completion and defense of a doctoral dissertation. Graduates of the PhD in Chemistry program are well-prepared for careers in academia, industry, and government, where they can apply their expertise to address complex scientific challenges.",,https://www.bu.edu/grad/why-bu/phd-program-profiles/chemistry/,,,"$2,005/credit",FALSE,True,1.0,4.0,3.0,,,,,,,,,,,,,,,,,,False,False,,,120.0,,,,7.0,,,68.0,,90.0,,,,,,,,,,,"$31,525/Semester",100%,"Full tuition scholarship, Stipend",FALSE,,,FALSE,FALSE,,,
,Master of Arts in Classical Studies,,,,,Graduate,Fall 2026,,,,Required,Required,Optional,REQUIRED,"Minimum requirements for admission to the MA program include: A bachelor’s degree from an accredited college or university. GRE scores. While there are no minimum scores required, competitive applicants generally score in the 80th percentile or above on both the verbal and quantitative sections. Three letters of recommendation. A statement of purpose. Official transcripts from all undergraduate and graduate institutions attended. A writing sample. This should be an academic essay (approximately 10–15 pages in length) on a topic relevant to Classical Studies. A CV/resume.",Required,,False,False,True,False,False,False,,True,False,False,False,True,True,False,False,False,,,,Graduate School of Arts & Sciences,,"$65,320/Year",,,,,,Track A: Ancient History and Classical Archaeology; Track B: Ancient Languages and Literatures,"The MA in Classical Studies at Boston University’s Department of Classical Studies offers students the opportunity to pursue advanced study of ancient Greek and Roman culture. Our program provides a rigorous course of study in preparation for PhD programs in Classics and related fields, as well as for careers in education, libraries, museums, and other areas where a background in the humanities is valued. Students are encouraged to develop a broad understanding of the field, while also specializing in particular areas through their choice of courses and thesis topic. The MA can be pursued on a full- or part-time basis. Full-time students typically complete the degree in 3 semesters (1.5 years). Part-time students typically complete the degree in 2–3 years. The MA in Classical Studies has two distinct tracks: Track A, focusing on ancient history and classical archaeology, and Track B, focusing on ancient languages and literatures.",,https://www.bu.edu/academics/grs/programs/,,94320,"$2,040 per credit",FALSE,False,,4.0,3.0,,,,,,,,,,,,,,,,,,False,False,,,115.0,,,,6.5,,,61.0,,90.0,,,,,,,,,,,65320,100% of tuition,"Merit-based, Teaching Fellowship, Graduate Assistantship, Institutional Grant",FALSE,,,FALSE,FALSE,,,
,PhD in Classical Studies,,,,,Doctoral,Fall 2026,,,,Required,Required,GRE,REQUIRED,"General requirements for the PhD in Classical Studies program include: Online Application for Admission, Transcripts from all undergraduate and graduate institutions, CV/resume, Statement of purpose (1000-word maximum), Writing Sample (20-25 pages), Three letters of recommendation (submitted electronically through the online application system directly from your recommenders), Official GRE Scores (institutional code 3087; no minimum required score, but competitive applicants generally score well on the verbal portion of the test), Official TOEFL, IELTS, or Duolingo English Test scores (for international applicants only), and an Application fee ($85).",Required,,False,False,False,False,True,False,,True,False,False,False,True,True,False,False,False,,,,Graduate School of Arts & Sciences,"$69,880/Year","$69,880/Year",,,,,,,"The PhD program in Classical Studies offers advanced training in the literatures, cultures, and history of ancient Greece and Rome. Students gain comprehensive knowledge of Greek and Latin language and literature through coursework, qualifying examinations, and dissertation research. The program enables students to achieve professional expertise in the field and prepares them for careers as college and university teachers and scholars.",,https://www.bu.edu/academics/grs/programs/,,"$69,880/Year","$2,184",FALSE,False,,4.0,3.0,,,,,,,,,,,,,,,,,,False,False,,,,,,,6.0,,,53.0,,84.0,,,,,,,,,,,"$69,880/Year",100%,Fellowship (Merit-based),FALSE,,,FALSE,FALSE,,,
,Master of Fine Arts in Ancient Greek/Literary Translation,,,,,Graduate,Fall 2026,,,,Optional,Required,Not Required,REQUIRED,"Transcripts from all post-secondary institutions you have attended; Three Letters of Recommendation; The GRE General Test is not required for the MFA in Literary Translation; A Statement of Purpose is required for all applicants; A Writing Sample is required for all applicants (A substantial sample (20–25 pages) of original prose fiction, poetry, or a critical essay is required); Official English Language Proficiency Results if applicable (TOEFL, IELTS, or PTE); A Resume/CV is optional for all applicants; Application fee of $85.",Required,,True,False,True,False,False,False,,True,False,False,False,True,True,False,False,False,,,,Graduate School of Arts & Sciences,65200/Year,,,,,,,Ancient Greek,"The MFA program in Literary Translation provides a balance of theoretical and practical work in the translation of texts from ancient or modern languages into English. It encourages students to cultivate competence in the literary, linguistic, and cultural traditions of their chosen languages, and to acquire advanced skill in English prose style and versification. Students may specialize in the translation of literary texts from a wide array of ancient or modern languages. Upon graduation, students are prepared to undertake professional translation or to pursue further graduate work in comparative literature or related fields.",,https://www.bu.edu/academics/grs/programs/mfa-in-literary-translation/,,,2038 per credit,FALSE,False,,4.0,3.0,,,,,,,,,,,,,,,,,,False,False,,,115.0,,,,6.5,,,58.0,,84.0,,,,,,,,,,,,,"Dean's Scholarship, Teaching Assistantship",FALSE,,,FALSE,FALSE,,,
,Master of Arts / Doctor of Philosophy in Classical Studies/Philosophy,,,,,Doctoral,Fall 2026,,,,,,GRE,REQUIRED,,,,True,True,False,False,True,False,,True,False,False,False,True,True,False,False,False,,,,Graduate School of Arts & Sciences,"$67,044/Year","$67,044/Year",,,,,,,"The joint MA/PhD program in Classical Studies and Philosophy at Boston University is an interdisciplinary program designed to give students grounding in both fields while encouraging them to bridge the traditional gap between them. Students are introduced to issues in ancient philosophy and classics from the beginning of their graduate careers. This unique collaboration provides an exceptional opportunity to study the ancient world in an interdisciplinary context. The program combines the individual strengths of the Classical Studies department and the Philosophy department at Boston University, both of which have significant reputations in ancient philosophy. The Classical Studies department’s particular strengths in Greek and Latin literature, ancient history, and archaeology complement the Philosophy department’s strengths across the history of philosophy and contemporary philosophical fields. Faculty from both departments jointly advise students in the program.",,https://www.bu.edu/academics/grs/programs/,,,"$2,100/credit",FALSE,False,,4.0,3.0,,,,,,,,,,,,,,,,,,False,False,,,,,,,7.0,,,65.0,,90.0,,,,,,,,,,,"Full tuition waiver (approx. $67,044/year) + $28,000 - $36,000/year stipend (for most PhD students)",100% of tuition (for most PhD students),"Merit-based (Full tuition scholarship, stipend, health insurance credit)",FALSE,,,FALSE,FALSE,,,
,Master of Fine Arts in Latin/Literary Translation,,,,,Graduate,Fall 2026,,,,Required,Required,Not Required,REQUIRED,"Applicants to the Master of Fine Arts in Literary Translation program apply directly through the BU Graduate School of Arts & Sciences (GRS) online application system. Applicants should specify ""Literary Translation (MFA)"" as their program of choice. The application requires the following materials: A completed application form, Official academic transcripts from all institutions where you have received a degree, Three letters of recommendation, A statement of purpose, A writing sample consisting of a critical essay or an extended piece of fiction or poetry (15-25 pages), A translation sample accompanied by the original text (10-15 pages), A resume/CV.",Required,,True,False,True,False,False,False,,True,False,False,False,False,True,False,False,False,,,,Editorial Institute,"$32,680/Semester","$32,680/Semester",,,,,,,"The Boston University MFA in Literary Translation is a two-year degree for committed, advanced students of literary translation. We seek highly capable individuals who can demonstrate a strong command of their source and target languages and a significant interest in the art and craft of literary translation. The goal of the program is to educate students in the practical and theoretical challenges inherent in literary translation, and to provide the tools necessary for beginning a career as a professional literary translator. The program culminates in a critical introduction to and full translation of a book-length work suitable for publication. Graduates will leave with a strong sense of their own emerging professional voice as well as a substantial portfolio of publishable material, and will be prepared to embark on a career as an independent literary translator.",,https://www.bu.edu/translation/academics/mfa/,,,"$2,043/Credit",FALSE,False,,4.0,3.0,,,,,,,,,,,,,,,,,,False,False,,,120.0,,,,7.0,,,,,90.0,,,,,,,,,,,,,"Merit-based, Research Fellowships, Teaching Fellowships",FALSE,,,FALSE,FALSE,,,
,Master of Arts in Cognitive & Neural Systems,,,,,Graduate,Fall 2026,,,,Required,Required,Not Required,REQUIRED,"Applicants must submit official transcripts from all colleges and universities attended, three letters of recommendation, a personal statement, and a Curriculum Vitae (CV) or Resume. The GRE General Test is optional for this program. A writing sample is not required. For international students, TOEFL or IELTS scores are also required. An application fee is required.",Not Required,,True,True,True,False,False,False,,True,False,False,False,True,True,True,False,False,,,,Graduate School of Arts & Sciences,32670/Semester,32670/Semester,,,,,,,"The Master of Arts (MA) program in Cognitive & Neural Systems (CNS) provides students with a strong quantitative and computational background in the foundations of cognitive and neural sciences, preparing them for advanced research in the field. Students learn to apply computational modeling and empirical methods to understand cognitive and neural phenomena. The program is specifically designed to train students for future doctoral work in cognitive and neural systems and related fields. It offers a unique interdisciplinary approach, drawing faculty from across Boston University, including Psychological & Brain Sciences, Computer Science, Biology, Biomedical Engineering, and Philosophy.",,https://www.bu.edu/academics/grs/programs/cognitive-neural-systems/,,,2042/Credit,FALSE,True,2.0,4.0,3.0,,,,,,,,,,,,,,,,,,False,False,,,115.0,,,,6.5,,,58.0,,84.0,,,,,,,,,,,,,Teaching Fellowships,FALSE,,,FALSE,FALSE,,,
,PhD in Cognitive & Neural Systems,,,,,Doctoral,Fall 2026,,,,Required,Required,Not Required,REQUIRED,"Admission to the PhD program in Cognitive & Neural Systems is highly selective. We encourage prospective applicants to contact individual faculty members to discuss their research interests. All applicants must meet the general requirements for admission to the Graduate School of Arts & Sciences (GRS) and specific departmental requirements.
The GRE General Test is not required.
Applicants should submit:
*   CV/Resume
*   Personal Statement
*   Letters of Recommendation (3)
*   Transcripts
*   English Proficiency (if applicable)",Not Required,,True,False,True,False,False,False,,True,False,False,False,False,True,True,False,False,,,,Graduate School of Arts & Sciences,61800,0,,,,,,,"BU’s PhD in Cognitive & Neural Systems (CNS) brings together researchers and students from a variety of disciplines—including psychology, computer science, linguistics, mathematics, and engineering—to explore fundamental questions about the mind and brain. Through coursework and research, students gain a deep understanding of human and animal cognition and neural systems. The program emphasizes both computational and experimental approaches, with opportunities for students to engage in interdisciplinary research across different departments and centers. Graduates of the CNS PhD program are prepared for careers in academia, industry, and government, where they can contribute to advancements in artificial intelligence, neuroscience, and cognitive science.",,https://www.bu.edu/academics/grs/programs/,,98800,907,FALSE,True,1.0,4.0,3.0,,,,,,,,,,,,,,,,,,False,False,,,115.0,,,,6.5,,,,,90.0,,,,,,,,,,,98800,100,"Teaching fellowships, Research assistantships, GRS fellowships",FALSE,,,FALSE,FALSE,,,
,Master of Science in Computer Science,,,,,Graduate,Fall 2026,,,,Required,Required,Optional,REQUIRED,"Applicants to the MS in Computer Science are required to have a bachelor’s degree from an accredited institution. Strong preparation in computer science fundamentals is expected, including knowledge of object-oriented design and programming, data structures, algorithms, and theory of computation, as well as an understanding of the architecture of computer systems. Undergraduate preparation should include mathematics through linear algebra and discrete mathematics. Previous exposure to probability and statistics is also recommended. Successful applicants typically have an undergraduate GPA of 3.0 or higher. Application Requirements: An online application, An up-to-date resume or curriculum vitae, A statement of purpose of 500–1,000 words. Describe your reasons for applying to this particular program and how it aligns with your academic and professional goals, Three letters of recommendation. At least two letters should be from faculty members or others qualified to evaluate your academic preparation for graduate study. Letters from employers are acceptable when they describe research and development experience, especially if it relates to your proposed area of study, Official transcripts from all universities and colleges attended. If your transcripts are not in English, they must be accompanied by a certified English translation, Official GRE General Test scores are required. Applicants for Fall 2024 and Spring 2025 admission may submit applications with or without GRE General Test scores. Applications with GRE scores will be reviewed with those scores included. Applications without GRE scores will be reviewed without those scores included, English proficiency scores: If your native language is not English, you must submit an official score report from the TOEFL, IELTS, or Duolingo English Test.",Not Required,,True,True,True,True,False,False,,True,False,False,False,True,True,True,False,False,,,,"Department of Computer Science, College of Arts & Sciences","$30,592/Semester","$122,368/Program",,,,,,"Cybersecurity, Data Science",The Master of Science (MS) in Computer Science is a professional degree program intended for students with a bachelor’s degree in computer science or a closely related field. It provides students with both a broad and deep education in computer science and prepares them for further graduate study or for a professional career in computer science.,,https://www.bu.edu/academics/grs/programs/,,,$918,FALSE,True,1.0,4.0,3.0,,,,,,,,,,,,,,,,,,False,False,,,105.0,,,,6.5,,,53.0,,84.0,,,,,,,,,,,,,,FALSE,,,FALSE,FALSE,,,
,PhD in Computer Science,,,,,Doctoral,Fall 2026,,,,Required,Required,GRE,REQUIRED,"The application for all GRS PhD programs is administered by the GRS Admissions Office. Please note that the GRE is optional for Fall 2024 applications.

Application requirements
The following items are required for your application to the PhD program in Computer Science:
*   Transcripts from all prior colleges and universities attended
*   Three letters of recommendation
*   Personal Statement (Statement of Purpose)
*   CV/Resume
*   GRE Scores (Optional for Fall 2024 applications)
*   English proficiency scores (TOEFL or IELTS) if applicable
*   Application fee",Not Required,,False,True,True,False,True,False,,True,False,False,False,True,True,False,False,True,,,,Graduate School of Arts & Sciences,"$32,670/Semester","$32,670/Semester",,,,,,,"The Ph.D. program in Computer Science at Boston University is a research-oriented program designed to prepare students for careers in research and teaching at universities and in industrial laboratories. Students are expected to complete their degree within five years. The program typically involves two years of coursework, two years of research leading to a dissertation, and one year devoted entirely to dissertation work. Some students may take longer if they enter with a master’s degree and complete more coursework. Students in the Ph.D. program receive financial support, including tuition remission and a stipend for living expenses. For more information, please visit our Financial Support page. Successful Ph.D. graduates go on to careers in academia and industry. Recent graduates have accepted positions at top universities such as Columbia, Cornell, Harvard, Johns Hopkins, NYU, Stanford, UC Berkeley, UIUC, and Yale. Others have joined leading industrial research labs such as Google, IBM, Microsoft, Amazon, and Meta. More information about recent graduates can be found on our Alumni page. Please consult the GRS Bulletin for the most up-to-date information on degree requirements and courses.",,https://www.bu.edu/academics/grs/programs/,,"$101,340/Year","$2,042/Credit",FALSE,True,,4.0,3.0,,,,,,,,,,,,,,,,,,False,False,,,120.0,,,,7.0,,,68.0,,90.0,,,,,,,,,,,"$101,340/Year",100%,"Fellowships, Assistantships",FALSE,,,FALSE,FALSE,,,
,Master of Science in Artificial Intelligence,,,,,Graduate,Fall 2026,,,,Required,Required,GRE,REQUIRED,"To apply for the MS in Artificial Intelligence, you will need to submit the following materials directly to the Department of Computer Science through the BU GRS online application portal:
*   Official transcripts from all universities and colleges attended
*   Three letters of recommendation
*   A personal statement
*   GRE General Test Scores
*   TOEFL or IELTS scores (if applicable)
*   A current résumé/CV",Not Required,,False,False,False,False,True,False,,True,False,False,False,True,True,False,False,False,,,,Faculty of Computing & Data Sciences,30075/Semester,30075/Semester,,,,,,,"Boston University’s MS in Artificial Intelligence (MSAI) is offered through the Faculty of Computing & Data Sciences (CDS) and the Department of Computer Science (CS) in the College of Arts & Sciences. The MS in AI is a STEM-designated professional master’s program designed to equip students with the necessary knowledge and skills to develop and deploy cutting-edge AI systems and to assume leadership roles in the rapidly evolving AI industry. The curriculum covers foundational topics in AI, machine learning, deep learning, natural language processing, computer vision, and robotics, as well as ethical considerations and societal impact of AI. The program is designed to be completed in three to four semesters and requires 32 credits beyond the bachelor’s degree.",,https://www.bu.edu/academics/grs/programs/,,,930/Credit,FALSE,True,,4.0,3.0,,,,,,,,,,,,,,,,,,False,False,,,,,,,6.5,,,58.0,,84.0,,,,,,,,,,,,,Merit-based,FALSE,,,FALSE,FALSE,,,
,Master of Science in Computer Science with Specialization in Cyber Security,,,,,Graduate,Fall 2026,,,,Required,Required,Optional,REQUIRED,"Applicants to the MS in Computer Science program must submit a complete application including: Official Transcripts from all colleges and universities attended, Two Letters of Recommendation, A Statement of Purpose, A Resume or Curriculum Vitae. The GRE General Test is not required. If English is not your first language, English proficiency scores (TOEFL, IELTS, or Duolingo) are typically required, unless an exemption applies. An application fee is also required.",,,True,False,False,False,False,False,,True,False,False,False,True,True,False,False,False,,,,Graduate School of Arts & Sciences,34450/Semester,,,,,,,,"The Master of Science (MS) in Computer Science program focuses on the design, analysis, and implementation of computer systems. Graduates are prepared for careers in industry or for further graduate study. The department offers a wide range of courses and research opportunities in computer science, including such areas as artificial intelligence, data mining, database systems, scientific computing, software engineering, theory of computation, networking, operating systems, programming languages and compilers, and security. Full-time students typically complete the program in three to four semesters.",,https://www.bu.edu/academics/grs/programs/computer-science/ms/,,,2154,FALSE,True,0.0,4.0,3.0,,,,,,,,,,,,,,,,,,False,False,,,,,,,6.5,,,59.0,,84.0,,,,,,,,,,,,,"Merit-based financial aid, Teaching Fellowships, Research Assistantships, Stipends",FALSE,,,FALSE,FALSE,,,
,Master of Science in Computer Science with Specialization in Data-Centric Computing,,,,,Graduate,Fall 2026,,,,Required,Required,Not Required,REQUIRED,"The following information covers the application requirements, deadlines, and our general admissions procedures for prospective graduate students. For the official, most up-to-date information on admissions, please consult the GRS Admissions page.

Required Application Materials:
The following items are required for all applicants:
*   Application for Graduate Admissions: An online form.
*   Transcripts: Official transcripts from all universities/colleges attended.
*   Letters of Recommendation: Three letters required. Two from academic faculty who know your academic work well, one from a supervisor who knows your professional work well.
*   GRE General Test Scores: Required. We require scores from all sections: Verbal, Quantitative, and Analytical Writing. Our institution code is 3087. We do not accept the GRE Subject Test in Computer Science.
*   English Proficiency Exam Scores: TOEFL or IELTS, for non-native English speakers.
*   Personal Statement: Required. Provide a statement of approximately 500 words describing your reasons for undertaking graduate study in computer science at Boston University. The statement should describe your qualifications for the program, your background, and career goals.
*   Resume/CV: Required. Include educational history, work experience, research experience, and publications, if applicable.
*   Application Fee: $85, waived for certain cases.

GPA Requirements:
Successful applicants for graduate study in Computer Science typically have an undergraduate GPA of 3.0 or higher.

Prerequisites for All MS in CS programs:
All applicants to the MS in Computer Science programs are expected to have a bachelor’s degree in Computer Science or a closely related field. Students should have completed the following prerequisite courses (or their equivalents) before beginning graduate study at Boston University:
*   CS 111: Introduction to Computer Science I
*   CS 112: Introduction to Computer Science II
*   CS 131: Combinatoric Structures
*   CS 330: Introduction to Analysis of Algorithms
*   CS 332: Elements of the Theory of Computation
*   CS 350: Fundamentals of Computing Systems
*   CS 351: Data Structures
*   MA 123: Calculus I
*   MA 124: Calculus II
*   MA 294: Discrete Mathematics (or equivalent)
*   MA 242: Linear Algebra (or equivalent)
*   ST 318: Probability (or equivalent)
Applicants who have not completed all prerequisite courses will still be considered for admission, but may be required to complete some of these prerequisites (or their equivalents) as part of their graduate program of study. These courses do not count toward the graduate degree. If an applicant has not completed the prerequisite courses, they are encouraged to take equivalent courses at their current institution before applying, or to indicate in their personal statement how they plan to address these deficiencies if admitted.",,,False,False,True,False,False,False,,True,False,False,False,True,True,False,False,False,,,,Graduate School of Arts & Sciences,"$32,152.00/Semester","$32,152.00/Semester",,,,,,Data-Centric Computing,"The Master of Science in Computer Science program is designed for students seeking to deepen their understanding of fundamental computer science principles and to gain advanced skills in specific areas of computing. The program emphasizes both theoretical foundations and practical applications, preparing graduates for successful careers in industry, research, or further doctoral studies. Students engage with cutting-edge research through various courses, seminars, and projects, guided by faculty renowned for their contributions to diverse fields such as artificial intelligence, machine learning, data science, cybersecurity, and software engineering. Graduates of the program are well-prepared to tackle complex computational challenges and contribute to advancements in technology.",,https://www.bu.edu/academics/grs/programs/,,,"$1,005/Credit",FALSE,True,2.0,4.0,2.7,,,,,,,,,,,,,,,,,,False,False,,,115.0,,,,6.5,,,58.0,,84.0,,,,,,,,,,,,,"Teaching Fellowships, Research Assistantships, Dean’s Scholarships, Graduate Student Travel Award, Arts & Sciences Summer Research Grant",FALSE,,,FALSE,FALSE,,,
,Master of Fine Arts in Creative Writing,,,,,Graduate,Fall 2026,,,,Required,Required,Not Required,REQUIRED,"In addition to the requirements listed by the Graduate School of Arts & Sciences, the Creative Writing Program requires:
A resume or curriculum vitae (CV) is required.
A Statement of Purpose of 500-1,000 words. Describe your reasons for undertaking graduate study and for choosing your particular program at Boston University, your academic interests, and your plans for the future. We are interested in your intellectual and professional history, including any significant writing you have done (other than creative writing), and your experience relevant to your academic goals. The statement should be written in a direct, academic style and indicate serious thought and preparation.
Three letters of recommendation.
Two writing samples in prose (fiction or creative nonfiction), totaling 25–50 pages. Samples should be double-spaced and paginated. Please also include a table of contents.
The Graduate Record Examinations (GRE) General Test is neither required nor recommended.
Please visit the GRS Admissions page for additional requirements and information, including English proficiency testing and financial documentation.",Required,,True,False,True,False,False,False,,True,False,False,False,False,True,False,False,True,,,,Graduate School of Arts & Sciences (GRS),68260/Year,68260/Year,,,,,,"Fiction, Poetry","Boston University’s MFA program in Creative Writing, founded in 1965 by John Malcolm Brinnin, is a two-year intensive program focused on either poetry or fiction. Students concentrate in one genre, taking workshops and graduate-level literature courses in that genre, with the option to take one workshop in the alternate genre if space permits. Small workshops led by award-winning faculty provide a supportive and challenging environment for writers committed to a literary life, intended for those who wish to write at the highest level of accomplishment and professionalism. Over the course of four semesters, students complete a collection of stories, a novel, or a book-length manuscript of poems. Graduates of the program have published books with major presses, won numerous awards, and gone on to teach creative writing at universities around the country.",,https://www.bu.edu/academics/grs/programs/,,88260,1067,FALSE,False,1.0,4.0,,,,,,,,,,,,,,,,,,,False,False,,,120.0,,,,7.0,,,,,100.0,,,,,,,,,,,88260,100,"Full-tuition scholarship, Teaching fellowship, Health insurance subsidy",FALSE,,,FALSE,FALSE,,,
,Master of Arts in Earth & Environment,,,,,Graduate,Fall 2026,,,,Required,Required,Not Required,REQUIRED,"Applications for our MA and PhD programs are submitted through the Graduate School of Arts & Sciences (GRS) online application system. All applicants must submit the following documents directly to the Graduate School of Arts & Sciences through the online application system: Transcripts from all undergraduate and graduate institutions, CV or Resume, Personal Statement (up to 750 words), Three Letters of Recommendation (from professors or supervisors who can comment on your academic and/or research potential), Official GRE Scores (Optional – may be submitted if you wish to do so; not required), Official TOEFL, IELTS, or Duolingo English Test scores (if applicable). For information on the application fee and fee waivers, please visit the GRS website.",,,True,True,True,False,False,False,,True,False,False,False,True,True,True,False,False,,,,Graduate School of Arts & Sciences,"$32,670/Semester","$32,670/Semester",,,,,,,"The Master of Arts (MA) in Earth & Environment provides a rigorous interdisciplinary graduate-level education in Earth and environmental sciences, preparing students for careers in research, government, non-profit organizations, and the private sector, as well as for further doctoral work. Students in the program develop a strong background in Earth science, coupled with breadth in the interdisciplinary field of environmental science. The program builds on the exceptional research strengths of faculty in the Department of Earth & Environment, who conduct cutting-edge research across a wide range of topics, from climate change, oceanography, and biogeoscience to remote sensing, geographic information systems (GIS), human-environment interactions, and environmental policy.

The MA program is designed to provide maximum flexibility and can be tailored to individual students’ interests through a wide array of course offerings in areas such as biogeoscience, remote sensing/GIS, urban environmental systems, environmental policy and planning, and Earth surface processes. Students have the option to pursue a thesis or a non-thesis track, both of which require a comprehensive examination. Thesis-track students conduct original research and write a master’s thesis, while non-thesis track students develop a research project or professional report that demonstrates their mastery of the field. The program emphasizes both foundational knowledge and the development of strong analytical and communication skills, preparing graduates to tackle complex environmental challenges.",,https://www.bu.edu/academics/grs/programs/,,"$10,000 for the entire program","$1,021 per credit",FALSE,False,1.0,4.0,3.0,,,,,,,,,,,,,,,,,,False,False,,,120.0,,,,6.5,,,65.0,,90.0,,,,,,,,,,,"$10,000 (maximum for the entire program)",,"Merit-based, Fellowship, Teaching Assistantship, Research Assistantship",FALSE,,,FALSE,FALSE,,,
,PhD in Earth & Environment,,,,,Doctoral,Fall 2026,,,,,,Not Required,REQUIRED,,,,True,True,True,False,False,False,,True,False,False,False,True,True,False,False,False,,,,Graduate School of Arts & Sciences (GRS),"$32,680/Semester","$32,680/Semester",,,,,,,"The PhD in Earth & Environment is designed for students interested in advanced studies in Earth and environmental sciences. Students are admitted into a particular research area and typically complete coursework, a qualifying exam, a comprehensive exam, and a dissertation. The program prepares students for careers in academia, government, and industry, or for other positions that require advanced scientific training and research skills. A hallmark of the program is its interdisciplinary approach, drawing on faculty expertise across various fields within the department and beyond. Students are encouraged to pursue research that crosses traditional disciplinary boundaries, addressing complex environmental challenges from multiple perspectives. The program emphasizes both foundational knowledge and cutting-edge research, providing students with the skills and intellectual framework to become independent scholars and leaders in their fields. Students work closely with faculty mentors to develop and execute original research projects, culminating in a significant doctoral dissertation.",,https://www.bu.edu/academics/grs/programs/,,,,FALSE,False,,4.0,3.0,,,,,,,,,,,,,,,,,,False,False,,,115.0,,,,6.5,,,59.0,,84.0,,,,,,,,,,,"$36,000/year (stipend)",100% of tuition,"GRS Dean's Fellowship, Tuition Scholarship, Stipend, Teaching Fellowship, Health Insurance",FALSE,,,FALSE,FALSE,,,
,Master of Science in Earth & Environment,,,,,Graduate,Fall 2026,,,,Required,Required,Not Required,REQUIRED,"What do I need to apply for the MS-EE program?
*   GRE Scores (optional)
*   3 Letters of Recommendation
*   Statement of Purpose
*   Transcripts
*   Resume or CV
The application portal is through the Graduate School of Arts & Sciences.",Not Required,,True,True,True,False,False,False,,True,False,False,False,False,True,False,False,False,,,,College of Arts & Sciences,"$32,670/Semester","$32,670/Semester",,,,,,,"The Master of Science (MS) in Earth & Environment program at Boston University offers students advanced training and research opportunities in the Earth, environmental, and planetary sciences. Students gain in-depth understanding of fundamental concepts and develop quantitative and analytical skills applicable to a wide range of careers in environmental consulting, government agencies, NGOs, research, and academia. The program provides a flexible curriculum that allows students to tailor their studies to their interests. Students in the MS in Earth & Environment can specialize in various research areas, including biogeoscience, geochronology and surficial processes, hydrology, oceanography, remote sensing, and paleo-climate. Students interested in the remote sensing and geospatial sciences concentration should apply to the MS in Remote Sensing & Geospatial Sciences.",,https://www.bu.edu/earth/graduate/,,,"$2,042/credit",FALSE,True,,4.0,3.0,,,,,,,,,,,,,,,,,,False,False,,,120.0,,,,7.0,,,,,100.0,,,,,,,,,,,,,"Merit-based, Teaching Fellowships, Research Assistantships",FALSE,,,FALSE,FALSE,,,
,Master of Science in Energy & Environment,,,,,Graduate,Fall 2026,,,,Required,Required,Not Required,REQUIRED,"Application Form, Application Fee, Official Transcripts, Three Letters of Recommendation, Statement of Purpose, English Proficiency scores (if applicable), and a Curriculum Vitae (CV) or Resume. The GRE General Test is not required. Applicants should have a strong academic record, typically including undergraduate coursework in the sciences or engineering.",Not Required,,True,False,True,False,False,False,,True,False,False,False,False,True,False,False,False,,,,Graduate School of Arts & Sciences,"$32,960/Semester","$32,960/Semester",,,,,,"Natural Sciences, Social Sciences","A 32-credit interdisciplinary program for students with backgrounds in the natural sciences, social sciences, or engineering, the MA in Energy & Environment provides students with the analytical and quantitative skills needed to address the complex challenges posed by changes in the global climate and energy supply. Students develop expertise in the interactions among energy systems, technology, economics, and public policy, and in the scientific and economic dimensions of environmental change. The MA in Energy & Environment is offered jointly by the Department of Earth & Environment and the Department of Economics. Through coursework and research, students in the Energy & Environment program engage with faculty and each other in a highly collaborative environment. Students in the program develop skills in empirical research methods, data analysis, and advanced econometric techniques in preparation for careers in both the public and private sectors. Graduates are well prepared for careers in government, consulting, non-profit organizations, and industry focused on energy, environmental protection, natural resource management, climate change mitigation, and sustainability.",,https://www.bu.edu/academics/grs/programs/earth-environment/ma-energy-environment/,,,"$2,060/Credit",FALSE,True,,4.0,3.0,,,,,,,,,,,,,,,,,,False,False,,,115.0,,,,6.5,,,,,84.0,,,,,,,,,,,,,"Merit-based fellowships, Graduate Assistantships (Teaching, Research)",FALSE,,,FALSE,FALSE,,,
,Master of Science in Energy & Environment / Master of Business Administration,,,,,Graduate,Fall 2026,,,,Required,Required,Optional,REQUIRED,"Applicants for the MS/MBA program must apply to both Questrom's Full-Time MBA program and the Graduate School of Arts & Sciences' (GRS) MS in Energy & Environment program. Requirements for the Questrom MBA application include an online application, detailed professional resume, three required essays and one optional essay, two professional recommendations, academic transcripts, GMAT/GRE scores, English proficiency (for international applicants), and an application fee. Requirements for the GRS MS application include an online application, application fee, academic transcripts, three letters of recommendation, a personal statement, and official GRE General Exam scores (English language proficiency for international applicants).",Not Required,,False,False,True,False,False,False,,True,False,False,False,True,True,False,False,True,,,,Graduate School of Arts & Sciences (GRS) and Questrom School of Business,,,,,,,,,"The Dual Degree in Energy & Environment (MS) and Business Administration (MBA) provides students with an integrated understanding of environmental science, policy, and law, combined with a strong foundation in business management. This interdisciplinary program is designed for students who want to develop solutions to complex energy and environmental challenges from both a scientific and business perspective. Students gain expertise in areas such as renewable energy, climate change, sustainable development, environmental economics, and corporate social responsibility. The curriculum emphasizes analytical skills, strategic thinking, and practical problem-solving through case studies, projects, and fieldwork. Graduates are prepared for leadership roles in various sectors, including environmental consulting, renewable energy companies, government agencies, non-profit organizations, and corporate sustainability departments.",,https://www.bu.edu/academics/grs/programs/,,,$950 per credit (for GRS portion),FALSE,True,,4.0,3.0,,,,,,,,,,,,,,,,,,False,False,,,115.0,,,,6.5,,,65.0,,90.0,,,,,,,,,,,,,"Merit-based, Fellowships, Assistantships",FALSE,,,FALSE,FALSE,,,
,Master of Science in Environmental Analysis & Policy/Energy & Environment,,,,,Graduate,Fall 2026,,,,Required,Required,Optional,REQUIRED,"Applicants to the MS in Environmental Analysis & Policy should submit: Official Transcripts, Three Letters of Recommendation, Statement of Purpose, Resume or CV, and optionally a Writing Sample (recommended). The GRE general exam is optional for all MS in Environmental Analysis & Policy applicants. All applicants whose native language is not English must submit official scores from either the Test of English as a Foreign Language (TOEFL) or the International English Language Testing System (IELTS). Scores are valid for two years from the date of the exam. There are no exceptions to this requirement.",Optional,,True,True,True,False,False,False,,True,False,False,False,True,True,False,False,False,,,,College of Arts & Sciences,"$33,720/Semester","$33,720/Semester",,,,,,,,,https://www.bu.edu/academics/grs/programs/,,,"$1,405/credit",FALSE,True,1.0,4.0,2.7,,,,,,,,,,,,,,,,,,False,False,,,120.0,,,,7.0,,,65.0,,90.0,,,,,,,,,,,,,"Merit-based departmental aid, Teaching Fellowships, Research Assistantships",FALSE,,,FALSE,FALSE,,,
,Master of Science in Earth & Environmental Sciences/Energy & Environment,,,,,Graduate,Fall 2026,,,,Required,Required,GRE,REQUIRED,"Applicants to the MS in Earth & Environmental Sciences/Energy & Environment should have a background in the physical sciences (e.g., geology, environmental science, physics, chemistry, engineering, computer science) or mathematics. Students who enter with backgrounds in other fields may be required to take additional undergraduate coursework prior to or during their graduate studies. All applicants must submit: Transcripts from all undergraduate and graduate schools attended. Official electronic transcripts should be sent to grsadmis@bu.edu. If your institution does not provide electronic transcripts, mail them in a sealed envelope to: Graduate School of Arts & Sciences Admissions, Boston University, 705 Commonwealth Avenue, Suite 112, Boston, MA 02215. Three letters of recommendation. A personal statement. Resume or curriculum vitae (CV). GRE General Test (optional). Official TOEFL, IELTS, or Duolingo English Test scores (international applicants). Application fee.",,,True,True,True,False,True,False,,True,False,False,False,False,True,False,False,False,,,,Graduate School of Arts & Sciences,"$32,680/Semester","$32,680/Semester",,,,,,Energy & Environment,"The Energy & Environment concentration of the MS in Earth & Environment provides a rigorous interdisciplinary approach to understanding the scientific, economic, and policy challenges associated with developing a sustainable energy future. Students gain a fundamental understanding of earth systems and the interconnections between energy and the environment while developing advanced knowledge of energy science, technology, economics, and policy. Through coursework, field experiences, and research, students develop the skills to evaluate conventional and renewable energy systems, analyze environmental impacts, and formulate effective solutions for a just energy transition. The curriculum prepares graduates for careers in the energy sector, environmental consulting, government agencies, non-profits, and further graduate study.",,https://www.bu.edu/academics/grs/programs/,,,"$2,043",FALSE,True,,4.0,3.0,,,,,,,,,,,,,,,,,,False,False,,,115.0,,,,6.5,,,,,84.0,,,,,,,,,,,,,"Dean’s Fellowships, Teaching Fellowships, Research Assistantships, Scholarship Support, Grants, Loans",FALSE,,,FALSE,FALSE,,,
,Master of Science in Remote Sensing & Geospatial Sciences,,,,,Graduate,Fall 2026,,,,Required,Required,GRE,REQUIRED,"The following is required for all applications:
*   Official transcripts
*   Statement of Purpose
*   3 letters of recommendation
*   CV/Resume
*   GRE General Test Scores
*   English proficiency (if applicable)
*   Application Fee
*   Official academic transcripts showing all undergraduate and graduate work (if any). If not in English, also provide an official English translation.
*   Minimum of three letters of recommendation from faculty members or others qualified to evaluate your academic and professional qualifications.
*   For those whose native language is not English, and who did not graduate from an institution where the language of instruction is English, official scores from the TOEFL or IELTS or PTE Academic exams. Please see the GRS English Proficiency Requirement page for additional details.
*   Application for students who matriculate in Fall 2024 and beyond: The GRE General Test is optional for all GRS PhD and master's programs. If you choose to submit scores, please have them sent directly to Boston University by ETS. The institutional code for Boston University is 3087.",Not Required,,True,True,True,False,True,False,,True,False,False,False,False,True,False,False,False,,,,Graduate School of Arts & Sciences,"$90,560/Year",,,,,,,,"Boston University’s Master of Science (MS) program in Remote Sensing & Geospatial Sciences provides students with a strong theoretical and practical foundation in the analysis and application of remote sensing and geographic information systems (GIS). Graduates of the program are able to critically evaluate state-of-the-art remote sensing and GIS methods and apply these to a wide range of problems in environmental science, urban planning, public health, and business. The program helps students understand: Physical principles of remote sensing Image processing, analysis, and visualization Mathematical and statistical methods for analyzing geographic data Design and implementation of GIS Applications of remote sensing and GIS to address real-world problems",,https://www.bu.edu/academics/grs/programs/,,,"$2,830/Credit",FALSE,True,1.0,4.0,3.0,,,,,,,,,,,,,,,,,,False,False,,,115.0,,,,6.5,,,,,84.0,,,,,,,,,,,,25-50%,"Merit-based, Need-based",FALSE,,,FALSE,FALSE,,,
,Master of Science in Environmental Analysis & Policy/Remote Sensing & Geospatial Sciences,,,,,Graduate,Fall 2026,,,,Required,Required,GRE,REQUIRED,The requirements for admission to the Master of Science program are: A completed bachelor’s degree from an accredited institution. Completed online application (with $85 application fee). Statement of Purpose. CV/Resume. Official transcripts from all universities and colleges attended. Three letters of recommendation. GRE scores are not required. TOEFL/IELTS scores (if applicable). Diversity Statement (optional).,Not Required,,True,False,False,False,True,False,,True,False,False,False,True,True,True,False,False,,,,Graduate School of Arts & Sciences,,,,,,,,,,,https://www.bu.edu/academics/grs/programs/,,,"$2,012/credit",FALSE,True,1.0,4.0,3.0,,,,,,,,,,,,,,,,,,False,False,,,,,,,6.5,,,58.0,,84.0,,,,,,,,,,,,,"Merit-based (Tuition Scholarships, Teaching Fellowships, Research Assistantships)",FALSE,,,FALSE,FALSE,,,
,Master of Science in Earth & Environmental Sciences/Remote Sensing & Geospatial Sciences,,,,,Graduate,Fall 2026,,,,Not Required,Required,Not Required,REQUIRED,"Complete an application online through the Graduate School of Arts & Sciences (GRS). Make sure to select the correct program (Earth & Environment MA, Earth & Environment MS, or Remote Sensing & Geospatial Sciences MS) and proposed start date. Official transcript(s) from all colleges and universities attended. Three letters of recommendation. You should select recommenders who know you well and can comment meaningfully on your academic and research abilities. A balance of academic and professional recommendations is generally preferred. A personal statement describing your background, interests, and reasons for pursuing graduate study. This is a critical component of your application, and we encourage you to spend significant time crafting a compelling and well-written statement. For applicants applying to the MS in Remote Sensing & Geospatial Sciences, please describe how this program aligns with your career goals and interests. The GRE General Test is not required for applicants to the MA or MS in Earth & Environment or the MS in Remote Sensing & Geospatial Sciences. International applicants whose native language is not English and who have not received a bachelor’s or master’s degree from an institution in the United States, Canada, the United Kingdom, Ireland, Australia, or New Zealand are required to demonstrate English proficiency through the TOEFL, IELTS, or Duolingo English Test. A non-refundable application fee is required by GRS.",Not Required,,True,False,True,False,False,False,,True,False,False,False,True,True,False,False,True,,,,Department of Earth & Environment,"$31,360/Year",,,,,,,Remote Sensing & Geospatial Sciences,"The Master of Science program in Earth & Environmental Sciences with a specialization in Remote Sensing & Geospatial Sciences (RS & GS) at Boston University focuses on the science and applications of earth observation and geospatial technologies. The program trains students in the theory and application of remote sensing, geographic information systems (GIS), and global positioning systems (GPS) to study the Earth’s surface and atmosphere. Through a unique interdisciplinary curriculum that combines rigorous coursework with practical, hands-on experience, students gain expertise in analyzing and interpreting large geospatial datasets, developing and implementing geospatial models, and designing and conducting independent research. Graduates of the program are well-prepared for careers in environmental consulting, government agencies, non-profit organizations, and academia, as well as for further graduate study in related fields.",,https://www.bu.edu/earth/graduate/ms-remote-sensing-geospatial-sciences/,,,$980/Credit,FALSE,True,,4.0,3.0,,,,,,,,,,,,,,,,,,False,False,,,120.0,,,,6.5,,,59.0,,84.0,,,,,,,,,,,,,"Merit-based, Tuition scholarships, Stipends, Teaching Fellowships, Research Assistantships, Graduate Assistantships, Endowed Scholarships",FALSE,,,FALSE,FALSE,,,
,PhD in Economics,,,,,Doctoral,Fall 2026,,,,Required,Required,GRE,OPTIONAL,"Transcripts from all institutions where you received a bachelor’s degree and completed any graduate work; Three letters of recommendation from faculty members familiar with your academic work; GRE General Test; English Proficiency: Official scores from the TOEFL, IELTS, or Duolingo English Test are required of all applicants except those who have completed a bachelor’s or master’s degree at an institution where the sole language of instruction is English; Statement of Purpose; Current Resume/CV; Application Fee ($85).",,,False,False,True,False,True,False,,True,False,False,False,False,True,True,False,True,,,,Graduate School of Arts & Sciences (Department of Economics),"First 2 years: $68,590/Year; After 2 years (reduced rate): $11,432/Semester",,,,,,,,"The PhD in Economics program is designed to provide students with the training needed to carry out scholarly research in economics and to become professional economists in academia, government, or industry. Upon completion of the PhD, students will possess a thorough understanding of economic theory, applied economics, and quantitative methods. Doctoral students acquire research skills during their coursework and apply these skills in producing original research leading to a dissertation. Students completing the program are prepared to conduct research and teach in their field.",,https://www.bu.edu/academics/grs/programs/,,"$32,000/9-month academic year (stipend)","$2,143/credit",FALSE,True,2.0,4.0,3.0,,,,,,,,,,,,,,,,,,False,False,,,115.0,,,,7.0,,,,,90.0,,,,,,,,,,,"$32,000/9-month academic year (stipend)",100% of tuition (for funded students),"Fellowships, Teaching Assistantships (TF), Research Assistantships (RA)",FALSE,,,FALSE,FALSE,,,
,Master of Science in Economic Policy & Practice,,,,,Graduate,Fall 2026,,,,Required,Required,Optional,REQUIRED,"Application form, Official transcripts, GRE scores (optional for Fall 2024 applicants), Three letters of recommendation, Statement of purpose, Resume/CV, English proficiency test scores.",Not Required,,True,True,False,False,False,False,,True,False,False,False,True,True,False,True,False,,,,"College of Arts & Sciences, Department of Economics","$29,670/Semester","$29,670/Semester",,,,,,,"The Master of Science in Economic Policy & Practice (MS-EPP) is a new graduate program intended for students looking to develop an applied economics skillset and become leaders in the fields of economic policy and data analytics. Students will learn to analyze complex economic and social challenges using quantitative tools and communicate their findings effectively to a broad audience, with a view to shaping public policy. The program is specifically tailored to prepare students for careers in government agencies, international organizations, think tanks, consulting firms, and the private sector, where the ability to bridge economic theory with practical application is highly valued.",,https://www.bu.edu/econ/academics/masters-programs/ms-economic-policy-practice/,,,$910/credit,FALSE,True,,4.0,3.0,,,,,,,,,,,,,,,,,,False,False,,,,,,,,,,,,,,,,,,,,,,,"$10,000–$20,000",,Merit-based,FALSE,,,FALSE,FALSE,,,
,Master of Science in Economics & Mathematics/Quantitative Economics,,,,,Graduate,Fall 2026,,,,Required,Required,GRE,REQUIRED,"Admission to the MS in Quantitative Economics program is for the fall semester only. Applications are considered for candidates with a bachelor’s degree from an accredited college or university in the US or an international equivalent. Strong applicants will have a solid background in mathematics and statistics. All materials should be submitted through the Boston University Graduate School of Arts & Sciences (GRS) online application system. Your application must include: Transcripts from all undergraduate and graduate institutions attended, Three letters of recommendation, A statement of purpose, A resume or curriculum vitae, GRE General Test scores (optional starting with the Fall 2024 application cycle), For international students: Official TOEFL, IELTS, or Duolingo English Test scores (unless eligible for a waiver). For more information, please visit the GRS website for International Applicants.",Not Required,,True,True,True,False,True,False,,True,False,False,False,True,True,False,False,False,,,,Graduate School of Arts & Sciences (GRS),"$14,768/Year","$14,768/Year",,,,,,,,,https://www.bu.edu/academics/grs/programs/,,,$923/Credit,FALSE,True,0.0,4.0,3.0,,,,,,,,,,,,,,,,,,False,False,,,120.0,,,,7.0,,,68.0,,90.0,,,,,,,,,,,,,Merit-based,FALSE,,,FALSE,FALSE,,,
,Master of Arts in Global Development Economics,,,,,Graduate,Fall 2026,,,,Required,Required,GRE,REQUIRED,"All applicants must submit the following: Three letters of recommendation Official transcripts A curriculum vitae or resume A statement of purpose GRE General Test scores are required. International applicants must submit TOEFL, IELTS, or Duolingo English Test scores. See the GRS International Students page for details.",,,False,False,True,False,True,False,,True,False,False,False,False,True,False,False,False,,,,Graduate School of Arts & Sciences,"$33,632/Program","$33,632/Program",,,,,,,"The MA in Global Development Economics (MA GDE) is a challenging one-year program that trains development practitioners in economic theory, quantitative methods, and policy analysis. The MA GDE is tailored for students who want to become leaders in development, whether in government, international organizations, NGOs, research centers, or the private sector. The program emphasizes economic modeling, econometrics, and program evaluation. The GDE program is STEM-designated and eligible for the STEM OPT extension.",,https://www.bu.edu/academics/grs/programs/,,,"$1,051",FALSE,True,1.0,4.0,3.0,,,,,,,,,,,,,,,,,,False,False,,,115.0,,,,6.5,,,,,84.0,,,,,,,,,,,,,Merit-based,FALSE,,,FALSE,FALSE,,,
,Master of Arts in Quantitative Economics,,,,,Graduate,Fall 2026,,,,Required,Required,GRE,REQUIRED,"A complete application includes: Application form, Official transcripts from all universities and colleges attended, Three letters of recommendation, Statement of purpose, CV/Resumé, Official GRE General Test scores, Official TOEFL, IELTS, or Duolingo English Test scores (international applicants only), Application fee",Not Required,,False,False,True,False,True,False,,True,False,False,False,False,True,False,False,False,,,,Graduate School of Arts & Sciences,34831.00 /semester,33550.00 /semester,,,,,,,"The Master of Arts in Quantitative Economics is a two-year program designed for students who want to develop strong analytical and quantitative skills for careers in finance, economics, business, and data science. The program helps students apply these skills to solve problems in these fields. The program also serves as a stepping stone for students who want to pursue a PhD in economics and other quantitatively oriented fields. The MA in Quantitative Economics is a STEM-designated program.",,https://www.bu.edu/academics/grs/programs/economics/ma/,,,1050.00 /credit,FALSE,True,2.0,4.0,3.0,,,,,,,,,,,,,,,,,,False,False,,,115.0,,,,6.5,,,,,90.0,,,,,,,,,,,"Full-tuition scholarship (valued at $67,100 per year) plus a stipend for Teaching Fellowships; 25% to 75% of tuition for Dean's Scholarships.",25% to 100% of tuition,"Merit-based, Dean's Scholarships, Teaching Fellowships, Research Assistantships",FALSE,,,FALSE,FALSE,,,
,Master of Arts in Editorial Studies,,,,,Graduate,Fall 2026,,,,Required,Required,GRE,REQUIRED,"All applicants should submit the following: Application Form, Application Fee, Transcripts, Three Letters of Recommendation, Personal Statement, GRE General Test (optional for Fall 2024 applicants to all MA, MS, and PhD programs in GRS), English Proficiency Examination, Writing Sample, Curriculum Vitae (CV) or Resume.",Required,,True,True,True,False,True,False,,True,False,False,False,True,True,False,False,False,,,,Graduate School of Arts & Sciences,"$64,390/Year","$64,390/Year",,,,,,,"The MA in Editorial Studies offers intensive study in the history and theory of editing, and in the history of the book and print culture. Students acquire practical editorial experience through work on the papers of leading American literary figures, philosophers, and statesmen in the internationally known Boston University Stone Arch Initiatives. Students take courses both in the Editorial Institute and in relevant departments within the Graduate School of Arts & Sciences. These courses typically focus on American literature, American history, and American studies, but may also include study of relevant European figures and movements. The program is excellent preparation for doctoral study in such fields as American literature, English literature, history, and American studies. Its unique combination of historical and practical work also qualifies graduates for positions in scholarly publishing.",,https://www.bu.edu/academics/grs/programs/,,,"$1,005/Credit",FALSE,False,1.0,4.0,3.0,,,,,,,,,,,,,,,,,,False,False,,,120.0,,,,6.5,,,65.0,,90.0,,,,,,,,,,,,,"Merit-based (GRS Scholarship), Teaching Fellowship, Research Assistantship",FALSE,,,FALSE,FALSE,,,
,PhD in Editorial Studies,,,,,Doctoral,Fall 2026,,,,Required,Required,GRE,REQUIRED,All applicants to the PhD in Editorial Studies program must submit the following materials through the GRS online application: Transcripts from all institutions where you received a degree; Three letters of recommendation; Statement of Purpose; Writing Sample; Curriculum Vitae (CV) or Resume; GRE General Test; English Proficiency (if applicable).,Required,,False,False,False,False,True,False,,True,False,False,False,True,True,False,False,False,,,,Graduate School of Arts & Sciences,"$11,800/Semester","$11,800/Semester",,,,,,,"The Editorial Institute at Boston University is dedicated to editing and the history of the book. It offers an interdisciplinary PhD in Editorial Studies through the Graduate School of Arts & Sciences. Editorial Studies provides students with skills in textual scholarship and analytical bibliography, as well as an opportunity to gain experience in practical editing. Graduates are prepared for careers in higher education and other professions. The Institute welcomes inquiries from students in all fields of literary, historical, and philosophical study, especially those with a research interest in the theory and practice of scholarly editing.",,https://www.bu.edu/academics/grs/programs/,,"$35,000/Year (living stipend)",$986/credit,FALSE,False,,4.0,3.0,,,,,,,,,,,,,,,,,,False,False,,,,,,,6.5,,,65.0,,90.0,,,,,,,,,,,"$35,000/Year (living stipend)",100% of tuition,"Full-tuition scholarship, Stipends, Teaching Fellowships, Research Assistantships, Fellowships",FALSE,,,FALSE,FALSE,,,
,Master of Arts in English,,,,,Graduate,Fall 2026,,,,Not Required,Required,GRE,REQUIRED,"Applicants to the Master of Arts (MA) program in English should apply online through the Graduate School of Arts & Sciences (GRS). A complete application includes: Application for Admission (online application), Statement of Purpose, Three Letters of Recommendation, Transcripts from all colleges and universities attended, Graduate Record Examination (GRE) scores (The GRE General Test is required), English Proficiency (for international students), Application Fee. A writing sample is also required.",Required,,False,False,True,False,True,False,,True,False,False,False,True,True,False,False,False,,,,Graduate School of Arts & Sciences,"$32,970/Semester","$32,970/Semester",,,,,,,"The MA in English program prepares students for a variety of careers in academia, publishing, writing, and the arts, as well as for further study in a PhD program. The MA curriculum emphasizes depth and rigor across a broad range of Anglophone literatures and cultures, while giving students the opportunity to focus on particular areas of interest by selecting courses from a wide array of offerings across literary periods, genres, and theoretical approaches. Students gain experience in literary research, critical methodology, and written and oral communication, culminating in a final research paper or project.",,https://www.bu.edu/academics/grs/programs/english/ma/,,,"$2,061",FALSE,False,,4.0,3.0,,,,,,,,,,,,,,,,,,False,False,,,115.0,,,,6.5,,,65.0,,90.0,,,,,,,,,,,,,"Merit-based fellowships, Dean's Scholarships, Teaching Fellowships, Course Assistantships, Research Assistantships",FALSE,,,FALSE,FALSE,,,
,Master of Arts / Juris Doctor in English,,,,,Doctoral,Fall 2026,,,,Required,Required,Optional,REQUIRED,"Applicants for the JD/MA program must apply separately to the School of Law and to the Graduate School of Arts & Sciences (GRS). Law School applications require transcripts, a personal statement, a resume, and letters of recommendation. For the MA in English, applicants apply to the GRS through the English Department and should follow the instructions for MA applicants. This application requires transcripts, a personal statement, a writing sample, and letters of recommendation.",Required,,True,False,False,False,False,False,,True,True,False,False,False,True,False,False,False,,,,Boston University School of Law and Graduate School of Arts & Sciences (GRS) Department of English,,,,,,,,,"Boston University’s English MA program offers rigorous training in literary and cultural studies. Our curriculum covers the historical range of British and American literature while also fostering students’ engagement with various theoretical and methodological approaches and contemporary debates in the field. Students benefit from the program’s proximity to Boston’s rich literary history, its many cultural institutions, and its dynamic intellectual life. Our MA prepares students for PhD work, careers in secondary education, or further professional training in fields like law, business, and journalism.",,https://www.bu.edu/english/academics/graduate/ma-in-english-and-american-literature/,,,,FALSE,False,1.0,4.0,3.0,,,,,,,,,,,,,,,,,,False,False,,,,,,,7.0,,,,,100.0,,,,,,,,,,,,,"Merit-based, Need-based, Dean's Scholarships",FALSE,,,FALSE,FALSE,,,
,PhD in English,,,,,Doctoral,Fall 2026,,,,Optional,Required,Not Required,REQUIRED,"Applications should include: a statement of purpose outlining your intellectual interests, academic background, and future goals; (1000 words or less); a critical writing sample (15-25 pages, double-spaced) that demonstrates your analytical skills and ability to construct a sustained argument; three letters of recommendation from faculty members familiar with your academic work; transcripts from all undergraduate and graduate institutions; GRE scores (the English Subject Test is not required); the general GRE is optional for Fall 2024 admissions. International students must submit TOEFL or IELTS scores unless they have or will receive a degree from a US or English-speaking university. A CV or resume may be submitted, but is not required. The application fee.",Required,,True,True,True,False,False,False,,True,False,False,False,True,True,False,False,False,,,,College of Arts & Sciences,34455/Semester,34455/Semester,,,,,,,"The PhD in English and American Literature prepares students for careers as scholars and teachers of literature, with an emphasis on research-intensive positions in higher education. Students develop their understanding of a wide range of literatures in English and critical theories, hone their skills as researchers and writers, and gain experience in the classroom through teaching opportunities in the Writing Program and the English Department. Students pursuing the PhD typically earn the MA in English and American Literature en route to the doctorate, which can be completed in five to six years. Our PhD is a fully funded program, which includes an annual stipend, a tuition scholarship, and a health insurance contribution. Students in the PhD program receive five years of funding, normally distributed as three years of Teaching Fellowship and two years of Scholarship or Fellowship.",,https://www.bu.edu/english/academics/graduate/phd-in-english-and-american-literature/,,,1077/Credit,FALSE,False,,4.0,3.0,,,,,,,,,,,,,,,,,,False,False,,,120.0,,,,6.5,,,59.0,,84.0,,,,,,,,,,,102910/Year,100% of tuition,Merit-based Fellowship,FALSE,,,FALSE,FALSE,,,
,Master of Arts in History,,,,,Graduate,Fall 2026,,,,,Required,Not Required,REQUIRED,"Applicants must have a bachelor’s degree in history or a related field. General requirements for admission include an online application form, application fee, transcripts from all previous colleges and universities, three letters of recommendation, a statement of purpose, and a writing sample. The GRE General Test is optional for all GRS MA and PhD programs. English proficiency scores may be required for international applicants.",Required,,True,True,True,False,False,False,,True,False,False,False,True,True,False,False,False,,,,Graduate School of Arts & Sciences,"$33,530/Semester","$33,530/Semester",,,,,,,"The MA Program in History is designed primarily to provide students with a solid grounding in the discipline of history while also allowing them to pursue their own areas of historical interest. Graduates of the program are well-prepared for a number of professional careers as well as for further graduate study at the PhD level.

Program Learning Outcomes
*   Demonstrate knowledge of historical debates and historiographical traditions, especially within their fields of specialization.
*   Formulate a historical problem and develop an original argument, supported by evidence, in the form of a research paper or essay.
*   Carry out historical research, using both primary and secondary sources.
*   Communicate historical arguments clearly and effectively in both written and oral form.
*   Acquire professional skills appropriate for historians working in a variety of settings.",,https://www.bu.edu/academics/grs/programs/,,,"$1,048/credit",FALSE,False,,4.0,3.0,,,,,,,,,,,,,,,,,,False,False,,,115.0,,,,6.5,,,65.0,,90.0,,,,,,,,,,,,,Merit-based scholarships (tuition remission),FALSE,,,FALSE,FALSE,,,
,PhD in History,,,,,Doctoral,Fall 2026,,,,,,Not Required,REQUIRED,,,,False,False,False,False,False,False,,True,False,False,False,False,True,True,False,False,,,,,,,,,,,,,,,https://history.uchicago.edu/phd-study/prospective-students/phd-history,,,,FALSE,False,,,,,,,,,,,,,,,,,,,,,False,False,,,,,,,7.0,,,,,90.0,,,,,,,,,,,,,,FALSE,,,FALSE,FALSE,,,
,Master of Arts in History of Art & Architecture,,,,,Graduate,Fall 2026,,,,,Required,Optional,REQUIRED,"Admission to the MA program in History of Art & Architecture is highly competitive. Decisions are based on a combination of factors, including: Undergraduate record (particularly in art history and related fields), Statement of purpose, Writing sample, Letters of recommendation, GRE scores are not required for MA applicants.",Required,,True,False,True,False,False,False,,True,False,False,False,False,True,False,False,False,,,,College of Arts & Sciences,"$32,680/Semester","$32,680/Semester",,,,,,,"The MA Program in the History of Art & Architecture at Boston University provides students with a broad and deep foundation in the methods, theories, and history of art and architectural history, while also allowing for specialization based on a student’s interests. Graduates of the program are prepared for doctoral work in art and architectural history, for museum work, and for a variety of professions that benefit from training in visual analysis, critical thinking, research, and writing. The program emphasizes both breadth and depth in students’ training. They take introductory courses in theory and methods, and also choose courses across different chronological periods and geographical areas from our diverse faculty. While the coursework ensures that students gain knowledge of a wide range of fields, students also select a major and minor field of specialization for their comprehensive exams and master’s thesis. The mission of Boston University’s MA Program in the History of Art & Architecture is to train students in the methods and theories of art and architectural history, provide them with a broad understanding of the field, and support their development of specialized knowledge in preparation for a range of professional futures, including doctoral study, museum work, and other careers requiring advanced skills in visual analysis, critical thinking, research, and writing. Upon completion of the program, students will: Demonstrate knowledge of the methods, theories, and historiography of art and architectural history; Develop specialized knowledge of at least two fields within art and architectural history and their respective scholarly traditions; Formulate an original research project based on a critical engagement with existing scholarship and primary sources; Present research effectively in written and oral forms; Teach confidently and effectively at the college level.",,https://www.bu.edu/haa/academics/graduate-program/ma-program/,,,"$1,970/credit",FALSE,False,1.0,4.0,3.0,,,,,,,,,,,,,,,,,,False,False,,,120.0,,,,6.5,,,,,90.0,,,,,,,,,,,,,"Fellowships, Graduate Assistantships, Tuition Scholarships, Dean's Scholarships for Excellence in Graduate Study",FALSE,,,FALSE,FALSE,,,
,Master of Arts / Juris Doctor in History of Art & Architecture,,,,,Doctoral,Fall 2026,,,,Required,Required,GRE,REQUIRED,"Applicants must apply separately and be accepted to both the School of Law and the Graduate School of Arts & Sciences (GRS). The JD application requires an Application Form, Personal Statement, Resume, LSAC Credential Assembly Service (CAS) Report (which includes academic transcripts, letters of recommendation, and an LSAT score), LSAT Score, Character and Fitness, and Application Fee. The MA in History of Art & Architecture application requires official transcripts, a current résumé or curriculum vitae (CV), a statement of purpose, three letters of recommendation, a writing sample (an essay or excerpt from a longer work, ideally on a topic in art history or architectural history, no more than 20 pages in length, excluding bibliography), and an application fee. GRE General Test scores are not required for applicants to the MA in History of Art & Architecture.",Required,,False,False,False,False,True,False,,True,True,False,False,False,True,False,False,False,,,,School of Law and College of Arts & Sciences,70880,"Annual tuition for the School of Law is $70,880 (2024-2025). Additional annual fees for Law School include $1,478 (Law School Fees), $440 (Health & Wellness Fee), and $3,604 (Health Insurance). For semesters where dual degree students are enrolled only in courses outside the School of Law, tuition will be charged at the College of Arts & Sciences graduate rate ($32,960/semester for full-time or $1,030/credit for part-time).",,,,,,,"Students may pursue a dual degree in law and the history of art and architecture, in conjunction with the Graduate School of Arts & Sciences. The MA/JD in History of Art & Architecture prepares students to work with public and private collections, museums, and institutions involved in the law of art, cultural heritage, and historic preservation. The program is designed for completion within four years.",,https://www.bu.edu/law/academics/find-degrees-and-programs/dual-degrees/,,,,FALSE,False,,4.0,3.0,,,,,,,,,,,,,,,,,,False,False,,,,,,,7.0,,,,,100.0,,,,,,,,,,,"$10,000 to full tuition",Up to 100%,Merit-based,FALSE,,,FALSE,FALSE,,,
,PhD in History of Art & Architecture,,,,,Doctoral,Fall 2026,,,,Required,Required,GRE,REQUIRED,"The department offers admission for the MA and PhD degrees. All applicants for admission to the MA and PhD programs in History of Art & Architecture must apply through the Boston University Graduate School of Arts & Sciences (GRS). The application for Fall 2024 opened in September 2023. Required Application Materials for MA and PhD programs include: Online Application, Personal Statement, Curriculum Vitae (CV), Three Letters of Recommendation, Transcripts, Writing Sample, English Proficiency Examination (if applicable). The GRE General Test is not required.",Required,,True,False,True,False,True,False,,True,False,False,False,True,True,False,False,False,,,,"College of Arts & Sciences, Department of History of Art & Architecture",Admitted PhD students receive a full-tuition scholarship and a stipend. A PhD continuation fee of $425 per semester applies after the first two semesters of full-time enrollment.,"Gross full-time tuition for GRS (2024-2025) is $33,540/semester or $67,080/year. Admitted PhD students receive a full-tuition scholarship covering this amount.",,,,,,,"The Ph.D. program in the History of Art & Architecture is a highly selective and rigorous course of study designed to prepare students for careers as scholars and teachers of art and architectural history. We offer a comprehensive curriculum, with courses in areas ranging from ancient to contemporary art, and from the history of architecture to the history of photography. Through our program, students develop a mastery of art history, hone their research skills, deepen their understanding of theory and methodology, gain significant teaching experience, and participate in a vibrant intellectual community of faculty and students. In all these ways, our Ph.D. program prepares students to enter the profession with confidence and to make significant contributions to the field.

The department’s Ph.D. program is distinguished by its intimate size, encouraging close mentorship of students by faculty. Small classes and regular opportunities for informal exchange foster a strong sense of intellectual community. Our students are deeply involved in the life of the department, contributing to our speaker series and conferences, as well as to our undergraduate journal, Lux. The faculty is a community of outstanding scholars and award-winning teachers whose work spans a wide range of fields, methodologies, and critical approaches to the history of art and architecture. Our faculty members have active research programs in various fields including ancient, medieval, renaissance, baroque, eighteenth- and nineteenth-century European, American, Latin American, East Asian, and modern and contemporary art and architecture, as well as the history of photography.

All of our Ph.D. students are fully funded for five years, with an annual stipend and full tuition remission. Students also receive excellent training and experience as university teachers, typically beginning in their second year. During their second through fourth years, students gain valuable pedagogical experience by teaching sections of our large introductory lecture courses, with oversight and mentoring by the faculty member of record. Advanced doctoral students, after passing their qualifying exams, may also have the opportunity to teach their own introductory courses.

We encourage prospective applicants to contact faculty members whose research interests align with their own.",,https://www.collegeart.org/pdf/publications/CAA-directory-art-history.pdf,,"$27,000/Year (stipend for 2024-2025 academic year)",,FALSE,False,,4.0,3.0,,,,,,,,,,,,,,,,,,False,False,,,115.0,,,,6.5,,,61.0,,90.0,,,,,,,,,,,"Full tuition ($67,080/Year gross) plus a stipend of $27,000/Year",100% (of tuition),"Full-tuition scholarship, Stipend/Fellowship",FALSE,,,FALSE,FALSE,,,
,Master of Arts in International Relations,,,,,Graduate,Fall 2026,,,,Required,Required,GRE,REQUIRED,"The Mid-Career MA in International Relations is designed for professionals with a minimum of seven years of full-time, relevant work experience in the international relations field. In addition to work experience, successful applicants will demonstrate strong academic preparation. To apply for the Mid-Career MA, submit an application through the Boston University Graduate School of Arts & Sciences (GRS) and all supporting materials, including: Academic Transcripts, Personal Statement, Three Letters of Recommendation, GRE Score (optional), CV / Résumé, Writing Sample, English Language Proficiency (international students only), Application Fee.",Required,,False,True,False,False,True,False,,True,False,False,False,False,True,True,False,True,,,,Graduate School of Arts & Sciences,"$30,400/Year","$30,400/Year",,,,,,,"Boston University’s accelerated Mid-Career Master of Arts (MA) in International Relations program provides a robust, immersive, and intellectually rigorous curriculum for working professionals and individuals with substantial career experience. The MA in International Relations Mid-Career is designed for students seeking to advance existing careers, change career trajectories, or deepen their understanding of international affairs. This distinctive degree is completed in one academic year and prepares students for a diverse range of careers in diplomacy, government, international organizations, non-governmental organizations, and the private sector.",,https://www.bu.edu/academics/grs/programs/international-relations/international-relations-mid-career-ma/,,,$950/credit,FALSE,False,2.0,4.0,3.0,,,,,,,,,,,,,,,,,,False,False,,,,,,,7.0,,,,,90.0,,,,,,,,,,,,,,FALSE,,,FALSE,FALSE,,,
,PhD in International Relations,,,,,Doctoral,Fall 2026,,,,Required,Required,GRE,REQUIRED,"Submit the GRS online application, official transcripts from all universities and colleges attended, three letters of recommendation, a statement of purpose (1500 words maximum), a writing sample (20 pages maximum), the GRE General Test, English Proficiency (for international students whose native language is not English and whose undergraduate degree is from an institution in a country where English is not the official language), a current CV or resume, and an $85 non-refundable application fee.",Required,,False,False,True,False,True,False,,True,False,False,False,True,True,False,False,False,,,,Graduate School of Arts & Sciences,"$32,670/Semester","$32,670/Semester",,,,,,,"The Pardee School PhD program in International Relations provides a small number of exceptional students with a rigorous, interdisciplinary, and policy-relevant education appropriate for careers as scholars and practitioners in international affairs. The program is designed to develop students’ analytic, research, and communication skills through a flexible curriculum that enables them to conduct original, cutting-edge research and successfully launch their careers in academia, government, or the private sector. Upon completion of the PhD in International Relations, students will be able to: Demonstrate comprehensive knowledge of major theories, issues, and research methods in international relations; Conduct original, independent research that contributes to scholarship in international relations; Clearly and effectively communicate research findings, both orally and in writing, to scholarly and policy audiences.",,https://www.bu.edu/academics/grs/programs/,,,"$1,021 per credit",FALSE,False,1.0,4.0,3.5,,,,,,,,,,,,,,,,,,False,False,,,115.0,,,,6.5,,,59.0,,84.0,,,,,,,,,,,Full tuition + living stipend + health insurance credit,100% (for tuition),"Full-tuition scholarship, living stipend, health insurance credit",FALSE,,,FALSE,FALSE,,,
,Master of Arts in Latin American Studies,,,,,Graduate,Fall 2026,,,,Required,Required,Not Required,REQUIRED,"The following materials are required for the application process: Official transcripts from all universities and colleges attended. Three letters of recommendation. A Statement of Purpose of 500–1000 words in length outlining academic interests and goals. GRE scores are not required. Official TOEFL, IELTS, or Duolingo English Test scores if applicable. A writing sample in English (10–20 pages in length). The sample should demonstrate your research and analytical abilities. Non-refundable fee of $85. A CV or resume.",Required,,True,False,True,False,False,False,,True,False,False,False,True,True,False,False,False,,,,Graduate School of Arts & Sciences,29600/Semester,29600/Semester,,,,,,,"The MA in Latin American Studies (M.A.L.A.S.) is an interdisciplinary program designed to give students a comprehensive understanding of Latin America. Students are able to combine courses in the humanities and social sciences across BU departments to pursue their interests in the politics, history, societies, and cultures of Latin America. The MA program provides excellent preparation for further graduate study in a doctoral program or for a career in government, NGOs, international organizations, journalism, or business.",,https://www.bu.edu/academics/grs/programs/,,,907,FALSE,False,,4.0,3.0,,,,,,,,,,,,,,,,,,False,False,,,115.0,,,,6.5,,,58.0,,84.0,,,,,,,,,,,,,Merit-based,FALSE,,,FALSE,FALSE,,,
,PhD in Latin American Studies,,,,,Doctoral,Fall 2026,,,,Required,Required,GRE,REQUIRED,Candidates for admission to the PhD in Latin American Studies program must satisfy the general requirements for graduate admission at Boston University. The online application is managed through the Graduate School of Arts & Sciences (GRS) and includes the following:,Required,,False,True,False,False,True,False,,True,False,False,False,False,True,False,False,False,,,,Frederick S. Pardee School of Global Studies within the College of Arts & Sciences,"$32,670/semester",,,,,,,,"Students who pursue a PhD in Latin American Studies apply to, and are admitted by, one of Boston University’s disciplinary departments (e.g., Anthropology, History, Modern Languages and Comparative Literature, Political Science, Sociology). Students in the PhD program focus their disciplinary research on Latin America and complete the requirements for the PhD in Latin American Studies in addition to the requirements of their disciplinary department. Admission to the PhD program is highly competitive; therefore, applicants must demonstrate outstanding academic performance at both the undergraduate and graduate levels. All PhD students are fully funded, normally for five years, through a combination of stipends and tuition scholarships. For more information, please contact LAS. A full description of the requirements can be found in the Graduate Guide.",,https://www.bu.edu/las/,,"$38,000/year","$2,042/credit",FALSE,False,,4.0,3.0,,,,,,,,,,,,,,,,,,False,False,,,,,,,7.0,,,,,90.0,,,,,,,,,,,"$107,085/year",100,"Institutional Scholarships, Assistantships, Stipends, Fellowships",FALSE,,,FALSE,FALSE,,,
,Master of Arts in Linguistics,,,,,Graduate,Fall 2026,,,,Required,Required,Not Required,REQUIRED,"A complete application includes: a completed application form, official transcripts from all undergraduate and graduate institutions, three letters of recommendation, a statement of purpose, a writing sample, a resume or Curriculum Vitae (CV), and an application fee. For international students, English proficiency scores (TOEFL, IELTS) are required if applicable. The GRE General Test is not required for applicants to the MA in Linguistics.",Required,,True,False,True,False,False,False,,True,False,False,False,True,True,True,False,False,,,,Graduate School of Arts & Sciences (GRS),"$14,400/Year","$14,400/Year",,,,,,,"The MA in Linguistics is a two-year course of study leading to a thesis. It is designed to prepare students for doctoral study, and for careers requiring expertise in linguistics. The program offers comprehensive training in linguistic theory, research methods, and descriptive linguistics, with a strong emphasis on computational and experimental linguistics. Students develop a deep understanding of the structure and function of language, and gain hands-on experience in research and analysis. Graduates are well-prepared for PhD programs in linguistics or related fields, as well as positions in industry and government that require strong analytical and problem-solving skills.",,https://www.bu.edu/academics/grs/programs/,,,$900/credit,FALSE,False,1.0,4.0,3.0,,,,,,,,,,,,,,,,,,False,False,,,115.0,,,,6.5,,,61.0,,90.0,,,,,,,,,,,,,"Research assistantships, Teaching fellowships, Dean’s Scholarships",FALSE,,,FALSE,FALSE,,,
,PhD in Linguistics,,,,,Doctoral,Fall 2026,,,,Required,Required,Optional,REQUIRED,"The PhD in Linguistics program at Boston University prepares students for careers in research and teaching at universities and other institutions. Successful applicants to the PhD program typically have a strong undergraduate record, including significant coursework in linguistics or a related field, and evidence of research potential. Applicants are encouraged to contact individual faculty whose research interests align with their own. Applications are submitted through the GRS online application portal. Required Application Materials: Transcripts: Unofficial transcripts from all post-secondary institutions. Official transcripts will be required upon admission and matriculation. Letters of Recommendation: Three letters of recommendation from faculty members or others qualified to evaluate academic potential. Statement of Purpose: A 500-1000 word essay describing your reasons for pursuing graduate study, your academic and research interests, and your future goals. Writing Sample: A scholarly paper, such as a term paper, thesis chapter, or published article (maximum 30 pages). Curriculum Vitae (CV) or Resume: A current CV or resume detailing your academic history, research experience, publications, presentations, and any relevant work experience. GRE General Test Scores: The GRE General Test is optional for applicants to the PhD in Linguistics program. If you choose to submit scores, they should be sent directly from ETS to Boston University, institution code 3087. English Proficiency: International applicants for whom English is not their native language must submit official scores from the TOEFL iBT, IELTS Academic, or Duolingo English Test, unless they have completed a bachelor’s or graduate degree at an institution where the primary language of instruction was English. Refer to the GRS English Proficiency Requirements for more information. Application Fee: Please consult the GRS Admissions page for information on the application fee and fee waivers.",Required,,True,True,False,False,False,False,,True,False,False,False,False,True,True,False,False,,,,Graduate School of Arts & Sciences,"$32,660/Semester","$32,660/Semester",,,,,,,"The Department of Linguistics offers a PhD program in Linguistics. The goal of the PhD program is to provide students with a solid foundation in the core areas of linguistics and to prepare them to conduct independent research in the field. We offer courses and research opportunities in all of the main theoretical areas of linguistics, including phonology, phonetics, syntax, semantics, and pragmatics, as well as in areas such as psycholinguistics, computational linguistics, historical linguistics, field methods, and language acquisition. Our students are trained to develop their own original research programs and to contribute to the advancement of linguistic theory. They also have opportunities to gain experience in teaching and to participate in interdisciplinary research projects. Most students admitted to the PhD program receive five years of funding, covering tuition and health insurance, plus a stipend in return for teaching duties and/or research assistantships. Exceptional students may be considered for merit fellowships which do not have teaching or research requirements. Students complete coursework and examinations in the core areas of linguistics, conduct original research, and write a dissertation. The program culminates in the defense of the dissertation. Students typically complete the program in 5–6 years. For more information about specific program requirements, see the GRS Bulletin.",,https://www.bu.edu/academics/grs/programs/linguistics/phd-in-linguistics/,,,"$1,089",FALSE,True,,4.0,3.0,,,,,,,,,,,,,,,,,,False,False,,,,,,,6.5,,,,,84.0,,,,,,,,,,,"$65,320/Year",100%,"Merit-based (tuition scholarship, living stipend)",FALSE,,,FALSE,FALSE,,,
,Master of Fine Arts in Literary Translation,,,,,Graduate,Fall 2026,,,,Required,Required,Not Required,REQUIRED,"Applicants to the MFA in Literary Translation should hold a Bachelor’s degree from an accredited college or university. They must submit the following materials to the Graduate School of Arts & Sciences through the online application portal:
*   Application for Admission
*   Transcripts
*   Three Letters of Recommendation
*   Statement of Purpose outlining your academic objectives, reasons for wishing to pursue the MFA in Literary Translation, and career goals.
*   Writing Sample of a literary translation, accompanied by the original text. The length of the sample should not exceed 10 pages. We encourage applicants to choose a sample that showcases their strengths in both translation and literary analysis. For more information regarding writing sample submissions, please consult the GRS website.
*   English-language writing sample (critical essay, fiction, or poetry) of 10–15 pages. This sample demonstrates your writing ability in English and your potential as a literary artist.
*   Curriculum Vitae or Résumé
*   Proof of English Proficiency if applicable",Required,,True,False,True,False,False,False,,True,False,False,False,False,True,True,False,False,,,,Graduate School of Arts & Sciences,"$31,560/Semester","$31,560/Semester",,,,,,,"The Master of Fine Arts (MFA) in Literary Translation is a two-year, 48-credit program based in the Editorial Institute. It offers an intensive course of study in literary translation for students who aim to develop their skills and knowledge as professional translators. The program combines academic training in translation theory and history with practical experience in various genres and styles. Students work closely with faculty mentors, many of whom are accomplished translators and scholars, and engage with a vibrant community of writers and translators in Boston and beyond. The MFA program in Literary Translation provides a rigorous curriculum designed to cultivate highly skilled and reflective translators. Students delve into the nuances of language, culture, and literary style, gaining expertise in translating poetry, prose, and drama. The program emphasizes a hands-on approach, with workshops focused on practical translation techniques, editing, and revision. In addition to core translation courses, students explore relevant fields such as comparative literature, linguistics, and publishing. The curriculum culminates in a substantial translation project, often publishable quality, accompanied by a critical introduction.",,https://www.bu.edu/academics/grs/programs/mfa-in-literary-translation/,,"$22,000 per academic year","$1,970",FALSE,False,,4.0,3.0,,,,,,,,,,,,,,,,,,False,False,,,120.0,,,,7.0,,,,,84.0,,,,,,,,,,,"$63,040 (full tuition for 32 credits)",100%,"Merit-based, Tuition Scholarship, Living Stipend",FALSE,,,FALSE,FALSE,,,
,Master of Fine Arts in Chinese/Literary Translation,,,,,Graduate,Fall 2026,,,,,Required,Not Required,REQUIRED,Please refer to the GRS Admissions page for more information about the application process and required materials. The general GRS application checklist includes: A completed application form; Application fee; Personal statement/statement of purpose; Three letters of recommendation; Official academic transcripts; GRE General Test results (not required for all programs; check your program’s website); English proficiency examination results; Writing sample (for certain programs only; check your program’s website); Resume/CV (for certain programs only; check your program’s website).,,,True,False,False,False,False,False,,True,False,False,False,True,True,True,False,False,,,,Graduate School of Arts & Sciences,"$34,390/Semester or $68,780/Year","$34,390/Semester or $68,780/Year",,,,,,Chinese,"Offered by the Department of Literatures in English and Romance Studies, the MFA in Literary Translation at Boston University is a two-year, full-time program. The MFA program in Literary Translation provides a rigorous curriculum in literary translation and translation studies, leading to the completion of a book-length translation into English from one of many source languages. Students may specialize in translation from a range of languages into English, including Arabic, Chinese, French, German, Japanese, Latin, Modern Greek, Polish, Russian, and Spanish. The program is designed for students interested in careers as literary translators, editors, and scholars. It is ideally suited for those seeking to combine the practical application of translating with the study of translation theory and history.",,https://www.bu.edu/academics/grs/programs/mfa-in-literary-translation/,,,"$1,433/credit",FALSE,False,3.0,4.0,3.0,,,,,,,,,,,,,,,,,,False,False,,,,,,,7.0,,,68.0,,90.0,,,,,,,,,,,,,"Dean’s Scholarships, Departmental Fellowships and Scholarships, Teaching Assistantships, Research Assistantships",FALSE,,,FALSE,FALSE,,,
,Master of Fine Arts in Comparative Literature/Literary Translation,,,,,Graduate,Fall 2026,,,,Required,Required,GRE,REQUIRED,"Minimum of a BA degree from an accredited institution. Unofficial transcripts from all colleges and universities attended. Two letters of recommendation. International students whose native language is not English and who have not completed a degree at an institution in the US, Canada, the United Kingdom, or Australia must demonstrate English proficiency through either the TOEFL, IELTS, or Duolingo English Test. Visit the GRS Admissions page for more details.",Required,,True,False,True,False,True,False,,True,False,False,False,True,True,False,False,False,,,,Graduate School of Arts & Sciences,"$31,580/Semester","$31,580/Semester",,,,,,Literary Translation,"The MFA in Literary Translation is a terminal degree that provides an intensive course of study in translation practice, theory, and history. Students in the MFA program receive training in comparative literary studies while developing their skills as literary translators. The MFA requires a total of 32 credits (eight courses) and a translation thesis submitted in the final semester. Students generally complete the program in two years. With faculty guidance, students develop their individual interests and create a translation portfolio and a substantial thesis, often of publishable quality. They emerge from the program prepared for a career as a professional translator, or for further graduate study in comparative literature, literary translation, or a related field. The MFA degree is housed in the Department of Comparative Literature.",,https://www.bu.edu/academics/grs/programs/,,,"$1,974/Credit",FALSE,False,,4.0,3.0,,,,,,,,,,,,,,,,,,False,False,,,115.0,,,,6.5,,,65.0,,90.0,,,,,,,,,,,,,"Merit-based, Boston University Fellowships, Graduate Research Assistantships, Teaching Fellowships, Dean's Scholarships",FALSE,,,FALSE,FALSE,,,
,Master of Fine Arts in French Studies/Literary Translation,,,,,Graduate,Fall 2026,,,,,Required,Optional,REQUIRED,"Admission to the MFA program is based on the quality of an applicant’s writing, previous academic record, letters of recommendation, and evidence of proficiency in English and at least one other language. Applicants are required to submit official transcripts of all undergraduate and graduate work, a statement of purpose, a writing sample, and three letters of recommendation. The Graduate Record Examination (GRE) is not required for this program. Applicants whose native language is not English and who have not received a bachelor’s or master’s degree from a university in the United States, Canada, Great Britain, Australia, or New Zealand must also submit official TOEFL, IELTS, or Duolingo English Test scores.",Required,,True,False,True,False,False,False,,True,False,False,False,True,True,False,False,False,,,,Graduate School of Arts & Sciences,"$32,670/Semester","$32,670/Semester",,,,,,,"The MFA in Literary Translation is a two-year program for students of exceptional linguistic and literary talent. The program is designed to provide students with thorough training in the practice of literary translation as well as a solid grounding in translation studies, literary history and theory, and comparative literature. Students are expected to complete a thesis consisting of a book-length literary translation accompanied by an introduction and footnotes. The program has a strong international focus and includes a number of opportunities for students to study abroad, including a summer course in Venice, Italy, and exchange programs with universities in Geneva, Switzerland; Leuven, Belgium; and Shanghai, China.",,https://www.bu.edu/academics/grs/programs/mfa-in-literary-translation/,,,"$1,021/credit",FALSE,False,0.0,4.0,3.0,,,,,,,,,,,,,,,,,,False,False,,,115.0,,,,6.5,,,65.0,,90.0,,,,,,,,,,,"$32,670/semester",100%,"Teaching Fellowship (Merit-based, includes tuition scholarship and living stipend)",FALSE,,,FALSE,FALSE,,,
,Master of Fine Arts in German/Literary Translation,,,,,Graduate,Fall 2026,,,,Required,Required,Not Required,REQUIRED,"Applicants apply through the Boston University Graduate School of Arts & Sciences (GRS) online application system. General GRS requirements include official transcripts from all universities and colleges attended, English proficiency testing (international students only), three letters of recommendation, a statement of purpose (approximately 500 words), and a current résumé or curriculum vitae (CV). Program-specific requirements for the MFA in Literary Translation include a writing sample of 10–15 pages of original creative or critical writing (a portion of which should be a literary translation into English, accompanied by the original source text), and native or near-native fluency in English and at least one other language.",Required,,True,False,False,False,False,False,,True,False,False,False,False,True,False,False,False,,,,Graduate School of Arts & Sciences,"$31,540/Semester","$31,540/Semester",,,,,,German,"The Boston University Master of Fine Arts (MFA) in Literary Translation is a two-year, 48-credit program that includes study in the theory and practice of literary translation, as well as the translation of literary texts from a foreign language into English. Students may specialize in Chinese, French, German, Japanese, and Spanish. Graduates are prepared for careers as literary translators, editors, and publishers, as well as for further study in a PhD program. The program provides an opportunity for students to refine their own work through workshops; to participate in the translation community through various conferences, talks, and campus visits by writers and translators; to gain experience in literary publishing; and to develop their own critical and historical understanding of the art of translation.",,https://www.bu.edu/academics/grs/programs/mfa-in-literary-translation/,,,"$1,971/credit",FALSE,False,0.0,4.0,3.0,,,,,,,,,,,,,,,,,,False,False,,,,,,,7.0,,,,,100.0,,,,,,,,,,,,,"Tuition scholarships, stipends, graduate assistantships, teaching fellowships, Dean’s Scholarships",FALSE,,,FALSE,FALSE,,,
,Master of Fine Arts in Japanese/Literary Translation,,,,,Graduate,Fall 2026,,,,,Required,Not Required,REQUIRED,"We encourage applicants from a wide range of academic backgrounds to apply. Admission to the MFA in Japanese/Literary Translation program is competitive. Applicants should demonstrate high potential for creative work in literary translation, critical and analytical ability, and fluency in both Japanese and English. In addition to the online application form, the following materials are required: Three letters of recommendation. Official transcripts from all undergraduate and graduate institutions. A personal statement. A writing sample: an essay or paper, approximately 10–15 pages in length, demonstrating your critical and analytical abilities. An additional writing sample: your translation of a short literary text from Japanese into English, approximately 5–7 pages in length, with the original Japanese text appended. No GRE General Test required. For international students, TOEFL, IELTS, or Duolingo English Test scores are required.",Required,,True,False,True,False,False,False,,True,False,False,False,False,True,False,False,False,,,,Graduate School of Arts & Sciences,59320/Year,59320/Year,,,,,,Japanese,"Our MFA program in Literary Translation provides a rigorous professional training in the theory and practice of literary translation in several languages, primarily from French, German, Italian, Spanish, Arabic, Chinese, and Japanese. The program emphasizes an informed, critical approach to literary translation, grounded in a close reading of texts and an understanding of the cultural and historical contexts in which they arise. Working closely with active literary translators, students develop professional skills through hands-on practice, translation workshops, translation theory courses, and directed individual studies that culminate in the production of a book-length translation and the professional portfolio required for entry into the field. Graduates of the program are well-prepared for careers as literary translators, editors, and scholars, and for further doctoral work in comparative literature or related fields.",,https://www.bu.edu/academics/grs/programs/,,,900/credit,FALSE,False,,4.0,3.0,,,,,,,,,,,,,,,,,,False,False,,,120.0,,,,6.5,,,,,84.0,,,,,,,,,,,"Full tuition for 32 credits (total program credits), plus stipend and health insurance",100%,"Tuition scholarship, Teaching Fellowship, Research Assistantship",FALSE,,,FALSE,FALSE,,,
,Master of Fine Arts in Spanish/Literary Translation,,,,,Graduate,Fall 2026,,,,Required,Required,GRE,REQUIRED,"This accelerated program allows eligible Boston University undergraduates to earn both a BA in Spanish and an MFA in Literary Translation. Students apply to the MFA program in their junior year at BU by completing the standard MFA application for the BU Graduate School of Arts & Sciences during the fall of their junior year, indicating their interest in the accelerated degree program.

Eligibility for the Combined BA/MFA Program:
1.  Students must have completed 72 credits by the time they apply, including courses to be completed in the fall semester of the junior year.
2.  Students must have a GPA of 3.3 or higher overall and a GPA of 3.5 or higher in Spanish and related courses.
3.  Applicants must be making satisfactory progress toward the BA in Spanish and must complete all BA requirements to continue into the MFA portion of the program.
4.  Students must have completed CAS LS 350 and LS 351 by the time of application or be enrolled in both during the semester of application.
5.  Students must identify a faculty advisor in Literary Translation who will work with them as they prepare their writing sample.

General application materials for the Graduate School of Arts & Sciences include:
*   Official transcripts from all universities and colleges attended.
*   Three letters of recommendation.
*   A statement of purpose (approximately 500–750 words).
*   A resume or curriculum vitae.
*   GRE General Test (optional for most Master's and PhD programs in the Graduate School of Arts & Sciences for the 2024–2025 and 2025–2026 application cycles).
*   TOEFL/IELTS Scores (required for international applicants, unless exempt).
*   An $85 application fee.",Required,,True,True,False,False,True,False,,True,False,False,False,False,True,False,False,False,,,,College of Arts & Sciences,32660/Semester (2024-2025 academic year),32660/Semester (2024-2025 academic year),,,,,,,"The BA in Spanish + MFA in Literary Translation is a five-year program that prepares students for careers in translation while offering a firm grounding in the liberal arts. The program provides the linguistic, cultural, and literary knowledge essential for high-level work in literary translation. Through coursework and supervised practice, students hone the analytical skills required to produce publishable translations in a variety of fields, from fiction and poetry to academic prose and commercial texts. The program is ideal for students with advanced Spanish language skills and a strong interest in literature and writing. Graduates of the program are well-prepared to pursue careers in publishing, international relations, education, and other fields that require advanced linguistic and intercultural competence.",,https://www.bu.edu/academics/cas/programs/romance-studies/ba-in-spanish-mfa-in-literary-translation/,,~95200/Year (covers full tuition and living stipend for 2024-2025 academic year),2041/credit (2024-2025 academic year),FALSE,False,0.0,4.0,3.0,,,,,,,,,,,,,,,,,,False,False,,,,,,,7.0,,,,,90.0,,,,,,,,,,,~95200/Year (covers full tuition and living stipend for 2024-2025 academic year),100% (of tuition),Dean's Fellowship (Merit-based),FALSE,,,FALSE,FALSE,,,
,Master of Arts in Mathematics & Statistics,,,,,Graduate,Fall 2026,,,,Not Required,Required,GRE,REQUIRED,"All applicants must supply: Official transcripts from all universities and colleges attended. Three letters of recommendation. Statement of purpose. A non-refundable application fee. Applicants from countries where English is not the official language must take the TOEFL, IELTS, or Duolingo English Test. While GRE scores are not explicitly required, applicants are encouraged to submit them if they feel the scores would strengthen their application.",Not Required,,True,True,False,False,True,False,,True,False,False,False,False,True,False,False,False,,,,Boston University College of Arts & Sciences,"$32,720/Semester","$130,880/Program",,,,,,,"The MA in Mathematics & Statistics is intended for students who want to strengthen their mathematical background and prepare for a PhD in mathematics or statistics, or for those who wish to pursue a career that involves significant mathematical or statistical knowledge. The program offers flexibility, allowing students to tailor their courses to fit their individual interests and career goals. Students choose courses from across a wide range of fields in mathematics and statistics, including pure and applied mathematics, probability, mathematical statistics, computational statistics, and data science. The program can be completed in two to four semesters of full-time study.",,https://www.bu.edu/math/graduate/,,,"$2,045/credit",FALSE,False,2.0,4.0,3.0,,,,,,,,,,,,,,,,,,False,False,,,,,,,7.0,,,,,90.0,,,,,,,,,,,,,"Teaching Assistantships, GRS Fellowships, External Fellowships, Federal Financial Aid",FALSE,,,FALSE,FALSE,,,
,PhD in Mathematics & Statistics,,,,,Doctoral,Fall 2026,,,,Required,Required,GRE,REQUIRED,"Official Transcripts, Letters of Recommendation, Statement of Purpose, Resume/CV, GRE General Test Scores (optional for Fall 2024 applicants), GRE Subject Test (Mathematics) Scores (optional), English Proficiency (if applicable), Application Fee.",Not Required,,True,True,True,False,True,False,,True,False,False,False,False,True,False,False,False,,,,Graduate School of Arts & Sciences,"$69,880/Year","$69,880/Year",,,,,,,"The Department of Mathematics & Statistics at Boston University offers the PhD in Mathematics & Statistics. Our doctoral program is designed to provide students with a deep understanding of advanced mathematical and statistical concepts, as well as the research skills necessary to contribute new knowledge to the field. Through rigorous coursework, comprehensive exams, and original dissertation research, students prepare for careers in academia, industry, and government. Our faculty are active researchers in a wide range of mathematical and statistical disciplines, providing students with diverse opportunities for mentorship and collaboration. The program emphasizes both theoretical foundations and practical applications, encouraging students to engage with real-world problems. We strive to develop independent scholars capable of critical thinking, problem-solving, and effective communication of complex ideas.",,https://www.bu.edu/academics/grs/programs/,,,$4367.50/credit,FALSE,True,,4.0,3.0,,,,,,,,,,,,,,,,,,False,False,,,115.0,,,,6.5,,,,,84.0,,,,,,,,,,,"Full tuition scholarship (valued at $69,880/Year) plus a stipend of $35,000 for 9 months.",100%,"Merit-based, Tuition Scholarship, Stipend, Health Insurance Subsidy",FALSE,,,FALSE,FALSE,,,
,Master of Science in Mathematics,,,,,Graduate,Fall 2026,,,,,Required,GRE,REQUIRED,"Applicants to the MA in Mathematics program come from a wide variety of undergraduate backgrounds. Successful applicants typically have a solid background in undergraduate mathematics, including courses in real analysis (at the level of MA 511), complex analysis, abstract algebra, and topology. In addition, successful applicants typically have taken courses in advanced calculus and linear algebra. It is not necessary to have majored in mathematics; applicants with majors in other fields, such as computer science, engineering, and economics, are welcome to apply if they have taken the necessary mathematics courses. All applicants to the MA in Mathematics program must submit the following materials: Official transcripts from all universities and colleges attended; Two letters of recommendation; A statement of purpose; GRE General Test scores are not required for applicants to the MA in Mathematics program; English proficiency test scores (TOEFL, IELTS, or Duolingo) are required if your native language is not English. If you have completed a bachelor’s or master’s degree at an institution where the primary language of instruction is English, you are exempt from this requirement; Application fee.",,,True,False,True,False,True,False,,True,False,False,False,True,True,False,False,False,,,,Graduate School of Arts & Sciences,"$14,720/Year","$14,720/Year",,,,,,,"The MA in Mathematics program is intended for students with a strong background in mathematics who wish to deepen their mathematical knowledge and pursue further study in mathematics or a related field, or to pursue a career in teaching or in a field requiring advanced mathematical skills. Students completing the MA in Mathematics program will have a solid foundation in the core areas of analysis and algebra and will have the opportunity to take advanced courses in a variety of other areas of mathematics. The MA program provides an excellent background for students considering doctoral studies in mathematics. The program can be completed in one or two years depending on the student’s background and course load.",,https://www.bu.edu/academics/grs/programs/mathematics-statistics/ma-mathematics/,,,$920/credit,FALSE,True,1.0,4.0,3.0,,,,,,,,,,,,,,,,,,False,False,,,115.0,,,,6.5,,,59.0,,84.0,,,,,,,,,,,,,Merit-based,FALSE,,,FALSE,FALSE,,,
,Master of Science in Statistical Practice,,,,,Graduate,Fall 2026,,,,Required,Required,GRE,REQUIRED,"For all graduate programs in the Department of Mathematics & Statistics, applicants must follow the general GRS Application Guidelines. Specific information regarding these requirements is detailed below:
Transcripts: from all colleges and universities attended.
GRE General Test: Please note that the GRE General Test is optional for all graduate programs in the Department of Mathematics & Statistics for Fall 2024. If you have taken the GRE General Test and would like the Admissions Committee to consider your scores, you may submit them. However, your application will not be at a disadvantage if you do not submit scores.
English Proficiency: All applicants are required to demonstrate English proficiency, regardless of citizenship, unless they have completed a bachelor’s degree from an institution in the United States, Canada (excluding Quebec), the United Kingdom, Ireland, Australia, or New Zealand. See the GRS Application Guidelines for acceptable methods of demonstrating English proficiency.
Statement of Purpose: Required.
Resumé/CV: Required.
Letters of Recommendation: Three letters of recommendation are required.",Not Required,,True,True,True,False,True,False,,True,False,False,False,False,True,False,False,False,,,,Graduate School of Arts & Sciences,"$32,680/Semester",,,,,,,,"The Master of Science in Statistical Practice (MSSP) program is designed to provide students with the statistical skills necessary for success in business, government, and not-for-profit organizations. The program focuses on the effective application of statistical methods to the acquisition and analysis of data. It also emphasizes communication skills for conveying statistical ideas, models, and results to non-statistical audiences. Graduates are prepared for careers as practicing statisticians in industries such as finance, marketing, pharmaceutical, information technology, and government.",,https://www.bu.edu/academics/grs/programs/,,,"$1,021/credit",FALSE,True,,4.0,3.3,,,,,,,,,,,,,,,,,,False,False,,,115.0,,,,6.5,,,,,84.0,,,,,,,,,,,"$8,170/semester (for up to 3 semesters)","25% of tuition for first two semesters, potential additional 25% for summer",Merit-based,FALSE,,,FALSE,FALSE,,,
,Master of Arts in Statistics,,,,,Graduate,Fall 2026,,,,Required,Required,Not Required,REQUIRED,"Required Application Materials: Complete and submit the GRS online application. Official transcripts from all undergraduate and graduate institutions attended. Three letters of recommendation are required. A statement of purpose is required. Please discuss why you are applying to the Master of Arts in Statistics at Boston University. Your statement should describe your academic background, research experience (if any), and future career goals. The GRE General Test is required. There is no minimum score required for admission. Our institution code is 3087. For more information, please visit the GRE website. TOEFL/IELTS (International Applicants Only): Required if you are not a US citizen or permanent resident, and your native language is not English, and you did not graduate from an undergraduate institution in the US or Canada. A minimum score of 90 on the TOEFL internet-based test (with minimum scores of 20 in each section), or a minimum score of 7.0 on the IELTS (with minimum scores of 6.5 in each section) is required. A current resume or curriculum vitae is required. The non-refundable application fee is $85.00.",,,False,False,True,False,False,False,,True,False,False,False,True,True,False,False,False,,,,Graduate School of Arts & Sciences,"$29,920/Year","$29,920/Year",,,,,,,"The MA in Statistics program provides advanced training in statistical methods and theory, along with important computational skills. The program is designed for students with strong quantitative backgrounds who wish to acquire a sophisticated understanding of statistics in preparation for either a career as a practicing statistician or for further graduate study in statistics or a related field. Students will learn how to apply powerful statistical methods to solve real-world problems. The program emphasizes the modern approach to statistics, which is data driven and heavily reliant on computation. The MA program provides a solid foundation in the theory and application of statistics and prepares students to analyze data in a wide range of fields, including bioinformatics, economics, education, engineering, environmental science, finance, public health, and social sciences. Full-time students complete the MA program in one academic year (two semesters). Part-time students may complete the program in two years.",,https://www.bu.edu/academics/grs/programs/mathematics-statistics/ma-statistics/,,,$935/credit,FALSE,True,0.0,4.0,3.0,,,,,,,,,,,,,,,,,,False,False,,,115.0,,,,6.5,,,58.0,,84.0,,,,,,,,,,,,,"Merit-based aid, Federal financial aid, Assistantships, Fellowships, Scholarships",FALSE,,,FALSE,FALSE,,,
,PhD in Statistics,,,,,Doctoral,Fall 2026,,,,Required,Required,GRE,REQUIRED,All applicants must apply through the Graduate School of Arts & Sciences (GRS) online application system. The online application requires submission of: Transcripts from all prior undergraduate and graduate institutions. Three letters of recommendation. A personal statement. A resume or curriculum vitae. GRE General Test scores (subject tests not required). Non-native English speakers must submit TOEFL or IELTS scores. A non-refundable application fee.,,,False,False,True,False,True,False,,True,False,False,False,False,True,True,False,False,,,,Graduate School of Arts & Sciences,"$65,880/Year","$65,880/Year",,,,,,,"The PhD in Statistics program at Boston University’s Graduate School of Arts & Sciences provides students with a strong foundation in both classical and modern statistical theory and methodology, as well as computational statistics, statistical machine learning, and data science. The program trains students for careers in academia, industry, and government, where they will conduct novel theoretical and methodological research, develop new statistical methods, and apply statistical principles to real-world problems. We welcome applicants with a strong background in mathematics and an interest in probability and statistics. Our program emphasizes flexibility, allowing students to tailor their coursework and research to their specific interests and career goals. Students work closely with faculty mentors on cutting-edge research projects, gaining hands-on experience in data analysis, statistical modeling, and scientific communication. As a student in the PhD in Statistics program, you will: Develop a deep understanding of statistical theory and methodology. Gain expertise in computational statistics and data science. Learn to conduct independent research and contribute to the field of statistics. Collaborate with faculty on innovative research projects. Prepare for a successful career in academia, industry, or government.",,https://www.bu.edu/grad/why-bu/phd-program-profiles/statistics/,,"$104,575/Year (includes tuition, stipend, and health insurance)",,FALSE,True,2.0,4.0,3.0,,,,,,,,,,,,,,,,,,False,False,,,120.0,,,,7.0,,,,,90.0,,,,,,,,,,,"$65,880/Year (tuition scholarship)",100% of tuition,"Merit-based (tuition and health insurance scholarship), Service-based (stipend via Teaching/Research Assistantship)",FALSE,,,FALSE,FALSE,,,
,"Master of Arts in Molecular Biology, Cell Biology & Biochemistry",,,,,Graduate,Fall 2026,,,,Required,Required,Not Required,REQUIRED,"Applications for the MA and PhD programs in Molecular Biology, Cell Biology & Biochemistry are submitted via the GRS online application. All application materials, including official transcripts, recommendations, and test scores, must be submitted through the online application. Three letters of recommendation are required. These letters should be written by faculty members who are familiar with your academic performance and potential for success in a graduate program. Official transcripts from all universities and colleges attended are required. Applicants should upload unofficial copies of their transcripts into the online application. Official transcripts will be required if admitted and matriculated. A Statement of Purpose is required. This statement should describe your research interests, academic background, career goals, and reasons for pursuing graduate study at Boston University. It should be approximately 1-2 pages in length. A resume or curriculum vitae (CV) is required. It should include your educational background, research experience, publications (if any), presentations, honors, awards, and any relevant work experience. The GRE General Test is not required for applicants to the MA or PhD programs in Molecular Biology, Cell Biology & Biochemistry. A writing sample is not required. International applicants must also demonstrate English proficiency through TOEFL, IELTS, or Duolingo.",Not Required,,True,False,True,True,False,False,,True,False,False,False,True,True,False,False,False,,,,Graduate School of Arts & Sciences,"$31,980/Semester","$31,980/Semester",,,,,,,"The Department of Biology offers an MA program in Molecular Biology, Cell Biology & Biochemistry. This program provides students with advanced training in these fields through coursework and participation in a research laboratory. The program is specifically designed to prepare students for a career in biotechnology or for further graduate study toward a PhD. The department houses research groups with interests in molecular genetics, structural biology, membrane biophysics, bacterial physiology, cellular neurobiology, signal transduction, tumor biology, immunology, virology, and developmental biology. These laboratories employ a wide range of state-of-the-art methodologies. Students have the opportunity to select an area of research that matches their interests. All students participate in the weekly seminar series and several journal clubs. Students also acquire teaching experience by serving as teaching fellows in a laboratory course.",,https://www.bu.edu/academics/grs/programs/,,,"$1,999/credit",FALSE,True,,4.0,3.0,,,,,,,,,,,,,,,,,,False,False,,,115.0,112.0,,,6.5,,,59.0,,84.0,,,,,,,,,,,"Awards start from $5,000",Up to 100%,"Merit-based scholarships, Teaching Fellow (TF) positions",FALSE,,,FALSE,FALSE,,,
,"PhD in Molecular Biology, Cell Biology & Biochemistry",,,,,Doctoral,Fall 2026,,,,Required,Required,Not Required,REQUIRED,"Official transcripts from all universities and colleges you have attended. Three letters of recommendation from faculty or research supervisors who are familiar with your academic and research abilities. A statement of purpose describing your motivation for pursuing a PhD, your research interests, and your future career goals. Please also include why you believe the BU MCBB program is a good fit for you. A curriculum vitae (CV) or resume outlining your academic background, research experience, publications, presentations, and any relevant work experience. International applicants must demonstrate English proficiency through either the TOEFL or IELTS exam. This requirement may be waived under specific circumstances.",,,True,True,False,False,False,False,,True,False,False,False,True,True,True,False,False,,,,Graduate School of Arts & Sciences,0,,,,,,,,"The Department of Biology, Department of Chemistry, and Department of Medical Sciences & Education offer an interdisciplinary PhD in Molecular Biology, Cell Biology & Biochemistry. Students choose to specialize in one of these three participating departments or may pursue a truly interdisciplinary research program involving two or more of the participating departments. Students are prepared for careers in academia, biotechnology, and other scientific fields.",,https://www.bu.edu/academics/grs/programs/,,38000,$955/credit,FALSE,True,2.0,4.0,3.0,,,,,,,,,,,,,,,,,,False,False,,,,,,,6.5,,,59.0,,84.0,,,,,,,,,,,,100%,"Full tuition scholarship, living stipend, health insurance contribution, in exchange for teaching or research assistantship services.",FALSE,,,FALSE,FALSE,,,
,Master of Arts in Musicology,,,,,Graduate,Fall 2026,,,,Required,Required,Not Required,REQUIRED,"Applicants to the MA in Musicology must meet the admissions requirements of the Graduate School of Arts & Sciences. In addition, applicants must submit the following materials directly to the School of Music, through the College of Fine Arts (CFA) Admissions website: A personal statement that describes academic background and interests, professional goals, and reasons for wishing to pursue graduate study at Boston University (300–500 words); A critical writing sample, such as a research paper from a previous course, that demonstrates analytical ability and facility with scholarly prose (15–25 pages); A curriculum vitae or resume; Letters of recommendation from three individuals who can speak to academic and professional qualifications; Transcripts from all colleges and universities attended; GRE General Test scores are encouraged but not required; TOEFL, IELTS, or Duolingo English Test scores (for international students only); Application fee.",Required,,True,True,True,False,False,False,,True,False,False,False,False,True,True,False,False,,,,Graduate School of Arts & Sciences,"$32,975/Semester","$32,975/Semester",,,,,,,"The MA in Musicology program is intended both for students who wish to pursue a doctorate in musicology or in an allied field, and for those who wish to enhance their professional capabilities (e.g., in teaching, librarianship, arts administration, or other careers for which advanced training in the critical and historical study of music is an asset). The program cultivates advanced skills in writing, critical thinking, research, and analysis of topics in musicology. Students take courses in musicological methods, bibliography, and a broad range of subjects in music history. The MA in Musicology program is part of the Department of Musicology & Ethnomusicology within the School of Music, College of Fine Arts. Visit the department website for more information.",,https://www.bu.edu/academics/grs/programs/,,,"$1,030",FALSE,False,,4.0,3.0,,,,,,,,,,,,,,,,,,False,False,,,115.0,,,,6.5,,,,,90.0,,,,,,,,,,,,50-100% of tuition,"Merit-based (GRS Fellowships, Teaching Assistantships, Tuition Scholarships, Stipends)",FALSE,,,FALSE,FALSE,,,
,PhD in Musicology,,,,,Doctoral,Fall 2026,,,,Required,Required,GRE,REQUIRED,"All students must apply through the Graduate School of Arts & Sciences (GRS) online application. Review the GRS application information and instructions carefully before beginning your application. Complete applications must include: Transcripts, Three Letters of Recommendation, Statement of Purpose, Curriculum Vitae (CV) / Résumé, Writing Samples, GRE General Test Scores (optional for applicants to the Musicology PhD and Ethnomusicology PhD for Fall 2024 admissions cycle and beyond; see below for additional detail), TOEFL/IELTS/PTE scores (for international applicants), Application Fee.",Required,,True,True,True,False,True,False,,True,False,False,False,True,True,False,False,False,,,,College of Arts & Sciences,32640/Semester,32640/Semester,,,,,,,"Boston University offers PhDs in ethnomusicology, musicology, and music theory and composition. With small, intimate programs, students receive extensive individual attention and benefit from a wide variety of coursework within the School of Music, the Department of Musicology and Ethnomusicology, and the broader university. Doctoral students are fully funded for five years with tuition, health insurance, and a stipend. Many of our students teach in the undergraduate core curriculum, receive teaching certificates from BU’s Center for Teaching & Learning, and go on to tenure-track jobs. The PhD in Musicology at BU is designed to train independent scholars for careers in teaching and research, and to provide comprehensive grounding in all areas of historical musicology. Graduates have gone on to prestigious positions in academia and related fields.",,https://www.ethnomusicology.org/page/GtP23_BU,,,2040,FALSE,False,2.0,4.0,3.0,,,,,,,,,,,,,,,,,,False,False,,,120.0,,,"80th percentile and above for the Verbal section, 70th percentile and above for the Quantitative section, 4.5 or higher for Analytical Writing",7.0,,,68.0,,100.0,,,,,,,,,,,65280/Year,100%,University Fellowship / Full Funding (includes full tuition waiver and stipend),FALSE,,,FALSE,FALSE,,,
,Master of Arts in Neuroscience,,,,,Graduate,Fall 2026,,,,,,Not Required,REQUIRED,,,,True,True,True,False,False,False,,True,False,False,False,False,True,False,False,False,,,,Graduate School of Arts & Sciences,"$65,320/Academic Year (Fall and Spring semesters)",,,,,,,,"The Master of Arts (MA) in Neuroscience program is designed for students who desire a deeper understanding of the field and wish to enhance their academic credentials. The MA in Neuroscience can serve as a stepping stone for students interested in pursuing a PhD, or those who wish to build a strong foundation for a career in research or health-related professions. The MA program provides a broad foundation in neuroscience through core coursework and mentored research experiences in the laboratories of faculty who are members of the Graduate Program for Neuroscience (GPN). Students complete either a thesis (Plan A) or a non-thesis (Plan B) option depending on their interests and goals, with the thesis option providing more intensive research experience. Both plans require a minimum of 32 graduate credits.",,https://www.bu.edu/academics/grs/programs/neuroscience/ma/,,,$986 per credit,FALSE,False,2.0,4.0,3.0,,,,,,,,,,,,,,,,,,False,False,,,115.0,,,,6.5,,,,,84.0,,,,,,,,,,,Up to full tuition and a stipend,Up to 100%,"Teaching Fellowships, Research Assistantships, GRS Scholarships, Tuition Remission, Merit-based",FALSE,,,FALSE,FALSE,,,
,PhD in Neuroscience,,,,,Doctoral,Fall 2026,,,,Required,Required,Not Required,REQUIRED,"The Graduate Program for Neuroscience (GPN) participates in the Boston University Graduate School of Arts and Sciences (GRS) common application. Applications are submitted online through the GRS website. Please ensure you select “Neuroscience (PhD)” as your program of interest. All materials must be received by December 1 for fall admission of the following year. We do not accept spring admissions. Applications submitted by this deadline will be considered for admission and for Graduate School Fellowships. Please review the GRS Admissions page for additional details. Your Statement of Purpose (no more than two pages double-spaced) is a critical component of your application. This statement should explain your motivation for pursuing a PhD in Neuroscience, discuss any previous research experience you have, and describe your short-term and long-term career goals. Three letters of recommendation are required. These letters should be written by individuals who know you well and can comment on your academic abilities, research experience, and potential for success in a PhD program. They should be submitted directly by the letter writers through the online application system. You will be asked to upload transcripts from all colleges and universities you have attended. Official transcripts will be required if you are admitted and choose to matriculate. The GRE General Test is not required for admission to the GPN. If you choose to submit GRE scores, they will be considered as part of your application. Scores should be sent directly to Boston University (GRE Institution Code: 3087). International students whose native language is not English and who have not received a bachelor’s or master’s degree from an institution in the United States, Canada, the United Kingdom, or Australia must submit official scores from the Test of English as a Foreign Language (TOEFL) or the International English Language Testing System (IELTS). Scores should be no more than two years old. Minimum score requirements are: TOEFL iBT: 90 (with minimum scores of 20 in each section), IELTS: 7.0 (with minimum scores of 6.5 in each section). A non-refundable application fee is required at the time of application submission. Fee waivers may be available for eligible applicants. A curriculum vitae (CV) is required.",,,True,True,False,False,False,False,,True,False,False,False,True,True,True,False,False,,,,School of Medicine,"$32,960/Semester","$32,960/Semester",,,,,,,"The Graduate Program for Neuroscience (GPN) is an interdisciplinary PhD program based at the Boston University Charles River and Medical Campuses. Students in the GPN benefit from the breadth of neuroscience expertise across Boston University as they train in the field with faculty from multiple departments. Faculty research interests span the full spectrum of neuroscience, from molecules to mind and from discovery to clinical application. Students in the GPN are exposed to diverse research opportunities, a flexible curriculum, and numerous chances for professional development that prepare them for a variety of careers in neuroscience. Students completing the program are equipped to pursue careers in academia, industry, and related fields.",,https://www.bu.edu/grad/why-bu/phd-program-profiles/graduate-program-for-neuroscience/,,"$107,816/year",,FALSE,True,1.0,4.0,3.4,,,,,,,,,,,,,,,,,,False,False,,,,,,,7.0,,,68.0,,90.0,,,,,,,,,,,"$65,920/year",100%,"Merit-based, Research-based",FALSE,,,FALSE,FALSE,,,
,Master of Arts in Global Policy,,,,,Graduate,Fall 2026,,,,Not Required,Required,GRE,REQUIRED,"Official Transcripts, Letters of Recommendation (3 required), Statement of Purpose, GRE Scores (optional), English Proficiency (for international students), Application Fee.",Not Required,,True,True,False,False,True,False,,True,False,False,False,True,True,False,False,False,,,,Graduate School of Arts & Sciences,"$61,928/Year","$61,928/Year",,,,,,,"Boston University’s Master of Arts in Global Policy (MAGP) program, offered jointly by the Frederick S. Pardee School of Global Studies and the Department of Political Science, addresses the growing demand for professionals who can understand and critically engage with complex global challenges. The program aims to educate students to become leaders who can apply theory to policy in an interdisciplinary way. Graduates will be equipped with critical thinking, analytical, and professional skills required to address global challenges in areas such as international security, international development, human rights, and diplomacy. Through a rigorous curriculum and practical experience, students will gain expertise in policymaking, policy analysis, and program evaluation within an international context. This program provides students with a strong foundation in global policy and prepares them for careers in international organizations, government agencies, non-governmental organizations, and the private sector.",,https://www.bu.edu/academics/grs/programs/international-relations/ma-in-global-policy/,,,$950/credit,FALSE,False,,4.0,3.0,,,,,,,,,,,,,,,,,,False,False,,,,,,,7.0,,,65.0,,90.0,,,,,,,,,,,,,Merit-based,FALSE,,,FALSE,FALSE,,,
,Master of Arts in International Affairs,,,,,Graduate,Fall 2026,,,,Required,Required,Optional,REQUIRED,"Applicants must hold a bachelor’s degree from an accredited institution. Applicants for the MA in International Affairs should consult the GRS Admissions page for general requirements for all GRS degrees, as well as the International Relations page for requirements specific to International Relations degrees. The online application form and all supporting materials must be received by the application deadline.",Required,,False,False,True,False,False,False,,True,False,False,False,False,True,False,False,False,,,,Graduate School of Arts & Sciences (GRS),"$31,540/Semester","$31,540/Semester",,,,,,"Diplomacy, Global Economic Affairs, Religion and International Affairs","The MA in International Affairs is the Pardee School of Global Studies’ flagship graduate program, designed for students interested in careers in international service and global affairs. Our program is distinctive for combining the interdisciplinary study of global issues with professional training in policymaking. Our curriculum offers students the opportunity to learn from the Pardee School’s diverse faculty of scholars and practitioners. The program’s core curriculum emphasizes the study of analytical tools and frameworks for understanding international affairs. It also offers students the opportunity to develop and hone a wide range of analytical skills, including quantitative, qualitative, and historical methods. The Pardee School of Global Studies has a strong commitment to practical application and professional training. We provide numerous opportunities for students to apply their knowledge and skills in real-world settings through internships, practicums, and research projects. Our program prepares students for careers in government, non-governmental organizations, international organizations, and the private sector. Pardee School students are uniquely poised to address the most pressing global challenges of the 21st century. The MA program provides graduates with the analytical tools, professional skills, and global experience necessary to tackle these challenges effectively.",,https://www.bu.edu/academics/grs/programs/,,,"$1,971.25",FALSE,False,,4.0,3.0,,,,,,,,,,,,,,,,,,False,False,,,120.0,,,,7.0,,,,,90.0,,,,,,,,,,,,,"Merit-based, Graduate Teaching Fellowships, Graduate Research Assistantships, Dean's Scholarships, GRS Research Fellowships",FALSE,,,FALSE,FALSE,,,
,Master of Arts in International Relations / Master of Business Administration,,,,,Graduate,Fall 2026,,,,Required,Required,Either,REQUIRED,"Application Requirements
All applicants must apply online through the Graduate School of Arts & Sciences online application.
Candidates for the MA in International Relations/MBA joint degree are evaluated on the basis of their academic records, recommendations, and relevant work, volunteer, or internship experience.
All applicants to the MA in International Relations/MBA program must submit the following:
*   Official transcripts from all universities and colleges attended.
*   Graduate Record Examination (GRE) scores OR Graduate Management Admission Test (GMAT) scores. Please note: Candidates may apply with the official results of either the GRE or the GMAT. Official GRE or GMAT scores must be sent directly from the Educational Testing Service (ETS) or Graduate Management Admission Council (GMAC) to Boston University. The GRE institution code for Boston University is 3087; the GMAT school code is X5X-55-90.
*   Three letters of recommendation.
*   A current CV or résumé.
*   A statement of purpose or personal statement (approximately 500 words).
*   For international students: Official English proficiency examination scores (TOEFL, IELTS, or PTE).",,,False,False,True,False,True,False,,True,False,False,False,False,True,True,True,False,,,,Frederick S. Pardee School of Global Studies and Questrom School of Business,,,,,,,,,"The MA/MBA combined degree program at Boston University offers students the opportunity to combine a Master of Arts in International Relations with a Master of Business Administration. Offered jointly by the Pardee School of Global Studies and the Questrom School of Business, this program offers students an interdisciplinary education at the intersection of international affairs and management. Designed to be completed in two years, the MA/MBA program prepares students for careers in the private, public, and nonprofit sectors, working with multinational corporations, international financial institutions, or international organizations.",,https://www.bu.edu/academics/grs/programs/,,,,FALSE,False,1.0,4.0,3.0,,,,,,,,,,,,,,,,,,False,False,,,120.0,,,,7.0,,,,,,,,,,,,,,,,,,"Merit-based, Dean's Scholarships, Forte Fellowships",FALSE,,,FALSE,FALSE,,,
,Master of Arts in International Relations / Juris Doctor,,,,,Doctoral,Fall 2026,,,,Required,Required,GRE,REQUIRED,"Applicants apply to both schools concurrently and must meet the admissions criteria of both the School of Law and the Pardee School of Global Studies. This involves submitting applications separately to the School of Law (through LSAC) and to the Pardee School of Global Studies (via their online form), each with an application fee. Required documents include a Personal Statement/Statement of Purpose, Resume/Curriculum Vitae, Official Transcripts (submitted via LSAC CAS for Law), and Letters of Recommendation (CAS Report required for Law, two letters for Pardee). An LSAT score is required for the JD application. GRE scores are not required for MA admissions for Fall 2024 and beyond. English proficiency is also required for Pardee if applicable. Applicants may include an optional writing sample for both applications.",Optional,,True,False,True,False,True,False,,True,True,False,False,False,True,False,False,False,,,,School of Law and Pardee School of Global Studies,"Year 1-3: $72,204/Year (School of Law); Year 4: $68,484/Year (Pardee School of Global Studies) (2024-2025 rates)","Year 1-3: $72,204/Year (School of Law); Year 4: $68,484/Year (Pardee School of Global Studies) (2024-2025 rates)",,,,,,,"The JD/MA in International Relations offers students the opportunity to combine the study of law with the study of international relations. Both degrees emphasize a critical and interdisciplinary approach to their subject matter. Students pursuing the dual degree receive training in legal analysis and the conceptual tools to understand global political, economic, and security relations, and prepare for careers in international organizations, government, non-governmental organizations, and global enterprises. The dual degree is designed to enable students to complete both degrees in four years rather than the five years typically required to complete each program separately. Students must apply for admission to the School of Law and to the Frederick S. Pardee School of Global Studies separately. Each school makes an independent decision on admission to its program, based on its own criteria. Students may apply to both programs simultaneously, or may apply to the Pardee School during their first year of study at the School of Law. Students enrolled in the JD/MA program must complete the full 85 credits required for the JD, and 32 of the 48 credits required for the MA in International Relations.",,https://www.bu.edu/law/academics/find-degrees-and-programs/dual-degrees/jd-ma-in-international-relations/,,"> $30,000/year (for JD students receiving institutional grants, 2023-2024)","Varies. Year 1-3: Flat tuition. Year 4 (Pardee School): $2,138/credit (2024-2025 rates)",FALSE,False,,4.0,2.5,,,,,,,,,,,,,,,,,,False,False,,,120.0,,,,7.0,,,,,100.0,,,,,,,,,,,Varies. BU Law offers merit and need-based scholarships. Pardee School offers merit scholarships covering 25-75% of tuition.,Nearly 90% of JD students receive financial aid. Pardee School merit scholarships average 50% of tuition for recipients.,"Merit-based, Need-based",FALSE,,,FALSE,FALSE,,,
,Master of Arts in International Relations/International Affairs,,,,,Graduate,Fall 2026,,,,Required,Required,Optional,REQUIRED,"Official transcripts from all universities attended, three letters of recommendation, a personal statement, a writing sample (8-10 pages), a resume or curriculum vitae, official GRE General Test scores (optional for Fall 2024 admissions cycle and beyond), English proficiency examination, if applicable (TOEFL, IELTS, or Duolingo English Test), and application fee.",Required,,True,True,True,False,False,False,,True,False,False,False,False,True,False,False,False,,,,Frederick S. Pardee School of Global Studies,"$34,940/Semester","$34,940/Semester",,,,,,"Diplomacy and International Cooperation, Development and Human Security, Global Economic Affairs, International Security, Religion and International Affairs, Individualized Specialization","The Master of Arts (MA) program in International Relations at Boston University’s Frederick S. Pardee School of Global Studies is designed to prepare students for careers in foreign service, international organizations, non-governmental organizations, and global business. Our program offers a rigorous academic foundation combined with practical skills development, enabling graduates to address complex global challenges effectively. Students gain a deep understanding of international politics, economics, and security, while also developing expertise in specific regional or thematic areas. The MA in IR is a full-time, two-year program (4 semesters, 40 credits) that combines theoretical coursework with opportunities for research, internships, and professional development. Our faculty members are leading scholars and practitioners in the field, providing students with unparalleled mentorship and access to cutting-edge research.",,https://www.bu.edu/academics/grs/programs/,,,"$1,092 per credit",FALSE,False,,4.0,3.0,,,,,,,,,,,,,,,,,,False,False,,,120.0,,,,6.5,,,,,84.0,,,,,,,,,,,"$8,735 - $17,470 per semester",25-50%,Merit-based,FALSE,,,FALSE,FALSE,,,
,Master of Arts in International Relations—Mid-Career Program,,,,,Graduate,Fall 2026,,,,Required,Required,Not Required,REQUIRED,"To be considered for admission to the MA in International Relations—Mid-Career Program, applicants must submit: an online application, a Statement of Purpose, three letters of recommendation, official transcripts from all universities and colleges attended, GRE scores (optional), English proficiency testing (if applicable), and a resume or curriculum vitae (CV). An academic writing sample is optional.",Optional,,True,True,True,False,False,False,,True,False,False,False,True,True,False,False,False,,,,Graduate School of Arts & Sciences,"$29,248/program","$29,248/program",,,,,,,"The Mid-Career MA in International Relations is designed to provide rising leaders with the analytical tools and knowledge base necessary to tackle global challenges and succeed in an international career. This unique 16-month program allows professionals with substantial experience in a global field to expand their understanding of international affairs, sharpen their analytical skills, and develop their professional network. Students can tailor their academic experience to their interests, and the program encourages flexibility to pursue individualized interests in international relations.",,https://www.bu.edu/academics/grs/programs/,,,$914/credit,FALSE,False,3.0,4.0,3.0,,,,,,,,,,,,,,,,,,False,False,,,120.0,,,,7.0,,,65.0,,90.0,,,,,,,,,,,,,"Merit-based, Tuition Scholarships",FALSE,,,FALSE,FALSE,,,
,Master of Arts in Philosophy,,,,,Graduate,Fall 2026,,,,Not Required,Required,Optional,REQUIRED,"A complete application for the Master of Arts in Philosophy program at Boston University includes the online application for admission, application fee, transcripts from all institutions of higher education attended, three letters of recommendation, a personal statement, and an academic writing sample. GRE scores are optional for applicants to the MA program. English Proficiency Exam Scores are required if applicable.",Required,,True,True,True,False,False,False,,True,False,False,False,False,True,False,True,False,,,,Graduate School of Arts & Sciences,28800,28800,,,,,,,,,https://gradschool.princeton.edu/academics/degrees-requirements/fields-study/philosophy,,,900,FALSE,False,,4.0,3.0,,,,,,,,,,,,,,,,,,False,False,,,115.0,,,,7.0,,,,,90.0,,,,,,,,,,,,,"Merit-based scholarships, Stipends, Teaching Fellowships",FALSE,,,FALSE,FALSE,,,
,PhD in Philosophy,,,,,Doctoral,Fall 2026,,,,Required,Required,Not Required,REQUIRED,"All PhD applicants must apply directly through the Graduate School of Arts & Sciences (GRS) online application system. Before beginning your application, please review the requirements listed below and the information for international applicants, if applicable. Once you begin your application, you can save your work and return to it later. All supplemental materials should be uploaded directly to the application. A complete application includes: Curriculum Vitae (CV) or Resume, Statement of Purpose, Writing Sample (for PhD applicants in the Humanities, Social Sciences, and Fine Arts only), Three Letters of Recommendation, Official Transcripts, English Proficiency (international applicants only), GRE General Test (required for some programs, see below), Application Fee. For a list of programs not requiring the GRE General Test, please visit this page.",Required,,True,False,True,False,False,False,,True,False,False,False,False,True,False,False,False,,,,College of Arts & Sciences,64380/Year,64380/Year,,,,,,,"The Marquette University Philosophy Department offers a doctoral program in Philosophy. It is a traditional program, oriented toward the history of philosophy and continental European philosophy. The program offers a broad education in the history of Western philosophy from its beginnings to the present, while giving students the opportunity for more focused work in particular areas. The program prepares students for careers as teachers and scholars in philosophy. The program is committed to cultivating an appreciation for the historical and textual complexity of philosophical thought, training students to read and engage philosophical texts closely, and preparing students to take up the challenges of contemporary philosophical research and teaching. The PhD Program aims to provide students with a broad and deep understanding of the history of philosophy, while at the same time cultivating in students the ability to engage with the challenges of contemporary philosophical research. The program prepares students for academic careers in philosophy by training them to become effective teachers and scholars in their chosen fields of specialization.",,https://www.marquette.edu/philosophy/phd-program.php,,93360/Year,2012/Credit,FALSE,False,1.0,4.0,3.0,,,,,,,,,,,,,,,,,,False,False,,,120.0,,,,7.0,,,,,100.0,,,,,,,,,,,93360/Year,100% of tuition,"Merit-based (Stipend, Tuition Scholarship)",FALSE,,,FALSE,FALSE,,,
,Master of Arts in Physics,,,,,Graduate,Fall 2026,,,,Not Required,Required,GRE,REQUIRED,"Thank you for your interest in the MA in Physics program! The MA program provides students with a solid foundation in the core areas of experimental and theoretical physics, while allowing them to specialize in areas of interest to them. This program is suitable for students interested in developing their physics background for further professional pursuits, teaching, or transitioning to other fields. We also have a PhD program in Physics. Applications are submitted through the GRS online application system. Please review the GRS Application Instructions carefully before applying.",Not Required,,True,False,True,False,True,False,,True,False,False,False,True,True,False,False,False,,,,Graduate School of Arts & Sciences,"$31,540/Semester or $63,080/Year (for 2023-2024 academic year, full-time)","$31,540/Semester or $63,080/Year (for 2023-2024 academic year, full-time)",,,,,,,"The Master of Arts in Physics offers students a broad introduction to advanced physics. The curriculum requires 32 credits beyond the bachelor’s degree, normally completed in one year. The program requires no thesis, but students may undertake research projects with faculty members for course credit. Students are encouraged to attend departmental seminars. Many MA students use the program as a stepping stone to doctoral study; others pursue teaching careers or employment in industry, government, and the private sector.",,https://www.bu.edu/academics/grs/programs/physics/ma/,,,"$1,972 per credit (for 2023-2024 academic year, part-time)",FALSE,True,,4.0,3.0,,,,,,,,,,,,,,,,,,False,False,,,120.0,,,,7.0,,,65.0,,90.0,,,,,,,,,,,partial tuition remission (amount not specified),,Merit-based (Dean's Scholarships),FALSE,,,FALSE,FALSE,,,
,PhD in Physics,,,,,Doctoral,Fall 2026,,,,Required,Required,Not Required,REQUIRED,"Application Form, Application Fee, Transcripts, Letters of Recommendation: At least two letters of recommendation are required, and three are preferred. Personal Statement, Resume or Curriculum Vitae, GRE Scores: Please check the department website to confirm whether GRE General Test and/or GRE Subject Test scores are required, optional, or not considered for your program. GRS requires official scores for any required GRE tests. English Proficiency: All applicants are required to demonstrate English proficiency, regardless of citizenship, if their first language is not English. Applicants to the PhD program in Physics should have a bachelor’s degree in physics or a closely related field. Exceptional students with a bachelor’s degree in physics, mathematics, or engineering are eligible to apply directly to the PhD program. Students admitted to the PhD program typically have a strong undergraduate record, including significant research experience, and a high level of performance on the physics GRE.",Not Required,,True,False,True,False,False,False,,True,False,False,False,True,True,False,False,False,,,,Graduate School of Arts & Sciences,66670/Year,66670/Year,,,,,,,"The GRS PhD in Physics prepares students for careers in research and teaching through advanced coursework and in-depth research experience. Students typically complete required coursework during their first two years, including qualifying exams, and then dedicate the remainder of their time to original research for their dissertation. Areas of study include astronomy, astrophysics, condensed matter physics, biological physics, medical physics, elementary particle physics, and quantum information science, among others. Students benefit from close interactions with faculty, and from diverse research opportunities, including participation in the Boston University Photonics Center, which has state-of-the-art facilities for a wide range of interdisciplinary research, and membership in the BU Center for Space Physics. Graduates go on to pursue careers in academia, industry, and government, at institutions such as MIT, Harvard, Philips, Google, Los Alamos National Lab, CERN, and Raytheon.",,https://www.bu.edu/academics/grs/programs/,,"$38,000/Year",,FALSE,True,0.0,4.0,3.0,,,,,,,,,,,,,,,,,,False,False,,,115.0,,,,7.0,,,65.0,,90.0,,,,,,,,,,,"$66,670/Year",100%,"Fellowships, Teaching Fellowships (TF), Research Assistantships (RA)",FALSE,,,FALSE,FALSE,,,
,Master of Fine Arts in Playwriting,,,,,Graduate,Fall 2026,,,,Required,Required,Not Required,REQUIRED,"To apply for the Master of Fine Arts in Playwriting, please follow the instructions found on the GRS Admissions page. The required application materials for the Playwriting MFA include: Application form, Application fee, Transcripts from all undergraduate and graduate work, Letters of Recommendation (3), Personal Statement/Statement of Purpose, CV/Resume, Writing Samples (see below), Proof of English proficiency (if applicable).",Required,,True,False,True,False,False,False,,True,False,False,False,False,True,False,False,False,,,,"College of Fine Arts, School of Theatre and College of Arts & Sciences, Department of English",32660/Semester,32660/Semester,,,,,,,"Boston University’s MFA in Playwriting program is an intensive, two-year experience designed to challenge and support playwrights as they develop their unique artistic voices. We believe that good playwrights need a thorough understanding of theatre history, dramatic literature, and current trends in professional theatre. Our students immerse themselves in new play development while taking courses in dramatic literature, playwriting, and theatre studies. They emerge with a comprehensive understanding of the craft of playwriting, a portfolio of new plays, and the skills needed to pursue professional careers. Students take courses alongside candidates for the MFA in Theatre Directing and the MA in Theatre Studies, as well as undergraduates, to create a lively and diverse community of theatre artists. Playwriting students are given multiple opportunities to develop and share their work with Boston University students and faculty, including student-directed workshops, readings, and thesis productions. The city of Boston is a vibrant arts community that offers students many opportunities to experience professional theatre. The BU School of Theatre is committed to providing students with the skills and experiences they need to succeed in the field.",,https://www.bu.edu/academics/grs/programs/,Accredited institutional member of the National Association of Schools of Theatre (NAST).,,1970/credit,FALSE,False,,4.0,3.0,,,,,,,,,,,,,,,,,,False,False,,,115.0,,,,6.5,,,,,84.0,,,,,,,,,,,,,"Tuition scholarships, Stipends (for assistantships)",FALSE,,,FALSE,FALSE,,,
,Master of Arts in Political Science,,,,,Graduate,Fall 2026,,,,Required,Required,Not Required,REQUIRED,"Boston University’s Graduate School of Arts & Sciences (GRS) receives hundreds of applications annually from around the world. We seek candidates who demonstrate excellent academic preparation, intellectual curiosity, creativity, and the potential to succeed as graduate students and future professionals in their fields. A complete application to a GRS program includes the following items: Online Application, Transcripts, Letters of Recommendation, Statement of Purpose, Resume/CV, and English Proficiency (if applicable). The GRE General Test is not required for admission to GRS master’s and PhD programs. A writing sample is required for the Political Science MA program.",Required,,True,False,True,False,False,False,,True,False,False,False,True,True,False,False,False,,,,Graduate School of Arts & Sciences,"$64,380/Year (2024-2025)","$64,380/Year (2024-2025)",,,,,,,"The MA in Political Science is a one-year program designed for students wishing to pursue further graduate study, or for those interested in a career in government or non-governmental organizations. The program’s rigorous curriculum provides students with a broad and deep understanding of political science as a discipline, with opportunities to specialize in a subfield, gain research experience, and deepen their methodological toolkit. Students completing the MA in Political Science program will possess the methodological training and substantive knowledge to successfully embark upon a career or doctoral studies. Most students complete the program in two semesters, though a three-semester option is available. The department awards several scholarships to MA students each year. See the Financial Aid section of the website for more information.",,https://www.bu.edu/academics/grs/programs/,,,"$2,012/credit",FALSE,False,,4.0,3.0,,,,,,,,,,,,,,,,,,False,False,,,115.0,,,,6.5,,,59.0,,84.0,,,,,,,,,,,,Up to 50%,Merit-based,FALSE,,,FALSE,FALSE,,,
,PhD in Political Science,,,,,Doctoral,Fall 2026,,,,Required,Required,GRE,REQUIRED,The application for admission to the PhD program in Political Science is completed through the Graduate School of Arts & Sciences. All applicants must submit the following materials: Official Transcripts for all undergraduate and graduate work; CV or Resume; Statement of Purpose; Three Letters of Recommendation; Writing Sample; GRE General Test Scores (Optional for 2023-2024 and 2024-2025 application cycles); International Applicants must also submit English Proficiency scores unless exempted.,Required,,True,True,True,False,True,False,,True,False,False,False,False,True,False,False,False,,,,Graduate School of Arts & Sciences,"$66,670/Year",,,,,,,,"The Department of Political Science at Boston University offers a PhD program designed to train students for careers in teaching and research at major colleges and universities, and for positions in government and policy analysis. The program offers intensive training in four areas of study: American Politics, Comparative Politics, International Relations, and Political Theory. The program is committed to developing outstanding teachers and researchers through extensive coursework, independent research, and professional development training. Students completing the program are prepared to teach broadly in their chosen subfield(s), and to pursue an original research agenda that contributes to the discipline.",,https://www.bu.edu/polisci/admissions/grad-admissions/,,"$32,000/Year",,FALSE,False,0.0,4.0,3.5,,,,,,,,,,,,,,,,,,False,False,,,115.0,,,,7.0,,,,,90.0,,,,,,,,,,,"$66,670/Year",100%,"Full Tuition Scholarship, Living Stipend",FALSE,,,FALSE,FALSE,,,
,Master of Arts in Psychology,,,,,Graduate,Fall 2026,,,,Required,Required,Not Required,REQUIRED,"Transcripts from all undergraduate and graduate institutions you have attended, three letters of recommendation, GRE General Test (optional for Fall 2024 admissions), Statement of Purpose, a resume or CV, application fee, and English proficiency (for international students).",,,True,True,False,False,False,False,,True,False,False,False,False,True,False,False,False,,,,Graduate School of Arts & Sciences,"$30,560/Year","$30,560/Year",,,,,,,"The MA program in Psychology is intended for students who wish to advance their general knowledge in experimental psychology, including areas such as cognitive, developmental, clinical, social, and neuroscience. Most students in the MA program plan to pursue a PhD in Psychology and use their MA year to gain research experience and prepare for doctoral studies. However, some MA students pursue career goals in areas such as market research, data analysis, public policy, or education. With a thesis option available, students can develop advanced research skills, which can serve as a strong foundation for future academic or professional pursuits.",,https://www.bu.edu/academics/grs/programs/,,,1910,FALSE,False,,4.0,3.0,,,,,,,,,,,,,,,,,,False,False,,,,,,,7.0,,,,,90.0,,,,,,,,,,,,,"Merit-based, Need-based",FALSE,,,FALSE,FALSE,,,
,PhD in Psychology,,,,,Doctoral,Fall 2026,,,,,Required,Not Required,REQUIRED,"All applications to the PhD program in Psychology must be submitted through the Graduate School of Arts & Sciences. Application requirements detailed on the GRS Admissions page include: Application Form, Application Fee, Transcripts from all colleges and universities where a degree was received or courses were taken for credit toward a degree, Three Letters of Recommendation, and a Statement of Purpose (500-750 words). English Language Proficiency test scores (TOEFL/IELTS/PTE) are required for international students. GRE scores are NOT required for the Psychology PhD program.",Not Required,,True,False,True,False,False,False,,True,False,False,False,True,True,False,False,False,,,,Graduate School of Arts & Sciences,"$32,680/Semester","$32,680/Semester",,,,,,"Clinical Psychology, Brain, Behavior & Cognition (BBC)","The PhD in Psychology is designed for students interested in careers in teaching and research in psychology. Our doctoral program trains students to become research scholars and prepares them for positions as faculty members at colleges and universities or as research scientists in government or private settings. The program offers specializations in Brain, Behavior & Cognition (BBC) and Clinical Psychology. Students work closely with faculty mentors, conducting original research and gaining teaching experience.",,https://www.bu.edu/academics/grs/programs/psychology/phd/,The Clinical Psychology Program is accredited by the American Psychological Association (APA).,,"$2,043/credit",FALSE,False,2.0,4.0,3.0,,,,,,,,,,,,,,,,,,False,False,,,115.0,,,,6.5,,,58.0,,84.0,,,,,,,,,,,"$32,680/Semester (covers full tuition)",100%,"Merit-based, Service-based",FALSE,,,FALSE,FALSE,,,
,PhD in Religion,,,,,Doctoral,Fall 2026,,,,Required,Required,GRE,REQUIRED,"Completed Application Form, Application Fee, Official Transcripts, Three Letters of Recommendation, A résumé or curriculum vitae (CV), Statement of Purpose, GRE General Test, TOEFL/IELTS (International students only), Writing Sample (for certain programs)",Required,,False,False,True,False,True,False,,True,False,False,False,False,True,False,False,False,,,,Graduate School of Arts & Sciences,"$32,680/Semester","$32,680/Semester",,,,,,"Biblical Studies, Christianity & Culture, Ethics, History of Religions, Philosophy of Religion, Religion & Science, Sociology of Religion, Theology","The PhD in Religion program prepares students for careers as scholars and teachers in colleges, universities, and seminaries. Our program, which emphasizes the critical study of religion as an academic discipline, is characterized by its interdisciplinary approach. It draws on the faculty expertise within the Graduate Program in Religion (GPR) and across the University, including the School of Theology. The GPR maintains a strong commitment to the intellectual study of religion, both in terms of theory and method, and in the critical analysis of diverse religious traditions and contexts. The program provides doctoral candidates with rigorous training in the academic study of religion while fostering intellectual curiosity, scholarly depth, and professional development.",,https://www.bu.edu/academics/grs/programs/religion/,,"$98,860/Year (including tuition and stipend)","$2,043/credit",FALSE,False,1.0,4.0,3.5,,,,,,,,,,,,,,,,,,False,False,,,125.0,,,,7.0,,,,,100.0,,,,,,,,,,,"$98,860/Year (including tuition and stipend)",100% of tuition,"Teaching fellowships, Research assistantships, Tuition scholarships (merit-based)",FALSE,,,FALSE,FALSE,,,
,Master of Arts in Religious Studies,,,,,Graduate,Fall 2026,,,,Not Required,Required,Optional,REQUIRED,"Applicants to the MA program should consult the general requirements for admission to the Graduate School of Arts & Sciences. In addition to these general requirements, applicants to the MA program in Religious Studies should submit: A statement of purpose (1,000–1,500 words) describing the applicant’s academic interests and goals, prior experience, and reasons for applying to the MA program in Religious Studies at Boston University. The statement should articulate the specific area(s) of religious studies that the applicant wishes to pursue. It should also identify the faculty in the department with whom the applicant would like to work and explain how their research interests align with those of the applicant. A writing sample (10–25 pages) from a prior academic course or publication. The writing sample should demonstrate the applicant’s ability to conduct independent research, organize a sustained argument, and analyze texts clearly and incisively. Three letters of recommendation. Official Transcripts.",Required,,True,False,True,False,False,False,,True,False,False,False,True,True,False,False,False,,,,Graduate School of Arts & Sciences,"$8,460/Semester","$8,460/Semester",,,,,,,"The Department of Religion offers a rigorous MA program in Religious Studies that can be completed in two or three semesters. Our MA students work closely with faculty in areas of their interest. Some pursue the MA as a freestanding degree for personal enrichment or professional development. Many regard the MA as a stepping stone to doctoral work. They find that our program prepares them well for pursuing a PhD in Religion at BU or elsewhere, and faculty take pride in helping students discern the next step in their careers and in preparing them for successful applications to doctoral programs. The MA is particularly strong for those who want to apply to BU’s PhD program, providing an ideal opportunity for students and faculty to get to know each other. Successful completion of the MA with a strong performance is often a good indicator for success in the PhD program.

All MA students choose a field of study and coursework that reflects their particular interests. Fields of study currently represented in our program include ancient Mediterranean religions, global Christianities, Islam, Judaism, theory and method, religion and science, religion and critical theory, religion and philosophy, and religion and literature. Courses are offered across these fields, and students are able to pursue their interests in their coursework and MA thesis.

MA students are also encouraged to participate in the intellectual life of the department by attending talks and lectures, participating in reading groups, and presenting their work. They contribute in important ways to the vibrancy of our community.",,https://www.bu.edu/academics/grs/programs/religious-studies/ma-in-religious-studies/,,,940,FALSE,False,,4.0,3.0,,,,,,,,,,,,,,,,,,False,False,,,120.0,,,,7.0,,,68.0,,90.0,,,,,,,,,,,,,Merit-based,FALSE,,,FALSE,FALSE,,,
,Master of Arts in French,,,,,Graduate,Fall 2026,,,,Required,Required,GRE,REQUIRED,"Applicants for the MA and PhD in French Studies apply through the Graduate School of Arts & Sciences. Application Requirements for All Applicants: A curriculum vitae (CV) or resume. A statement of purpose (approximately 500 words) describing the applicant’s academic and professional background, and indicating their reasons for wishing to pursue graduate study in French at Boston University. Applicants should address their particular interests in French and Francophone studies, as well as their intellectual goals and career aspirations. Three letters of recommendation. Transcripts from all undergraduate and graduate institutions attended. A writing sample (see below). Official GRE scores: GRE scores are waived for students applying for Fall 2024 admissions. Additional Requirements for International Applicants: Applicants whose native language is not English, and who have not received a bachelor’s or master’s degree from an institution in the United States, Canada (except Quebec), the United Kingdom, Ireland, Australia, or New Zealand, are required to submit official scores from the TOEFL, IELTS, or Duolingo English Test. Writing Sample: The writing sample should be 15-20 pages in length (double-spaced) in French or English. The sample should represent the applicant’s best critical or scholarly work.",Required,,True,False,True,False,True,False,,True,False,False,False,False,True,False,False,False,,,,Graduate School of Arts & Sciences,"$32,640/Semester or $65,280/Year","$65,280/Year",,,,,,,"The MA in French provides students with a solid foundation in French and Francophone literatures, cultures, and critical theories. The program offers a balanced combination of breadth of coverage and opportunities for focused study, allowing students to develop expertise in areas of particular interest to them while also acquiring a comprehensive understanding of the field. Students benefit from close mentoring by a distinguished faculty, as well as from the diverse intellectual and cultural resources of Boston University and the greater Boston area. The MA is designed for students seeking to deepen their knowledge of French and Francophone studies and prepare for further graduate work at the PhD level. It is also suitable for high school teachers wishing to enhance their professional qualifications. The program aims to foster critical thinking, advanced research skills, and a nuanced understanding of French and Francophone cultures in their historical and global contexts. Graduates of the program are well-prepared for a variety of careers in education, cultural institutions, international organizations, and the private sector.",,https://www.bu.edu/academics/grs/programs/,,,"$1,020/credit",FALSE,False,2.0,4.0,3.0,,,,,,,,,,,,,,,,,,False,False,,,115.0,,,,6.5,,,,,84.0,,,,,,,,,,,,,Merit-based,FALSE,,,FALSE,FALSE,,,
,PhD in French,,,,,Doctoral,Fall 2026,,,,,Required,Optional,REQUIRED,"All Ph.D. applicants should submit a statement of intent, three letters of recommendation, and a writing sample. Applicants are also required to submit a copy of their academic transcript(s) and GRE General Test scores (note: GRE subject test scores are not required). International students must also submit TOEFL, IELTS, or Duolingo scores.",Required,,False,False,True,False,False,False,,True,False,False,False,True,True,True,False,False,,,,Graduate School of Arts & Sciences,"$64,700/Year","$64,700/Year",,,,,,,"The PhD in French provides rigorous training in literary and cultural history, critical theory, and the craft of teaching. The program offers comprehensive preparation for research and teaching in all aspects of French and Francophone literatures and cultures. Students will gain expertise in textual analysis and close reading, develop a deep understanding of literary theory and its applications, acquire thorough knowledge of French and Francophone intellectual and cultural history, and learn effective pedagogical strategies appropriate for college-level language and literature courses.
Areas of study include literature of all periods, cultural studies, critical theory, linguistics, and second language acquisition.
Candidates for the PhD in French are expected to command a working knowledge of Latin and one other Romance language (Italian or Spanish), or German, in addition to French and English.
The PhD in French consists of 16 semester courses (64 credits), a qualifying examination, and a dissertation. The courses are divided between the Department of Romance Studies (10 courses/40 credits) and another department or program (6 courses/24 credits) approved by the Director of Graduate Studies in French. All PhD students are required to acquire expertise in literary and critical theory by completing one course in theory offered by the Department of Romance Studies. Students typically spend two to three years in coursework, during which they also fulfill foreign language requirements and prepare for the qualifying examinations. The qualifying examinations are divided into two parts, oral and written. After passing the qualifying examination, students are admitted to PhD candidacy and proceed to research and write the dissertation. Students are expected to complete all requirements for the degree within seven years of matriculation.
Candidates for the PhD in French are eligible for teaching assistantships for up to four years, which include a stipend, tuition remission for eight courses, and eligibility for the Boston University Student Health Insurance Plan. Teaching assistants generally teach two courses per semester: one French language course and one discussion section for a literature course in translation.",,https://www.bu.edu/academics/grs/programs/,,"$32,000/Year (Stipend) + Full Tuition Scholarship + Health Insurance Contribution","$2,022/Credit",FALSE,False,,4.0,3.0,,,,,,,,,,,,,,,,,,False,False,,,115.0,,,,6.5,,,65.0,,90.0,,,,,,,,,,,"$32,000/Year (Stipend)",100% (Tuition),"Merit-based (Teaching Fellowships, Research Assistantships, GRS PhD Fellowships)",FALSE,,,FALSE,FALSE,,,
,Master of Arts in French Language & Literature,,,,,Graduate,Fall 2026,,,,Required,Required,Not Required,REQUIRED,"Applicants must submit Official Transcripts from all undergraduate and graduate institutions attended, three Letters of Recommendation, a Personal Statement (approximately 500-750 words), and a Resume or Curriculum Vitae (CV). English Proficiency Exams are required for international students from non-English speaking countries. The Graduate School of Arts & Sciences no longer requires or accepts GRE General Test scores for applicants to its master’s and PhD programs; any scores submitted will not be considered. A writing sample is required for most PhD programs and some MA programs; applicants should check their specific program of interest for details.",,,True,False,True,False,False,False,,True,False,False,False,True,True,False,False,False,,,,Graduate School of Arts & Sciences,29344,29344,,,,,,,"The MA in French Language & Literature focuses on French and Francophone culture as an object of study, exploring literature, critical theory, and the history of ideas from a variety of theoretical approaches. Students work closely with faculty, developing proficiency in speaking, reading, and writing in French, cultivating their analytical and research skills, and gaining a comprehensive understanding of the French and Francophone worlds. Graduates of the program are prepared for doctoral work in French and other related fields or for careers in teaching, international relations, journalism, and more. Our graduates frequently teach at the university level as lecturers and professors. Students who complete the MA in French Language & Literature will be able to: Demonstrate advanced knowledge of literary theory and criticism; Conduct independent research and write a research paper of publishable quality; Teach French language and culture effectively at the college level.",,https://www.bu.edu/rs/graduate/graduate/french-language-literature/ma-in-french-language-literature/,,,917,FALSE,False,1.0,4.0,3.0,,,,,,,,,,,,,,,,,,False,False,,,115.0,,,,6.5,,,58.0,,84.0,,,,,,,,,,,,,Merit-based,FALSE,,,FALSE,FALSE,,,
,PhD in French Language & Literature,,,,,Doctoral,Fall 2026,,,,Required,Required,GRE,REQUIRED,A completed online application form. Transcripts from all undergraduate and graduate institutions. Three letters of recommendation. A statement of purpose. A writing sample (20–25 pages in French). A CV/Resumé. A nonrefundable application fee. English proficiency testing for international students (TOEFL/IELTS/PTE scores). The GRE General Test is not required for admission to the PhD program in French Language & Literature.,Required,,True,False,True,False,True,False,,True,False,False,False,True,True,False,False,False,,,,Graduate School of Arts & Sciences,"$63,638/Year","$63,638/Year",,,,,,,"The PhD program in French Language & Literature at Boston University offers an intensive course of study for students who wish to engage in advanced research and teaching in French and Francophone cultures. With access to the intellectual resources of a major research university in a vibrant urban setting, students receive a rigorous training in critical methodologies and cultural theories. With courses across all periods—medieval, early modern, eighteenth, nineteenth, twentieth, and twenty-first centuries—and across French, Francophone African, and Caribbean literatures and cultures, students gain a comprehensive understanding of the field. Students benefit from the close guidance of faculty in preparing for preliminary exams, writing their dissertations, and on the job market. Students are also given extensive training and experience in the teaching of French language and literature, leading to the opportunity to teach independently in their later years of study. Our PhD graduates have gone on to hold tenure-track and other academic positions at institutions such as the University of Massachusetts-Dartmouth, the University of Colorado-Boulder, the University of Wisconsin-Madison, Kenyon College, Reed College, the University of Nevada-Reno, and the American University in Cairo, as well as positions in publishing and other fields.",,https://www.bu.edu/academics/grs/programs/,,"$35,000/Year (minimum stipend)","$1,007",FALSE,False,2.0,4.0,3.0,,,,,,,,,,,,,,,,,,False,False,,,125.0,,,above the 90th percentile,7.0,,,68.0,,100.0,,,,,,,,,,,"$98,638/Year (approx. $63,638 tuition scholarship + $35,000 minimum stipend)",100% of tuition,"Full Tuition Scholarship, Stipend, Health Insurance, Fellowships, Assistantships (Teaching or Research)",FALSE,,,FALSE,FALSE,,,
,Master of Arts in Spanish,,,,,Graduate,Fall 2026,,,,Not Required,Required,Not Required,REQUIRED,"Official transcripts from all post-secondary institutions attended. Two letters of recommendation. Statement of purpose. Writing sample. TOEFL, IELTS, or PTE scores (for international applicants). Official GRE scores are not required for MA applicants.",Required,,True,False,False,False,False,False,,True,False,False,False,True,True,False,False,True,,,,Graduate School of Arts & Sciences,"$32,670/Semester","$32,670/Semester",,,,,,,"The MA in Hispanic Language & Literatures at Boston University’s Department of Romance Studies is designed to prepare students for doctoral study and careers in teaching. The program offers graduate-level training in Spanish literature, culture, and linguistics. It also affords students the opportunity to spend a semester in Madrid, Spain, where they can deepen their knowledge of Spanish culture and language while earning graduate credit.",,https://www.bu.edu/rs/graduate/graduate/hispanic-language-literatures/ma-in-hispanic-language-literatures/,,,"$2,042 per credit",FALSE,False,,4.0,3.0,,,,,,,,,,,,,,,,,,False,False,,,,,,,7.0,,,65.0,,90.0,,,,,,,,,,,,,"Merit-based, Dean's Scholarships, Teaching Fellowships, Research Assistantships, Conference Travel Grants",FALSE,,,FALSE,FALSE,,,
,PhD in Spanish,,,,,Doctoral,Fall 2026,,,,,Required,Not Required,REQUIRED,"For application to all graduate programs in Romance Studies, prospective students should submit the following through the Boston University Graduate School of Arts & Sciences (GRS) online application system: The online application form, Transcripts from all previous colleges and universities, Three letters of recommendation, A statement of purpose (1–2 pages), An academic writing sample (in English or the target language, 10–20 pages). The Graduate Record Examination (GRE) is NOT required for admission to our graduate programs. For international students, a TOEFL or IELTS score.",Required,,True,False,True,False,False,False,,True,False,False,False,True,True,False,False,False,,,,College of Arts & Sciences,"$33,546/Semester or $67,092/Year","$33,546/Semester or $67,092/Year",,,,,,,"The PhD in Spanish offers students the opportunity to undertake advanced work in the literatures and cultures of the Spanish-speaking world or in Hispanic linguistics. Our faculty’s diverse research interests span the linguistic and literary traditions of Spain, Spanish America, and the United States, from the medieval period to the present day. PhD candidates in Spanish may focus their studies in areas such as Peninsular literature, Latin American literature, or Hispanic linguistics. The program requires a minimum of 16 semester courses, or 64 credits, beyond the BA. Students are expected to demonstrate strong proficiency in Spanish as well as in a second foreign language. Graduate students frequently work with the editorial staff of the Journal of Hispanic Philology, which is housed in the Department of Romance Studies.",,https://www.bu.edu/rs/graduate/,,Full tuition remission and an annual living stipend (specific stipend amount not explicitly stated on BU website),$999/Credit hour,FALSE,False,2.0,4.0,3.0,,,,,,,,,,,,,,,,,,False,False,,,130.0,,,,7.0,,,68.0,,100.0,,,,,,,,,,,Full tuition remission and an annual living stipend (specific stipend amount not explicitly stated on BU website),100% (for tuition),Teaching Fellowships (Merit-based),FALSE,,,FALSE,FALSE,,,
,Master of Arts in Hispanic Language & Literatures,,,,,Graduate,Fall 2026,,,,Not Required,Required,GRE,REQUIRED,"A complete application includes an Application Form, Application Fee, a statement of purpose, three letters of recommendation, transcripts from all undergraduate and graduate institutions, and a writing sample of approximately 15 pages in length, preferably on a topic in Hispanic literature (the writing sample may be in English or Spanish). GRE scores are not required for admission to this program. For international students, a TOEFL, IELTS, or Duolingo English Test score is required.",Required,,True,False,True,False,True,False,,True,False,False,False,False,True,False,False,False,,,,Graduate School of Arts & Sciences,"$32,980/Semester or $65,960/Year",,,,,,,,"The MA in Hispanic Language & Literatures provides students with a thorough grounding in Hispanic literary and cultural studies, as well as Hispanic linguistics. It also develops students’ critical and research skills. A hallmark of the MA program is its flexibility, allowing students to tailor their programs of study according to their individual interests and career goals. Students may pursue a general MA in Hispanic Language & Literatures, or they may choose to focus their studies in a particular area, such as a specific period, genre, or region; Latin American or Iberian studies; or Hispanic linguistics. The MA program can also serve as a useful credential for those applying to PhD programs in Hispanic Language & Literatures.",,https://www.bu.edu/academics/grs/programs/,,,"$2,062 per credit hour",FALSE,False,,4.0,3.0,,,,,,,,,,,,,,,,,,False,False,,,115.0,,,,6.5,,,,,90.0,,,,,,,,,,,,,"Department- or program-specific aid, outside scholarships, research assistantships (RAs), teaching assistantships (TAs)",FALSE,,,FALSE,FALSE,,,
,PhD in Hispanic Language & Literatures,,,,,Doctoral,Fall 2026,,,,Required,Required,Not Required,REQUIRED,"The online application requires an Application Form, Application Fee, CV/Resume, Statement of Purpose (a two- to three-page essay outlining academic and professional qualifications, reasons for seeking a graduate degree, academic and research interests, fit with faculty, related experiences, and future goals), unofficial Transcripts from all institutions where you have received a degree (official transcripts required upon admission), Three Letters of Recommendation (submitted through the online application system), Writing sample (up to 20 pages in length), GRE General Test (optional for all PhD programs), and English Proficiency (for International Applicants).",Required,,True,True,True,False,False,False,,True,False,False,False,True,True,True,False,False,,,,College of Arts & Sciences,,,,,,,,,"Boston University’s PhD in Hispanic Language & Literatures offers doctoral training in Iberian, Latin American, and Latinx cultural production from the medieval period to the present. The program allows students to specialize in a variety of fields of study, including literature, film, visual culture, critical theory, and cultural studies.
Our students have the opportunity to participate in a dual degree program with the Universidad de Santiago de Compostela in Spain, through which they can obtain a PhD from both institutions.
Students work closely with faculty members on a diverse range of topics, including medieval and early modern peninsular literature and culture, transatlantic studies, colonial and postcolonial studies, film and visual culture, modern and contemporary Latin American and Peninsular literature, critical theory, gender studies, translation studies, Latinx studies, human rights, ecocriticism, and the medical humanities.
The Department of Romance Studies is also home to the Latin American Studies Program and the Latinx Studies Initiative, both of which offer regular programming and resources to our students. Our graduates have pursued careers in academia and in the nonprofit, public, and private sectors.",,https://www.bu.edu/grad/why-bu/phd-program-profiles/hispanic-language-literature/,,,,FALSE,False,1.0,4.0,3.0,,,,,,,,,,,,,,,,,,False,False,,,120.0,,,,7.0,,,68.0,,90.0,,,,,,,,,,,,100,Institutional Funding,FALSE,,,FALSE,FALSE,,,
,Master of Arts in Sociology,,,,,Graduate,Fall 2026,,,,Required,Required,Optional,REQUIRED,"Required application materials include official transcripts from all post-secondary institutions, a Statement of Purpose, three letters of recommendation, and a resume/CV. The GRE is not required for admission to the MA in Sociology program. No writing sample is required for the MA program.",Not Required,,True,False,True,False,False,False,,True,False,False,False,True,True,True,False,False,,,,Graduate School of Arts & Sciences,"$28,608/Year","$28,608/Year",,,,,,,"The MA in Sociology offers students broad training in sociological theory and methods, with opportunities for in-depth study in a variety of substantive areas. Students are trained to critically analyze and understand social life at micro and macro levels. With its strong emphasis on research and writing, the MA program is an excellent stepping stone for students interested in pursuing a PhD or a career in research, policy analysis, advocacy, public service, or private industry. The MA is a two-year, 8-course (32-credit) program.",,https://www.bu.edu/academics/grs/programs/sociology/ma/,,,$894,FALSE,False,1.0,4.0,3.0,,,,,,,,,,,,,,,,,,False,False,,,115.0,,,,6.5,,,65.0,,90.0,,,,,,,,,,,,,"Teaching Fellowships, Research Assistantships, Graduate Assistantships, GRS Tuition Scholarships, Dean's Fellowships",FALSE,,,FALSE,FALSE,,,
,PhD in Sociology,,,,,Doctoral,Fall 2026,,,,Required,Required,Optional,REQUIRED,"All applicants to the PhD program must apply through the Graduate School of Arts & Sciences. Successful applicants generally have an outstanding record of academic achievement, including significant coursework in sociology or a related social science discipline (e.g., economics, political science, psychology, anthropology, public health). It is not necessary to have an MA degree prior to admission to the PhD program. Students admitted to the program generally receive full tuition scholarships and stipends. While a significant number of our students have prior Master's degrees, many enter our PhD program directly from an undergraduate institution. For more information, please visit the GRS Admissions page. All applicants must meet the general requirements of the GRS as well as the specific requirements of the Department of Sociology. Required documents include: Transcripts from all undergraduate and graduate institutions, Curriculum vitae (CV), Statement of Purpose, Three letters of recommendation, Writing sample, Official GRE General Test scores are *not* required for admission. If you do submit GRE scores, they will be considered as part of your overall application. Official TOEFL, IELTS, or Duolingo English Test scores (international applicants only, unless exempt).",Required,,True,True,False,False,False,False,,True,False,False,False,True,True,False,False,False,,,,Graduate School of Arts & Sciences,"$67,040/Year","$67,040/Year",,,,,,,"The PhD Program in Sociology at Boston University is committed to training the next generation of scholars who will make original contributions to sociological theory, research methods, and substantive fields of inquiry. Our program takes pride in providing students with a deep knowledge of core sociological areas and advanced research skills, while fostering intellectual curiosity and creativity to pursue their own interests. Students are encouraged to pursue interdisciplinary work, take advantage of the diverse intellectual resources available at Boston University, and collaborate with faculty and fellow graduate students. Our graduates pursue careers in academia and other research-intensive fields.",,https://www.bu.edu/academics/grs/programs/,,"$105,540/Year (includes full tuition scholarship, $38,500 9-month stipend, and health insurance fee)","$2,100/credit",FALSE,False,0.0,4.0,3.0,,,,,,,,,,,,,,,,,,False,False,,,,,,,6.5,,,65.0,,90.0,,,,,,,,,,,"$105,540/Year (includes full tuition scholarship, $38,500 9-month stipend, and health insurance fee)",100% of tuition,"Full-tuition scholarship, Stipend, Health Insurance Fee; Merit-based",FALSE,,,FALSE,FALSE,,,
,PhD in Sociology & Social Work,,,,,Doctoral,Fall 2026,,,,,Required,GRE,REQUIRED,"Applicants to the PhD program in Sociology & Social Work must submit all materials directly through the Graduate School of Arts & Sciences online application. Application requirements include: Online Application Form, Official transcripts from all post-secondary institutions attended, Three letters of recommendation, A 1,000–1,500 word statement of purpose describing your interest in the PhD program, your research interests, and your future career goals, A writing sample (e.g., term paper, master’s thesis chapter, or professional report) of no more than 30 pages, The GRE General Test is required, English language proficiency if you are an international applicant.",Required,,False,False,False,False,True,False,,True,False,False,False,True,True,True,False,False,,,,Boston University School of Social Work and Graduate School of Arts & Sciences (Department of Sociology),"$32,340/Semester","$32,340/Semester",,,,,,,"Boston University’s PhD program in Sociology & Social Work is a joint doctoral program offered by the Department of Sociology in the Graduate School of Arts & Sciences (GRS) and the School of Social Work (SSW). The program combines the scientific study of sociology with the professional application of social work in an integrated curriculum designed to produce a new generation of leaders for scholarship and teaching in social work and sociology. Graduates are prepared for careers in academic research, teaching, and policy analysis and evaluation across a range of settings.",,https://www.bu.edu/academics/grs/programs/,,"$28,000/Year",$963/Credit,FALSE,False,1.0,4.0,3.0,,,,,,,,,,,,,,,,,,False,False,,,,,,,7.0,,,65.0,,,,,,,,,,,,,"$28,000/Year",100% of tuition,"Merit-based, Fellowships, Teaching Fellowships (TF), Research Assistantships (RA), Dean's Fellowships",FALSE,,,FALSE,FALSE,,,
,Advanced Graduate Certificate in Biogeoscience,,,,,Graduate-Certificate,Fall 2026,,,,Required,Required,Not Required,REQUIRED,"Applicants should have a bachelor’s degree (or equivalent) in biology, earth sciences, environmental sciences, or a related field; basic knowledge of calculus, statistics, chemistry, and physics; and previous experience in field or laboratory research. Prior graduate-level coursework in these areas will strengthen an application. Applicants to the Advanced Graduate Certificate in Biogeoscience must submit the following materials: Online Application, Transcripts from all undergraduate and graduate institutions, Three letters of recommendation, A personal statement describing academic interests and career goals, Resume or CV, An official GRE score (general test) or waiver",,,True,False,True,False,False,False,,True,False,False,False,True,True,False,False,False,,,,Graduate School of Arts & Sciences,"$14,000/Year","$14,000/Year",,,,,,,"Boston University’s Advanced Graduate Certificate in Biogeoscience provides graduate students with advanced interdisciplinary training in biogeoscience, leveraging expertise across departments and colleges. The certificate enhances students’ understanding of the interactions between physical, chemical, geological, and biological processes on Earth, and their sensitivity to both natural and anthropogenic environmental change. The certificate emphasizes the importance of quantitative approaches to address critical challenges in environmental change research and aims to foster a new generation of scientists who can bridge traditional disciplinary divides to tackle complex environmental problems facing society.
The Graduate Certificate in Biogeoscience is administered by the Department of Earth & Environment through the Graduate School of Arts & Sciences. The certificate is offered to students currently enrolled in a master’s or doctoral program at Boston University who wish to broaden their interdisciplinary knowledge and skills.",,https://www.bu.edu/academics/grs/programs/biogeoscience/,,,$875/Credit,FALSE,True,,4.0,3.0,,,,,,,,,,,,,,,,,,False,False,,,115.0,,,,6.5,,,58.0,,84.0,,,,,,,,,,,,,,FALSE,,,FALSE,FALSE,,,
,Graduate Certificate in African Studies,,,,,Graduate-Certificate,Fall 2026,,,,Required,Required,Not Required,REQUIRED,"Applicants must hold a bachelor’s degree from an accredited college or university and meet the general admission requirements of the Graduate School of Arts & Sciences. Required application materials include the online CAS Graduate Application, unofficial transcripts (official upon admission), two letters of recommendation, a personal statement/statement of purpose, and a resume/CV. The GRE General Exam is not required for this program. English proficiency is required for non-native English speakers.",Not Required,,True,False,True,False,False,False,,True,False,False,False,True,True,False,False,False,,,,College of Arts & Sciences,"$19,460 total (based on 20 credits at $973/credit for 2024-2025 academic year)","$19,460 total (based on 20 credits at $973/credit for 2024-2025 academic year)",,,,,,,"The Graduate Certificate in African Studies is designed for graduate students who wish to supplement their master’s or doctoral studies with a specialization in African Studies. The program is flexible and can be customized to suit individual needs and academic interests. We welcome students from all departments in the College of Arts and Sciences, as well as students from the Schools of Law, Medicine, Theology, and Education. Students in the graduate certificate program study the politics, cultures, and societies of Africa, drawing on a wide range of disciplines in the humanities and social sciences. Upon completion of the certificate, students will be able to demonstrate a broad, interdisciplinary knowledge of Africa; a deeper understanding of a particular region or topic within Africa; and proficiency in an African language.",,https://www.bu.edu/academics/cas/departments/african-studies/,,,973,FALSE,False,,4.0,3.0,,,,,,,,,,,,,,,,,,False,False,,,115.0,,,,6.5,,,59.0,,84.0,,,,,,,,,,,,,,FALSE,,,FALSE,FALSE,,,
,Graduate Certificate in Asian Studies,,,,,Graduate-Certificate,Fall 2026,,,,Required,Required,Not Required,REQUIRED,"Official transcripts from all universities and colleges attended. Three letters of recommendation. Official GRE General Test scores (if required by your program). Official English proficiency exam scores (TOEFL, IELTS, PTE) (international applicants only). A statement of purpose (approximately 1,000 words, unless otherwise specified by your program) outlining your academic interests and professional goals. A current resume or curriculum vitae. A writing sample (if required by your program).",,,True,False,True,False,False,False,,True,False,False,False,True,True,False,False,False,,,,Graduate School of Arts & Sciences,,48908,,,,,,,"The Graduate Certificate in Asian Studies offers students a systematic understanding of the history, politics, societies, and cultures of Asia. Focusing on China, Japan, Korea, and South Asia, the Certificate provides students with the critical skills and knowledge needed to engage with the complex and dynamic issues facing the region. Designed for graduate students from any discipline, the program enhances their understanding of Asia and demonstrates their commitment to the study of the region. Through interdisciplinary coursework, language training, and research opportunities, students gain a comprehensive perspective on Asian affairs and prepare for careers in academia, government, non-profit organizations, and the private sector.",,https://www.bu.edu/academics/grs/programs/,,,"2,042",FALSE,False,0.0,4.0,2.7,,,,,,,,,,,,,,,,,,False,False,,,115.0,,,,6.5,,,59.0,,84.0,,,,,,,,,,,,,,FALSE,,,FALSE,FALSE,,,
,Graduate Certificate in European Studies,,,,,Graduate-Certificate,Fall 2026,,,,Required,Required,Not Required,REQUIRED,"Applicants to the Graduate Certificate in European Studies must either be currently enrolled in a GRS master’s or doctoral program, or have completed an MA or PhD degree from an accredited institution. Applicants must submit the following materials: Official transcripts from all institutions of higher education attended. A current resume or curriculum vitae. A statement of purpose (1–2 pages). Three letters of recommendation (not required for current BU graduate students).",Not Required,,True,False,True,False,False,False,,True,False,False,False,True,True,False,False,False,,,,Graduate School of Arts & Sciences,49032,49032,,,,,,,"The Graduate Certificate in European Studies provides graduate students at Boston University the opportunity to specialize in the interdisciplinary field of European Studies. Students can pursue the certificate either in conjunction with a master’s or doctoral program or as a standalone certificate program. Students gain interdisciplinary knowledge of Europe through coursework in the humanities and social sciences. The certificate is especially valuable for students pursuing careers in academia, government, international relations, or non-profit organizations where an interdisciplinary understanding of Europe is an asset. Students have the opportunity to participate in the European Studies program’s many events, including the Monday lecture series, graduate student workshops, conferences, and career events. They also have access to dedicated advising and professional development support.",,https://www.bu.edu/academics/grs/programs/,,,2043,FALSE,False,0.0,4.0,3.0,,,,,,,,,,,,,,,,,,False,False,,,120.0,,,,7.0,,,65.0,,90.0,,,,,,,,,,,,,Merit-based,FALSE,,,FALSE,FALSE,,,
,"Graduate Certificate in Holocaust, Genocide & Human Rights Studies",,,,,Graduate-Certificate,Fall 2026,,,,Required,Required,Not Required,REQUIRED,"Boston University students interested in pursuing the Graduate Certificate should submit an application to the Director of the Elie Wiesel Center for Jewish Studies by April 15 of their first year of graduate study. The application should include a letter of intent explaining how the certificate fits with their graduate studies and career goals, a current CV, and a current transcript.",Not Required,,True,False,False,False,False,False,,True,False,False,False,True,True,False,False,False,,,,Graduate School of Arts & Sciences (GRS),"$32,688 for the program","$32,688 for the program",,,,,,,"Boston University’s Graduate Certificate in Holocaust, Genocide & Human Rights Studies offers a rigorous interdisciplinary approach to the study of the Holocaust, mass violence, and human rights. This certificate is ideal for graduate students interested in pursuing advanced research and scholarship in the field as well as professionals working for non-governmental organizations and other institutions. Drawing on the expertise of faculty across several departments and schools, the Certificate provides students with a broad and deep understanding of the historical, sociological, political, cultural, and ethical dimensions of these phenomena. Students will engage with historical narratives, theoretical frameworks, and contemporary issues to develop critical analytical skills and a nuanced perspective on the causes, consequences, and prevention of genocide and human rights abuses.",,https://www.bu.edu/academics/grs/programs/,,,"$2,043/credit",FALSE,False,,4.0,3.0,,,,,,,,,,,,,,,,,,False,False,,,,,,,6.5,,,59.0,,84.0,,,,,,,,,,,,,,FALSE,,,FALSE,FALSE,,,
,Graduate Certificate in Latin American Studies,,,,,Graduate-Certificate,Fall 2026,,,,Required,Required,Not Required,REQUIRED,"All applicants to the Latin American Studies Certificate, whether enrolled in a BU graduate degree program or applying as a stand-alone applicant, must submit the following: Online application form, Official transcripts from all universities and colleges previously attended, Two letters of recommendation, Statement of purpose, A writing sample in English or Spanish, Current resume/CV",Required,,True,False,True,False,False,False,,True,False,False,False,True,True,False,False,False,,,,Graduate School of Arts & Sciences,32672,32672,,,,,,,"The Graduate Certificate in Latin American Studies is available to students in PhD, MA, or MS programs at Boston University who wish to enrich their knowledge of Latin America. With the approval of their primary department, students may count up to two courses used for the certificate toward their other graduate degrees.",,https://www.bu.edu/academics/grs/programs/,,,2042,FALSE,False,2.0,4.0,2.7,,,,,,,,,,,,,,,,,,False,False,,,120.0,,,,6.5,,,65.0,,90.0,,,,,,,,,,,,,,FALSE,,,FALSE,FALSE,,,
,GRS Graduate Certificate in Linguistics,,,,,Graduate-Certificate,Fall 2026,,,,Required,Required,Not Required,REQUIRED,"Applicants to the PhD, MA, and graduate certificate programs are not required to submit GRE scores.
Applicants to the Linguistics graduate programs (PhD, MA, Certificate) must submit the following materials directly to the Graduate School of Arts & Sciences through the GRS online application portal:
Statement of Purpose: A two-to-three page statement describing your academic background, your reasons for wishing to pursue graduate study in Linguistics at Boston University, and your long-term academic and professional goals.
Letters of Recommendation: Three letters of recommendation from faculty members or others qualified to assess your academic potential.
Writing Sample: A paper or substantial excerpt from a paper, preferably on a linguistic topic, demonstrating your ability to formulate and support an argument.
Official Transcripts from all post-secondary institutions.
Resume/CV
Application Fee
TOEFL/IELTS scores for international applicants (if applicable).",Required,,True,False,False,False,False,False,,True,False,False,False,False,True,True,False,False,,,,Graduate School of Arts & Sciences,14784,14784,,,,,,,The Graduate Certificate in Linguistics is designed for students enrolled in other Boston University graduate programs who seek to enhance their studies with a strong foundation in linguistics. The certificate allows students to explore core areas in linguistics and develop expertise in linguistic analysis and theory. The program also offers students the opportunity to apply linguistic principles and methods to interdisciplinary research questions within their primary field of study. The certificate also serves as an excellent foundation for PhD study in linguistics.,,https://www.bu.edu/academics/grs/programs/,,,924,FALSE,False,,4.0,3.0,,,,,,,,,,,,,,,,,,False,False,,,,,,,7.0,,,,,90.0,,,,,,,,,,,,,,FALSE,,,FALSE,FALSE,,,
,Certificate in Museum Studies,,,,,Graduate-Certificate,Fall 2026,,,,,,Not Required,REQUIRED,,,,True,True,True,False,False,False,,True,False,False,False,True,True,False,False,False,,,,College of Arts & Sciences,"$15,776/Semester","$15,776/Semester",,,,,,,"The Museum Studies Certificate Program provides graduate students with a solid grounding in the theory and practice of museum work, preparing them for professional careers in museums and related organizations, or for further graduate study in museum studies. Students learn the fundamental concepts and practical skills necessary to work in museums and related cultural institutions, including curatorial practice, exhibition development, museum education, collections management, and museum administration. The program is flexible and interdisciplinary, allowing students to tailor their coursework to their particular interests and career goals. Students also gain valuable hands-on experience through internships at local, national, and international museums. The certificate complements a master’s or doctoral degree in a wide range of academic disciplines, including history, art history, archaeology, American studies, anthropology, and education.",,https://www.bu.edu/cas/academics/phd-and-mfa-academics/certificate-programs/,,,"$1,972/credit",FALSE,False,,4.0,3.0,,,,,,,,,,,,,,,,,,False,False,,,115.0,,,,6.5,,,58.0,,84.0,,,,,,,,,,,,,,FALSE,,,FALSE,FALSE,,,
,Graduate Certificate in Muslim Studies,,,,,Graduate-Certificate,Fall 2026,,,,,Required,Not Required,REQUIRED,"Applicants for GRS certificate programs must submit an application form, official transcripts, and three letters of recommendation. A Statement of Purpose is required. All applicants whose native language is not English are required to demonstrate English proficiency, regardless of citizenship status. Writing samples, resumes/CVs, and GRE scores are required for some programs; applicants should consult departmental requirements for specific details.",,,True,False,True,False,False,False,,True,False,False,False,True,True,False,False,False,,,,Graduate School of Arts & Sciences,"$14,704/Year","$14,704/Year",,,,,,,"The Graduate Certificate in Muslim Studies offers students an opportunity to explore the historical and contemporary dimensions of Islam and Muslim societies. The program is specifically designed to provide students enrolled in doctoral programs at Boston University, as well as qualified students enrolled in other degree programs and those with an MA, with a firm grounding in the academic study of Muslim societies, especially in the humanities and social sciences. Drawing on a range of disciplinary methods, including history, anthropology, sociology, and religious studies, the certificate program covers a variety of topics, including Islamic law, theology, and philosophy; Sufism; gender and sexuality in Islam; contemporary Muslim political thought; Islam in America; and the arts and literatures of Muslim cultures. The certificate is especially valuable for students who wish to demonstrate an academic specialization in Muslim Studies, or who plan to conduct research and teach in the field. The program is administered by the Department of Religion.",,https://www.bu.edu/academics/grs/programs/,,,$919,FALSE,False,,4.0,3.0,,,,,,,,,,,,,,,,,,False,False,,,120.0,,,,7.0,,,65.0,,90.0,,,,,,,,,,,,,,FALSE,,,FALSE,FALSE,,,
,"Graduate Certificate in Teaching Language, Literature & Film",,,,,Graduate-Certificate,Fall 2026,,,,,,Not Required,REQUIRED,"These certificates are open to Boston University graduate students currently enrolled in MA or PhD programs, and they offer an additional credential and specialized training in a particular field.",,,True,False,False,False,False,False,,True,False,False,False,False,True,False,False,False,,,,College of Arts & Sciences,"$14,816/Year",14816,,,,,,,"The Graduate Certificate in Teaching Language, Literature, & Film provides graduate students from departments across the university with the opportunity to refine and enhance their professional training in the theory and practice of teaching language, literature, and/or film. This certificate is open to all CAS graduate students—MA, MFA, and PhD—who are currently enrolled in a degree program at BU. The certificate can be earned concurrently with a graduate degree or after the degree has been conferred. Students are required to take 16 credits (4 courses) for this certificate.",,https://www.bu.edu/cas/academics/phd-and-mfa-academics/certificate-programs/,,,926,FALSE,False,2.0,4.0,3.0,,,,,,,,,,,,,,,,,,False,False,,,,,,,7.0,,,,,90.0,,,,,,,,,,,,,Merit-based,FALSE,,,FALSE,FALSE,,,
,Graduate Certificate in Teaching Writing,,,,,Graduate-Certificate,Fall 2026,,,,Not Required,Required,Not Required,REQUIRED,"General Application Requirements for all CAS graduate programs (unless otherwise noted by your program of interest): Unofficial transcripts from all universities and colleges attended are required at the time of application. If admitted, official transcripts from all institutions where a degree was or will be conferred will be required at the time of matriculation. Two letters of recommendation are required. Statement of Purpose: Required for all applications. Please refer to your program’s website for specific essay prompts or length requirements. GRE Scores: Please refer to your program’s website for specific GRE requirements, if any. The GRE is not required for many programs within the GRS. Check the specific program’s website for more information. Writing Sample: Required for some programs. Please refer to your program’s website for specific requirements. Resume/CV: Required for some programs. Please refer to your program’s website for specific requirements. Application Fee: All applicants are required to pay a non-refundable application fee of $85. English Proficiency: All applicants whose native language is not English, and who did not receive their undergraduate degree from an institution where the language of instruction is English, are required to submit official scores from either the TOEFL or IELTS exam.",Not Required,,True,False,False,False,False,False,,True,False,False,False,False,True,True,False,False,,,,College of Arts & Sciences,"$14,720/Year (based on 16 credits at $920/credit)","$14,720/Year (based on 16 credits at $920/credit)",,,,,,,"The Graduate Certificate in Teaching Writing is an academic credential for individuals interested in strengthening their expertise in teaching writing. The Certificate is appropriate for writing teachers in higher education settings, secondary school English and humanities teachers, and individuals in professions that require extensive writing and writing instruction. Upon completion of the Graduate Certificate in Teaching Writing, students will be able to: Articulate a rhetorical theory of writing and apply it to their teaching practices; Identify principles of effective writing instruction and implement them in their teaching; Design instruction that addresses individual student needs and diverse learning styles; Adapt their teaching for diverse learning environments and technological applications; Articulate a robust theory of the writing process and apply it to their teaching practices; Identify pedagogical principles of effective writing instruction and implement them in their teaching.",,https://www.bu.edu/cas/academics/phd-and-mfa-academics/certificate-programs/,,,$920/credit,FALSE,False,,4.0,3.0,,,,,,,,,,,,,,,,,,False,False,,,,,,,7.0,,,,,90.0,,,,,,,,,,,,,,FALSE,,,FALSE,FALSE,,,
,"Graduate Certificate in Women's, Gender, & Sexuality Studies",,,,,Graduate-Certificate,Fall 2026,,,,,Required,Not Required,REQUIRED,"The Graduate Certificate in Women’s, Gender, & Sexuality Studies is only available to students already enrolled in a graduate program at Boston University or at its affiliated schools, or to students who have completed a graduate degree at Boston University or at its affiliated schools. If you are not currently enrolled in a BU graduate program, or have not completed a BU graduate degree, please refer to the GRS application page for instructions.
To apply for the Certificate, please submit the following:
*   A brief statement explaining your interest in the Certificate and how it will enhance your overall graduate training.
*   An unofficial transcript.
*   A letter from your current Director of Graduate Studies, or from your academic advisor, confirming that you are in good standing in your current graduate program. If you have already completed your graduate degree, please submit a letter from your former Director of Graduate Studies or academic advisor, confirming your good standing.
*   A completed application form.",,,True,False,True,False,False,False,,True,False,False,False,True,True,False,False,False,,,,Graduate School of Arts & Sciences,32680/Semester,32680/Semester,,,,,,,"The Graduate Certificate in Women’s, Gender, & Sexuality Studies (WGSS) offers students the opportunity to complement their graduate work in other fields with sustained training in the interdisciplinary field of WGSS. The certificate requires students to complete a total of 16 credits (4 courses) from an approved list of courses. The graduate certificate is administered by the Women’s, Gender, & Sexuality Studies Program and open to graduate students enrolled in other departments and schools at Boston University. Students will receive training in the theoretical and methodological approaches foundational to WGSS, as well as an introduction to current scholarship and research within the field. The WGSS Certificate enables students to deepen their understanding of how gender and sexuality shape our everyday lives, politics, and culture, and will provide them with an interdisciplinary perspective from which to pursue careers in a wide array of fields and/or continue their graduate work in WGSS. The certificate will appear on students’ official transcripts.",,https://www.bu.edu/academics/grs/programs/,,,2043/credit,FALSE,False,,4.0,3.0,,,,,,,,,,,,,,,,,,False,False,,,115.0,,,,6.5,,,58.0,,84.0,,,,,,,,,,,,,Merit-based,FALSE,,,FALSE,FALSE,,,
,Bachelor of Arts in African American & Black Diaspora Studies,,,,,Associate,Fall 2026,,,,Not Required,Required,Not Required,Required,"Common Application or Coalition Application (BU-specific questions for either platform are included), Official High School Transcript(s), School Report & Counselor Recommendation, Two Teacher Evaluations, SAT/ACT Scores (Optional for Fall 2024 & 2025 First-Year Applicants), Proof of English Proficiency (for international students), Application Fee or Fee Waiver",Not Required,,True,True,False,False,False,False,,False,False,False,False,False,False,False,False,False,,,,College of Arts & Sciences,"$64,300/Year",,,,,,,,"Boston University’s undergraduate program in African American & Black Diaspora Studies, housed in the College of Arts & Sciences, focuses on the history, culture, and politics of people of African descent throughout the world. The curriculum encourages students to explore how race and racialization have shaped institutions and social relations, both historically and in the contemporary moment. Students are provided with critical tools to study Black history, cultures, and societies in a global context, with particular attention to transnational connections among African peoples across the diaspora. Our multidisciplinary and interdisciplinary approach combines the rigor of humanities and social science disciplines to promote critical thinking, advanced research, and written and oral communication skills relevant to a diverse range of post-graduate pursuits. Majors in African American & Black Diaspora Studies are well prepared for careers in fields such as law, medicine, education, journalism, public policy, community organizing, and the arts, as well as for further graduate study across the humanities and social sciences.",,https://www.bu.edu/academics/cas/programs/african-american-black-diaspora-studies/ba/,,,"$2,010 per credit",FALSE,False,,4.0,2.0,,,,,,,,,,,,,,,,,,False,False,,,120.0,,,,6.5,,,65.0,,90.0,,,,,,,,,,,"From $20,000 to $25,000 per year, with some covering full tuition",,"Merit-based, Athletic, ROTC",FALSE,,,FALSE,FALSE,,,False
,Minor in African Studies,,,,,Undergraduate,Fall 2026,,,,Not Required,Not Required,,,"To apply for the Minor in African Studies, please fill out the Declaration of Minor Form and bring it to the African Studies Center (232 Bay State Road, Room 402). A signed copy will be returned to you for your records. Once your form is signed, please email it to the Registrar’s office for processing.",Not Required,,True,False,False,False,False,False,,False,False,False,False,False,False,False,False,False,,,,Frederick S. Pardee School of Global Studies,"$66,670/Year",,,,,,,,"Boston University’s Minor in African Studies is an interdisciplinary program designed to give undergraduates a broad knowledge of Africa and to allow them to focus on a particular discipline or area of interest. Students take a combination of required and elective courses from a range of disciplines offered by various departments and schools across the University, including courses on the history, politics, societies, cultures, religions, and arts of Africa, as well as several African languages. Students may also pursue study abroad in Africa, or participate in the African Studies Center’s internship program in Africa or the African diaspora. These experiences are highly recommended for the Minor in African Studies.",,https://www.bu.edu/africa/forstudents/undergraduate/,,"$52,787","$2,084",FALSE,False,,4.0,2.0,,,,,,,,,,,,,,,,,,False,False,,,,,,,,,,,,,,,,,,,,,,,,,"Merit-based, Need-based, BU-specific",FALSE,,,FALSE,FALSE,,,False
,Bachelor of Arts in American Studies,,,,,Undergraduate,Fall 2026,,,,Not Required,Not Required,Not Required,Required,"Common Application or Coalition Application, BU Questions, Official High School Transcript, Counselor Recommendation, School Report, Teacher Evaluation, Midyear Report (if applicable), Test Scores (SAT/ACT, optional for Fall 2024 and beyond), English Proficiency (if applicable), Financial Aid Application (if applicable)",Not Required,,True,True,True,True,False,False,,True,False,False,False,True,True,False,False,False,,,,College of Arts & Sciences,"$68,100/Year",,,,,,,,"The American Studies major focuses on the United States and its place in the world, with particular attention to how ideas of America and American-ness have been produced, challenged, and transformed from the colonial period to the present. The program offers students an interdisciplinary approach to studying the United States, drawing on insights and methods from across the humanities and social sciences. Students are encouraged to develop their own critical perspectives on American culture, society, and history, and to cultivate the skills necessary to engage in public discourse about the past, present, and future of the nation. The American Studies program cultivates critical thinking, analytical reasoning, and effective communication—skills that are highly valued in a wide range of professions. Graduates pursue careers in fields such as law, journalism, public policy, education, museum studies, and nonprofit management. Many also go on to graduate school in history, literature, or other related disciplines.",,https://www.bu.edu/academics/cas/programs/american-new-england-studies/ba/,,"over $55,000 per student","$2,128/Credit",FALSE,False,,4.0,2.0,,,,,,,,,,,,,,,,,,False,False,,,120.0,,,,6.5,,,65.0,,90.0,,,,,,,,,,,"over $55,000 per student",,"Merit-based, Need-based",FALSE,,,FALSE,FALSE,,,False
,Bachelor of Arts in Anthropology,,,,,Undergraduate,Fall 2026,,,,Not Required,Required,Not Required,Required,Common Application or Coalition Application (including essays); Official High School Transcript(s); School Report and Counselor Recommendation; Two Teacher Evaluations; Mid-Year Report (if applicable).,Required,,True,True,False,False,False,False,,False,False,False,False,False,False,False,False,False,,,,College of Arts & Sciences,"68,100/Year",,,,,,,,"Boston University’s undergraduate major in Anthropology (BA) provides students with a broad and rigorous exposure to the core subfields of anthropology – sociocultural anthropology, archaeology, and biological anthropology – and an appreciation of their historical development, theoretical foundations, and methodological approaches. Our curriculum emphasizes the dynamic interconnections among these subfields as they explore the range of human experience and behavior, past and present, in socio-cultural, biological, and archaeological contexts. Students are encouraged to develop a deeper understanding of anthropology through hands-on research opportunities and field programs both in Boston and abroad (e.g., our summer archaeological field school, field research in Ecuador, and other opportunities offered through the Boston University Study Abroad program). Beyond the classroom, our students have engaged in a wide range of internship opportunities at such places as the Peabody Essex Museum, the Museum of Fine Arts, the Boston Children’s Museum, local archaeological firms, and cultural organizations that serve Boston’s diverse immigrant communities. Anthropology majors also pursue diverse career paths after graduation, including medicine and public health, international relations, social justice and advocacy, museum work, and academia, among many others. The BA program in Anthropology thus provides students with the intellectual tools for understanding a complex and interconnected world and the skills that are increasingly valued by employers in a globalized society.",,https://www.bu.edu/anthrop/academics/undergraduate-program/major-in-anthropology/,,,"$2,270/Credit",FALSE,False,,4.0,2.0,,,,,,,,,,,,,,,,,,False,False,,,120.0,,,,6.5,,,65.0,,90.0,,,,,,,,,,,,,"Merit-based, Need-based",FALSE,,,FALSE,FALSE,,,False
,Bachelor of Arts in Archaeology,,,,,Undergraduate,Fall 2026,,,,Not Required,Required,Not Required,Required,"Applicants must submit the Common Application or QuestBridge Application, along with Boston University Member Questions. Required documents include an Official High School Transcript, Counselor Recommendation, and Teacher Evaluation. A Midyear Grade Report and proof of English Proficiency (if applicable) are also necessary. Applicants must pay an Application Fee or qualify for a Fee Waiver. The application also requires a personal essay submitted through the Common Application and a short essay (250 words) in response to the prompt: ""What about Boston University interests you?""",Required,,True,True,False,False,False,False,,False,False,False,False,False,False,False,False,False,,,,College of Arts & Sciences,"$64,370/Year",,,,,,,,"Archaeology at Boston University is a distinct interdisciplinary program designed to give students a global and multicultural perspective on societies, both ancient and recent. Our faculty specializes in the archaeology of Europe, the Mediterranean, the Near East, Mesoamerica, and North America. Archaeology BA students master the foundational theories, methodologies, and ethics of archaeology, as well as the history, ecology, and social organization of past human societies. The BA program provides excellent preparation for further study in graduate school or for careers in related fields such as cultural resource management, museums, education, or historical preservation.",,https://www.bu.edu/academics/cas/programs/archaeology/ba/,,,"$2,012/credit",FALSE,False,,4.0,2.0,,,,,,,,,,,,,,,,,,False,False,,,120.0,,,,7.0,,,65.0,,90.0,,,,,,,,,,,"$54,920/Year",,"Merit-based, Need-based",FALSE,,,FALSE,FALSE,,,False
,Bachelor of Arts in Asian Studies,,,,,Associate,Fall 2026,,,,Not Required,Required,Not Required,Required,"Common Application or Coalition Application with the Boston University Questions
Official High School Transcript(s)
Counselor Recommendation
School Report
Two Teacher Evaluations
Midyear Grades (if available)
English Proficiency (if applicable)
Test-Optional Policy (see below)
Optional Arts Portfolio (only if applicable, see below)
Optional Alumni Interview
Application Fee or Fee Waiver",Not Required,,True,False,False,False,False,False,,False,False,False,False,False,False,False,False,False,,,,College of Arts & Sciences,68100/Year,,,,,,,,"Asian Studies at Boston University offers an interdisciplinary undergraduate major that addresses the histories, cultures, politics, and societies of Asia. Students gain critical insight into the diverse regions of East Asia (China, Japan, Korea) and South/Southeast Asia (India, Vietnam, Thailand, Indonesia, etc.), and they develop expertise in at least one Asian language. The program emphasizes a holistic approach, encouraging students to explore Asia from multiple disciplinary perspectives, including history, political science, anthropology, religion, and literature. Graduates are prepared for careers in government, international relations, journalism, education, business, and further graduate study, equipped with strong analytical skills, cross-cultural competence, and deep knowledge of one of the world’s most dynamic and influential continents.",,https://www.bu.edu/academics/cas/programs/asian-studies/ba-in-asian-studies/,,,2128,FALSE,False,,4.0,2.0,,,,,,,,,,,,,,,,,,False,False,,,120.0,,,,6.5,,,65.0,,90.0,,,,,,,,,,,"Trustee Scholarship: Full tuition; Presidential Scholarship: $25,000/year",,"Merit-based, Need-based",FALSE,,,FALSE,FALSE,,,False
,Bachelor of Arts in Astronomy,,,,,Associate,Fall 2026,,,,Not Required,Required,Not Required,Required,"To be considered for admission to Boston University, first-year applicants must submit the following materials: Common Application or Coalition Application; Boston University Questions (within the Common Application or Coalition Application, including a short essay related to our unique approach to education); Application Fee or Fee Waiver; Official High School Transcript; Counselor Recommendation and School Report; Teacher Evaluation; Standardized Test Scores (SAT or ACT) – see our test policy; English Proficiency (if applicable); Portfolio, Audition, or Interview (if applicable to your program).",Not Required,,True,False,True,True,False,False,,True,False,False,False,True,True,False,False,False,,,,College of Arts & Sciences,,,,,,,,,"As an astronomy student in BU’s College of Arts & Sciences (CAS), you’ll explore the vast, evolving universe through a challenging curriculum of physics, mathematics, and astronomy courses. You’ll be encouraged to get involved in research with faculty in areas such as observational and theoretical astrophysics, planetary science, solar physics, and instrumentation. Astronomy majors develop strong quantitative and analytical skills that serve them well, not only in graduate school, but in a wide variety of careers including science education, science policy, data science, and scientific computing. A BA in Astronomy is a good choice for students interested in a broad liberal arts education, or those wishing to combine their study of astronomy with a second major.",,https://www.bu.edu/,,,2147,FALSE,True,,4.0,2.0,,,,,,,,,,,,,,,,,,False,False,,,120.0,112.0,,,6.5,,,65.0,,90.0,,,,,,,,,,,,,"Merit-based, ROTC, Athletic",FALSE,,,FALSE,FALSE,,,False
,Bachelor of Arts in Biology,,,,,Undergraduate,Fall 2026,,,,Not Required,Required,Not Required,Required,"Your application will include the following items:
Common Application or Coalition Application
We accept both the Common Application and the Coalition Application. The Common Application and Coalition Application both include an essay component. Please note that Boston University does not have a separate essay beyond what is required by the Common Application or Coalition Application.
BU Questions
Within the Common Application and Coalition Application, you will find Boston University’s specific questions. You can fill these out directly within the application.
Secondary School Report & Counselor Recommendation
Your high school counselor should submit a Secondary School Report, which includes a letter of recommendation. If you attend a school where a counselor is not assigned, the school principal or headmaster may complete this form.
Teacher Evaluation
One Teacher Evaluation is required. We recommend selecting a teacher who has taught you in a core academic subject (English, math, science, social studies, or a world language) within the last two years of your secondary school career.
Transcripts
Official transcripts from all secondary schools attended are required.
SAT or ACT Scores
Boston University requires applicants to submit official SAT or ACT scores. We will superscore both the SAT and ACT, using your highest scores from each section across all test dates. The SAT Essay and ACT Writing sections are not required.
English Proficiency
Applicants whose native language is not English and who have not attended an English-medium secondary school for at least three years are required to demonstrate English proficiency. Visit our International Students page for additional details.",Required,,False,False,True,False,False,False,,True,False,False,False,True,True,False,False,False,,,,College of Arts & Sciences,68100/Year,,,,,,,Bioinformatics,"The Bachelor of Arts (BA) in Biology provides students with a broad and deep understanding of the biological sciences, a mastery of basic research skills, and an appreciation of the social and ethical aspects of biology. The BA program is designed for students who want a strong foundation in biology, but also wish to have the flexibility to pursue other academic interests, such as a second major or minor, or pre-professional studies outside of the sciences. The BA in Biology prepares students for careers in diverse fields such as medicine, dentistry, public health, law, business, education, and science writing. It also provides an excellent foundation for graduate study in biology or related fields.",,https://www.bu.edu/academics/cas/departments/biology/,,"$48,822","$2,130 per credit",FALSE,True,,4.0,2.0,,,,,,,,,,,,,,,,,,True,True,,,120.0,,,,6.5,,,60.0,,90.0,,,,,,,,,,,"Trustee Scholarship (full tuition), Dean's Scholarship ($25,000 per year)",Up to 100%,"Merit-based, Need-based",FALSE,,,FALSE,FALSE,,,False
,Bachelor of Arts in Biochemistry & Molecular Biology,,,,,Undergraduate,Fall 2026,,,,Not Required,Required,,,"Common Application or Coalition Application: Complete and submit the Common Application or Coalition Application online. Your application must include the essay. Secondary School Report: This form is completed by your school counselor and must include your official high school transcript. Counselor Recommendation: Your school counselor must submit a letter of recommendation on your behalf. Teacher Evaluation: A letter of recommendation is required from one teacher (preferably in a core academic subject) who has taught you in an academic course. Official High School Transcript: As noted above, this should be included with your Secondary School Report. Standardized Test Scores: For students applying for Fall 2024 admission, SAT and ACT scores are optional. For information on submitting scores, please visit our Standardized Test Scores webpage. Please note that some scholarships may require test scores. English Proficiency: If English is not your first language, you must submit official scores from an English proficiency exam. Please visit our English Proficiency webpage for full details. Mid-Year Report: Submit your Mid-Year Report and updated high school transcript to BU Admissions when your first-term senior grades are available. The Mid-Year Report is found in the Common Application or Coalition Application.",Required,,True,True,False,False,False,False,,False,False,False,False,False,False,False,False,False,,,,College of Arts & Sciences,"$68,100/Year",,,,,,,,,,https://www.bu.edu/bmb/files/2019/09/BMB-Advising-Worksheet-8-28-2019.pdf,,57204,2129 per credit,FALSE,True,,4.0,2.0,,,,,,,,,,,,,,,,,,False,False,,,,,,,,,,,,,,,,,,,,,,,"Ranges from $20,000–$25,000 per year, up to full tuition",,"Merit-based, Need-based",FALSE,,,FALSE,FALSE,,,False
,Bachelor of Science in Chemistry,,,,,Undergraduate,Fall 2026,,,,Not Required,Not Required,Not Required,Required,"First-year applicants must submit their application via either the Common Application or the Coalition Application. Required materials include: High School Transcript(s), Counselor Recommendation, School Profile, Teacher Recommendation, Mid-Year Grade Report, an $80 Application Fee or Fee Waiver, and English Proficiency Exam Results (if applicable).",Not Required,,True,True,False,False,False,False,,True,False,False,False,False,False,False,False,False,,,,College of Arts & Sciences,"$68,100/Year",,,,,,,,"The Department of Chemistry offers two undergraduate degrees: a Bachelor of Arts (BA) in Chemistry and a Bachelor of Science (BS) in Chemistry. Both degrees provide a strong background in the major areas of chemistry. The BS degree is more intensive, designed for students who are preparing for a career in chemistry or related fields, or for graduate study in chemistry. Students are encouraged to participate in research with faculty members in Chemistry, Biology, Biomedical Engineering, or other departments. Opportunities for research include during the academic year, the summer, and a semester in BU’s study abroad program in Dresden, Germany.",,https://www.bu.edu/chemistry/undergrad/,Certified by the American Chemical Society.,"$52,246","$2,128/credit",FALSE,True,16.0,4.0,2.0,,,,,,,,,,,,,,,,,,False,False,,,120.0,112.0,,,6.5,,,65.0,,90.0,,,,,,,,,,,"Range from $5,000 to full tuition",,"Need-based, Merit-based",FALSE,,,FALSE,FALSE,,,False
,Bachelor of Arts in Cinema & Media Studies,,,,,Undergraduate,Fall 2026,,,,Not Required,Required,Not Required,Required,"Applicants for first-year admission must submit the Common Application or QuestBridge Application, Boston University Questions, Essays (personal essay), Official High School Transcript(s), Secondary School Report & Counselor Recommendation, and Teacher Evaluation (from an academic teacher). SAT or ACT scores are optional for Fall 2025 and Fall 2026 applicants. English Proficiency Testing is required if applicable. Portfolios are required or optional for specific programs, but not for the Bachelor of Arts in Cinema & Media Studies.",Not Required,,True,True,True,False,False,False,,True,False,False,False,True,True,False,False,False,,,,College of Arts & Sciences,"$68,100/Year",,,,,,,,"The BA in Cinema & Media Studies offers students a critical and theoretical understanding of moving images and screen cultures across different media platforms, historical periods, and national contexts. The curriculum covers a wide range of topics, including the history of cinema, television studies, digital media, critical theory, and the political economy of media industries. Students develop analytical skills to interpret and evaluate cinematic and media texts, explore the social, cultural, and political impact of media, and engage with contemporary debates in the field. The program prepares students for various careers in media industries, arts and culture organizations, education, and graduate studies in cinema and media studies or related humanities fields.",,https://www.bu.edu/academics/cas/programs/cinema-media-studies/ba-in-cinema-media-studies/,,"$58,367","$2,130/Credit",FALSE,False,,4.0,2.0,,,,,,,,,,,,,,,,,,False,False,,,130.0,,,,7.0,,,70.0,,100.0,,,,,,,,,,,"$25,000/Year",,"Merit-based, Need-based",FALSE,,,FALSE,FALSE,,,False
,Bachelor of Arts in Classical Studies,,,,,Associate,Fall 2026,,,,Not Required,Required,Not Required,Required,"Applicants must submit the Common Application or Coalition Application (including BU Member Questions and Essays), an Application Fee, Secondary School Report, Official High School Transcript, Counselor Recommendation, and Teacher Evaluation. SAT or ACT scores are optional for the 2024–2025 application cycle. English Proficiency Exam Scores are required if applicable.",Not Required,,True,False,False,False,False,False,,True,False,False,False,True,True,False,False,False,,,,College of Arts & Sciences,68100/Year,,,,,,,Classical Archaeology,"A deep investigation of the ancient Greek and Roman worlds through their material and literary cultures, with a focus on historical study. Students pursuing a BA in Classical Studies with a concentration in Classical Archaeology explore archaeology, art history, history, languages, literature, and culture from the Bronze Age through Late Antiquity. This concentration combines archaeological fieldwork, museum studies, and advanced study in art history and history with intensive language training and literary studies. Students engage with the intellectual, political, and social history of the classical world and its material remains from the Mediterranean and Near East.",,https://www.bu.edu/academics/cas/programs/classical-studies/ba-in-classics-archaeology/,,25000,2267,FALSE,False,,4.0,2.0,,,,,,,,,,,,,,,,,,False,False,,,120.0,,,,6.5,,,53.0,,84.0,,,,,,,,,,,,,Merit-based,FALSE,,,FALSE,FALSE,,,False
,Bachelor of Arts in Computer Science,,,,,Undergraduate,Fall 2026,,,,Not Required,Required,Not Required,Required,"We are committed to making the application process as clear and straightforward as possible. Here's a breakdown of what you'll need to submit to be considered for first-year admission: Common Application or Coalition Application; BU Questions (Supplement to the Common Application or Coalition Application. Please answer the short answer questions.); Official High School Transcript(s); Counselor Recommendation and School Report; Teacher Recommendation; Standardized Test Scores (SAT or ACT) (optional for students applying for Fall 2024, Fall 2025, and Fall 2026 admission); English Proficiency Test Scores (if English is not your first language, you are required to submit official results from either the TOEFL, IELTS, or Duolingo English Test (DET)); Midyear Grade Report; Application Fee or Fee Waiver; Interview (Optional); Portfolio (Required for Visual Arts, Music, Theatre, and Pardee School of Global Studies).",Not Required,,True,True,False,False,False,False,,False,False,False,False,False,False,False,False,False,,,,College of Arts & Sciences,"$66,670/Year",,,,,,,,"The Bachelor of Arts (BA) in Computer Science in the College of Arts & Sciences provides students with a broad education in the liberal arts and a major in computer science. The program trains students in the fundamental principles and practical applications of computing while allowing them to develop expertise in other subjects and explore new interests. A major in computer science provides students with an education in the principles and applications of computing. Through coursework, students develop the skills needed to design, implement, and analyze computational solutions to problems across a range of applications. The BA program provides a robust foundation in computer science and also allows students to pursue interests in other fields by giving them greater flexibility in their curriculum.",,https://www.bu.edu/academics/cas/programs/computer-science/ba/,,,,FALSE,False,,4.0,2.0,,,,,,,,,,,,,,,,,,False,False,,,115.0,,,,6.5,,,65.0,,90.0,,,,,,,,,,,,,"Merit-based, Need-based, International scholarships",FALSE,,,FALSE,FALSE,,,False
,Minor in Core Curriculum,,,,,Undergraduate,Fall 2026,,,,Not Required,Not Required,Not Required,Not Required,"To declare a minor in the Core Curriculum, please contact College of Arts & Sciences (CAS) Advising to speak with an advisor.",Not Required,,True,False,False,False,False,False,,False,False,False,False,False,False,False,True,False,,,,College of Arts & Sciences,,,,,,,,,"The BU Core Curriculum offers a unique opportunity to engage with many of Boston University’s best teachers, explore timeless questions about justice, truth, good, and evil, and form close intellectual relationships with other students. The Core minor allows students to earn minor credit for work they are already doing in the Core or to extend their Core experience beyond the four-semester sequence.",,https://www.bu.edu/academics/cas/programs/minor-in-the-core-curriculum/,,,"$2,012",FALSE,False,,4.0,2.0,,,,,,,,,,,,,,,,,,False,False,,,,,,,,,,,,,,,,,,,,,,,,,"Merit-based, Need-based",FALSE,,,FALSE,FALSE,,,False
,Minor in Core Independent Studies,,,,,Undergraduate,Fall 2026,,,,Not Required,Not Required,Not Required,Not Required,Students may declare the Core Minor at any point during their undergraduate career. No special application is necessary; students simply declare the Minor through the MyBU Student Portal.,Not Required,,True,False,False,False,False,False,,False,False,False,False,False,False,False,True,False,,,,College of Arts & Sciences,,,,,,,,,"The Core Curriculum is designed to broaden students’ intellectual horizons, introduce them to major fields of inquiry, and foster an appreciation of the enduring questions of human existence. The Core offers an interdisciplinary approach to the humanities, social sciences, and natural sciences through team-taught courses and a cohort-based experience for the first two years. A minor in Core Independent Studies requires a minimum of five (5) courses (20 credits) and is open to all students at Boston University.",,https://www.bu.edu/academics/cas/programs/core-curriculum-interdisciplinary-minor/,,,,FALSE,False,,4.0,2.0,,,,,,,,,,,,,,,,,,False,False,,,,,,,,,,,,,,,,,,,,,,,,,,FALSE,,,FALSE,FALSE,,,False
,Bachelor of Arts in Earth & Environment,,,,,Undergraduate,Fall 2026,,,,Not Required,Required,Not Required,Required,"Required materials for first-year applicants include: Application (Common Application or Coalition Application, including essay questions), Application Fee or Fee Waiver, Official High School Transcript, Counselor Recommendation, Teacher Recommendation, and Standardized Test Scores (optional for applicants applying for fall 2024). Optional materials include an Arts Supplement and Alumni Interview.",Not Required,,True,True,True,True,False,False,,True,False,False,False,True,True,False,False,False,,,,College of Arts & Sciences,"$68,100/Year",,,,,,,,"Our BA in Earth & Environment program offers students a broad interdisciplinary training in earth and environmental sciences and their interaction with human society. Graduates are prepared for a variety of professions in fields such as environmental consulting, environmental law, city and regional planning, natural resource management, and environmental education. Many graduates also pursue advanced degrees in these fields.",,https://www.bu.edu/academics/cas/programs/earth-environment/ba-in-earth-environmental-sciences/,,"$52,820","$2,128/Credit",FALSE,False,,4.0,2.0,,,,,,,,,,,,,,,,,,False,False,,,120.0,112.0,,,7.0,,,65.0,,90.0,,,,,,,,,,,,77.56%,"Merit-based, Need-based",FALSE,,,FALSE,FALSE,,,False
,Bachelor of Arts in Economics,,,,,Undergraduate,Fall 2026,,,,Not Required,Required,Not Required,Required,"Applicants are required to submit the Common Application or QuestBridge Application, Essays, Official High School Transcript, Counselor Recommendation & School Report, Teacher Recommendation, and a Midyear Report (if applicable). English Proficiency is required if applicable, and College Transcripts are required if applicable.",Not Required,,True,True,False,False,False,False,,False,False,False,False,False,False,False,False,False,,,,College of Arts & Sciences,"$68,100/Year",,,,,,,,"As a student pursuing a Bachelor of Arts (BA) in Economics, you will become fluent in the tools of economic analysis and develop the quantitative reasoning and data analysis skills increasingly valued in a broad range of occupations. You will learn to apply economic reasoning to analyze and understand social behavior, evaluate public policy, and make sound decisions in business and finance. The BA in Economics provides a strong foundation for employment in business, finance, consulting, and government, and for graduate study in law, business, and public policy, as well as economics.",,https://www.bu.edu/academics/cas/programs/economics/ba/,,"$54,954","$2,130 per credit",FALSE,False,,4.0,2.0,,,,,,,,,,,,,,,,,,False,False,,,120.0,112.0,,,6.5,,,65.0,,90.0,,,,,,,,,,,"$25,000 annually",,"Merit-based, Need-based",FALSE,,,FALSE,FALSE,,,False
,Bachelor of Arts in English,,,,,Undergraduate,Fall 2026,,,,Not Required,Required,Not Required,Required,"Common Application or QuestBridge Application, Boston University Questions, Essay, Secondary School Report & Transcript, Counselor Recommendation, Teacher Evaluation, Standardized Test Scores (SAT/ACT) - Optional for Fall 2024, Fall 2025, Fall 2026, English Proficiency (if applicable).",Not Required,,True,True,False,False,False,False,,False,False,False,False,False,False,False,False,False,,,,College of Arts & Sciences,"$68,100/Year",,,,,,,,"The Department of English offers a Bachelor of Arts (BA) degree program that emphasizes critical thinking, close reading, and effective communication through the study of literature. Students explore a wide range of literary periods, genres, and theoretical approaches, developing skills in analysis, interpretation, and persuasive writing. Our curriculum is designed to foster a deep understanding of literary history and cultural contexts, while also encouraging students to engage with contemporary literary debates and creative practices. Graduates are well-prepared for careers in fields such as education, publishing, journalism, law, marketing, and public relations, or for continued graduate study.",,https://www.bu.edu/academics/cas/programs/english/ba/,,,"$2,270/Credit",FALSE,False,,4.0,2.0,,,,,,,,,,,,,,,,,,False,False,,,120.0,,,,7.0,,,65.0,,90.0,,,,,,,,,,,,,"Merit-based, Need-based",FALSE,,,FALSE,FALSE,,,False
,Bachelor of Arts in European Studies,,,,,Undergraduate,Fall 2026,,,,Not Required,Required,Not Required,Required,"Common Application or QuestBridge Application, BU Questions, High School Transcript, Standardized Test Scores (Optional), Counselor Recommendation, Teacher Evaluation, Midyear Report (if applicable), Application Fee or Fee Waiver.",Not Required,,True,True,False,False,False,False,,True,False,False,False,True,True,False,False,False,,,,College of Arts & Sciences,"$68,544/Year",,,,,,,German Studies and Russian & East European Studies,"The BA in European Studies offers students an interdisciplinary liberal arts education that focuses on the cultures, economies, history, politics, and languages of Europe. The program draws on faculty and courses in the Departments of Classical Studies, Economics, History, Modern Languages & Comparative Literature, Political Science, and Philosophy, as well as the Pardee School of Global Studies. Students achieve proficiency in an official European language and write a capstone senior thesis. Students choose a concentration in either German Studies or Russian & East European Studies.",,https://www.bu.edu/academics/cas/programs/european-studies/ba/,,"$59,100","$2,142/credit",FALSE,False,,4.0,2.0,,,,,,,,,,,,,,,,,,False,False,,,120.0,,,,6.5,,,65.0,,90.0,,,,,,,,,,,,,"Merit-based, Need-based, Athletic, ROTC",FALSE,,,FALSE,FALSE,,,False
,Bachelor of Arts in Global Medieval Studies,,,,,Undergraduate,Fall 2026,,,,Not Required,Required,Not Required,Required,"Applicants must submit the Common Application or Coalition Application, BU-specific Questions and Essay, Official High School Transcript, Counselor Recommendation, Teacher Recommendation, SAT/ACT Scores (Optional), English Proficiency Exam (if applicable), Midyear Report, and Application Fee or Fee Waiver.",Not Required,,True,True,True,True,False,False,,True,False,False,False,True,True,False,False,False,,,,Frederick S. Pardee School of Global Studies and College of Arts & Sciences,68100/Year,,,,,,,,"Global Medieval Studies (GMS) is a truly interdisciplinary program that approaches the Middle Ages not as a 'dark age' between two golden ages, but rather as an exciting and formative period of global history. Our program brings together faculty from across Boston University to offer courses that highlight the interconnectedness of different world regions—from Europe and the Mediterranean to Africa, Asia, and the Americas—during the premodern era (roughly 500-1500 CE). In our courses, students explore the cultures, societies, religions, politics, and environments of the global Middle Ages. Students learn to critically analyze various primary sources (texts, artifacts, images, music) and engage with diverse methodologies from different disciplines (history, art history, literature, musicology, religion, philosophy, archaeology, etc.). Through their studies, students develop strong analytical, research, and communication skills applicable to a wide range of careers.",,https://www.bu.edu/medieval/,,50578,"Summer Term: $1,800 per credit",FALSE,False,,4.0,2.0,,,,,,,,,,,,,,,,,,False,False,,,120.0,112.0,,,6.5,,,65.0,,90.0,,,,,,,,,,,,,"Merit-based, Need-based, Army ROTC",FALSE,,,FALSE,FALSE,,,False
,Bachelor of Arts in History,,,,,Undergraduate,Fall 2026,,,,Not Required,Required,Not Required,Required,"First-Year Application Checklist: Common Application or Coalition Application, BU Questions, Essay (on the Common App or Coalition App), Official High School Transcript, Counselor Recommendation, Teacher Recommendation, Midyear School Report (if applying Regular Decision), TOEFL/IELTS/Duolingo English Test (if English is not your primary language)",Not Required,,True,True,False,False,False,False,,False,False,False,False,False,False,False,False,False,,,,College of Arts & Sciences,"$68,100/Year",,,,,,,,"The Department of History emphasizes historical analysis and research skills, enabling students to evaluate arguments, weigh evidence, analyze problems, and craft persuasive arguments. Students gain a deep understanding of historical forces that have shaped the contemporary world, and they develop capacities for critical analysis, research, and communication that are applicable to a wide range of careers. History majors at BU develop: A deep understanding of the historical forces that have shaped the contemporary world; A capacity for critical historical analysis and research across different periods and cultures; The ability to evaluate arguments, weigh evidence, analyze problems, and craft persuasive arguments; and Skills in research, critical thinking, and communication that prepare them for a diverse range of careers.",,https://www.bu.edu/academics/cas/programs/history/ba/,,"$49,000","$2,130/credit",FALSE,False,,4.0,2.0,,,,,,,,,,,,,,,,,,False,False,,,120.0,,,,6.5,,,65.0,,90.0,,,,,,,,,,,,,"Merit-based, Need-based",FALSE,,,FALSE,FALSE,,,False
,Bachelor of Arts in History of Art & Architecture,,,,,Undergraduate,Fall 2026,,,,Not Required,Required,Not Required,Required,"To apply for first-year admission, you’ll need to submit the following materials through either the Common Application or the Coalition Application: Common Application or Coalition Application, including the Common Application Personal Essay and BU Questions; Official High School Transcript; Counselor Recommendation & School Report; Teacher Recommendation; Standardized Test Scores (Optional for Fall 2024 and 2025); English Proficiency Exam Scores (if applicable).",Not Required,,True,False,True,False,False,False,,True,False,False,False,True,True,False,False,False,,,,College of Arts & Sciences,"$68,560/Year",,,,,,,,"Art history provides insight into the history of human culture. Courses address issues of aesthetics, meaning, function, patronage, conservation, and display in the visual arts, as well as the history of architecture and urbanism around the world. As a discipline, art history engages with areas ranging from anthropology to computer science. Our students develop visual, historical, and critical literacy and the communication and research skills necessary to pursue a wide array of careers in the arts and beyond. Through the study of art and architecture, students cultivate a global perspective, a critical understanding of both historical and contemporary societies, and an appreciation for the impact of cultural heritage.",,https://www.bu.edu/academics/cas/programs/art-history/ba/,,"$52,190","$2,285",FALSE,False,,4.0,2.0,,,,,,,,,,,,,,,,,,False,False,,,120.0,,,,6.5,,,65.0,,90.0,,,,,,,,,,,"$25,000/Year",,"Merit-based, Need-based, Trustee Scholarship, Presidential Scholarship, National Merit Scholarship",FALSE,,,FALSE,FALSE,,,False
,"Bachelor of Arts in Holocaust, Genocide & Human Rights Studies",,,,,Undergraduate,Fall 2026,,,,Not Required,Required,Not Required,Required,"A complete application includes: Common Application or Coalition Application (including required essay), Secondary School Report and Transcript, One Counselor Recommendation, One Teacher Evaluation, Midyear School Report (if applicable), English Proficiency Testing (required for international applicants for whom English is not their first language). Optional: Standardized Test Scores (SAT or ACT). BU is test-optional for students applying for Fall 2024 and Fall 2025. Students who believe their SAT or ACT scores are a good reflection of their academic ability are welcome to submit them. Students who do not submit scores will not be at a disadvantage in the admissions process.",Required,,True,True,True,False,False,False,,True,False,False,False,True,True,False,False,False,,,,College of Arts & Sciences,,,,,,,,,"Boston University’s interdisciplinary Holocaust, Genocide & Human Rights Studies (HGHRS) major provides students with the critical tools necessary to analyze, understand, and respond to mass atrocities and violations of human rights across the globe. The program offers a unique opportunity for students to engage with diverse disciplinary perspectives—including history, political science, sociology, anthropology, literature, religion, and law—on genocide and human rights through a rigorous course of study grounded in historical and comparative analysis. Students in the HGHRS major will develop strong analytical skills, hone their research and writing abilities, and cultivate an ethically informed understanding of the political, social, and cultural challenges posed by contemporary human rights struggles. Graduates of the program will be well-prepared for a range of careers in law, public policy, education, human rights advocacy, social justice, and international affairs.",,https://www.bu.edu/jewishstudies/academics/hghrs-major/,,,"$2,270/Credit",FALSE,False,,4.0,2.0,,,,,,,,,,,,,,,,,,False,False,,,120.0,,,,7.0,,,65.0,,10.0,,,,,,,,,,,,,"Merit-based, Need-based",FALSE,,,FALSE,FALSE,,,False
,Bachelor of Arts in International Relations,,,,,Undergraduate,Fall 2026,,,,Not Required,Required,Not Required,Required,"First-year applicants must submit: Common Application or Coalition Application, BU Questions, Official High School Transcript(s), Counselor Recommendation, Teacher Recommendation, SAT and/or ACT Scores (Optional for Fall 2024 & Fall 2025 First-Year Applicants), English Proficiency Testing (if required).",Required,,True,True,True,False,False,False,,True,False,False,False,True,True,False,True,False,,,,College of Arts & Sciences,,,,,,,,,"International relations is a dynamic interdisciplinary field that helps students understand the evolution of the modern global system. Drawing on courses in political science, economics, history, and other disciplines, the IR program at BU provides students with the analytical tools and substantive knowledge necessary to comprehend critical global issues and foreign policy processes. The program also offers students the opportunity to conduct faculty-mentored research, to study abroad at BU’s international centers, and to participate in a vibrant community of faculty and students. The Pardee School of Global Studies offers students a multidisciplinary education in global affairs, integrating social science, regional and thematic studies, and foreign languages. Our IR program is one leading example of this approach, offering a broad curriculum built around a core of political science, economics, and history. Our graduates gain valuable analytical skills for careers in the public, private, and nonprofit sectors. Many go on to graduate study, including law school.",,https://www.bu.edu/academics/cas/programs/international-relations/,,,"$2,130/credit",FALSE,False,,4.0,2.0,,,,,,,,,,,,,,,,,,False,False,,,120.0,,,,7.0,,,65.0,,90.0,,,,,,,,,,,,,"Need-based, Merit-based",FALSE,,,FALSE,FALSE,,,False
,Bachelor of Arts in Israel Studies,,,,,Undergraduate,Fall 2026,,,,Not Required,Not Required,,,,Not Required,,True,False,False,False,False,False,,False,False,False,False,False,False,False,False,False,,,,College of Arts & Sciences,,,,,,,,,"Students pursuing the Minor in Israel Studies are expected to choose courses across different departments that relate to modern Israel (since the 19th century). The minor is open to students in all colleges and schools within Boston University. By pursuing a Minor in Israel Studies, students will explore the society, politics, history, religion, and culture of Israel in a multidisciplinary fashion.",,https://www.bu.edu/academics/cas/programs/minor-in-israel-studies/,,"$47,442",,FALSE,False,,4.0,2.0,,,,,,,,,,,,,,,,,,False,False,,,,,,,,,,,,,,,,,,,,,,,,76%,"Merit-based, Need-based",FALSE,,,FALSE,FALSE,,,False
,Bachelor of Arts in Jewish Studies,,,,,Undergraduate,Fall 2026,,,,Not Required,Required,Not Required,Required,"Common Application or Coalition Application (including essays), Secondary School Transcript, School Counselor Recommendation & School Report, Teacher Recommendation, Midyear Grade Report, and Application Fee or Fee Waiver are required. Standardized tests (SAT/ACT) are optional for Fall 2025 applicants and beyond. English proficiency testing may be required for non-native English speakers.",Not Required,,True,True,False,False,False,False,,False,False,False,False,False,False,False,False,False,,,,College of Arts & Sciences,"$66,670/Year",,,,,,,,"The BA in Jewish Studies offers students the opportunity to study the history, culture, religion, and languages of the Jewish people from antiquity to the present. The program is inherently interdisciplinary, drawing on courses in Near Eastern Languages and Civilizations, Religion, History, English, Philosophy, and other departments and programs. Students are exposed to the wide variety of scholarly approaches that characterize the field of Jewish Studies. Required courses introduce students to foundational texts, historical periods, and methodologies of the discipline. Our students are required to master Hebrew (or another Jewish language such as Yiddish) through the intermediate level, which provides them access to primary texts in their original languages. Small classes facilitate lively engagement with course material and close interaction with faculty. Our students cultivate critical thinking, textual analysis, and communication skills through the curriculum and produce a substantial senior essay. Students are encouraged to study abroad in Israel or other centers of Jewish life, and many elect to do so during their junior year. Graduates of the program are well prepared for careers in education, public service, communal work, and the rabbinate, and for advanced study in Jewish Studies and related fields.",,https://www.bu.edu/academics/cas/courses/jewish-studies/,,"$46,000","$2,084/Credit",FALSE,False,,4.0,2.0,,,,,,,,,,,,,,,,,,False,False,,,120.0,,,,6.5,,,65.0,,90.0,,,,,,,,,,,,,"Merit-based, Need-based",FALSE,,,FALSE,FALSE,,,False
,Bachelor of Arts in Latin American Studies,,,,,Undergraduate,Fall 2026,,,,Not Required,Required,Not Required,Required,All first-year applicants must submit: Common Application or QuestBridge Application; BU Questions (within the Common Application or QuestBridge Application); Application Fee ($80) or Fee Waiver; Official High School Transcript(s); Counselor Recommendation; Two Teacher Recommendations; Mid-Year Grade Report (if applicable). SAT or ACT Scores are optional for Fall 2024 and Fall 2025 first-year applicants. English Proficiency is required for non-native English speakers.,Not Required,,True,True,False,False,False,False,,False,False,False,False,False,False,False,False,False,,,,College of Arts & Sciences,"$68,100/Year",,,,,,,,"The Bachelor of Arts in Latin American Studies is an interdisciplinary program that draws on courses offered in the departments of Anthropology, History, International Relations, Modern Languages & Comparative Literature, Political Science, and Sociology. Courses include the study of history, economics, politics, anthropology, sociology, and the literatures and cultures of the region. The BA in Latin American Studies provides students with a multidisciplinary understanding of the Latin American region. Students will study its history, economy, political systems, anthropology, and sociology, as well as its rich literature and diverse cultures. It requires coursework in various fields, with a particular focus on the humanities and social sciences. The program encourages students to complete a study abroad experience in a Latin American country. Students should complete language proficiency requirements in Spanish, Portuguese, or Haitian Creole by their junior year. Graduates are prepared for a wide variety of career paths in both the private and public sectors, including business, foreign service, journalism, research, and law. Many graduates go on to pursue advanced degrees in Latin American studies or related fields.",,https://www.bu.edu/academics/cas/programs/latin-american-studies/ba/,,"$44,064","$2,270 per credit",FALSE,False,,4.0,2.0,,,,,,,,,,,,,,,,,,False,False,,,120.0,,,,6.5,,,65.0,,90.0,,,,,,,,,,,"$44,064",,"Need-based, Merit-based",FALSE,,,FALSE,FALSE,,,False
,Bachelor of Arts in Linguistics,,,,,Undergraduate,Fall 2026,,,,Not Required,Required,,Required,"Common Application or Coalition Application, Official High School Transcript(s), School Report and Counselor Recommendation, Two Teacher Evaluations, Standardized Test Scores (SAT or ACT) - optional for the 2024-2025 and 2025-2026 application cycles, English Proficiency Testing (for international students if applicable), QuestBridge Application (if applicable).",Not Required,,True,False,False,False,False,False,,True,False,False,False,False,False,False,False,False,,,,College of Arts & Sciences,"$31,540/Semester or $63,080/Year",,,,,,,,"Linguistics is the scientific study of human language. Linguistics majors at Boston University develop a thorough understanding of the scientific investigation of linguistic systems. The Department of Linguistics at Boston University is a vibrant, productive, and congenial intellectual community that offers a highly ranked doctoral program as well as successful undergraduate programs in Linguistics and in Computer Science & Linguistics. Students have many opportunities to conduct research with faculty and engage with the wider linguistic community through presentations, workshops, and colloquia. BU’s Linguistics majors are prepared for graduate study in linguistics, cognitive science, computational linguistics, or language documentation, as well as for careers in software development, computational linguistics, education, government, and other fields. The major also provides a solid foundation for careers in law, medicine, or journalism.

The BA in Linguistics is offered through the College of Arts & Sciences.

For specific requirements, please consult the Undergraduate Bulletin.",,https://www.bu.edu/academics/cas/programs/linguistics/ba-linguistics/,,,"$1,972/Credit",FALSE,False,,4.0,2.0,,,,,,,,,,,,,,,,,,False,False,,,120.0,,,,6.5,,,65.0,,90.0,,,,,,,,,,,,,"Merit-based, Need-based",FALSE,,,FALSE,FALSE,,,False
,Bachelor of Arts in Literary Translation,,,,,Undergraduate,Fall 2026,,,,,,,Required,"Students apply to the program through BU Admissions in their senior year of high school or during their freshman year at Boston University. For more information about applying to Boston University as an undergraduate, please visit the Admissions Website.",,,False,False,True,False,False,False,,True,False,False,False,True,True,False,False,False,,,,College of Arts & Sciences,68100/Year,,,,,,,,"Students can pursue a BA in Latin concurrently with an MFA in Literary Translation from Boston University’s Department of Romance Studies. This dual-degree program offers an opportunity to combine the study of Latin language and literature with training in the theory and practice of literary translation. This is an accelerated, five-year program which combines the requirements of the two degrees, giving students the opportunity to earn both a Bachelor’s and a Master’s degree in a shorter timeframe than it would take to earn each degree sequentially. Upon completion of the dual degree, students will have gained a thorough knowledge of Latin literature and the ability to translate it effectively, as well as a grounding in the theory and practice of literary translation more generally. They will be prepared to enter the literary publishing world, to continue on to a PhD program in Classics or Comparative Literature, or to pursue careers in a variety of fields, including education and international relations.",,https://www.bu.edu/classics/academics/dual-degree-programs/ba-in-latin-mfa-in-literary-translation/,,25120,2128/credit,FALSE,False,2.0,4.0,2.0,,,,,,,,,,,,,,,,,,False,False,,,120.0,,,,6.5,,,61.0,,90.0,,,,,,,,,,,,,"Need-based, Merit-based",FALSE,,,FALSE,FALSE,,,False
,Bachelor of Arts in Marine Science,,,,,Undergraduate,Fall 2026,,,,Not Required,Not Required,Not Required,Required,"First-year applicants must submit either the Common Application or the QuestBridge Application. Required components for all applicants include: Common Application or QuestBridge Application, Boston University Questions (found within the Common Application or QuestBridge Application), Official High School Transcript(s), Counselor Recommendation, Teacher Recommendation, Midyear Report (from your current school). Standardized Test Scores are optional for Fall 2024 applicants. TOEFL/IELTS/Duolingo English Test is required for international students for whom English is not their first language.",Not Required,,True,False,False,False,False,False,,False,False,False,False,False,False,False,False,False,,,,College of Arts & Sciences,66670/Year,,,,,,,,"The BA in Marine Science provides students with a strong interdisciplinary understanding of the marine environment. Students pursuing a BA in Marine Science are prepared for graduate school and careers in government agencies, non-profit organizations, the private sector, and environmental education. Marine Science students have access to Boston University’s world-class faculty, research facilities, and the Boston University Marine Program (BUMP) based at our coastal field station in Woods Hole, Massachusetts.",,https://www.bu.edu/earth/academics/undergraduate/ba-marine-science/,,45000,2084/credit,FALSE,True,,4.0,2.0,,,,,,,,,,,,,,,,,,False,False,,,120.0,112.0,,,6.5,,,61.0,,90.0,,,,,,,,,,,,100% of demonstrated financial need met,"Need-based, Merit-based",FALSE,,,FALSE,FALSE,,,False
,Bachelor of Arts in Mathematics & Statistics,,,,,Undergraduate,Fall 2026,,,,Not Required,Required,Not Required,Required,"Common Application or Coalition Application, Application Fee or Fee Waiver, Official High School Transcript, School Report & Counselor Recommendation, Teacher Evaluation, SAT or ACT Scores (Optional for 2024–2025 cycle), Mid-Year Grade Report, English Proficiency Exam Scores (if applicable)",Not Required,,True,True,True,False,False,False,,True,False,False,False,True,True,False,False,False,,,,College of Arts & Sciences,68530/Year,,,,,,,,"This major is designed to provide students with broad exposure to both Mathematics and Statistics. It emphasizes how the two disciplines connect and offers students an opportunity to take courses in several different areas in both fields. The degree is particularly suitable for students who wish to pursue careers that utilize mathematical and statistical thinking. These include areas in finance, economics, business, medicine and the social sciences. The degree also provides a solid background for students interested in graduate studies in either mathematics or statistics.",,https://www.bu.edu/math/undergraduate/degree-programs/,,"$45,869","$2,142/Credit",FALSE,True,,4.0,2.0,,,,,,,,,,,,,,,,,,False,False,,,120.0,,,,6.5,,,65.0,,90.0,,,,,,,,,,,,67%,"Merit-based, Need-based",FALSE,,,FALSE,FALSE,,,False
,Bachelor of Arts in Middle East & North Africa Studies,,,,,Associate,Fall 2026,,,,Not Required,Not Required,Not Required,Required,"Applicants must submit either the Common Application or Coalition Application, official high school transcript(s), a counselor recommendation, and one teacher recommendation. For international students, an English Proficiency Exam may be required. SAT or ACT scores are optional for applicants applying for fall 2024 admission. Other items such as artistic supplements (for fine arts or music programs), interviews, resumes/CVs, and personal statements are optional.",Not Required,,True,True,False,False,False,False,,True,False,False,False,True,True,False,False,False,,,,College of Arts & Sciences,66960/Year,,,,,,,,"Middle East & North Africa Studies (MENA) is an interdisciplinary program, administered by the Pardee School of Global Studies and based in the College of Arts & Sciences. MENA Studies offers a comprehensive program of study that develops students’ understanding of the region’s languages, cultures, religions, politics, and history. Students gain a critical perspective on the political, economic, social, and cultural challenges faced by the region today. Many MENA Studies courses count towards divisional studies and general education requirements. The MENA Studies major can be combined with other majors for students to acquire expertise in a field of study and a region of the world. Students may combine MENA with other majors, such as Political Science, International Relations, Business Administration, or History. Students are encouraged to pursue internships and study abroad opportunities.",,https://www.bu.edu/academics/cas/departments/middle-east-north-africa-studies/,,"$55,000","$2,232/Credit",FALSE,False,,4.0,2.0,,,,,,,,,,,,,,,,,,False,False,,,120.0,,,,6.5,,,65.0,,90.0,,,,,,,,,,,,,"Need-based, Merit-based",FALSE,,,FALSE,FALSE,,,False
,Bachelor of Arts in Muslim Studies,,,,,Undergraduate,Fall 2026,,,,Not Required,Required,Not Required,Required,"The Common Application or Coalition Application, Boston University Questions (including an essay), application fee or fee waiver, official high school transcript, counselor recommendation and school report, teacher recommendation, and midyear grade report are required. English Proficiency Scores are required for international students. SAT/ACT scores are optional for students applying for Fall 2024, Fall 2025, and Fall 2026 admission.",Required,,True,True,True,False,False,False,,True,False,False,False,True,True,True,False,False,,,,College of Arts & Sciences,66670/Year,,,,,,,,"Students pursuing a Bachelor of Arts (BA) degree in Muslim Studies complete a range of courses designed to introduce them to the diversity and complexity of Muslim cultures and societies across history and in the contemporary world. Muslim Studies is an interdisciplinary program covering the history, literature, languages, religions, political systems, arts, and cultures of Muslims from around the world. It provides students with critical perspectives and analytic tools to address current global challenges that involve Muslims and Muslim societies. The program draws on faculty from several departments across Boston University, including Anthropology, History, International Relations, Modern Languages & Comparative Literature, Political Science, Religion, and Sociology. Students are expected to complete 12 courses (48 credits) over five semesters including two courses from each of the three subject areas (History, Religion, and Society and Culture) and one additional course in Muslim Studies. They will also need to demonstrate proficiency in a relevant language.",,https://www.bu.edu/academics/cas/departments/muslim-studies/,,"$47,680/Year (2022-2023 for first-year students)",,FALSE,False,,4.0,2.0,,,,,,,,,,,,,,,,,,False,False,,,120.0,,,,6.5,,,65.0,,90.0,,,,,,,,,,,"Full tuition (Trustee Scholarship), $25,000/year (Presidential Scholarship)",,"Need-based, Merit-based",FALSE,,,FALSE,FALSE,,,False
,Bachelor of Arts in Neuroscience,,,,,Undergraduate,Fall 2026,,,,Not Required,Not Required,Not Required,Required,"Required Documents: Common Application or Coalition Application, BU Questions, Official High School Transcript, Counselor Recommendation, Two Teacher Recommendations, Midyear Report (when available), Standardized Test Scores (SAT or ACT) – Boston University is test-optional for students applying for fall 2024. Students applying for fall 2025 and beyond will continue to have the option to apply without submitting standardized test scores. English Proficiency Examination (required for international applicants whose first language is not English).",Not Required,,True,True,False,False,False,False,,True,False,False,False,False,False,False,False,False,,,,College of Arts & Sciences,"$68,720/Year (for 2024-2025 academic year)",,,,,,,,"Neuroscience is an interdisciplinary field that studies the nervous system and its impact on behavior and cognitive functions. Students in the Undergraduate Program in Neuroscience (UPN) explore the brain from multiple perspectives, from molecular and cellular mechanisms to systems and cognitive processes. They learn about the latest research findings, experimental techniques, and computational approaches used to understand the nervous system. The program provides a strong foundation in neuroscience principles and research methods, preparing students for careers in research, healthcare, biotechnology, and other related fields. The Bachelor of Arts in Neuroscience is a less prescriptive degree that provides students with more flexibility to combine Neuroscience with other interests such as the humanities, social sciences, or arts.",,https://www.bu.edu/upn/,,,"$2,148 per credit (for part-time CAS students, 2023-2024)",FALSE,False,,4.0,2.0,,,,,,,,,,,,,,,,,,False,False,,,120.0,,,,7.0,,,68.0,,90.0,,,,,,,,,,,"From $20,000 to full-tuition per year",Up to 100%,"Merit-based (Trustee, Presidential, BU Merit), National Merit, ROTC, Athletic",FALSE,,,FALSE,FALSE,,,False
,Bachelor of Arts in Philosophy,,,,,Undergraduate,Fall 2026,,,,Not Required,Required,Not Required,Required,"Boston University accepts either the Common Application or the Coalition Application. Applicants are required to submit their high school transcript, a counselor recommendation and school report, and two teacher recommendations. SAT/ACT scores are optional. A midyear school report is required if available.",Not Required,,True,True,False,False,False,False,,True,False,False,False,False,False,False,False,False,,,,College of Arts & Sciences,"$68,100/Year",,,,,,,,"The Department of Philosophy at Boston University is a thriving community of scholars, teachers, and students. Our internationally renowned faculty offer a wide range of courses in the history of philosophy and in contemporary analytical, Continental, and American philosophy, as well as in areas of value theory (ethics, aesthetics, political philosophy) and the philosophy of language, mind, and science. The department emphasizes a pluralistic approach to the discipline, fostering openness to a wide array of views and approaches. Students majoring in philosophy at Boston University develop strong analytical and critical skills, as well as abilities in clear writing and precise expression. They learn to identify the presuppositions and implications of various positions, to analyze and interpret complex texts, and to construct and defend cogent arguments of their own. These skills are essential not only for graduate study in philosophy but also for law school and other professional programs, as well as for careers in virtually all fields that demand critical intelligence, creative problem-solving, and communication skills.",,https://www.bu.edu/academics/cas/programs/philosophy/ba/,,"$47,000/Year","$2,128/Credit",FALSE,False,,4.0,2.0,,,,,,,,,,,,,,,,,,False,False,,,120.0,,,,7.0,,,65.0,,90.0,,,,,,,,,,,"$25,000/Year",Up to 100%,"Merit-based, Need-based",FALSE,,,FALSE,FALSE,,,False
,Bachelor of Arts in Physics,,,,,Undergraduate,Fall 2026,,,,Not Required,Required,Not Required,Required,A complete application includes: Common Application or Coalition Application; Application Fee or Fee Waiver; Official High School Transcript; Essay; School Report/Counselor Recommendation; Teacher Evaluation; Mid-Year Report.,Required,,True,False,False,False,False,False,,False,False,False,False,False,False,False,False,False,,,,College of Arts & Sciences,"$66,670/Year",,,,,,,,"Physics is the study of the natural world, from the smallest subatomic particles to the largest structures in the universe. Our BA program in Physics offers a broad, flexible education for students interested in this fundamental science. As a BA Physics student, you’ll build a strong foundation in classical and quantum mechanics, electromagnetism, and thermodynamics, while also having ample opportunity to explore other interests. This program is suitable for students who want to combine their passion for physics with a second major in a field such as computer science, mathematics, chemistry, or even the humanities. The BA is also an excellent option for students planning to pursue careers in areas like science communication, education, business, law, or medicine, where an understanding of scientific principles is valuable.",,https://www.bu.edu/academics/cas/programs/physics/ba/,,,"$2,185 per credit",FALSE,True,,4.0,2.0,,,,,,,,,,,,,,,,,,False,False,,,120.0,,,,7.0,,,65.0,,90.0,,,,,,,,,,,,,"Merit-based, Need-based",FALSE,,,FALSE,FALSE,,,False
,Bachelor of Arts in Political Science,,,,,Undergraduate,Fall 2026,,,,Not Required,Required,Not Required,Required,"Common Application or Coalition Application (includes BU Questions & Writing Supplement), School Report & Counselor Recommendation, Teacher Evaluation, Official High School Transcript, Midyear Grade Report. Standardized Test Scores (SAT/ACT) are optional. English Proficiency Testing is required if English is not your native language.",Not Required,,True,True,True,True,False,False,,True,False,False,False,True,True,False,False,False,,,,College of Arts & Sciences,"$68,100/Year",,,,,,,,"Our BA in Political Science program offers students a rigorous and comprehensive education in the study of politics. Through a combination of core courses, electives, and opportunities for independent research, students gain a deep understanding of political institutions, processes, and behavior at local, national, and international levels. The curriculum emphasizes critical thinking, analytical skills, and effective communication, preparing students for a wide range of careers in government, law, business, journalism, non-profit organizations, and academia. Graduates of our program are equipped to analyze complex political issues, engage in informed public discourse, and contribute meaningfully to their communities and the world.",,https://www.bu.edu/academics/cas/programs/political-science/ba/,,,,FALSE,False,,4.0,2.0,,,,,,,,,,,,,,,,,,False,False,,,120.0,,,,6.5,,,65.0,,90.0,,,,,,,,,,,"Ranges from $10,000 to $25,000 per year",,"Merit-based, Need-based",FALSE,,,FALSE,FALSE,,,False
,Bachelor of Arts in Psychological & Brain Sciences,,,,,Undergraduate,Fall 2026,,,,Not Required,Required,Not Required,Required,"Required application materials include the Common Application or Coalition Application (including a personal essay, activities list, and academic information), official high school transcripts from all high schools attended, a counselor recommendation, and one teacher recommendation (a second is optional). Standardized test scores (SAT or ACT) are optional for fall 2024, 2025, and 2026 applicants; full consideration for admission will be given regardless of score submission. English proficiency test scores (TOEFL, IELTS, Duolingo English Test, or PTE Academic) are required for non-native English speakers or those who haven't attended at least three years of secondary school where English is the primary language of instruction. International academic records or translations may be needed if you attended a secondary school outside the United States.",Not Required,,True,True,False,False,False,False,,False,False,False,False,False,False,False,True,False,,,,College of Arts & Sciences,"$64,700/Year",,,,,,,,"Students in the BA program learn about mind and behavior, using psychological science to address real-world challenges like mental illness, social problems, and how people interact with technology. As an interdisciplinary social science degree, the BA is a popular choice for students who want to combine their passion for psychological science with other interests in the humanities, social sciences, and the arts. Our BA students go on to graduate school or professional careers in fields like public health, law, social work, business, counseling, marketing, and education. Learning Outcomes: Students will identify and describe core concepts, theories, and empirical findings in psychological and brain sciences; understand and apply various research methods in psychological and brain sciences; critically evaluate psychological and brain sciences research and theories; communicate effectively about psychological and brain sciences topics, both orally and in writing; and apply psychological and brain sciences knowledge and skills to real-world problems and ethical considerations.",,https://www.bu.edu/academics/cas/departments/psychology/,,"$48,391","$2,022/Credit",FALSE,False,,4.0,2.0,,,,,,,,,,,,,,,,,,False,False,,,120.0,,,,6.5,,,65.0,,90.0,,,,,,,,,,,,,Need-based,FALSE,,,FALSE,FALSE,,,False
,Bachelor of Arts in Religion,,,,,Undergraduate,Fall 2026,,,,Not Required,Required,,Required,"Required Application Materials: Common Application or QuestBridge Application, High School Transcript, Counselor Recommendation, Teacher Recommendation, Mid-Year Report (when new grades are available), Optional: SAT or ACT Scores (see our test-optional policy), Optional: Arts Supplement",Not Required,,True,True,True,False,False,False,,True,False,False,False,True,True,False,False,False,,,,College of Arts & Sciences,"$68,100/Year",,,,,,,,"Our Bachelor of Arts in Religion offers students a chance to explore the major religious traditions of the world from a variety of perspectives, including historical, philosophical, sociological, literary, and anthropological approaches. The Department of Religion at Boston University offers courses in a range of religious traditions, including Christianity, Islam, Judaism, Buddhism, Hinduism, Daoism, Confucianism, and indigenous religions, as well as cross-cultural and comparative studies of religion. Students learn to critically analyze religion in its diverse forms through engagement with different theoretical and methodological frameworks. Religion majors develop strong analytical, research, and writing skills, which prepare them for a variety of careers in fields such as law, education, journalism, international relations, social work, business, and medicine, as well as for graduate study in religion and related disciplines.",,https://www.bu.edu/religion/academics/undergraduate/,,"$57,000 (for first-year need-based)","$2,270 per credit (for part-time undergraduates)",FALSE,False,,4.0,2.0,,,,,,,,,,,,,,,,,,False,False,,,120.0,,,,6.5,,,65.0,,90.0,,,,,,,,,,,Up to full tuition,67% (of students receive financial aid),"Need-based, Merit-based (Trustee, Presidential, Faculty)",FALSE,,,FALSE,FALSE,,,False
,Bachelor of Arts in Romance Studies,,,,,Undergraduate,Fall 2026,,,,Not Required,Not Required,Not Required,Required,"Common Application or Coalition Application, BU Questions, Official High School Transcript(s), Counselor Recommendation, Teacher Recommendation, Midyear Grade Report (if applicable), SAT or ACT Scores (Optional for Fall 2024, Fall 2025, and Fall 2026. If submitted, scores must be received by the application deadline.), TOEFL/IELTS/Duolingo English Test (Required for non-native English speakers. Self-reported scores are accepted for application review, but official scores are required upon enrollment.), Application Fee or Fee Waiver.",Not Required,,True,True,False,False,False,False,,False,False,False,False,False,False,False,False,False,,,,College of Arts & Sciences,,,,,,,,,"The BA in Romance Studies is an interdisciplinary program designed to give students broad exposure to the languages, literatures, and cultures of the Romance-speaking world. The program also offers a critical theoretical perspective on the very concept of the Romance-speaking world, exploring the history of the concept, the diverse forms it takes today, and its relation to other linguistic and cultural systems. Students in the program develop a critical awareness of cultural diversity through the study of languages, literatures, and cultures such as French, Italian, Spanish, and Portuguese. They learn to analyze and interpret texts, articulate complex ideas, and engage in informed cultural critique. The Romance Studies curriculum prepares students for a variety of careers in fields such as education, international relations, journalism, and cultural heritage, and for further study in graduate school.

As a result of completing the Romance Studies major, students will be able to:
* Analyze and interpret texts, discourses, and cultural practices from the Romance-speaking world, situating them within their historical, social, and cultural contexts.
* Identify and critically evaluate central issues, debates, and theories in the interdisciplinary field of Romance Studies.
* Communicate effectively in at least one Romance language other than English, and demonstrate an understanding of its grammar, syntax, and cultural nuances.
* Conduct independent research, formulate original arguments, and articulate complex ideas clearly and persuasively in both written and oral forms.
* Demonstrate a critical awareness of cultural diversity and cross-cultural communication, and apply this understanding to analyze global issues and interactions.",,https://www.bu.edu/academics/cas/departments/romance-studies/,,"$45,000","$2,130",FALSE,False,,4.0,2.0,,,,,,,,,,,,,,,,,,False,False,,,120.0,,,,7.0,,,65.0,,90.0,,,,,,,,,,,"$45,000",,"Merit-based, Need-based",FALSE,,,FALSE,FALSE,,,False
,Bachelor of Arts in Science Education,,,,,Undergraduate,Fall 2026,,,,Not Required,Required,Not Required,Required,"Applicants must complete the Common Application or Coalition Application, including the BU Questions. Official High School Transcript, Counselor Recommendation, and Teacher Recommendation are required. A Midyear Report is required if applying Early Decision II or Regular Decision. SAT or ACT Scores are optional for 2024 applicants.",Required,,True,True,True,False,False,False,,True,False,False,False,True,True,False,False,False,,,,Boston University Wheelock College of Education & Human Development,"$68,100/Year",,,,,,,"Biology Track, Chemistry Track, Physics Track","The Bachelor of Arts (BA) in Science Education program prepares students for careers as science educators in public and private schools. Students are guided to be reflective and responsive teachers with a deep understanding of subject matter and pedagogical practice. Graduates of the BA in Science Education program receive an initial license to teach high school science (grades 8–12) in Massachusetts in their chosen content area (Biology, Chemistry, or Physics). The BA in Science Education offers coursework and fieldwork that leads to an initial license to teach Biology, Chemistry, or Physics at the high school level (grades 8-12). Students are challenged to apply their growing knowledge of adolescent development, learning theory, and effective teaching practices during their coursework and through extensive field experiences, including a semester-long practicum. Field placements are arranged in local urban, suburban, and rural public high schools, allowing students to learn from a diverse range of students and faculty. All undergraduate students in Science Education must maintain a cumulative GPA of at least 2.75 to remain in good standing in the program. Students with a cumulative GPA below 2.75 will be placed on academic probation. If the cumulative GPA remains below 2.75 for a second consecutive semester, the student will be dismissed from the program. For further information, see the University Policy on Undergraduate Academic Standing.",,https://www.bu.edu/scied/academics/program-overview/,,,"$2,270/Credit",FALSE,True,,4.0,2.0,,,,,,,,,,,,,,,,,,False,False,,,120.0,,,,6.5,,,65.0,,90.0,,,,,,,,,,,,,"Merit-based, Need-based",FALSE,,,FALSE,FALSE,,,False
,Bachelor of Arts in Sociology,,,,,Undergraduate,Fall 2026,,,,Not Required,Required,Not Required,Required,"Common Application or Coalition Application with Scoir, BU-Specific Questions, Official High School Transcript, Counselor Recommendation, Teacher Recommendation, Midyear School Report. Standardized Test Scores (SAT or ACT) are optional for students applying for fall 2024 and fall 2025 entry; the SAT Essay or ACT Writing sections are not required. English Proficiency Exams are required for non-native English speakers.",Not Required,,True,False,True,False,False,False,,True,False,False,False,True,True,False,False,False,,,,College of Arts & Sciences,"$68,100/Year",,,,,,,,"The BA in Sociology introduces students to the sociological perspective and helps them develop the analytic and research skills needed to understand and critically examine society, social problems, and social inequality. The major provides a solid foundation in the core areas of sociology, including social theory, research methods, and statistics. Students have the opportunity to delve into a wide array of substantive areas, such as race and ethnicity, gender, class, crime, health, environment, culture, and globalization.",,https://www.bu.edu/academics/cas/programs/sociology/ba/,,"$47,690","$2,270/credit",FALSE,False,,4.0,2.0,,,,,,,,,,,,,,,,,,False,False,,,120.0,,,,6.5,,,65.0,,90.0,,,,,,,,,,,"$47,690",,"Need-based, Merit-based",FALSE,,,FALSE,FALSE,,,False
,Urban Studies Minor,,,,,Undergraduate,Fall 2026,,,,Not Required,Not Required,,,"The page lists coursework requirements to earn the minor, but does not specify application requirements to declare the minor. The coursework requirements are: ""To earn a Minor in Urban Studies, students must complete five 4-credit courses (20 credits total) with a grade of C or higher. CAS GE 100/GG 100 The Changing Earth or CAS GE 302/GG 302 Climate and the Environment or CAS EE 100 Environmental Change and Human Impact; CAS AH 203/GE 203 Cities & Cultures; Three additional 4-credit courses from an approved list.""",Not Required,,True,False,False,False,False,False,,False,False,False,False,False,False,False,False,False,,,,College of Arts & Sciences,"$68,950/Year",,,,,,,,"Urban Studies is an interdisciplinary field that considers the complex issues that arise from human beings living in cities. The Minor in Urban Studies provides students with an understanding of urban communities and the forces that shape them, and prepares students for a range of careers and graduate work in urban planning, public policy, social work, community development, and public health.

Students completing the Minor in Urban Studies will be able to:
* Explain key issues in the study of cities and urban life in different geographical and historical contexts.
* Explain how different disciplinary approaches are used to understand urban issues.
* Formulate a research question about a current urban issue and identify appropriate methods to address it.",,https://www.bu.edu/academics/cas/programs/minor-in-urban-studies/,,"$46,400","$2,160 per credit",FALSE,False,,4.0,2.0,,,,,,,,,,,,,,,,,,False,False,,,,,,,,,,,,,,,,,,,,,,,,More than 80% (of students receive some form of financial aid),"Need-based, Merit-based (academic achievement, artistic talent, athletic ability)",FALSE,,,FALSE,FALSE,,,False
,"Bachelor of Arts in Women's, Gender & Sexuality Studies",,,,,Undergraduate,Fall 2026,,,,Not Required,Not Required,Not Required,Required,"The requirements below apply to all applicants. Be sure to check with your intended school or college to see if they have additional requirements.
Required:
*   Common Application or Coalition Application
*   BU-specific questions
*   Essay (Personal Essay)
*   Official high school transcript(s)
*   School report & counselor recommendation
*   Two teacher evaluations
*   Midyear grade report (if applying Early Decision 2 or Regular Decision)
*   TOEFL, IELTS, or Duolingo English Test (international applicants for whom English is not their first language)
Optional:
*   SAT or ACT Scores
*   Arts Supplement (for applicants to CFA, COM, or CAS-designated programs only, check departmental requirements)
*   Interview (some programs recommend interviews)",Not Required,,True,True,False,False,False,False,,False,False,False,False,False,False,False,False,False,,,,College of Arts & Sciences,,,,,,,,,"The Women’s, Gender & Sexuality Studies program provides students with the critical skills needed to understand how gender and sexuality shape our experiences. From understanding the historical roots of feminist thought to exploring contemporary issues like transgender rights and queer theory, you’ll engage with a diverse range of topics, developing a nuanced understanding of identity, power, and social justice. As a WGS major, you’ll cultivate interdisciplinary perspectives, honing your analytical and communication skills and preparing you to address complex challenges in a rapidly evolving world.",,https://www.bu.edu/academics/cas/programs/,,"$55,684 annually","$2,130/credit",FALSE,False,,4.0,2.0,,,,,,,,,,,,,,,,,,False,False,,,120.0,112.0,,,6.5,,,65.0,,,,,,,,,,,,,"$55,684",58%,"Need-based, Merit-based",FALSE,,,FALSE,FALSE,,,False
,Bachelor of Arts in World Languages & Literatures,,,,,Undergraduate,Fall 2026,,,,Not Required,Not Required,Not Required,Required,"Common Application or Coalition Application, including the BU-specific questions, personal essay, and application fee. Official High School Transcript. Counselor Recommendation. School Report. Teacher Evaluation (one required, second optional).",Not Required,,True,True,True,False,False,False,,True,False,False,False,True,True,False,False,False,,,,College of Arts & Sciences,,,,,,,,,"The World Languages & Literatures major offers students the opportunity to construct an interdisciplinary degree around their interests in language, literature, and culture. Working with an advisor, students choose courses across WLL departments and CAS, and may choose to focus on a particular language, region, or topic. Students develop advanced communicative and analytical skills, the ability to think critically about texts, cultures, and societies from global perspectives, and a nuanced understanding of cultural differences. Majoring in World Languages & Literatures gives you a thorough grounding in one or more languages, literatures, and cultures through courses taken primarily within the Department of World Languages & Literatures. You develop advanced communicative and analytical skills; the ability to think critically about texts, cultures, and societies from global perspectives; and a nuanced understanding of cultural differences. As a World Languages & Literatures major, you can concentrate in a single language, or pursue the comparative track, and study a literary tradition from a range of critical perspectives while working with literary texts written in at least two languages, one of them ancient. Our majors often combine their studies with a second major or minor in another field (e.g., biology, computer science, economics, journalism, international relations, political science, history, philosophy, etc.), or study abroad for a semester or year.",,https://www.bu.edu/wll/undergraduate/languages/,,"$47,600","$2,140/credit",FALSE,False,,4.0,2.0,,,,,,,,,,,,,,,,,,False,False,,,120.0,,,,7.0,,,65.0,,,,,,,,,,,,,,46%,"Merit-based, Need-based",FALSE,,,FALSE,FALSE,,,False
,Arts & Sciences Writing Program,,,,,Undergraduate,Fall 2026,,,,,,,,,,,False,False,False,False,False,False,,False,False,False,False,False,False,False,False,False,,,,College of Arts & Sciences,"$64,370/Year (for 2023-2024 academic year)",,,,,,,,"The Writing Program offers courses designed to improve students’ academic and professional writing skills through practice in analysis, interpretation, argumentation, and research. Small, discussion-based classes cultivate critical thinking and engaged inquiry; students learn to develop an argument, to understand what counts as evidence in a particular field, to respond to counterarguments, and to revise their work based on feedback from peers and instructors. Students also explore how their writing contributes to wider conversations in academic and public spheres. These courses prepare students to write effectively in their other university courses and beyond, and they are designed to support and enhance all disciplinary study. The program is home to the College of Arts & Sciences Writing Minor, which complements any major, and the Writing Center, where students can receive individualized feedback on their writing projects.",,https://www.bu.edu/academics/cas/programs/writing/,,"$57,000 (for incoming first-year students who demonstrated financial need, 2023–2024)","$1,940/Credit (CAS Summer Part-Time, 2023-2024)",FALSE,False,4.0,4.0,2.0,,,,,,,,,,,,,,,,,,False,False,,,,,,,,,,,,,,,,,,,,,,,,,"Merit-based, Need-based, Athletic, ROTC",FALSE,,,FALSE,FALSE,,,False
,Honors in the Major,,,,,Undergraduate,Fall 2026,,,,Not Required,Required,,,"Students must have a cumulative GPA of 3.3 and a GPA of 3.3 in their major, or an equivalent level of distinction as determined by the department. Alternatively, students with a cumulative GPA of 3.0 and a GPA of 3.0 in their major may be considered if they are recommended by a faculty member, have previously earned a strong grade in an advanced research or writing seminar in the department, or have exceptional research experience (e.g., UROP, REU, etc.). Students are expected to apply in the second semester of their junior year and consult with their faculty mentor prior to submitting their application. The application consists of an application form with a current unofficial transcript, a project proposal of approximately 500 words (including a title and a brief bibliography, stating the research question and a brief description of the methodology), a letter of support from the proposed faculty mentor, a copy of the student’s writing for a relevant course (preferably a research paper, if applicable), and a brief statement from the student explaining their interest in the Honors in the Major program (250 words). Materials should be submitted to the department undergraduate advisor by April 15 of their junior year.",Required,,True,False,False,False,False,False,,False,False,False,False,False,False,False,False,False,,,,College of Arts & Sciences,"$66,670/Year",,,,,,,,"Honors in the Major allows students to undertake an intensive project within their major field, culminating in a thesis or creative work and oral defense. Honors in the Major is available in all departments and interdisciplinary programs in the College of Arts & Sciences that offer majors. This is a special opportunity for highly motivated students who are interested in pursuing independent research or creative work with a faculty mentor. By undertaking Honors in the Major, you will develop unique skills that will benefit you in graduate school and in your career. You will demonstrate a capacity for high-level independent work, critical thinking, problem-solving, and written and oral communication. You will also have the chance to work closely with a faculty mentor, which can be an invaluable experience for future academic and professional endeavors.",,https://www.bu.edu/cas/academics/undergraduate-education/special-academic-opportunities/honors-in-the-major/,,"$55,000","$2,189 per credit",FALSE,False,,4.0,3.3,,,,,,,,,,,,,,,,,,False,False,,,,,,,,,,,,,,,,,,,,,,,,,"Merit-based, Athletic, Need-based, ROTC",FALSE,,,FALSE,FALSE,,,False
,Bachelor's-to-Master's Programs,,,,,Associate,Fall 2026,,,,,Required,,,"A student may apply for a BA/MA program upon completion of 64 undergraduate credits. Candidates must have a minimum cumulative GPA of 3.0 at the time of application and a minimum 3.0 GPA in their major. Students must complete at least 12 credits in their major to apply. All undergraduate coursework must be completed with a minimum cumulative GPA of 3.0 and a minimum major GPA of 3.0, including satisfying the CAS Language Requirement prior to enrolling in their final undergraduate semester. Applicants must submit a completed undergraduate BA/MA application, a statement of purpose, and two letters of recommendation from BU faculty. A writing sample may be required if applying to certain departmental programs.",Not Required,,True,False,False,False,False,False,,False,False,False,False,False,False,False,False,False,,,,College of Arts & Sciences,"$31,540/Semester",,,,,,,,"Accelerate your academic and career goals by earning both a bachelor’s and a master’s degree in just five years with the CAS Bachelor’s-to-Master’s program. Through this program, you can pursue graduate-level coursework during your senior year, allowing you to graduate with both degrees in less time and at a lower cost than if you were to complete each degree separately. A number of programs across the natural sciences, social sciences, and humanities participate in the Bachelor’s-to-Master’s program, enabling you to earn both a BA and an MA, or a BA and an MS, or a BS and an MS. These programs also provide a path for you to take advantage of advanced coursework during your senior year, allowing you to strengthen your research and analytical skills and expand your understanding of a particular discipline. The Bachelor’s-to-Master’s program is open to Boston University undergraduates from the College of Arts & Sciences, the College of Engineering, and the Questrom School of Business.",,https://www.bu.edu/academics/cas/programs/bama-programs/,,,"$1,971 per credit",FALSE,False,,4.0,3.3,,,,,,,,,,,,,,,,,,False,False,,,,,,,,,,,,,,,,,,,,,,,,,Merit-based,FALSE,,,FALSE,FALSE,,,False
,BA-to-MPH,,,,,Undergraduate,Fall 2026,,,,Required,Required,Not Required,Not Required,"Applications for the accelerated BA/MPH program are reviewed by an SPH faculty admissions committee after students have matriculated into the Boston University undergraduate program. Students apply directly to the accelerated program during their sophomore year at Boston University. Successful applicants must demonstrate strong academic performance and a commitment to public health. Application Requirements: Undergraduate transcript; Two letters of recommendation (at least one from a BU faculty member, if possible); Statement of purpose explaining interest in public health and how the MPH will help meet career goals; Resume/CV",,,True,False,False,False,False,False,,False,False,False,False,False,False,False,True,False,,,,School of Public Health,"$33,600/Semester",,,,,,,,"Boston University’s accelerated BA & Master of Public Health (MPH) program offers highly motivated undergraduates the opportunity to earn both a bachelor’s degree and a Master of Public Health in just five years. This unique program is designed for students interested in a career in public health who want to gain a deeper understanding of the field and its diverse applications. Students in the program begin taking graduate-level courses in their senior year, building on their undergraduate studies and preparing for advanced practice and leadership roles in public health. The BA & MPH program is a five-year, 158-credit program that combines the comprehensive undergraduate education of a bachelor’s degree with the specialized public health training of an MPH. Students typically complete 128 credits for their bachelor’s degree and 40 credits for their MPH, with 10 of these credits counting toward both degrees. The program is open to students from any undergraduate major at Boston University, providing a flexible pathway for students with diverse academic backgrounds.",,https://www.bu.edu/sph/education/degrees-and-programs/undergraduate-programs-in-public-health/ba-and-master-of-public-health/,"Boston University School of Public Health is fully accredited by the Council on Education for Public Health (CEPH). The accreditation of the School was reaffirmed in 2023 for a seven-year period, extending to July 1, 2030.","$10,800","$2,100/credit",FALSE,True,,4.0,3.0,,,,,,,,,,,,,,,,,,False,False,,,,,,,,,,,,,,,,,,,,,,,"$10,800",60%,Merit-based,FALSE,,,FALSE,FALSE,,,False
,Educator Licensure,,,,,Undergraduate,Fall 2026,,,,,,Not Required,Required,Students interested in teaching licensure through the College of Arts & Sciences should follow the application instructions for the specific academic degree program they wish to pursue. Please consult the degree program’s page for application instructions and deadlines. Currently enrolled BU undergraduates who are pursuing teaching licensure must also declare a minor in Education with the School of Education. All undergraduate students pursuing teaching licensure must be advised by a SED (School of Education) advisor. Current students enrolled in a CAS master’s or doctoral degree program should consult with their academic advisor in CAS regarding any additional requirements needed for licensure. Students who already hold a bachelor’s degree from an accredited institution and wish to pursue teaching licensure only (without enrolling in a degree program) should apply as a non-degree student through the Boston University School of Education.,,,True,False,False,False,False,False,,True,False,False,False,False,True,False,False,False,,,,College of Arts & Sciences,,,,,,,,,"Boston University’s College of Arts & Sciences offers programs for undergraduate and graduate students seeking initial licensure as a secondary school teacher in Massachusetts. The programs combine a student’s rigorous study in a content area (e.g., Biology, English, Mathematics, History, a world language, Chemistry, or Physics) with professional education courses and extensive field experiences. Upon successful completion of the program, students are recommended by Boston University for a Provisional License by the Massachusetts Department of Elementary and Secondary Education. Because Massachusetts has signed the NASDTEC Interstate Agreement, this license is recognized in many other states. These programs are for students interested in teaching in secondary schools (grades 8-12). Our programs do not lead to a teaching degree, but rather to a teaching license. Undergraduate students may participate in the licensure program concurrently with their major in a relevant content area. Graduate students pursuing licensure may complete this program as part of their studies towards a master’s degree (MA, MAT, MS) at BU, or as a stand-alone program after completing an undergraduate degree (Post-Baccalaureate Licensure Program).",,https://www.bu.edu/academics/cas/programs/teaching-licensure/,,,$955 per credit,FALSE,False,,4.0,3.0,,,,,,,,,,,,,,,,,,False,False,,,120.0,,,,7.0,,,,,100.0,,,,,,,,,,,"Up to $4,000 per year",,Teach Grant (service-conditional federal grant),FALSE,,,FALSE,FALSE,,,False
,Sea Education Association,,,,,Associate,Fall 2026,,,,,,,,"SEA Semester programs are open to undergraduates from any college or university, worldwide. Applicants must be in good academic standing and must have successfully completed at least one college-level laboratory science course or its equivalent before the start of their program.",,,True,False,False,False,False,False,,False,False,False,False,False,False,False,False,False,,,,College of Arts & Sciences,"$30,750/Semester for SEA Semester; $15,375/Program for SEA Summer",,,,,,,,"For more than 50 years, SEA has offered unique learning experiences that combine oceanographic, environmental, and nautical sciences with maritime history, literature, and policy. Students spend six weeks on shore in Woods Hole, Massachusetts, preparing for their voyage, followed by four to six weeks at sea, during which time they conduct research, study marine ecosystems, and practice nautical science aboard a tall ship. BU students can choose from a range of SEA programs, from a semester-long program at sea to a summer program focusing on topics such as climate and society, marine biodiversity, and sustainability in marine environments.",,https://www.bu.edu/academics/cas/programs/boston-university-affiliated-programs-sea/,,,,FALSE,True,,4.0,2.5,,,,,,,,,,,,,,,,,,False,False,,,,,,,,,,,,,,,,,,,,,,,,,"Need-based, Merit-based",FALSE,,,FALSE,FALSE,,,False
,The Frederick S. Pardee School of Global Studies,,,,,Undergraduate,Fall 2026,,,,Required,Required,Optional,Required,"Required application materials include: Statement of Purpose, Resume/CV, Letters of Recommendation, Transcripts, Writing Sample, GRE General Test, English Language Proficiency, Application Fee. The GRE General Test is optional for all MA applicants. PhD applicants are required to take the GRE General Test, though the requirement may be waived in certain circumstances.",Required,,False,True,False,False,False,False,,False,False,False,False,False,False,False,False,False,,,,The Frederick S. Pardee School of Global Studies,"$64,300/Year",,,,,,,,"The Frederick S. Pardee School of Global Studies, housed in Boston University’s College of Arts & Sciences, provides students with a holistic understanding of global challenges. The Pardee School is committed to creating new knowledge, training future generations of leaders, and advancing human progress worldwide.
The Pardee School has long been a key player in the development of Boston University’s global mission. Founded in 1953 as the Center for International Relations, it became the Department of International Relations in 1968, and in 2014, a generous endowment from Frederick S. Pardee transformed it into a school.
The Pardee School aims to advance human progress through excellence in teaching, research, and policy engagement in global affairs. Faculty teach undergraduate and graduate students to understand and contribute to the resolution of critical challenges facing the world across the broad spectrum of global affairs, including international relations, diplomacy, economic development, global governance, and regional studies.",,https://www.bu.edu/academics/cas/programs/pardee-school/,,,"$2,145/credit",FALSE,False,1.0,4.0,3.0,,,,,,,,,,,,,,,,,,False,False,,,120.0,,,,7.0,,,,,100.0,,,,,,,,,,,"Typically $16,075 to $48,225/year for MA students (calculated from 25-75% of 2023-2024 full-time tuition)",25% to 75% of tuition for MA students; full tuition for PhD students,Merit-based,FALSE,,,FALSE,FALSE,,,False
,Bachelor of Science in Management Studies,,,,,Undergraduate,Fall 2026,,,,Not Required,Not Required,Not Required,Required,"Candidates for the Bachelor of Science in Management Studies must have: Official high school transcript or equivalent, a minimum of 120 college credits (if applicable), Standardized Test Scores (SAT/ACT), English Proficiency Test Scores (TOEFL/IELTS) for international students.",Not Required,,True,True,True,False,False,False,,True,False,False,False,True,True,False,False,False,,,,Metropolitan College,,,,,,,,Management Studies,"Metropolitan College’s Bachelor of Science in Administrative Sciences with a concentration in Management Studies prepares you to be a versatile leader in any organization. Learn to identify and analyze problems, formulate and implement effective solutions, and develop strong communication skills through our rigorous curriculum. Whether you are seeking a first bachelor’s degree, changing careers, or advancing your current career, the BS in Administrative Sciences is designed to provide you with an in-depth understanding of the critical elements of business and administration. The curriculum integrates various disciplines, including economics, accounting, finance, marketing, and operations management. Our faculty are practitioners in their fields, bringing real-world experience and expertise to the classroom, ensuring you gain practical, relevant skills applicable to today’s dynamic business environment. The program also offers flexibility, with courses available on campus, online, or a blended format, allowing you to tailor your education to your schedule and learning preferences.",,https://www.bu.edu/academics/met/programs/administrative-sciences/bs/,,,550,FALSE,False,,4.0,2.0,,,,,,,,,,,,,,,,,,False,False,,,120.0,,,,6.5,,,65.0,,90.0,,,,,,,,,,,,,Merit-based,FALSE,,,FALSE,FALSE,,,False
,Bachelor of Science in Mathematics,,,,,Undergraduate,Fall 2026,,,,Not Required,Required,Not Required,Required,"Applicants must have a high school diploma or its equivalent, and satisfy Boston University’s undergraduate admission requirements. These requirements for first-year applicants include: the Common Application, BU Questions, Essay, Official High School Transcript, Counselor Recommendation, and Teacher Recommendation. SAT or ACT scores are optional for Fall 2024 and Fall 2025 first-year applicants. English Proficiency Testing is required for international applicants who are not native English speakers.",Not Required,,True,True,True,True,False,False,,True,False,False,False,True,True,False,False,False,,,,Metropolitan College,18240,,,,,,,Applied Mathematics,"The Bachelor of Science (BS) in Mathematics at Boston University’s Metropolitan College (MET) is designed for students who enjoy mathematical theory and problem-solving, and are interested in pursuing careers that involve mathematical thinking. The program provides a solid foundation for those looking to apply their quantitative skills in scientific and technical fields, and also prepares students for further graduate studies. The Applied Mathematics concentration within the BS in Mathematics provides students with a strong foundation in a specific area of applied mathematics, combining theoretical knowledge with practical skills applicable to various industries. Whether students pursue the general mathematics curriculum or the applied mathematics concentration, they will gain a comprehensive understanding of mathematical concepts and problem-solving techniques and will be prepared for a wide range of career opportunities in diverse fields such as data science, finance, engineering, and research, or for advanced studies in mathematics or related disciplines.",,https://www.bu.edu/met/degrees-certificates/bs-mathematics/,,,570,FALSE,True,,4.0,2.0,,,,,,,,,,,,,,,,,,False,False,,,115.0,112.0,,,6.5,,,58.0,,84.0,,,,,,,,,,,5000,25%,"Merit-based, Service-based, Veteran Benefits",FALSE,,,FALSE,FALSE,,,False
,Bachelor of Science in Economics,,,,,Undergraduate,Fall 2026,,,,Not Required,Required,,Required,"Common Application or QuestBridge Application, Application Fee or Fee Waiver, Standardized Test Scores (SAT or ACT) - Test-optional for Fall 2024, Fall 2025, and Fall 2026 admission, Secondary School Transcript, Counselor Recommendation, Teacher Recommendation, Midyear Report (if applicable), Personal Essay.",Not Required,,True,True,False,False,False,False,,False,False,False,False,False,False,False,False,False,,,,College of Arts & Sciences,"$68,100/Year",,,,,,,Math-Economics,"The Bachelor of Science in Economics provides a rigorous quantitative approach to the study of economics. It is a good choice for students interested in graduate school in economics or business, or for those planning careers in research, financial economics, or actuarial work. The requirements include both intermediate microeconomics and macroeconomics, econometrics, and courses in mathematics and statistics. Students in the BS program may also concentrate in Math-Economics by fulfilling additional requirements.",,https://www.bu.edu/econ/,,"$55,160",,FALSE,True,,4.0,2.0,,,,,,,,,,,,,,,,,,False,False,,,120.0,,,,7.0,,,65.0,,90.0,,,,,,,,,,,"$55,160",,"Need-based, Merit-based",FALSE,,,FALSE,FALSE,,,False
,Bachelor of Science in Computer Science,,,,,Undergraduate,Fall 2026,,,,Not Required,Required,Not Required,Required,"First-year applicants to Boston University must submit the Common Application or Coalition Application with Boston University Questions, official high school transcript(s), a school report and counselor recommendation, teacher evaluation, and a mid-year report (if applicable). TOEFL/IELTS/Duolingo English Test scores are required if applicable. Standardized test scores (SAT/ACT) are optional for Fall 2024, Fall 2025, and Fall 2026 admission.",Not Required,,True,True,True,False,False,False,,True,False,False,False,True,True,False,False,False,,,,College of Arts & Sciences,68100/Year,,,,,,,,"The Bachelor of Science (B.S.) in Computer Science degree program provides students with a broad and deep foundation in the principles and applications of computer science. Our curriculum emphasizes an understanding of both the theory of computation and the practical art of programming and system design. This degree program is designed for students who desire a strong foundation in computer science and may wish to pursue graduate study in the field or a career in the high-tech industry. The undergraduate curriculum is structured to ensure that students acquire a solid foundation in the core areas of computer science and sufficient breadth of knowledge in the supporting disciplines of mathematics and natural sciences. It allows for flexibility in the choice of electives, enabling students to tailor their program to their specific interests within computer science, such as artificial intelligence, machine learning, software engineering, security, and algorithms.",,https://www.bu.edu/cs/undergraduate/,,,2270/Credit,FALSE,True,,4.0,2.0,,,,,,,,,,,,,,,,,,False,False,,,120.0,,,,6.5,,,65.0,,90.0,,,,,,,,,,,,,"Merit-based, Need-based",FALSE,,,FALSE,FALSE,,,False
