Id,ProgramName,ProgramCode,Status,CreatedDate,UpdatedDate,Level,Term,TermCode,LiveDate,DeadlineDate,Resume,StatementOfPurpose,GreOrGmat,EnglishScore,Requirements,WritingSample,CollegeId,IsAnalyticalNotRequired,IsAnalyticalOptional,IsDuoLingoRequired,IsELSRequired,IsGMATOrGreRequired,IsGMATRequired,IsGreRequired,IsIELTSRequired,IsLSATRequired,IsMATRequired,IsMCATRequired,IsPTERequired,IsTOEFLIBRequired,IsTOEFLPBTRequired,IsEnglishNotRequired,IsEnglishOptional,AcademicYear,AlternateProgram,ApplicationType,Department,Fees,Fees.1,IsAvailable,ProgramType,AdmissionDepartmentId,CreatedBy,UpdatedBy,Concentration,Description,OtherConcentrations,ProgramWebsiteURL,Accredidation,AverageScholarshipAmount,CostPerCredit,IsRecommendationSystemOpted,IsStemProgram,MaxFails,MaxGPA,MinGPA,PreviousYearAcceptanceRates,QsWorldRanking,TotalAccepetedApplications,TotalCredits,TotalDeniedApplications,TotalI20sIssued,TotalScholarshipsAwarded,TotalSubmittedApplications,TotalVisasSecured,UsNewsRanking,CollegeApplicationFee,IsCollegePaying,MEContractNegotiatedFee,MyGradAppFee,ProgramCategory,IsCollegeApplicationFree,IsCouponAllowed,IsACTRequired,IsSATRequired,SftpDestinationId,MinimumACTScore,MinimumDuoLingoScore,MinimumELSScore,MinimumGMATScore,MinimumGreScore,MinimumIELTSScore,MinimumMATScore,MinimumMCATScore,MinimumPTEScore,MinimumSATScore,MinimumTOEFLScore,MLModelName,MinimumAnalyticalScore,MinimumEnglishScore,MinimumExperience,MinimumSopRating,WeightAnalytical,WeightEnglish,WeightExperience,WeightGPA,WeightSop,ScholarshipAmount,ScholarshipPercentage,ScholarshipType,IsNewlyLaunched,BatchId,IsImported,IsImportVerified,Is_Recommendation_Sponser,AnalyticalScore,MinimumLSATScore,IsGRERequired
,Academic Advising (Graduate Certificate),,,,,Graduate-Certificate,Fall 2026,,,,Required,Required,Not Required,REQUIRED,"To be accepted to this program, you must have a bachelor's degree from a regionally accredited institution and a 3.0 minimum undergraduate GPA. [3] To apply, you need to complete an online application that includes official transcripts from each undergraduate institution, a personal statement, two letters of recommendation, and a resume. [3]",Not Required,,True,False,True,True,False,False,,True,False,False,False,True,True,False,False,False,,,,School of Education,"The total estimated tuition for the 15-credit-hour program for the 2026-2027 academic year is $5,400 for Indiana residents and $7,350 for non-residents. This is calculated based on the per-credit-hour rate. [1]","For the 2026-2027 academic year, the tuition is $320 per credit hour for Indiana residents and $450 per credit hour for non-residents. An additional 'DE Fee' of $40.00 per credit hour applies to all students. [1]",,,,,,,"As a student in this 15-credit hour program, you will study the foundational theories related to student and adult development. Guide students on their academic journey while creating equitable and inclusive environments for all. You will be taught how to distinguish between the characteristics, needs, and experiences of various student populations, and how to develop your own personal approach to advising. [1]",,https://graduate.indiana.edu/degrees-programs/degrees.html,,,"For the 2026-2027 academic year, the cost per credit hour is $360.00 for Indiana residents and $490.00 for non-residents. This includes a $40.00 'DE Fee' per credit hour. [1]",FALSE,False,,4.0,3.0,,,,,,,,,,,,,,,,,,False,False,,,110.0,112,,,6.5,,,54.0,,79,,,,,,,,,,,,,,FALSE,,,FALSE,FALSE,,,
,Accounting (Master of Business Administration),,,,,Graduate,Fall 2026,,,,Required,Required,,REQUIRED,"To be eligible to pursue an MBA at Indiana University's Kelley School of Business, you must hold a bachelor's degree from a US institution or its recognized equivalent. [2] Most applicants have at least two years of career experience. [3] Your resume should detail your responsibilities, skills, accomplishments, and leadership aptitude. [3] One letter of recommendation is requested. [3] An MBA essay is also required. [3]",Not Required,,False,True,False,False,False,False,,,False,False,False,,,,False,False,,,,Kelley School of Business,"$55,695/year (2025-2026)","$55,695 (2025-2026 academic year). [21]",,,,,,Strategic Analysis of Accounting Information,"The Strategic Analysis of Accounting Information major builds on the business fundamentals and global perspectives developed in the Kelley Integrated Core to provide knowledge and skills directly applicable to this field. This major is STEM-designated, reflecting a curriculum focused on analytics, technology, and data-driven decision making. Students pursuing this major will take 12 credit hours of required coursework.",,https://graduate.indiana.edu/degrees-programs/degrees.html,"The Kelley School of Business, which offers the MBA program, is accredited by the Association to Advance Collegiate Schools of Business (AACSB International). [1, 3]",,,FALSE,True,,4.0,,,,,,,,,,,,,,,,,,,False,False,,,,,,,,,,,,,,,,,,,,,,,,,Merit-based,FALSE,,,FALSE,FALSE,,,
,Accounting - Financial Analysis (Master of Business Administration),,,,,Graduate,Fall 2026,,,,Required,Required,Optional,REQUIRED,"A complete application includes an online application form, application fee, official transcripts from all post-secondary institutions, and two letters of recommendation. For international applicants, a demonstration of English proficiency is also required.",Not Required,,False,True,True,False,False,False,,True,False,False,False,False,True,False,False,False,,,,,,,,,,,,Strategic Analysis of Accounting Information,"With this major, you'll analyze financial reports and develop an understanding of where the numbers come from and how those numbers can improve operating, investing, and financing decisions. [6] This major is STEM-designated by the US government, reflecting the curriculum's focus on analytics, technology, and data-driven decision making. [6]",,https://graduate.indiana.edu/degrees-programs/degrees.html,The Kelley School of Business is accredited by the Association to Advance Collegiate Schools of Business (AACSB). [7],,,FALSE,True,,,,,,,,,,,,,,,,,,,,,False,False,,,130.0,,,,7.0,,,,,100,,,,,,,,,,,,,,FALSE,,,FALSE,FALSE,,,
,Accounting with Data and Analytics (Master of Science),,,,,Graduate,Fall 2026,,,,Required,Required,Optional,REQUIRED,"Applicants must have completed a four-year undergraduate degree. A grade point average of 3.2 and above is expected. [2] A business degree is not required; however, applicants must complete all prerequisite courses before beginning the MSADA program. [5] Prerequisite courses include: Intro to Financial Accounting, Intro to Managerial Accounting, Intermediate Financial Accounting I and II, Cost Accounting, Tax, and Auditing. [3]",Not Required,,True,False,False,False,False,False,,False,False,False,False,False,True,True,False,False,,,,Kelley School of Business,"In-state tuition: $25,020; Non-Indiana resident/International: $45,436 per year.","$25,020 for in-state residents and $45,436 for non-Indiana residents/international students per year.",,,,,,,,,https://graduate.indiana.edu/degrees-programs/degrees.html,,,,FALSE,True,,4.0,3.2,,,,,,,,,,,,,,,,,,False,False,,,,,,,,,,,,105,,,,,,,,,,,"A 5-hour Graduate Assistantship is valued at $7,827 for nonresident students. [12]",A competitive student admitted to the MSADA program saw her tuition reduced by 20% through a 5-hour GA. [12],"Merit-based financial awards, Graduate Assistantships (GA), including teaching assistantships (TA), and GAP fellowships are available. [11, 12]",FALSE,,,FALSE,FALSE,,,
,Addiction Neuroscience (PhD),,,,,Doctoral,Fall 2026,,,,Not Required,Required,Optional,REQUIRED,"All application materials must be submitted by December 1. Admitted Students enter the program beginning in the Fall semester. The Addiction Neuroscience (AN) program is designed for full-time students only. Application materials required include an online application, a minimum undergraduate GPA of 3.20, a personal statement expressing interest in addiction neuroscience and detailing any relevant research experience, three letters of recommendation, and two official transcripts of all undergraduate and graduate coursework. [2] International students must submit TOEFL scores unless they hold a bachelor's degree from a predominantly English-speaking country. [2] Majors in the life sciences such as psychology, biology, or chemistry are particularly encouraged, though other degrees with appropriate coursework will be considered. [2] High priority is given to academic preparation and performance in the life sciences. [2]",Not Required,,False,True,True,True,False,False,,True,False,False,False,True,True,False,False,False,,,,School of Science,,,,,,,,,"The Ph.D. in Addiction Neuroscience is offered in the Department of Psychology. The program is intended for students interested interested_in the a research-based careers in behavioral neuroscience and psychopharmacology. The graduate training is designed to promote a comprehensive understanding of the neural bases of behavior, with an emphasis on the behavioral neurobiology of drugs of abuse. You will gain expertise in integrative neuroscience and learn to apply current methods of cellular and systems neuroscience to key problems of drug abuse and addiction. You'll be prepared for a career in academia, medical neuroscience research, the pharmaceutical industry, or government research. You'll work closely with a faculty mentor, often in collaboration with other faculty on campus. Your studies will focus on the actions and effects of alcohol and drugs of abuse on brain function and brain development, as well as on brain mechanisms of addictive behavior. Our faculty are experts in: behavior; psychopharmacology and neurochemistry of alcohol and drugs of abuse; genetic determinants of alcohol abuse; mechanisms of alcohol-related behavior; behavioral and neurobiological consequences of developmental exposure to drugs of abuse. [1]",,https://graduate.indiana.edu/degrees-programs/degrees.html,,,,FALSE,True,,4.0,3.2,,,,,,,,,,,,,,,,,,False,False,,,110.0,112,,,6.5,,,54.0,,79,,,,,,,,,,,,,Financial support is typically provided to all students in good standing.,FALSE,,,FALSE,FALSE,,,
,Addictions Counseling (M.S.Ed.),,,,,Graduate,Fall 2026,,,,Required,Required,Not Required,REQUIRED,Bachelor's degree from an accredited institution (minimum accumulative GPA 2.75 out of 4.00); Completed online application that includes: Personal statement; Resume; Three letters of recommendation; Minimum 79 TOEFL score or minimum 6.5 IELTS score or minimum 115 Duolingo score (international students only). [1],Not Required,,True,False,True,False,False,False,,True,False,False,False,False,True,False,False,False,,,,School of Education,"Indiana resident: $488.15/credit hour, Non-resident: $1607.92/credit hour (2025-2026). For 2026-2027: Indiana resident: $488.15, Non-resident: $1640.07","The total estimated tuition for the 60-credit hour program for the 2026-2027 academic year is approximately $29,289 for Indiana residents and $98,404.20 for non-residents, excluding other fees.",,,,,,Addictions Track,"This 60-credit hour degree prepares you for a career as an addictions-focused counselor in a variety of community settings. The evidence-based curriculum and practical training spans prevalence, prevention, and treatment of substance use disorders. Through a combination of coursework, laboratory experiences, practica, and internships you'll develop effective counseling skills and gain the qualifications and confidence needed to help others.",,https://graduate.indiana.edu/degrees-programs/degrees.html,"The M.S. Ed in Mental Health Counseling and Counselor Education is accredited by the Masters in Psychology and Counseling Accreditation Council (MPCAC) for the period of August, 2018 through August, 2028. [1]",,"For the 2026-2027 academic year, the cost per credit hour is $488.15 for Indiana residents and $1,640.07 for non-residents.",FALSE,False,,4.0,2.75,,,,,,,,,,,,,,,,,,False,False,,,115.0,,,,6.5,,,,,79,,,,,,,,,,,,,fellowships and assistantships,FALSE,,,FALSE,FALSE,,,
,"Adult Gerontology Acute Care Nurse Practitioner (Certificate, MSN)",,,,,Graduate-Certificate,Fall 2026,,,,,,Not Required,,,,,False,False,False,False,False,False,,False,False,False,False,False,False,False,False,False,,,,,,,,,,,,,,,https://graduate.indiana.edu/degrees-programs/degrees.html,,,,FALSE,False,,,,,,,,,,,,,,,,,,,,,False,False,,,,,,,,,,,,,,,,,,,,,,,,,,FALSE,,,FALSE,FALSE,,,
,"Adult Gerontology Primary Care Nurse Practitioner (Certificate, MSN)",,,,,Graduate-Certificate,Fall 2026,,,,,,Not Required,REQUIRED,,,,False,False,True,True,False,False,,True,False,False,False,True,True,False,False,False,,,,,,,,,,,,Adult Gerontology Primary Care Nurse Practitioner,,,https://graduate.indiana.edu/degrees-programs/degrees.html,,,,FALSE,False,,,,,,,,,,,,,,,,,,,,,False,False,,,110.0,112,,,6.5,,,54.0,,79,,,,,,,,,,,,,,FALSE,,,FALSE,FALSE,,,
,Advanced Materials and Manufacturing (Doctorate in Philosophy),,,,,Doctoral,Fall 2026,,,,,,,,,,,False,False,False,False,False,False,,False,False,False,False,False,False,False,False,False,,,,,,,,,,,,,,,https://graduate.indiana.edu/degrees-programs/degrees.html,,,,FALSE,False,,,,,,,,,,,,,,,,,,,,,False,False,,,,,,,,,,,,,,,,,,,,,,,,,,FALSE,,,FALSE,FALSE,,,
,Aerospace Engineering (PhD),,,,,Doctoral,Fall 2026,,,,,,,,,,,False,False,False,False,False,False,,False,False,False,False,False,False,False,False,False,,,,"Luddy School of Informatics, Computing, and Engineering",Varies,Varies,,,,,,,,,https://graduate.indiana.edu/degrees-programs/degrees.html,,,,FALSE,False,,,,,,,,,,,,,,,,,,,,,False,False,,,,,,,,,,,,,,,,,,,,,,,,,Financial support,FALSE,,,FALSE,FALSE,,,
,African American Studies (PhD),,,,,Doctoral,Fall 2026,,,,Not Required,Required,GRE,REQUIRED,"The AAADS Graduate Studies Committee, in consultation with the chair of the department and faculty, will be responsible for the admission of graduate students into the doctoral program. The committee will consider GRE scores, a personal statement, a writing sample of no more than 30 pages, and at least three letters of reference from instructors who have sufficient evidence to write candidly about your बौद्धिक abilities and potential for success in this endeavor. Prospective graduate students who hold a master's degree must have a cumulative grade point average of 3.5 on a 4.0 scale in their prior program(s). Incoming graduate students who have recently completed their undergraduate studies must have at least a 3.3 grade point average for their last two years of undergraduate studies. [3]",Required,,False,False,True,False,True,False,,True,False,False,False,False,True,False,False,False,,,,College of Arts & Sciences,,,,,,,,"['Power, Citizenship, and the State', 'Race, Representation, and Knowledge Systems']","The interdisciplinary doctoral degree in African American and African Diaspora Studies (AAADS) focuses on the experiences of people of African descent in the United States, in the African Diaspora, and in the world. These shared experiences—among them, slavery, emancipation, imperialism, decolonization, and racism—warrant close attention, and mark this field (Black Studies/Africana Studies) as a discrete unit of study that bears directly and powerfully on world history, literature, and politics. [7]",,https://graduate.indiana.edu/degrees-programs/degrees.html,,,,FALSE,False,,4.0,3.3,,,,,,,,,,,,,,,,,,False,False,,,105.0,,,,6.5,,,,,80,,,,,,,,,,,,,"Fellowships, associate instructorships, and research assistantships. [16]",FALSE,,,FALSE,FALSE,,,
,Anatomy (PhD),,,,,Doctoral,Fall 2026,,,,Required,Required,Optional,REQUIRED,"A complete application for the Anatomy, Cell Biology and Physiology PhD Education Track includes an online admissions application, application fee ($70 non-refundable), personal statement, three letters of recommendation, CV/Resume, and official transcripts. [1]",Not Required,,False,True,True,True,False,False,,True,False,False,False,True,True,False,False,False,,,,Indiana University School of Medicine,"In-state: $11,756/year, Out-of-state: $33,454/year",,,,,,,"['Education Track', 'Biomedical Research Track']","Indiana University School of Medicine offers two pathways to the PhD degree in Anatomy and Cell Biology. The Education Track prepares students for careers in anatomy and physiology teaching and educational research, and the Biomedical Research Track prepares students for careers in laboratory research. The Education Track PhD program prepares doctoral-level anatomy educators who are capable of teaching all of the anatomical disciplines and physiology to undergraduate, graduate or professional students and of producing the high-quality educational research and other scholarly work necessary for promotion and tenure. PhD Biomedical Research Track students begin the program in August through the IU School of Medicine BioMedical Gateway Program (IBMG) and complete IBMG core courses and three lab rotations before selecting the program and lab they will join for further training. In the second year of PhD study, students take the major anatomy core courses plus foundation courses of a minor discipline (such as physiology or biochemistry).",,https://graduate.indiana.edu/degrees-programs/degrees.html,,,"In-state: $426, Out-of-state: $1,331",FALSE,True,,4.0,3.0,,,,,,,,,,,,,,,,,,False,False,,,125.0,,,,7.0,,,54.0,,100,,,,,,,,,,,"Students admitted to the program typically receive a financial support package that includes a competitive stipend, a 30-credit-hour tuition remission, and health insurance.",,Teaching assistantships (associate instructor positions),FALSE,,,FALSE,FALSE,,,
,"Anatomy, Cell Biology and Physiology (M.Sc.)",,,,,Graduate,Fall 2026,,,,Not Required,Not Required,Optional,REQUIRED,"Applicants to the IU School of Medicine master's degree program in Anatomy, Cell Biology and Physiology should have a bachelor's degree in the sciences with a minimum GPA of 3.0. [1] Candidates should have a minimum grade point average of 3.0 (B) overall, and 3.0 in science courses. [2] The Graduate Record Examination General Test or Medical College Admission Test is optional. [2] Test of English as a Foreign Language (TOEFL) is required of international applicants. [1, 2]",Not Required,,False,True,False,False,False,False,,False,False,False,False,False,True,False,False,False,,,,Indiana University School of Medicine,,"The program-specific tuition fee is not explicitly stated. The Indiana University School of Medicine website advises applicants to use the IU Indianapolis cost estimator and select “All Other Graduate Programs” to estimate tuition and fees. The Pre-Professional MS and the Clinical Anatomy & Physiology MS degree programs do not offer financial support to students, but students may be eligible for financial aid through the IU Indianapolis Office of Student Financial Services.",,,,,,"['Clinical Anatomy and Physiology', 'Pre-Professional']","Indiana University School of Medicine offers Master of Science degrees in Anatomy, Cell Biology and Physiology with different learning tracks that prepare students for successful careers in research or education, or entry into professional clinical programs of study such as medicine, occupational therapy or physical therapy. [1] These are independent degrees and not required as a prerequisite for the Anatomy, Cell Biology and Physiology doctoral degrees. [1] The degree programs capitalize on the department's faculty unique expertise in neuroscience, musculoskeletal biology, renal biology and anatomical education research. [4] All tracks of the master's program in Anatomy, Cell Biology and Physiology require a total of 30 credit hours for the degree. [1]",,https://graduate.indiana.edu/degrees-programs/degrees.html,,,,FALSE,True,,4.0,3.0,,,,,,,,,,,,,,,,,,False,False,,,,,,,,,,,,,,,,,,,,,,,,,,FALSE,,,FALSE,FALSE,,,
,Anesthesia (M.Sc.),,,,,Graduate,Fall 2026,,,,,,,,"Applicants to the Master of Science degree in Anesthesia at Indiana University School of Medicine as part of the Anesthesiologist Assistant Program must have a Baccalaureate degree from a regionally accredited institution in the United States or Canada. [5] Competitive applicants will have an overall GPA of 3.7 or greater, a Science GPA of 3.7, and a Pre-requisite GPA of 3.7. [5] Applicants must have taken the Medical College Admissions Test (MCAT) or the Graduate Record Exam (GRE) within three years of matriculation. [5] Competitive scores are considered to be an MCAT total score of 504 (50th percentile) or a GRE minimum score of 60th percentile in both Verbal and Quantitative Reasoning. [5] Prerequisite coursework must be completed with a B- or better within 10 years of matriculation. [5] Applicants are also required to complete at least eight hours of shadowing with a qualified anesthesia provider. [5] All applications must be submitted through the Centralized Application Service for Anesthesiologist Assistants (CASAA). [2]",Not Required,,False,False,False,False,False,False,,False,False,False,False,False,False,False,False,False,,,,Indiana University School of Medicine,"In-state: $13,650.64/semester, Non-resident: $17,166.66/semester","The tuition for in-state students is $13,650.64 per semester; tuition for non-resident students is $17,166.66 per semester. [3] The program is seven semesters in length. [3] These numbers are approximate and do not include additional university fees or living expenses. [3]",,,,,,Anesthesiologist Assistant Program,"Indiana University School of Medicine offers a Master of Science degree in Anesthesia through the Anesthesiologist Assistant Program. This program is a 28-month didactic curriculum that prepares learners for certification as anesthesiologist assistants. [1] The curriculum includes 28 months of intensive didactic sessions complemented by clinical rotations through a variety of subspecialties, including pediatrics, trauma, orthopedics, regional anesthesia, neuro and obstetrics. [1] The program, including classroom, laboratory and clinical requirements, prepares students for the certification examination offered by the National Commission for the Certification of Anesthesiologist Assistants. [1] At the successful conclusion of the program, students are awarded a Master of Science degree in anesthesia. [1]",,https://graduate.indiana.edu/degrees-programs/degrees.html,,,,FALSE,False,,4.0,,,,,,,,,,,,,,,,,,,False,False,,,,,,,,,,,,,,,,,,,,,,,,,,FALSE,,,FALSE,FALSE,,,
,Anthropology (Doctorate in Philosophy),,,,,Doctoral,Fall 2026,,,,Required,Required,,,"The graduate application process requires the following: Complete the IU Graduate School Application form, a Bachelor's degree from a recognized institution and evidence of academic potential to complete an advanced degree, three letters of recommendation, a personal statement of goals in the field of anthropology, a writing sample (10,000 words or less), and a curriculum vitae. [2]",Required,,True,True,,,,,,,,,,,,,,,,,,College of Arts and Sciences,,,,,,,,"['Archaeology and Social Context', 'Food Studies', 'Paleoanthropology']","We offer a depth of study in all four anthropological subfields: archaeology, bioanthropology, linguistic anthropology, and social-cultural anthropology. Our graduate students choose one of these fields for specialization, and may take courses in or pursue an inside minor in any of the other fields. You may also select one of three concentrations to supplement your graduate school coursework: Archaeology and Social Context, Food Studies, and Paleoanthropology. Each of these supplemental concentrations involves its own breadth requirements within Anthropology that may require further class work. All four fields of study have a foreign language requirement. You must pass a qualifying examination to be recommended to candidacy for our Ph.D. degree.",,https://graduate.indiana.edu/degrees-programs/degrees.html,,,,FALSE,False,,,,,,,,,,,,,,,,,,,,,False,False,,,,,,,,,,,,,,,,,,,,,,,,,competitive stipends and multi-year funding packages,FALSE,,,FALSE,FALSE,,,
,Master of Arts in Anthropology,,,,,Graduate,Fall 2026,,,,,,Not Required,REQUIRED,,,,False,False,True,False,False,False,,True,False,False,False,False,True,False,False,False,,,,College of Arts and Sciences,,,,,,,,"['Archaeology', 'Bioanthropology', 'Linguistic Anthropology', 'Social-Cultural Anthropology', 'Archaeology and Social Context', 'Food Studies', 'Medical Anthropology', 'Paleoanthropology']","A holistic approach to anthropology. [11] Our curriculum produces graduates trained in a holistic approach to the discipline, with a focus in a major subfield and optional in-depth concentration. [11] You gain research experience, working with internationally recognized faculty as mentors and guides. [11] We consider teaching experience a critical part of our graduate program and make every effort to provide you with teaching opportunities as part of your training. Our graduates place at a high rate around the world in academic institutions and research centers, as well as in other professions. The primary purpose of our graduate program is to develop professional anthropologists for service in universities, colleges, museums, and applied fields. [11] One discipline, four fields of study. [11] Our curriculum is designed to provide a general background in the discipline as well as specializations in the four fields of anthropology: archaeology, bioanthropology, linguistic anthropology, social-cultural anthropology. [11] In addition, you have the option to pursue concentrations that combine studies across the four subfields, including Archaeology and Social Context, Food Studies, Medical Anthropology, and Paleoanthropology. [11] Each of the special concentrations involve faculty from two or more subfields, and engage with faculty in other departments. [11] Concentration studies are in addition your primary subfield of study. [11]",,https://graduate.indiana.edu/degrees-programs/degrees.html,,,,FALSE,False,,,,,,,,,,,,,,,,,,,,,False,False,,,110.0,,,,6.5,,,,,80,,,,,,,,,,,,,,FALSE,,,FALSE,FALSE,,,
,Applied Communication (M.A.),,,,,Graduate,Fall 2026,,,,Not Required,Required,Optional,REQUIRED,"Qualified Communication Studies majors may apply for the program in the second semester of their junior year. To be eligible to apply, students should have completed at least 60 credit hours overall and 12 hours in the major, including the 9-hour core (G100, G201, and G310). They should have a minimum GPA of 3.3 overall and a 3.5 in their major coursework. As part of the application process, students are required to submit two (2) faculty letters of recommendation (at least 1 from a member of the IU Indianapolis Department of Communication Studies faculty) and a single-authored writing sample. [1] The Department seeks applicants who have strong analytical and writing skills, a strong liberal arts background, an interest in communication, and applicable work-related experiences. Generally, successful applicants will have cumulative grade point averages of 3.0 or higher at the undergraduate level. The Admissions Committee considers all indicators of the applicant's ability to complete the degree successfully. [1, 2] Applicants should submit a completed application form for the Indiana University Graduate School, a Personal Statement, and official transcripts of all college level coursework. [2]",Required,,True,True,False,False,False,False,,True,False,False,False,False,True,False,False,False,,,,School of Liberal Arts,,,,,,,,"['corporate communication', 'health communication', 'media studies', 'public communication']"," The Department of Communication Studies offers a master's program in Applied Communication with optional concentrations in corporate communication, health communication, media studies and public communication. [2] The overarching goal of this unique program in Applied Communication is to provide students with the competencies and skills necessary to address specific communication issues and problems that are socially relevant and to suggest or implement change. [2] The primary intellectual goal of the program is to increase our students' understanding of the theoretical implications of discipline-specific knowledge and to enhance their ability to understand and predict human interaction relative to realistic, applied outcomes associated with contemporary social problems. [2] A practical goal of the program is to educate professionals who grasp the complexities of communication problems and who are able to develop and execute strategies and create programs to address such issues. [2] Students completing the Applied Communication M.A. curriculum will: communicate both orally and in writing for professional and academic audiences; synthesize, critique, and apply theoretical constructs in communication studies; select and evaluate appropriate methodologies for conducting communication research; propose and justify solutions to real-world communication problems; design and conduct guided communication research. [2]",,https://graduate.indiana.edu/degrees-programs/degrees.html,,,,FALSE,False,,4.0,3.0,,,,,,,,,,,,,,,,,,False,False,,,,,,,6.5,,,,,79,,,,,,,,,,,,,,FALSE,,,FALSE,FALSE,,,
,Applied Earth Sciences (PhD),,,,,Doctoral,Fall 2026,,,,,,Optional,REQUIRED,"To be eligible for graduate admission in the Department of Earth Sciences' Ph.D. in Applied Earth Science, you should hold a baccalaureate or master's degree in the physical, biological, or health sciences. A cumulative grade point average of 3.0 or higher is expected. Applicants are required to submit three letters of recommendation. [2] A complete set of materials, consisting of your online application, transcripts, letters of recommendation and TOEFL scores (for international students) are required before admission will be considered. [2]",,,True,True,True,True,False,False,,True,False,False,False,True,True,False,False,False,,,,School of Science,,,,,,,,"Students select a research concentration in water resources, geochemical processes, or physical Earth. [1, 2] Another concentration listed is Human and Environmental Systems. [2]","The Ph.D. in Applied Earth Sciences is offered in the Department of Earth and Environmental Ciências. [1] Students in this program come from a range of science backgrounds but share a common interest in studying and discovering the interactions between earth processes and humans. [1, 2] The Ph.D. program prepares students for academic positions; research; and leadership positions in local, state, national, or private environmental organizations. [1] You'll graduate ready to assess complex environmental systems and assist in providing sound options and solutions for optimizing human-environment interactions. [1]",,https://graduate.indiana.edu/degrees-programs/degrees.html,,,,FALSE,True,,,3.0,,,,,,,,,,,,,,,,,,False,False,,,110.0,112,,,6.5,,,54.0,,79,,,,,,,,,,,,,,FALSE,,,FALSE,FALSE,,,
,"Art Education (Ed.D. in Curriculum and Instruction, Residential or Online)",,,,,Graduate,Fall 2026,,,,Required,Required,Optional,REQUIRED,"To be accepted to this program, you must have a Bachelor's degree from an accredited institution, a Master's degree from an accredited institution, and a minimum undergraduate GPA of 2.75. [3] To apply, you must complete an online application that includes official transcripts, a personal statement, two letters of recommendation, and a writing sample from your master's degree. [3] An option to provide up to three artworks, photographed in color, with a short artist's statement is also available. [3] GRE scores are required for students with a graduate GPA below 3.5. [3] International students may need to provide proof of English proficiency. [3]",Required,,False,False,True,False,False,False,,True,False,False,False,False,True,False,False,False,,,,School of Education,,,,,,,,Specialization in Art Education,"Prepare for positions oriented to teaching and teacher education in higher education; leadership in K-12, museum or other community settings; or work as an independent consultant or scholar. [1] Such roles require the ability to critically analyze ideas and issues; design and implement curricula aligned with contemporary policy and theory; support and mentor novice and practicing educators; and make significant and ongoing contributions to the field of art education through teaching, scholarship and service. [1] This 60-hour Ed D is the right choice if you prefer research that seeks practical and tangible solutions to challenges in the field of art education. [1] This is a rigorous program in keeping with expectations of doctoral-level work at Indiana University Bloomington. [1] It demands a substantial commitment and offers access to the university's vast intellectual resources. It provides not only course work but also opportunities to conduct research, participate in scholarly publication, and gain teaching experiences in higher education. [1] This degree is fully available online. [1]",,https://graduate.indiana.edu/degrees-programs/degrees.html,,,,FALSE,False,,4.0,2.75,,,,,,,,,,,,,,,,,,False,False,,,115.0,,,,6.5,,,,,79,,,,,,,,,,,,,,FALSE,,,FALSE,FALSE,,,
,Art Education (Ph.D. in Curriculum and Instruction),,,,,Graduate,Fall 2026,,,,Optional,Required,,,"Applicants must have a Bachelor's degree from an accredited institution with a minimum cumulative GPA of 2.75 out of 4.00. [1] The application requires a completed online form, a personal statement, two letters of recommendation, and GRE scores. [1] For international students, a minimum TOEFL score of 79, IELTS score of 6.5, or Duolingo score of 115 is necessary. [1] Unofficial transcripts and self-reported test scores are accepted for the initial review, but official documents must be submitted upon admission. [1] Before starting the dissertation, students must pass a qualifying exam which includes a portfolio of work and an oral examination. [1]",Not Required,,False,False,False,False,False,False,,False,False,False,False,False,False,False,False,False,,,,School of Education,,,,,,,,Specialization in Art Education,"Impact the next generation of art teachers and help develop the research that demonstrates the importance of art education on students' overall academic performance. [3] As a candidate for the Ph.D. in Art Education, you'll work with faculty partners to investigate how art is taught in real classroom settings, how gender and ethnic background affect art education, and how technology is changing the way we teach art. [3] This 90-credit hour degree prepares you for a career as a university or college educator and researcher. [3]",,https://graduate.indiana.edu/degrees-programs/degrees.html,,,,FALSE,False,,4.0,2.75,,,,,,,,,,,,,,,,,,False,False,,,,,,,,,,,,,,,,,,,,,,,,,Dean's Fellowship and University Graduate School diversity fellowships,FALSE,,,FALSE,FALSE,,,
,Art Therapy (Master),,,,,Graduate,Fall 2026,,,,Required,Required,Not Required,REQUIRED,"The application for the Master of Arts in Art Therapy at Indiana University's Herron School of Art and Design requires a 3.0 GPA on a 4.0 scale from a bachelor's degree. [4] Applicants must have completed 18 credit hours of studio art and 12 credit hours of psychology, including developmental and abnormal psychology. [4] A portfolio with 10 images demonstrating competency in various 2D and 3D media is required. [1] Additionally, a 500- to 750-word personal statement, a résumé, and three letters of recommendation are needed. [1] An interview is also part of the final application process. [1]",Not Required,,True,False,True,True,False,False,,True,False,False,False,True,True,True,False,False,,,,,,,,,,,,,"Positioned within Indiana's premier urban research institution, Herron's two-year, full-time program unites the concepts of science, art, and the creative process for application in the therapeutic context. [1] Facilitate healing through creativity. [1] Our art therapy program offers an immersive learning experience utilizing psychotherapeutic principles' theoretical and practical applications. [1, 4] Through various interventions and in myriad settings, you will be exposed to contemporary approaches, evidence-based practices, and research methodologies including art-based inquiry. [1, 4] You will gain hands-on experience in didactic and experiential teaching methods and be encouraged to use personal art-making across the curriculum to develop knowledge, skills, attitudes, and behaviors required for art therapy's competent and ethical practice. [1]",,https://graduate.indiana.edu/degrees-programs/degrees.html,The Master of Arts in art therapy program at Herron School of Art and Design at IU Indianapolis is accredited by the Commission on Accreditation of Allied Health Education Programs (CAAHEP) upon the recommendation of the Accreditation Council for Art Therapy Education (ACATE). [1],,,FALSE,False,,4.0,,,,,,,,,,,,,,,,,,,False,False,,,110.0,112,,,6.5,,,54.0,,79,,,,,,,,,,,,,,FALSE,,,FALSE,FALSE,,,
,Arts Education (Doctoral),,,,,Doctoral,Fall 2026,,,,,,GRE,REQUIRED,,,,False,False,True,False,True,False,,True,False,False,False,False,True,False,False,False,,,,School of Education,,,,,,,,Specialization in Art Education,"Impact the next generation of art teachers and help develop the research that demonstrates the importance of art education on students' overall academic performance. As a candidate for the Ph.D. in Art Education, you'll work with faculty partners to investigate how art is taught in real classroom settings, how gender and ethnic background affect art education, and how technology is changing the way we teach art. This 90-credit hour degree prepares you for a career as a university or college educator and researcher. At the completion of your course work and before you begin your dissertation, you will need to pass a qualifying exam, in the form of portfolio of work and an oral examination. [1]",,https://graduate.indiana.edu/degrees-programs/degrees.html,,,The official website lists the residential Ed.D. in Art Education tuition for the 2026-2027 academic year as $488.15 per credit hour for Indiana residents and $1640.07 per credit hour for non-residents. Specific per-credit costs for the Ph.D. program are not detailed.,FALSE,False,,4.0,2.75,,,,,,,,,,,,,,,,,,False,False,,,115.0,,,,6.5,,,,,79,,,,,,,,,,,,,"The Lowell Scholarship is available for all Art Education students. Additionally, applicants are automatically considered for the Dean's Fellowship and University Graduate School diversity fellowships.",FALSE,,,FALSE,FALSE,,,
,Arts Management and Leadership (Certificate),,,,,Graduate-Certificate,Fall 2026,,,,,,Not Required,REQUIRED,,,,True,False,True,False,False,False,,True,False,False,False,False,True,False,False,False,,,,O'Neill School of Public and Environmental Affairs,,"$38,107",,,,,,,,,https://graduate.indiana.edu/degrees-programs/degrees.html,,,,FALSE,False,,4.0,3.0,,,,,,,,,,,,,,,,,,False,False,,,110.0,,,,6.5,,,,,80,,,,,,,,,,,,Certificate programs are not eligible for departmental funding. [19],Fellowships,FALSE,,,FALSE,FALSE,,,
,Biochemistry and Molecular Biology (M.Sc.),,,,,Graduate,Fall 2026,,,,,,Not Required,REQUIRED,,,,False,False,True,False,False,False,,True,False,False,False,False,True,False,False,False,,,,Indiana University School of Medicine,,,,,,,,,,,https://graduate.indiana.edu/degrees-programs/degrees.html,,,,FALSE,False,,4.0,3.0,,,,,,,,,,,,,,,,,,False,False,,,115.0,,,,6.5,,,,,79,,,,,,,,,,,,,,FALSE,,,FALSE,FALSE,,,
,Biology (PhD),,,,,Doctoral,Fall 2026,,,,,,Optional,REQUIRED,,,,False,False,True,False,False,False,,True,False,False,False,True,True,False,False,False,,,,,,,,,,,,,,,https://graduate.indiana.edu/degrees-programs/degrees.html,,,,FALSE,True,,,,,,,,,,,,,,,,,,,,,False,False,,,120.0,,,,7.0,,,68.0,,100,,,,,,,,,,,,,,FALSE,,,FALSE,FALSE,,,
,Biology (M.Sc.),,,,,Graduate,Fall 2026,,,,Required,Required,Not Required,REQUIRED,"Applicants should have completed an undergraduate degree in one of the life sciences, with at least 3 semesters of Biology, 4 semesters of Chemistry, including Organic Chemistry, 1 semester of Biochemistry, 2 semesters of Physics, and one advanced Mathematics course beyond algebra and trigonometry. [1] Applications from students lacking any of the general requirements will be considered, but any deficiencies must be resolved before completion of the program. [1]",Not Required,,True,False,False,False,False,False,,True,False,False,False,False,True,True,False,False,,,,College of Arts and Sciences,,,,,,,,,,,https://graduate.indiana.edu/degrees-programs/degrees.html,,,$535 per credit plus fees,FALSE,True,,4.0,3.0,,,,,,,,,,,,,,,,,,False,False,,,,,,,,,,,,80,,,,,,,,,,,,,"Teaching Assistantships, Research Assistantships, Fellowships",FALSE,,,FALSE,FALSE,,,
,Biostatistics (M.Sc.),,,,,Graduate,Fall 2026,,,,Required,Required,Not Required,REQUIRED,"All applicants to the Master of Science in Biostatistics must have a bachelor's degree from an accredited university or college, show evidence of satisfactory preparation in math and computer skills, and have an acceptable academic record. Admissions criteria include a Baccalaureate degree from an accredited university or college, transcripts from all colleges and universities attended (except Indiana University), and completion of College Calculus I and II. Other admission factors include strong references, work experience, and a personal statement. [10]",Not Required,,True,False,True,True,False,False,,True,False,False,False,True,True,True,False,False,,,,,,,,,,,,,The MS in Biostatistics is an academic degree program for students with a background in math and a strong interest in public health. The program emphasizes statistical theory and methods so that students are prepared to be effective statistical collaborators in interdisciplinary studies; and lead the design and execution of studies.,,https://graduate.indiana.edu/degrees-programs/degrees.html,,,,FALSE,False,,,,,,,,,,,,,,,,,,,,,False,False,,,110.0,112,,,6.5,,,54.0,,79,,,,,,,,,,,,,,FALSE,,,FALSE,FALSE,,,
,Business (Doctoral),,,,,Doctoral,Fall 2026,,,,,Required,Either,REQUIRED,"Admission to the Kelley School of Business Doctoral Program is very competitive. Applicants are ranked according to the strengths of their credentials, as well as the school's ability to match an applicant's research interests with an available faculty mentor. The following criteria are evaluated: Scores on nationally standardized examinations (GMAT or GRE), strength of recommendation letters, quality of previous undergraduate and graduate work, and the applicant's statement of academic career objectives. [14] A minimum academic standard of a B average or 3.0 on a 4.0 scale in a bachelor's degree program is required for full admission to the Graduate School. [14]",,,False,False,False,False,True,False,,False,False,False,False,False,True,False,False,False,,,,Kelley School of Business,"As is typical in doctoral programs in business, Kelley doctoral students do not pay tuition. [8]","As is typical in doctoral programs in business, Kelley doctoral students do not pay tuition. [8]",,,,,,"['Accounting', 'Business Economics and Public Policy', 'Decision Sciences', 'Entrepreneurship', 'Finance', 'Information Systems', 'Marketing', 'Operations Management', 'Organizational Behavior and HR Management', 'Strategic Management']","The Business Economics and Public Policy (BEPP) PhD program at Kelley is an economics-based doctoral program designed to place graduates in research-focused positions at top business schools, economics departments, and policy institutions. What makes Kelley distinctive is our focus on applied microeconomics—the tools, frameworks, and insights that help us understand how firms, people, and industries make decisions and interact. This emphasis appeals to students eager to explore questions that matter for both business strategy and public policy. Our program is intentionally small, admitting only one to two students each year. With nearly 20 research-active faculty, that translates into a 2:1 faculty-to-student ratio. The result is highly personalized mentoring, frequent opportunities for research collaboration, and strong support for co-authoring articles early in your career.",,https://graduate.indiana.edu/degrees-programs/degrees.html,The Kelley School of Business is accredited by the Association to Advance Collegiate Schools of Business (AACSB).,,,FALSE,True,,4.0,3.0,,,,,,,,,,,,,,,,,,False,False,,,,,,,,,,,,,,,,,,,,,,,,100%,All doctoral students at Kelley receive a basic financial aid package that provides a stipend for living expenses and health insurance through Indiana University's student health and dental insurance plan. [8],FALSE,,,FALSE,FALSE,,,
,Master of Science in Business Administration,,,,,Graduate,Fall 2026,,,,,,,,,,,False,False,False,False,False,False,,False,False,False,False,False,False,False,False,False,,,,,,,,,,,,,,,https://vertexaisearch.cloud.google.com/grounding-api-redirect/AUZIYQHfw852EknuadqfukWCzqLPBI63JWcuptjFF342oF6NcQ8Tg1pQIdaZkA9uu6yqW3w9_1eKaRf1xLDUZ4Yb3TkjknaNq3zT0XhB_Qd-oIrAJH5SQ5x3EWZ50Bn1XBaPFR1Qknr23VlxdLWq79joABr5xQ==,,,,FALSE,False,,,,,,,,,,,,,,,,,,,,,False,False,,,,,,,,,,,,,,,,,,,,,,,,,,FALSE,,,FALSE,FALSE,,,
,Cancer Biology (PhD),,,,,Doctoral,Fall 2026,,,,Required,Required,,,"The application requirements for the Cell, Molecular and Cancer Biology PhD program include the equivalent of a bachelor's degree in the sciences (biology, biochemistry, chemistry, molecular/cell biology), a completed University Graduate School application, TOEFL or IELTS scores for non-native English speakers, official transcripts, a curriculum vitae or resume, essay responses about experience, interest, and career goals, three letters of recommendation, and a non-refundable $70 application fee. [5]",Not Required,,True,False,False,False,False,False,,False,False,False,False,False,False,False,False,False,,,,Indiana University School of Medicine,"For eligible PhD students, the research fellowship covers tuition and mandatory fees.","For eligible PhD students, the research fellowship covers tuition and mandatory fees.",,,,,,Translational Cancer Biology,"Reducing the burden of cancer requires rapid translation of research breakthroughs into clinical therapies—and that requires specifically trained cancer scientists. Our new doctoral program in Translational Cancer Biology trains investigators not only in fundamental research, but also in innovative fields like precision genomics, immunotherapy, drug development and screening, data science, and more. Our PhD in Translational Cancer Biology is student-centered, workforce-aligned, and future-focused. [11] You will complete course work and conduct research on a wide range of cancer topics, including: Cancer prevention and control; Mechanisms of carcinogenesis; Cancer genomics; Signaling pathway alterations in cancer; Biomarkers of cancer progression; Developing novel therapies for specific cancers; The impact of cancer on quality of life; and. Improving quality of life for survivors. [11]",,https://graduate.indiana.edu/degrees-programs/degrees.html,,,,FALSE,True,,,3.0,,,,,,,,,,,,,,,,,,False,False,,,,,,,,,,,,,,,,,,,,,,,"PhD students eligible to work in the United States receive a research fellowship, which includes an annual stipend of $36,000 for the 2025-26 academic year.",,Research fellowship,FALSE,,,FALSE,FALSE,,,
,Cellular Physiology and Molecular Biophysics (PhD),,,,,Doctoral,Fall 2026,,,,Required,Required,,,"PhD aApplicants must have relevant research experience, with a strong recommended background in the sciences. While there are no formal course requirements for the Indiana BioMedical Gateway (IBMG) Program for PhD Study, a bachelor's degree in sciences is strongly recommended. Recommended courses include biology, physics, chemistry, organic chemistry, biochemistry, cell biology, and genetics. [1]",Not Required,,True,False,False,False,False,False,,False,False,False,False,False,False,False,False,False,,,,,,,,,,,,,,,https://graduate.indiana.edu/degrees-programs/degrees.html,,,,FALSE,True,,,,,,,,,,,,,,,,,,,,,False,False,,,,,,,,,,,,,,,,,,,,,,,,,,FALSE,,,FALSE,FALSE,,,
,Central Eurasian Studies (PhD),,,,,Doctoral,Fall 2026,,,,,,,REQUIRED,"To apply for graduate programs, applicants must use the online application. Admission decisions are made by the specific graduate program, not the central graduate school. [2] General requirements include an online application, application fee (where applicable), evidence of an earned bachelor's degree from an accredited institution, and official transcripts. [15] Additional requirements such as entrance exams, letters of reference, and personal statements are often program-specific. [15]",,,False,False,False,False,False,False,,True,False,False,False,True,True,False,False,False,,,,Hamilton Lugar School of Global and International Studies,,,,,,,,"['Baltic-Finnish region (with primarily Estonian or Finnish as language of specialization)', 'Central Asian region (including Xinjiang, with primarily Uyghur and Uzbek, but also Kazakh, as language of specialization)', 'Hungarian region (with Hungarian as language of specialization)', 'Iranian region (with Persian as language of specialization)', 'Mongolian region (with Mongolian as language of specialization)', 'Tibetan region (with Tibetan as language of specialization)', 'Turkish region (with Turkish as language of specialization)', 'Post-Communism and Nationalism', 'Siberian region (individualized specialization)', 'Volga-Kama region (individualized specialization)']","The department offers a comprehensive program on the study of Central Eurasia, the vast heartland of Europe and Asia. Students may specialize in one or more of the major regions within Central Eurasia, or they may specialize in issues cutting across the areas, or in Central Eurasia as a whole. The degree program consists of two interconnected elements: a language of specialization, which gives a student access to the culture of a given region through the voices of its people; and a region of specialization, which includes courses on various aspects of the region's culture. [4] The Ph.D. program in Central Eurasian Studies at HLS will allow you to work with renowned faculty and graduate well-prepared for an academic career at the university level. You'll develop expertise in the culture, history, and language of a region within this vast and critical part of the world. [6]",,https://graduate.indiana.edu/degrees-programs/degrees.html,,,,FALSE,False,,4.0,3.0,,,,,,,,,,,,,,,,,,False,False,,,,,,,,,,,,,,,,,,,,,,,,,"FLAS fellowships, departmental fellowships",FALSE,,,FALSE,FALSE,,,
,Chemistry (PhD),,,,,Doctoral,Fall 2026,,,,Required,Required,,,"A resume or curriculum vita is required to be uploaded in the online application. [1] A personal statement of 300-500 words is also required, describing your motivation for obtaining a PhD in Chemistry, long-term career plans, research experience, and future research interests. [1] Additionally, three letters of recommendation are needed. [1] Unofficial transcripts are accepted for the review process, but official transcripts are required if admitted. [1] For international applicants, TOEFL/IELTS scores are required, with some exceptions. [2]",Not Required,,True,True,False,False,False,False,,,False,False,False,,,,False,False,,,,College of Arts and Sciences,,,,,,,,"['Analytical Chemistry', 'Chemical Biology', 'Inorganic Chemistry', 'Materials Chemistry', 'Organic Chemistry', 'Physical Chemistry']","The Chemistry Graduate Program at IU provides outstanding opportunities and a supportive environment for advanced study and training in numerous fields of chemistry, including emerging and interdisciplinary research. The program's faculty are at the forefront of the global research community and engage graduate students in cutting-edge research. Graduates are prepared for careers in industry, academia, government, and other areas. The program emphasizes the attainment of a high level of research expertise in a specialized area, as well as the development of broad chemical knowledge through coursework and research seminars. The major emphasis for the Ph.D. degree is on research, supported by a professional development seminar and a course dedicated to introducing research. The department also supports various career development opportunities. Students may choose to focus on one of six specialized areas of chemistry or pursue research projects spanning multiple areas.",,https://graduate.indiana.edu/degrees-programs/degrees.html,,,,FALSE,True,,4.0,3.0,,,,,,,,,,,,,,,,,,False,False,,,,,,,,,,,,,,,,,,,,,,,,,"Teaching Assistantship, Research Assistantship",FALSE,,,FALSE,FALSE,,,
,Chemistry & Chemical Biology (PhD),,,,,Doctoral,Fall 2026,,,,Not Required,Required,Optional,REQUIRED,"To apply to our master's or Ph.D. program, you should have a baccalaureate degree from an accredited institution, show promise of ability to engage in advanced work, and have completed at least 35 credit hours of chemistry broadly representative of the fields of the discipline in a chemistry curriculum. [1]",Not Required,,False,True,True,False,False,False,,True,False,False,False,False,True,False,False,False,,,,,,,,,,,,,,,https://graduate.indiana.edu/degrees-programs/degrees.html,,,,FALSE,True,,,,,,,,,,,,,,,,,,,,,False,False,,,115.0,,,,6.5,,,,,79,,,,,,,,,,,,,,FALSE,,,FALSE,FALSE,,,
,Civil Engineering (Doctorate in Philosophy),,,,,Doctoral,Fall 2026,,,,,,,,,,,False,False,False,False,False,False,,False,False,False,False,False,False,False,False,False,,,,,,,,,,,,,,,https://graduate.indiana.edu/degrees-programs/degrees.html,,,,FALSE,False,,,,,,,,,,,,,,,,,,,,,False,False,,,,,,,,,,,,,,,,,,,,,,,,,,FALSE,,,FALSE,FALSE,,,
,Clinical Psychology (PhD),,,,,Doctoral,Fall 2026,,,,Required,Required,Not Required,REQUIRED,"A completed application to the graduate program must include official transcripts from all colleges or universities attended, a personal statement, and three letters of recommendation. [15, 18] International applicants for whom English is not their native language must also submit a TOEFL or IELTS score. [15]",Not Required,,False,True,False,False,False,False,,True,False,False,False,False,True,False,False,False,,,,College of Arts and Sciences,,,,,,,,Clinical Science,"Our Clinical Science program has the principal goal of training students who can function as clinical psychological scientists. The Clinical Science Program at Indiana University is designed to prepare students to become clinical scientists, that is, to be producers of and collaborators in the production of new knowledge regarding the assessment, understanding, and treatment of psychiatric and psychological disorders. The three major domains of the program that reflect this are research, application, and dissemination. We believe that a clinical scientist should be capable of: Advancing basic knowledge by conducting programmatic research on clinical problems, applying this knowledge to address clinical problems through assessment and intervention, and disseminating this knowledge to a wide variety of audiences.",,https://psych.indiana.edu/,"The Clinical Science Program in the Department of Psychological and Brain Sciences at Indiana University is accredited by two organizations, The American Psychological Association (APA) and the Psychological Clinical Science Accreditation System (PCSAS). [12]",,,FALSE,True,,4.0,3.0,,,,,,,,,,,,,,,,,,False,False,,,,,,,6.5,,,,,79,,,,,,,,,,,,,Research Fellowships and Graduate Student Instructor (GSI) positions,FALSE,,,FALSE,FALSE,,,
,Communications (Doctoral),,,,,Doctoral,Fall 2026,,,,,,Not Required,REQUIRED,"General application requirements for graduate programs at Indiana University are determined by the specific program of interest. There are no university-wide requirements for documents such as a resume, statement of purpose, or writing sample at the graduate level.",,,True,True,False,False,False,False,,False,False,False,False,False,True,False,False,False,,,,,,,,,,,,,"Whether you want to dive more deeply into a current interest or branch out into fresh fields of inquiry, we'll prepare you for a successful career in academia. Our Ph.D. in media arts and sciences program is one of the top research programs in media and communication, with one of the most productive graduate student research records in the world. Our customizable curriculum will give you plenty of room to grow and explore. It grants the opportunity to dive deeply into your disciplinary focus, but also provides a space in which you can explore meaningful interdisciplinary discussions and collaborations. Our doctoral students research topics as varied as embodied cognition, Israeli satire, and Black Twitter. Plus, you'll join a dynamic, diverse group of students who share your love of media research. [2, 3] This 90-credit program includes a core curriculum, courses in research methods, and a custom course plan — including a minor — that you'll choose under the guidance of a faculty advisory committee. [2]",,https://graduate.indiana.edu/degrees-programs/degrees.html,,,,FALSE,False,,,,,,,,,,,,,,,,,,,,,False,False,,,,,,,,,,,,100,,,,,,,,,,,,,,FALSE,,,FALSE,FALSE,,,
,Computational Data Science (Mathematics) (M.Sc.),,,,,Graduate,Fall 2026,,,,,,,REQUIRED,,,,True,True,True,False,False,False,,True,,,,True,True,False,False,False,,,,,,,,,,,,,,,https://graduate.indiana.edu/degrees-programs/degrees.html,,,,FALSE,False,,,,,,,,,,,,,,,,,,,,,False,False,,,110.0,,,,6.5,,,59.0,,80,,,,,,,,,,,,,,FALSE,,,FALSE,FALSE,,,
,Computer and Information Sciences (Doctoral),,,,,Doctoral,Fall 2026,,,,Required,Required,,,"A bachelor's degree; master's preferred. Overall GPA of 3.5 or higher on a 4.0 scale. A course in multivariate calculus, linear algebra, and statistics or probability theory. A course in programming, data structures, machine organization, and discrete structures or discrete mathematics.",Not Required,,False,True,False,False,False,False,,False,False,False,False,False,False,False,False,False,,,,,,,,,,,,,"A doctoral degree from the Luddy School of Informatics, Computing, and Engineering is a mark of distinction. It shows you have the passion and the ability to make a real, substantive contribution to your field. It shows you’re a leader. Our doctoral programs will give you the opportunity to work alongside some of the top faculty in the world on research that can change the way we live and work.",,https://luddy.iu.edu/academics/doctoral/index.html,,,,FALSE,True,,,,,,,,,,,,,,,,,,,,,False,False,,,,,,,,,,,,,,,,,,,,,,,,,,FALSE,,,FALSE,FALSE,,,
,Computer Science (Doctoral),,,,,Doctoral,Fall 2026,,,,Required,Required,,,"To be considered for admission, you must have a four-year bachelor’s degree or the equivalent from a college or university, with a GPA of at least 3.0. We do not require a master's degree for our Ph.D. programs. However, a master’s degree is preferred. International applicants must submit proof of English proficiency.",Optional,,True,False,False,False,False,False,,,False,False,False,,,,False,False,,,,,,,,,,,,,,,https://graduate.indiana.edu/degrees-programs/degrees.html,,,,FALSE,True,,,,,,,,,,,,,,,,,,,,,False,False,,,,,,,,,,,,,,,,,,,,,,,,,,FALSE,,,FALSE,FALSE,,,
,Counseling and Counselor Education (Master),,,,,Graduate,Fall 2026,,,,Required,Required,Not Required,REQUIRED,"Applicants must have a Bachelor's degree from an accredited institution with a minimum cumulative GPA of 2.75 out of 4.00. [1] The online application must include a personal statement, a resume, and three letters of recommendation. International students must provide a minimum TOEFL score of 79, a minimum IELTS score of 6.5, or a minimum Duolingo score of 115. [1]",Not Required,,True,False,True,False,False,False,,True,False,False,False,False,True,False,False,False,,,,School of Education,"Indiana resident: $14,644.5/Year, Non-resident: $49,202.1/Year. (Estimated for the 2026-2027 academic year, based on 30 credit hours per year).","Indiana resident: $14,644.5/Year, Non-resident: $49,202.1/Year. (Estimated for the 2026-2027 academic year, based on 30 credit hours per year).",,,,,,Mental Health Track,"This 60-credit hour degree prepares you for a career as a professionally-licensed mental health counselor in a variety of community settings. Through a combination of coursework, laboratory experiences, practica, and internships you'll develop effective counseling skills and gain the qualifications and confidence needed to help others. [1]",,https://graduate.indiana.edu/degrees-programs/degrees.html,"The M.S. Ed in Mental Health Counseling and Counselor Education is accredited by the Masters in Psychology and Counseling Accreditation Council (MPCAC) for the period of August, 2018 through August, 2028. [1]",,"2026-2027 Academic Year: Indiana resident: $488.15, Non-resident: $1640.07 [9]",FALSE,False,,4.0,2.75,,,,,,,,,,,,,,,,,,False,False,,,115.0,,,,6.5,,,,,79,,,,,,,,,,,,,,FALSE,,,FALSE,FALSE,,,
,Counseling Psychology (Doctoral),,,,,Doctoral,Fall 2026,,,,Required,Required,Not Required,REQUIRED,"A brief (500 words or less) statement of your professional goals and how this program will help you meet them, and a second, more detailed autobiographical statement describing the evolution of your interest in counseling psychology, your research interests and their relation to faculty in the program, and your professional aspirations.",Not Required,,True,False,True,False,False,False,,True,False,False,False,False,True,False,False,False,,,,School of Education,,,,,,,,,"Become a counseling psychologist through a program where your knowledge of theoretical systems informs your clinical approach, and your practice guides your research. [1] This APA-accredited Ph.D. program is based on a scientist-practitioner training model, with a strong emphasis on multicultural issues and social justice. [1] You'll learn to apply psychological principles with an understanding of and respect for differing world views. [1] You'll undertake original research under the guidance of a faculty advisor. [1] You'll get real-world experience as both a counselor and a counselor supervisor. [1]",,https://graduate.indiana.edu/degrees-programs/degrees.html,The Ph. D. program in Counseling Psychology is accredited by the American Psychological Association. [1],,"Indiana resident: $478.58, Non-resident: $1607.92",FALSE,False,,4.0,2.75,,,,,,,,,,,,,,,,,,False,False,,,115.0,,,,6.5,,,,,79,,,,,,,,,,,Grants of about $1000-$3000 are available for the academic year.,,"Fellowships, assistantships, and grants.",FALSE,,,FALSE,FALSE,,,
,Creative Writing (Certificate),,,,,Graduate-Certificate,Fall 2026,,,,,,,,,,,True,True,,,,,,,,,,,,,,,,,,,,,,,,,,,,,https://graduate.indiana.edu/degrees-programs/degrees.html,,,,FALSE,False,,,,,,,,,,,,,,,,,,,,,False,False,,,,,,,,,,,,,,,,,,,,,,,,,,FALSE,,,FALSE,FALSE,,,
,Creative Writing and Literature (Master's Degree Program),,,,,Graduate,Fall 2026,,,,,,,,,,,False,False,False,False,False,False,,,False,False,False,,,,False,False,,,,,,,,,,,,"['Fiction', 'Poetry']","Indiana University's graduate program in Creative Writing offers three years of fully-funded study leading to a Master of Fine Arts degree. Our award-winning faculty works hands-on with candidates throughout a three-year program focused on the learning, application, and integration of craft concepts and the generation and workshopping of original student poetry and fiction. Your thesis is a book-length manuscript in the genre of your choice.",,https://graduate.indiana.edu/degrees-programs/degrees.html,,,,FALSE,False,,,,,,,,,,,,,,,,,,,,,False,False,,,,,,,,,,,,,,,,,,,,,,,,,,FALSE,,,FALSE,FALSE,,,
,Crime Mapping and Analysis (Certificate),,,,,Graduate-Certificate,Fall 2026,,,,,,,,,,,False,False,False,False,False,False,,False,False,False,False,False,False,False,False,False,,,,,,,,,,,,,,,https://graduate.indiana.edu/degrees-programs/degrees.html,,,,FALSE,False,,,,,,,,,,,,,,,,,,,,,False,False,,,,,,,,,,,,,,,,,,,,,,,,,,FALSE,,,FALSE,FALSE,,,
,Criminal Justice (Doctoral),,,,,Doctoral,Fall 2026,,,,Required,Required,,,"Admission decisions are influenced by past academic performance, academic and professional experiences, letters of recommendation, the statement of purpose for pursuing graduate study at Indiana University, and scores on the Graduate Record Examinaton (verbal, quantitative, and analytic sections). [2] No one criterion is dispositive in the admission decision. The committee considers the entirety of all materials submitted by the applicant when deciding whether they are a good fit for graduate study in the department. [2]",Optional,,False,True,,,,,,,,,,,,,,,,,,,,,,,,,,,,,https://graduate.indiana.edu/degrees-programs/degrees.html,,,,FALSE,False,,,,,,,,,,,,,,,,,,,,,False,False,,,,,,,,,,,,,,,,,,,,,,,,,,FALSE,,,FALSE,FALSE,,,
,"Curriculum and Instruction – Specialization in Art Education (Ed.D., Residential or Online)",,,,,Graduate,Fall 2026,,,,,,,,,,,True,True,,,,,,,,,,,,,,,,,,School of Education,,,,,,,,Art Education,"Prepare for positions oriented to teaching and teacher education in higher education; leadership in K-12, museum or other community settings; or work as an independent consultant or scholar. Such roles require the ability to critically analyze ideas and issues; design and implement curricula aligned with contemporary policy and theory; support and mentor novice and practicing educators; and make significant and ongoing contributions to the field of art education through teaching, scholarship and service. [1] This 60-hour Ed D is the right choice if you prefer research that seeks practical and tangible solutions to challenges in the field of art education. [1] This is a rigorous program in keeping with expectations of doctoral-level work at Indiana University Bloomington. [1] It demands a substantial commitment and offers access to the university's vast intellectual resources. [1] It provides not only course work but also opportunities to conduct research, participate in scholarly publication, and gain teaching experiences in higher education. [1] This degree is fully available online. [1]",,https://graduate.indiana.edu/degrees-programs/degrees.html,,,,FALSE,False,,4.0,2.75,,,,,,,,,,,,,,,,,,False,False,,,,,,,,,,,,,,,,,,,,,,,,,"Dean's Fellowship, University Graduate School diversity fellowships",FALSE,,,FALSE,FALSE,,,
,Curriculum and Instruction – Specialization in Art Education (Ph.D.),,,,,Graduate,Fall 2026,,,,,,,,,,,True,True,,,,,,,,,,,,,,,,,,School of Education,,,,,,,,Specialization in Art Education,"Impact the next generation of art teachers and help develop the research that demonstrates the importance of art education on students' overall academic performance. As a candidate for the Ph.D. in Art Education, you'll work with faculty partners to investigate how art is taught in real classroom settings, how gender and ethnic background affect art education, and how technology is changing the way we teach art. This 90-credit hour degree prepares you for a career as a university or college educator and researcher. [3]",,https://graduate.indiana.edu/degrees-programs/degrees.html,,,,FALSE,False,,4.0,2.75,,,,,,,,,,,,,,,,,,False,False,,,,,,,,,,,,,,,,,,,,,,,,,Dean's Fellowship and University Graduate School diversity fellowships,FALSE,,,FALSE,FALSE,,,
,"Curriculum and Instruction – Specialization in Mathematics Education (Ed.D., Online)",,,,,Graduate,Fall 2026,,,,,,,,,,,True,True,,,,,,,,,,,,,,,,,,,,,,,,,,,,,https://graduate.indiana.edu/degrees-programs/degrees.html,,,,FALSE,False,,,,,,,,,,,,,,,,,,,,,False,False,,,,,,,,,,,,,,,,,,,,,,,,,,FALSE,,,FALSE,FALSE,,,
,Curriculum and Instruction – Specialization in Mathematics Education (Ph.D.),,,,,Graduate,Fall 2026,,,,,,GRE,REQUIRED,,,,True,True,True,False,True,False,,True,False,False,False,False,True,False,False,False,,,,,,,,,,,,Specialization in Mathematics Education,"The Ph.D. in Curriculum and Instruction with a specialization in Mathematics Education prepares students to conduct research and teach mathematics and mathematics education at colleges and universities. [4] The doctoral program, which consists of 90 credit hours, centers on K-12 mathematics teaching and learning. [4] Students develop skills for various roles in Mathematics Education, including research, teacher education, and curriculum development. [6] The curriculum includes learning new strategies to engage students, such as problem-based and discussion-rich teaching methods, and the appropriate use of technology in mathematics classrooms. [6]",,https://graduate.indiana.edu/degrees-programs/degrees.html,,,,FALSE,False,,,,,,,,,,,,,,,,,,,,,False,False,,,115.0,,,,6.5,,,,,79,,,,,,,,,,,,,,FALSE,,,FALSE,FALSE,,,
,"Curriculum and Instruction – Specialization in Science Education (Ed.D., Residential or Online)",,,,,Graduate,Fall 2026,,,,,,Optional,REQUIRED,,,,True,True,True,False,False,False,,True,False,False,False,False,True,False,False,False,,,,,,,,,,,,Specialization in Science Education,"This program is ideal for science educators who have already earned a master's degree but want to continue building their skills and knowledge. [5] Designed to train practitioners, this 60-credit hour degree program offers you the opportunity to apply research-based theories to practical settings related to teacher training and young learner's concepts of science, among other topics. [2, 5] You will also have the opportunity to deepen your knowledge in your chosen content area through advanced science coursework. [2, 5]",,https://graduate.indiana.edu/degrees-programs/degrees.html,,,,FALSE,False,,,,,,,,,,,,,,,,,,,,,False,False,,,115.0,,,,6.5,,,,,79,,,,,,,,,,,,,,FALSE,,,FALSE,FALSE,,,
,Curriculum and Instruction – Specialization in Science Education (Ph.D.),,,,,Graduate,Fall 2026,,,,,,Not Required,REQUIRED,,,,True,True,True,False,False,False,,True,False,False,False,False,True,False,False,False,,,,,,,,,,,,Specialization in Science Education,"The Ph.D. in Curriculum and Instruction with a Specialization in Science Education is designed to build upon your passion for science while developing the knowledge and skills to effectively engage others in the learning and doing of science across a variety of contexts. [3, 4] Through the program, you will engage in critical study of learning and teaching across all science disciplines. [3, 4] You will have the opportunity to participate in research projects and teaching experiences aimed at improving science learning for all ages and across a range of settings. [3, 4] Graduates from the program have found rewarding careers in science education within K-12 educational settings, higher education, as well as informal/free-choice science contexts. [3, 4]",,https://graduate.indiana.edu/degrees-programs/degrees.html,,,,FALSE,False,,,,,,,,,,,,,,,,,,,,,False,False,,,115.0,,,,6.5,,,,,79,,,,,,,,,,,,,,FALSE,,,FALSE,FALSE,,,
,Cybersecurity (Master's Degree Program),,,,,Graduate,Fall 2026,,,,,,Not Required,REQUIRED,,,,True,True,True,False,False,False,,True,False,False,False,False,True,False,False,False,,,,,,,,,,,,,,,https://graduate.indiana.edu/degrees-programs/degrees.html,,,,FALSE,False,,,,,,,,,,,,,,,,,,,,,False,False,,,120.0,,,,7.0,,,,,96,,,,,,,,,,,,,,FALSE,,,FALSE,FALSE,,,
,Data Analytics and Program Evaluation (MS Online),,,,,Graduate,Fall 2026,,,,,,Optional,REQUIRED,,,,True,True,True,False,False,False,,True,False,False,False,False,True,False,False,False,,,,,,,,,,,,,"By taking classes with both the O'Neill School and the Center for Evaluation, Policy, and Research within the IU Office of the Vice President for Research, you'll develop a strong understanding of qualitative and quantitative research methods so that you can take an evidence-based approach to determining what makes programming effective and valuable for your organization. This program can be completed in one calendar year, but—like all O'Neill School programs—includes curriculum designed to challenge you in order to help you achieve your career goals.",,https://oneill.indiana.edu/online/online-certificates/public-nonprofit-evaluation.html,,,,FALSE,False,,,,,,,,,,,,,,,,,,,,,False,False,,,110.0,,,,6.5,,,,,80,,,,,,,,,,,,,,FALSE,,,FALSE,FALSE,,,
,Data Science (Master's Degree Program),,,,,Graduate,Fall 2026,,,,,,,REQUIRED,,,,True,True,True,False,False,False,,True,False,False,False,False,True,False,False,False,,,,,,,,,,,,,"The Master of Science in Data Science program at Indiana University is designed for students who want to become data professionals with the vision and skills to solve problems by transforming information into insight. The program provides a holistically trained expertise to use data to unite communities, prevent disasters, transform industries, and improve lives. Students learn to mine large datasets, visualize findings, and manage high-throughput systems, while also exploring how data science drives smarter decisions in fields like health care, business, and tech. The curriculum covers the entire pipeline of data analysis, from data processing and storage to modeling, machine learning, and visualization, with a strong foundation in ethical, real-world applications. Graduates are prepared for a variety of roles, including data scientists, analysts, engineers, business intelligence analysts, programmers, software developers, and solutions architects.",,https://graduate.indiana.edu/degrees-programs/degrees.html,"Indiana University is accredited by the Higher Learning Commission (HLC). [4, 6]",,,FALSE,False,,,,,,,,,,,,,,,,,,,,,False,False,,,115.0,,,,6.5,,,,,79,,,,,,,,,,,,,,FALSE,,,FALSE,FALSE,,,
,Dentistry (Master),,,,,Graduate,Fall 2026,,,,,,Not Required,REQUIRED,,,,True,True,True,False,False,False,,True,False,False,False,False,True,False,False,False,,,,,,,,,,,,"['Dental materials', 'Endodontics', 'Orthodontics', 'Pediatric dentistry', 'Periodontology', 'Prosthodontics']","If you hold a doctorate in dentistry (D.D.S. or D.M.D.) and are ready to take the next step on your career path, the Indiana University School of Dentistry's Master of Science in Dentistry (M.S.D.) degree program is for you. [9] Choose the advanced dental education degree program that will prepare you for clinical practice or teaching. [9] The M.S.D. program is a combined degree and certificate program; the school does not offer the option to earn only a clinical certificate. [9]",,https://graduate.indiana.edu/degrees-programs/degrees.html,,,,FALSE,False,,,,,,,,,,,,,,,,,,,,,False,False,,,110.0,,,,6.5,,,,,79,,,,,,,,,,,,,,FALSE,,,FALSE,FALSE,,,
,Digital Media Design (Master's Degree Program),,,,,Graduate,Fall 2026,,,,,,,,,,,True,True,False,False,False,False,,False,False,False,False,False,False,False,False,False,,,,,,,,,,,,,,,https://graduate.indiana.edu/degrees-programs/degrees.html,,,,FALSE,False,,,,,,,,,,,,,,,,,,,,,False,False,,,,,,,,,,,,,,,,,,,,,,,,,,FALSE,,,FALSE,FALSE,,,
,Early Childhood Education (Doctoral),,,,,Doctoral,Fall 2026,,,,Optional,Required,GRE,REQUIRED,,Not Required,,False,False,True,False,True,False,,True,False,False,False,False,True,False,False,False,,,,School of Education,"Tuition for the 2025-2026 academic year is $478.58 per credit hour for Indiana residents and $1,607.92 for non-residents. This does not include additional mandatory fees, which vary.",,,,,,,Teacher Education and Curriculum Studies (Early Childhood Education Focus),"This program is designed for students who wish to: be professors who will prepare early childhood professionals; conduct research on issues impacting policy and practice; and/or work for an agency, institution, or organization that focusses on young children and families. You'll work closely with faculty to become familiar with scholarship in the field, undertake mentored and independent research, and become part of the wider community of scholars. The program emphasizes quality care and education across diverse cultures and contexts for birth to age 8; curriculum leadership; the value of play; and early childhood teacher education. [1]",,https://graduate.indiana.edu/degrees-programs/degrees.html,,,"{'Indiana resident': 478.58, 'Non-resident': 1607.92}",FALSE,False,,4.0,2.75,,,,,,,,,,,,,,,,,,False,False,,,115.0,,,,6.5,,,,,79,,,,,,,,,,,"The Proffitt Fellowship offers $24,000 for one year, and the School of Education Fellowship provides $25,000 per year. Both include tuition remission and health insurance.",,"The program offers various fellowships, including the Dean's Fellowship, University Graduate School diversity fellowships, and the Literacy, Culture, and Language Education Fellowship.",FALSE,,,FALSE,FALSE,,,
,Earth Sciences (PhD),,,,,Doctoral,Fall 2026,,,,,,Optional,REQUIRED,,,,True,True,True,False,False,False,,True,,,,False,True,,False,False,,,,College of Arts & Sciences,,,,,,,,"['Water Resources', 'Geochemical Processes', 'Physical Earth', 'Human and Environmental Systems']","Students in this program come from a range of science backgrounds but share a common interest in studying and discovering the interactions between earth processes and humans. The Ph.D. program prepares students for academic positions; research; and leadership positions in local, state, national, or private environmental organizations. You'll graduate ready to assess complex environmental systems and assist in providing sound options and solutions for optimizing human-environment interactions.",,https://graduate.indiana.edu/degrees-programs/degrees.html,,,,FALSE,False,,4.0,3.0,,,,,,,,,,,,,,,,,,False,False,,,115.0,,,,6.5,,,,,79,,,,,,,,,,,,100%,"Graduate Research Assistantships (GRAs), Graduate Teaching Assistantships (GTAs)",FALSE,,,FALSE,FALSE,,,
,Economic and Demographic Data Analysis (Certificate),,,,,Graduate-Certificate,Fall 2026,,,,,,,,"To apply for graduate programs at Indiana University, prospective students must use the IU Graduate CAS application portal. The general process involves selecting a specific program of study, as application requirements, deadlines, and decision timelines are determined by each individual program. Applicants are advised to carefully review the specific requirements for their chosen program, which may include submitting transcripts, letters of recommendation, a statement of purpose, and potentially a resume/CV or writing sample. Standardized test scores like the GRE may be required for some programs. The application process is decentralized, meaning that while there is a central application system, the evaluation and specific document requirements are managed at the departmental level.",,,True,True,False,False,False,False,,False,False,False,False,False,False,False,False,False,,,,,,,,,,,,,,,https://graduate.indiana.edu/degrees-programs/degrees.html,,,,FALSE,False,,,,,,,,,,,,,,,,,,,,,False,False,,,,,,,,,,,,,,,,,,,,,,,,,,FALSE,,,FALSE,FALSE,,,
,Economics (PhD),,,,,Doctoral,Fall 2026,,,,Optional,Required,,,"Applicants must present evidence of a baccalaureate degree or its equivalent, or show that they can expect such a degree by the time they begin graduate work. Three letters of recommendation are also required, usually from professors who can judge the student's potential for high-quality academic work. Results of the Graduate Record Examination (GRE) must also be submitted. International students must submit a TOEFL score unless they have or will receive an undergraduate degree from a college/university in the US, Canada, UK, Australia, New Zealand, South Africa, or Ireland or they have completed, at the time of application, four semesters of graduate study at an institution in the above mentioned countries. [1]",Optional,,False,False,False,False,False,False,,False,False,False,False,False,False,False,False,False,,,,College of Arts and Sciences,,,,,,,,,,,https://graduate.indiana.edu/degrees-programs/degrees.html,,,,FALSE,True,,4.0,3.0,,,,,,,,,,,,,,,,,,False,False,,,,,,,,,,,,,,,,,,,,,,,,,,FALSE,,,FALSE,FALSE,,,
,Education (Doctoral),,,,,Doctoral,Fall 2026,,,,,,,,,,,True,True,,,,,,,,,,,,,,,,,,School of Education,,,,,,,,,,,https://graduate.indiana.edu/degrees-programs/degrees.html,,,,FALSE,False,,4.0,3.0,,,,,,,,,,,,,,,,,,False,False,,,,,,,,,,,,,,,,,,,,,,,,,merit-based,FALSE,,,FALSE,FALSE,,,
,Educational Administration (Master's),,,,,Graduate,Fall 2026,,,,,,,REQUIRED,,,,False,False,True,False,False,False,,True,False,False,False,False,True,False,False,False,,,,School of Education,,"Based on the per-credit-hour cost for the 2025-2026 academic year, the total estimated tuition for the 36-credit hour program is $19,805.04 for Indiana residents and $23,479.56 for non-residents. [1]",,,,,,,,,https://graduate.indiana.edu/degrees-programs/degrees.html,,,"For the 2025-2026 academic year, the cost per credit hour for an Indiana resident is $550.14 and for a non-resident is $652.21. [1]",FALSE,False,,4.0,2.7,,,,,,,,,,,,,,,,,,False,False,,,115.0,,,,6.5,,,,,79,,,,,,,,,,,,,,FALSE,,,FALSE,FALSE,,,
,Educational Leadership (Doctoral),,,,,Doctoral,Fall 2026,,,,,,,,,,,True,False,,,,,,,,,,,,,,,,,,,,,,,,,,,,,https://graduate.indiana.edu/degrees-programs/degrees.html,,,,FALSE,False,,,,,,,,,,,,,,,,,,,,,False,False,,,,,,,,,,,,,,,,,,,,,,,,,,FALSE,,,FALSE,FALSE,,,
,"Educational Technology for Learning (M.S.Ed. in, Online Collaborative)",,,,,Graduate,Fall 2026,,,,Optional,Required,Optional,REQUIRED,"To be accepted to this program, you must have a bachelor's degree and a 3.0 GPA or above on a 4.0 scale. [2] The completed online application includes official transcripts, a personal statement, and two letters of recommendation. [2]",Not Required,,True,False,False,False,False,False,,True,False,False,False,True,True,True,False,False,,,,School of Education,,,,,,,,,,,https://graduate.indiana.edu/degrees-programs/degrees.html,,,$350 in state | $490 out of state. [14],FALSE,False,,4.0,3.0,,,,,,,,,,,,,,,,,,False,False,,,100.0,112,,,6.5,,,53.0,,79,,,,,,,,,,,,,,FALSE,,,FALSE,FALSE,,,
,Elementary Education (Doctoral),,,,,Doctoral,Fall 2026,,,,,,GRE,REQUIRED,"Graduate admissions at Indiana University are decentralized, with specific application requirements determined by individual programs and schools. [4] Common components of an application package may include a personal statement, letters of recommendation, and entrance exam scores, though not all programs require all of these elements. [8] For example, the O'Neill School of Public and Environmental Affairs requires a personal statement and a resume or CV. [1] The School of Education's requirements vary by program, with some mandating GRE scores. [2] Applicants are consistently advised to consult the website of their specific program of interest for detailed application requirements. [5, 8]",,,True,True,True,False,True,False,,True,False,False,False,False,True,False,False,False,,,,,,,,,,,,,,,https://graduate.indiana.edu/degrees-programs/degrees.html,,,,FALSE,False,,,,,,,,,,,,,,,,,,,,,False,False,,,115.0,,,,6.5,,,,,79,,,,,,,,,,,,,,FALSE,,,FALSE,FALSE,,,
,Engineering (Doctoral),,,,,Doctoral,Fall 2026,,,,Required,Required,Optional,REQUIRED,"Applicants must submit an online application which includes a Statement of Purpose (approximately 500 words concerning academic goals and research interests), a Resume/CV, and three letters of recommendation. Scanned copies of academic records are also required. For non-native English speakers, TOEFL, IELTS, or Duolingo scores must be submitted. [13, 10]",Not Required,,False,True,False,False,False,False,,True,,,,False,True,False,False,False,,,,"Luddy School of Informatics, Computing, and Engineering",,,,,,,,,,,https://graduate.indiana.edu/degrees-programs/degrees.html,,,,FALSE,True,,,,,,,,,,,,,,,,,,,,,False,False,,,,,,,,,,,,,,,,,,,,,,,,,We strive to provide financial support to all Ph.D. students during their academic careers. [6],FALSE,,,FALSE,FALSE,,,
,English (PhD),,,,,Doctoral,Fall 2026,,,,,,,,,,,False,False,False,False,False,False,,False,False,False,False,False,False,False,False,False,,,,,,,,,,,,,,,https://graduate.indiana.edu/degrees-programs/degrees.html,,,,FALSE,False,,,,,,,,,,,,,,,,,,,,,False,False,,,,,,,,,,,,,,,,,,,,,,,,,,FALSE,,,FALSE,FALSE,,,
,English (Master's Degree Program),,,,,Graduate,Fall 2026,,,,,,,,,,,True,True,,,,,,,,,,,,,,,,,,,,,,,,,,"['genre (the novel, poetry, drama)', 'a period (such as the Middle Ages or 19th Century)', 'a specialty (such as postcolonial studies, American literature and culture, feminist theory, or composition, rhetoric and literacy)']","With this Master's degree, you focus on a particular concentration—a genre, a period, or a specialty. This degree requires a minimum of 30 credit hours, including one 700-level seminar. [10] You select at least three courses in a single area of concentration, such as a genre (the novel, poetry, drama), a period (such as the Middle Ages or 19th Century), or a specialty (such as postcolonial studies, American literature and culture, feminist theory, or composition, rhetoric and literacy). [10] Up to eight credit hours in graduate courses outside the department may be counted toward the degree, with the prior approval of the Director of Graduate Studies. [10]",,https://graduate.indiana.edu/degrees-programs/degrees.html,,,,FALSE,False,,,,,,,,,,,,,,,,,,,,,False,False,,,,,,,,,,,,,,,,,,,,,,,,,,FALSE,,,FALSE,FALSE,,,
,English Language Studies (Master's),,,,,Graduate,Fall 2026,,,,,,,,,,,True,True,,,,,,,,,,,,,,,,,,,,,,,,,,,,,https://graduate.indiana.edu/degrees-programs/degrees.html,,,,FALSE,False,,,,,,,,,,,,,,,,,,,,,False,False,,,,,,,,,,,,,,,,,,,,,,,,,,FALSE,,,FALSE,FALSE,,,
,Environmental Science (Doctoral),,,,,Doctoral,Fall 2026,,,,,,,,,,,False,False,,,,,,,,,,,,,,,,,,,,,,,,,,,"O'Neill's Ph.D. in Environmental Science Program provides skills and training in the basic and applied sciences to solve contemporary environmental problems. You'll research and learn how to communicate solutions to policy makers, natural resource managers, and the general public. Through our interdisciplinary program, you'll benefit from collaborative research among scientists from various natural and social science disciplines. As a student in our Ph.D. in Environmental Science Program, you'll: Acquire substantial knowledge in a primary environmental science concentration; Develop breadth in related environmental science fields; Become proficient in advanced research methods and develop expertise in a chosen dissertation topic; Develop expertise in a chosen research topic, composing a dissertation of original research with careful and thoughtful analysis and interpretation of the findings.",,https://graduate.indiana.edu/degrees-programs/degrees.html,,,,FALSE,False,,,,,,,,,,,,,,,,,,,,,False,False,,,,,,,,,,,,,,,,,,,,,,,,,,FALSE,,,FALSE,FALSE,,,
,"Evidence-Based Practices in Educational Psychology (M.S.Ed. in, Online)",,,,,Graduate,Fall 2026,,,,Optional,Required,Not Required,REQUIRED,"To be accepted to this program, you must have: A bachelor's degree from an accredited institution (minimum accumulative GPA 2.75 out of 4.00); Completed online application that includes: Personal statement; Resume (required from international students only); Three letters of recommendation; Minimum 79 TOEFL score or minimum 6.5 IELTS score or minimum 115 Duolingo score (international students only). [1, 2]",Not Required,,True,False,True,False,False,False,,True,False,False,False,False,True,False,False,False,,,,School of Education,,,,,,,,,"As an M.S.Ed. student in Evidence-Based Practices in Educational Psychology, you'll examine recent and ongoing educational trends to better your own teaching capabilities. [3] By bridging educational psychology, program evaluation, educational leadership, and implementation science, this M.S.Ed. program can help you better understand and implement current best practices. [3] You'll graduate with an Indiana University degree respected by employers worldwide—and you can work on yours anytime and anywhere. [3] Plus, you'll enjoy personalized support services throughout your academic journey. [3]",,https://graduate.indiana.edu/degrees-programs/degrees.html,A bachelor's degree from an accredited institution (minimum accumulative GPA 2.75 out of 4.00) [is required for admission].,,,FALSE,False,,4.0,2.75,,,,,,,,,,,,,,,,,,False,False,,,115.0,,,,6.5,,,,,79,,,,,,,,,,,,,,FALSE,,,FALSE,FALSE,,,
,Master of Science in Finance,,,,,Graduate,Fall 2026,,,,Required,Required,,,"Applicants to the Kelley MS in Finance program will submit transcripts from their undergraduate institution, a resume, a personal statement, two letters of recommendation, and in some cases, a score from either the GMAT or GRE standardized test. [1] Applicants from non-US institutions must also submit scores from the TOEFL or IELTS exam. [1] After the Admissions Committee reviews these materials, they will invite competitive applicants to interview with us, either in person or remotely. [1] We'll consider your: Academic record, Resume, Personal statement, Letters of recommendation, GMAT/GRE scores, TOEFL Score or IELTS Score, and Interviews. [1]",Not Required,,False,True,,,,,,,,,,,,,,,,,,,,,,,,,,,,,https://graduate.indiana.edu/degrees-programs/degrees.html,,,,FALSE,False,,,,,,,,,,,,,,,,,,,,,False,False,,,,,,,,,,,,,,,,,,,,,,,,,,FALSE,,,FALSE,FALSE,,,
,Foreign Languages (Doctoral),,,,,Doctoral,Fall 2026,,,,,,,REQUIRED,,,,True,True,True,False,False,False,,True,False,False,False,True,True,True,False,False,,,,College of Arts and Sciences,,,,,,,,"['Ph.D. in French & Francophone Studies', 'Ph.D. in Italian Studies']","The Department of French and Italian at Indiana University offers doctoral programs for students in French, Italian, or both. The Ph.D. in French & Francophone Studies provides students with rigorous training in literary criticism and theory, literary and political history, and the study of French and Francophone literatures and cultures from the medieval period to contemporary times. Faculty expertise includes literature and philosophy, cognitive studies, the digital humanities, Francophone and Global studies, Feminist and Gender studies, and film studies. The Ph.D. in Italian Studies offers robust training in literary criticism, literary history, and critical theory. The program has particular strengths in medieval and Renaissance studies, 19th- and 20th-century literature and culture, film and media studies, and intellectual history.",,https://frit.indiana.edu/graduate/index.html,,,,FALSE,False,,,,,,,,,,,,,,,,,,,,,False,False,,,110.0,,,,6.5,,,53.0,,80,,,,,,,,,,,,,"Fellowships, Associate Instructorships",FALSE,,,FALSE,FALSE,,,
,Geographic Information Systems (Certificate),,,,,Graduate-Certificate,Fall 2026,,,,,,Optional,REQUIRED,,,,False,False,False,False,False,False,,True,False,False,False,True,True,False,False,False,,,,,,,,,,,,,,,https://graduate.indiana.edu/degrees-programs/degrees.html,,,,FALSE,False,,,,,,,,,,,,,,,,,,,,,False,False,,,110.0,112,,,6.5,,,54.0,,79,,,,,,,,,,,,,,FALSE,,,FALSE,FALSE,,,
,Geospatial Intelligence (Certificate),,,,,Graduate-Certificate,Fall 2026,,,,,,,REQUIRED,,,,False,False,True,True,False,False,,True,False,False,False,True,True,False,False,False,,,,,,,,,,,,,,,https://graduate.indiana.edu/degrees-programs/degrees.html,,,,FALSE,False,,,,,,,,,,,,,,,,,,,,,False,False,,,110.0,112,,,6.5,,,54.0,,79,,,,,,,,,,,,,,FALSE,,,FALSE,FALSE,,,
,Global Studies (Doctoral),,,,,Doctoral,Fall 2026,,,,,,,,,,,True,True,,,,,,,,,,,,,,,,,,Hamilton Lugar School of Global and International Studies,,,,,,,,,,,https://graduate.indiana.edu/degrees-programs/degrees.html,,,,FALSE,False,,4.0,3.0,,,,,,,,,,,,,,,,,,False,False,,,,,,,,,,,,,,,,,,,,,,,"Foreign Language and Area Studies (FLAS) fellowships carry generous stipends and tuition benefits. [30, 33]",,Foreign Language and Area Studies (FLAS) fellowships,FALSE,,,FALSE,FALSE,,,
,Health Administration (Master),,,,,Graduate,Fall 2026,,,,Required,Required,,,"All applicants to the Master of Health Administration must have a bachelor's degree from an accredited university or college, show evidence of satisfactory preparation in math and computer skills, and have an acceptable academic record. [2] Applicants should submit only one application for the program format they wish to pursue: in-person via SOPHAS or HAMPCAS, or 100% online via IU Online. [2] Both formats offer the same curriculum and faculty, and the admission criteria is identical for both the in-person and the 100% online degree. [2]",Not Required,,True,False,,,,,,,,,,,,,,,,,,Richard M. Fairbanks School of Public Health,,,,,,,,,,,https://graduate.indiana.edu/degrees-programs/degrees.html,,,"$593.50 In-person and online (Indiana residents), $1,440.00 In-person (out of state residents), $639.54 Online (out of state residents)",FALSE,False,,4.0,3.0,,,,,,,,,,,,,,,,,,False,False,,,,,,,,,,,,,,,,,,,,,,,"Ken and Cindy Stella Scholarship: $10,000 per year for two years, Eskenazi Health Scholars program: $20,000 for the calendar year, Paul Lang Scholarships: $2,000 each for up to three students",,Merit-based,FALSE,,,FALSE,FALSE,,,
,Health Professions (Doctoral),,,,,Doctoral,Fall 2026,,,,,,,,,,,True,True,,,,,,,,,,,,,,,,,,,,,,,,,,,,,https://graduate.indiana.edu/degrees-programs/degrees.html,,,,FALSE,False,,,,,,,,,,,,,,,,,,,,,False,False,,,,,,,,,,,,,,,,,,,,,,,,,,FALSE,,,FALSE,FALSE,,,
,Healthcare Management (M.Sc.),,,,,Graduate,Fall 2026,,,,Required,Required,,REQUIRED,"To be accepted to this program, you must have a bachelor's degree. Applications require: $70 application fee; Three references; Unofficial transcripts; Resume or CV; Personal Statement. Discuss what leading for the greater good means to you. Describe your passion, and how an O'Neill degree will help you to make your passion actionable.",Not Required,,True,False,False,False,False,False,,,False,False,False,,,,False,False,,,,,,,,,,,,,"The online Master of Science in Healthcare Management (MSHM) program at Indiana University is a prestigious and demanding 36-credit-hour degree experience offered by the Kelley School of Business (KSB) and the Paul H. O'Neill School of Public and Environmental Affairs (O'Neill). Both schools have top-ranked master's programs and world-renowned faculty. Developed in consultation with over 50 healthcare leaders from across the industry to identify the skills our graduates need, our goal is to educate and equip students for effective leadership in the health services industry at both local and national levels. Tailored for both early-career and mid-career professionals, the program delivers a solid foundation of knowledge and practical skills. It incorporates innovative learning experiences, tested and enriched through hands-on partnerships within the health services community. The MSHM program instills in new professionals the application of ethics-based leadership principles and project management skills, enabling graduates to take their first steps into leadership roles or progress in their current positions within the healthcare industry. We prepare students for leadership across various health-focused sectors, including hospitals, healthcare consulting firms, pharmaceutical companies, medical device companies, insurance, long-term care facilities, and more.",,https://graduate.indiana.edu/degrees-programs/degrees.html,The Indiana University Paul H. O'Neill School of Public and Environmental Affairs' Master of Science in Healthcare Management program is accredited by the Commission on Accreditation of Healthcare Management Education (CAHME).,,,FALSE,False,,,,,,,,,,,,,,,,,,,,,False,False,,,,,,,,,,,,,,,,,,,,,,,,,,FALSE,,,FALSE,FALSE,,,
,Higher Education and Student Affairs (Doctoral),,,,,Doctoral,Fall 2026,,,,Optional,Required,Not Required,REQUIRED,Completed online application that includes: Personal statement. Resume (required from international students only) Two letters of recommendation. Minimum 79 TOEFL score or minimum 6.5 IELTS score or minimum 115 Duolingo score (international students only) Writing sample. [1],Required,,True,False,True,False,False,False,,True,False,False,False,False,True,False,False,False,,,,,,,,,,,,,"The Ph.D. in Higher Education Program at Indiana University prepares individuals for careers as college and university administrators, institutional researchers, policy analysts, and faculty members. The curriculum places a strong emphasis on research and theory, including a deep exploration of an academic discipline typically chosen from outside the School of Education. The program offers significant flexibility with a limited number of required courses, enabling students to specialize in their areas of interest. A robust set of inquiry (methodology) courses is a core component, which is vital for careers in institutional research, policy analysis, or academia. Doctoral dissertations are expected to have a strong theoretical foundation. [3]",,https://graduate.indiana.edu/degrees-programs/degrees.html,,,,FALSE,False,,,,,,,,,,,,,,,,,,,,,False,False,,,115.0,,,,6.5,,,,,79,,,,,,,,,,,,,,FALSE,,,FALSE,FALSE,,,
,History (Doctoral),,,,,Doctoral,Fall 2026,,,,,,,REQUIRED,,,,False,False,False,False,False,False,,,False,False,False,,,,False,False,,,,,,,,,,,,"['African history', 'Ancient history', 'Asian history', 'British history', 'Cultural History', 'Early Modern European history', 'East European history', 'Latin American history', 'Medieval history', 'Middle Eastern history', 'Modern European history', 'Russian history', 'United States history', 'World history']","The graduate program in history at Indiana University provides formal coursework and opportunities for independent study across nearly all recognized chronological and geographical fields. The department maintains a strong commitment to interdisciplinary studies, collaborating closely with various area studies programs, academic journals, and historical organizations. The curriculum is structured to foster the development of students' knowledge alongside their critical and analytical skills. Graduates are prepared for careers as professional historians in diverse settings, including public history, editing, librarianship, and government service, in addition to roles in historical research and teaching at all levels. A doctoral degree in history opens pathways to employment in academic research, college-level teaching, and positions within public history, museums, historical organizations, and government agencies.",,https://graduate.indiana.edu/degrees-programs/degrees.html,,,,FALSE,False,,,,,,,,,,,,,,,,,,,,,False,False,,,,,,,,,,,,,,,,,,,,,,,,,,FALSE,,,FALSE,FALSE,,,
,"History of Education (Ph.D. in History, Philosophy, and Policy in Education)",,,,,Graduate,Fall 2026,,,,,,GRE,REQUIRED,,,,False,False,True,False,True,False,,True,False,False,False,False,True,False,False,False,,,,School of Education,,,,,,,,,,,https://graduate.indiana.edu/degrees-programs/degrees.html,,,"For the 2026-2027 academic year, the cost per credit hour is $488.15 for Indiana residents and $1,640.07 for non-residents. [3]",FALSE,False,,4.0,2.75,,,,,,,,,,,,,,,,,,False,False,,,115.0,,,,6.5,,,,,79,,,,,,,,,,,,,Fellowships and assistantships,FALSE,,,FALSE,FALSE,,,
,"History, Philosophy, and Policy in Education – Specialization in Education Policy Studies (Ph.D.)",,,,,Graduate,Fall 2026,,,,,,,,,,,False,False,,,,,,,,,,,,,,,,,,School of Education,,,,,,,,Education Policy Studies,"What an wee to boost school access and graduation rates to address racial and other inequities, and how can we balance school choice with the benefits of public education? How do we best evaluate student and teacher performance, and how do we reform schools to improve such performance? How can education law best be used to advance social justice and balance freedom of speech with the instructional mission of public schools? These are just a few of the questions and challenges that education policymakers face in the 21st century. In this Ph.D. program, you will learn how to research a range of educational problems and challenges, with a focus on justice and equality of opportunity, from kindergarten through graduate school, and from the United States to Indonesia. [1]",,https://graduate.indiana.edu/degrees-programs/degrees.html,,,"Indiana resident: $488.15, Non-resident: $1640.07 (for the 2026-2027 academic year)",FALSE,False,,4.0,2.75,,,,,,,,,,,,,,,,,,False,False,,,,,,,,,,,,,,,,,,,,,,,,,"Fellowships and assistantships, including the Dean's Fellowship and University Graduate School diversity fellowships. [3, 9]",FALSE,,,FALSE,FALSE,,,
,"Holocaust, Genocide, and Human Rights Studies (Certificate)",,,,,Graduate-Certificate,Fall 2026,,,,,,,,,,,True,True,,,,,,,,,,,,,,,,,,,,,,,,,,,,,https://jewishstudies.indiana.edu/undergraduate/jewish-studies-certificate.html,,,,FALSE,False,,,,,,,,,,,,,,,,,,,,,False,False,,,,,,,,,,,,,,,,,,,,,,,,,,FALSE,,,FALSE,FALSE,,,
,Human Development (M.S.Ed. in Learning and Developmental Sciences),,,,,Graduate,Fall 2026,,,,,,,REQUIRED,,,,True,True,True,False,False,False,,True,,,,True,True,False,False,False,,,,School of Education,"Indiana resident: $17,573.40 for the entire program, Non-resident: $59,042.52 for the entire program (based on 2026-2027 rates)","For the 2026-2027 academic year, the tuition is $488.15 per credit hour for Indiana residents and $1640.07 for non-residents. [9] This does not include all fees. [9]",,,,,,Human Development Track,"Examine human development from conception to the end of life. As a student in this program, you will study biological, cognitive, and socio-emotional changes across the lifespan, including practical implications for families, schools, and community settings. This 36-credit hour program teams students with faculty specializing in typical and atypical development during childhood, adolescence, and adulthood. The program has a strong emphasis on research, including developmental methodology and statistical analysis.",,https://graduate.indiana.edu/degrees-programs/degrees.html,,,"For the 2026-2027 academic year, the tuition rates are: Indiana resident, $488.15 per credit hour and Non-resident, $1640.07 per credit hour. [9]",FALSE,False,,4.0,2.75,,,,,,,,,,,,,,,,,,False,False,,,110.0,,,,6.5,,,59.0,,80,,,,,,,,,,,,,,FALSE,,,FALSE,FALSE,,,
,Industrial Organization Psychology (M.Sc.),,,,,Graduate,Fall 2026,,,,,,,,,,,True,True,,,,,,,,,,,,,,,,,,,,,,,,,,,"Industrial/Organizational psychology applies the scientific method to understand human behavior in the workplace. Understanding behavior leads to finding solutions to workplace problems. It's one of the fastest-growing occupations in the country. You'll graduate from this Master of Science program prepared to work in consulting, HR training and development, and data analytics. [5]",,https://graduate.indiana.edu/degrees-programs/degrees.html,,,,FALSE,False,,,,,,,,,,,,,,,,,,,,,False,False,,,,,,,,,,,,,,,,,,,,,,,,,,FALSE,,,FALSE,FALSE,,,
,Information Technology (Master's),,,,,Graduate,Fall 2026,,,,,,Not Required,REQUIRED,,,,True,True,False,False,False,False,,True,False,False,False,False,True,False,False,False,,,,"Luddy School of Informatics, Computing, and Engineering",,,,,,,,,,,https://graduate.indiana.edu/degrees-programs/degrees.html,,,,FALSE,False,,4.0,3.0,,,,,,,,,,,,,,,,,,False,False,,,,,,,6.5,,,,,96,,,,,,,,,,,,,"Teaching Assistantships, Research Assistantships, Scholarships, Fellowships",FALSE,,,FALSE,FALSE,,,
,"Instructional Systems Technology (M.S.Ed., Online)",,,,,Graduate,Fall 2026,,,,,,Optional,REQUIRED,,,,True,True,True,False,True,False,,True,False,False,False,False,True,False,False,False,,,,School of Education,,,,,,,,,,,https://graduate.indiana.edu/degrees-programs/degrees.html,,,"For the 2026-2027 academic year, the cost per credit hour for non-residents is $652.21 (including a $39.78 distance education fee) and for Indiana residents is $550.14 (including a $39.78 distance education fee). [1]",FALSE,False,,4.0,2.75,,,,,,,,,,,,,,,,,,False,False,,,115.0,,,,6.5,,,,,79,,,,,,,,,,,,,,FALSE,,,FALSE,FALSE,,,
,International Banking and Monetary Systems (Certificate),,,,,Graduate-Certificate,Fall 2026,,,,,,,,,,,True,True,False,False,False,False,,False,False,False,False,False,False,False,False,False,,,,,,,,,,,,,,,https://vertexaisearch.cloud.google.com/grounding-api-redirect/AUZIYQGrfDNIxqjN7mvqJm2bta53cI5XnkPC0GUfrbdKYdJ8JE9YP0ltzu0nCuJ3jqH-iYI_4d-ORJqSml3UjZNCLCwoj9xH1mwO6WcPPit1ijN_WUKTXStEkmXcpHmcHMgogwpM06tLpvGNpzLecvCVh2fibghHmqMQ0rvssznDBpOajwxteg==,,,,FALSE,False,,,,,,,,,,,,,,,,,,,,,False,False,,,,,,,,,,,,,,,,,,,,,,,,,,FALSE,,,FALSE,FALSE,,,
,Journalism (Master's Degree Program),,,,,Graduate,Fall 2026,,,,,,Not Required,REQUIRED,,,,True,True,False,False,False,False,,False,False,False,False,False,True,False,False,False,,,,,,,,,,,,Journalism,"Expand your knowledge and practical skills in a specialized area of the media industry. The Media School's professional master's degree will provide you with a comprehensive set of technological and practical tools to launch you to the next level of your career. The Master of Science in media is ideal for media practitioners seeking new skills, recent college graduates ready for the next level of training, and nonmedia professionals looking to make a career change.",,https://graduate.indiana.edu/degrees-programs/degrees.html,,,,FALSE,False,,,,,,,,,,,,,,,,,,,,,False,False,,,,,,,,,,,,100,,,,,,,,,,,,,,FALSE,,,FALSE,FALSE,,,
,Kinesiology (M.Sc.),,,,,Graduate,Fall 2026,,,,,,Optional,REQUIRED,,,,True,True,True,True,False,False,,True,False,False,False,True,True,False,False,False,,,,School of Health & Human Sciences,"For the 2025-2026 academic year, the student service fee is $634. There is also a graduate application fee of $70. [1]",,,,,,,"['Biomechanics', 'Ergonomics', 'Exercise Physiology', 'Exercise and Sport Psychology', 'Sport and Coaching Science', 'Motor Learning']","The Master of Science in Kinesiology provides you with a broad foundation through its core courses, which include advanced topics in athletic training research, the psychological foundation of exercise and sport, and the fundamentals of interpreting research. [8] Students will explore human movement and muscular control, including how to research, analyze, and interpret data in human performance. [9] The program is designed to prepare professionals for leadership roles as physical educators or exercise specialists and prepares students for advanced graduate work or careers in various emphasis areas. [3] You may choose from electives that cover cardiac assessment in exercise testing, muscle physiology, and advanced theories of high-level performance. [9] The M.S.K. degree includes 18 hours of major topics in kinesiology and human performance, as well as 18 hours of interdisciplinary elective courses. [9] The program offers a thesis and non-thesis option for all tracks. [8]",,https://graduate.indiana.edu/degrees-programs/degrees.html,"The official Indiana University Bloomington program accreditation page lists accreditation for 'Kinesiology—Athletic Training (M.S.)' by the Commission on Accreditation of Athletic Training Education (CAATE) with the last accreditation in 2018. [6] However, the main pages for the general Kinesiology M.S. degree do not state this accreditation applies to all emphasis areas within the broader program.",,"For the 2026-2027 academic year, the tuition rates are $463 per credit for residents and $695 per credit for non-residents. [1]",FALSE,False,,4.0,3.0,,,,,,,,,,,,,,,,,,False,False,,,110.0,112,,,6.5,,,54.0,,Reading: 22; Listening: 22; Speaking: 26; Writing: 24,,,,,,,,,,,,,Graduate or teaching assistantships are available. [1],FALSE,,,FALSE,FALSE,,,
,Kinesiology and Physical Therapy (Doctoral),,,,,Doctoral,Fall 2026,,,,,,,,,,,True,True,,,,,,,,,,,,,,,,,,,,,,,,,,,,,https://graduate.indiana.edu/degrees-programs/degrees.html,,,,FALSE,False,,,,,,,,,,,,,,,,,,,,,False,False,,,,,,,,,,,,,,,,,,,,,,,,,,FALSE,,,FALSE,FALSE,,,
,Law (Master of Jurisprudence),,,,,Graduate,Fall 2026,,,,,,Optional,REQUIRED,,,,True,True,False,True,False,False,,True,False,False,False,False,True,,False,False,,,,,,,,,,,,,,,https://graduate.indiana.edu/degrees-programs/degrees.html,,,,FALSE,False,,,,,,,,,,,,,,,,,,,,,False,False,,,,Level 112,,,,,,,,,,,,,,,,,,,,,,FALSE,,,FALSE,FALSE,,,
,Learning and Developmental Sciences – Educational Psychology Track (M.S.Ed.),,,,,Graduate,Fall 2026,,,,Optional,Required,Not Required,REQUIRED,Bachelor's degree from an accredited institution (minimum accumulative GPA 2.75 out of 4.00). [1],Not Required,,True,False,True,False,False,False,,True,False,False,False,False,True,False,False,False,,,,,,,,,,,,,,,https://graduate.indiana.edu/degrees-programs/degrees.html,,,,FALSE,False,,,,,,,,,,,,,,,,,,,,,False,False,,,115.0,,,,6.5,,,,,79,,,,,,,,,,,,,,FALSE,,,FALSE,FALSE,,,
,Learning and Developmental Sciences – Human Development Track (M.S.Ed.),,,,,Graduate,Fall 2026,,,,Optional,Required,Not Required,REQUIRED,Completed online application that includes: Personal statement. Resume (required from international students only) Three letters of recommendation. Minimum 79 TOEFL score or minimum 6.5 IELTS score or minimum 115 Duolingo score (international students only). [1],Not Required,,True,False,True,False,False,False,,True,False,False,False,False,True,False,False,False,,,,,,,,,,,,,,,https://graduate.indiana.edu/degrees-programs/degrees.html,,,,FALSE,False,,,,,,,,,,,,,,,,,,,,,False,False,,,115.0,,,,6.5,,,,,79,,,,,,,,,,,,,,FALSE,,,FALSE,FALSE,,,
,Learning and Developmental Sciences – Learning Sciences Track (M.S.Ed.),,,,,Graduate,Fall 2026,,,,Optional,Required,GRE,REQUIRED,Bachelor's degree from an accredited institution (minimum accumulative GPA 2.75 out of 4.00); Completed online application that includes: Personal statement; Resume (required from international students only); Three letters of recommendation; GRE scores; Minimum 79 TOEFL score or minimum 6.5 IELTS score or minimum 115 Duolingo score (international students only). [2],Not Required,,False,False,True,False,True,False,,True,False,False,False,False,True,False,False,False,,,,School of Education,,,,,,,,,,,https://graduate.indiana.edu/degrees-programs/degrees.html,,,"2026-2027 Academic Year: Indiana resident, $488.15, Non-resident, $1640.07",FALSE,False,,4.0,2.75,,,,,,,,,,,,,,,,,,False,False,,,115.0,,,,6.5,,,,,79,,,,,,,,,,,,,Fellowships and assistantships,FALSE,,,FALSE,FALSE,,,
,Learning Sciences (M.S.Ed. in Learning and Developmental Sciences),,,,,Graduate,Fall 2026,,,,Optional,Required,GRE,REQUIRED,Bachelor's degree from an accredited institution (minimum accumulative GPA 2.75 out of 4.00); Completed online application that includes: Personal statement; Resume (required from international students only); Three letters of recommendation; GRE scores; Minimum 79 TOEFL score or minimum 6.5 IELTS score or minimum 115 Duolingo score (international students only). [1],Not Required,,False,False,True,False,True,False,,True,False,False,False,False,True,False,False,False,,,,School of Education,,,,,,,,,,,https://graduate.indiana.edu/degrees-programs/degrees.html,,,"2026-2027 Academic Year: Indiana resident: $488.15, Non-resident: $1640.07",FALSE,False,,4.0,2.75,,,,,,,,,,,,,,,,,,False,False,,,115.0,,,,6.5,,,,,79,,,,,,,,,,,,,"Dean's Fellowship, University Graduate School diversity fellowships",FALSE,,,FALSE,FALSE,,,
,Legal Studies (Doctoral),,,,,Doctoral,Fall 2026,,,,,,Not Required,REQUIRED,,,,False,False,True,False,False,False,,True,False,False,False,False,True,False,False,False,,,,Maurer School of Law,,,,,,,,,,,https://graduate.indiana.edu/degrees-programs/degrees.html,,,,FALSE,False,,,2.3,,,,,,,,,,,,,,,,,,False,False,,,130.0,,,,7.5,,,,,100,,,,,,,,,,,,,,FALSE,,,FALSE,FALSE,,,
,Liberal Arts and Humanities (Master's),,,,,Graduate,Fall 2026,,,,Not Required,Not Required,,NOT REQUIRED,"To be accepted to this program, you must have a bachelor's degree and a 3.0 GPA or above on a 4.0 scale. To apply, you must complete an online application that includes official transcripts, two letters of recommendation, and an interview. [4]",Not Required,,True,False,False,False,False,False,,False,False,False,False,False,False,False,True,False,,,,"College of Arts and Sciences, IU South Bend; IU Online",,,,,,,,,,,https://graduate.indiana.edu/degrees-programs/degrees.html,,,,FALSE,False,,4.0,3.0,,,,,,,,,,,,,,,,,,False,False,,,,,,,,,,,,,,,,,,,,,,,The Jennifer Jo Szendrey Memorial Graduate MLS Scholarship amount varies. The Eileen Bender Endowed Scholarship has a minimum award of $500. A scholarship for out-of-state graduate students is available at $300 per credit hour.,,"Merit-based, Need-based",FALSE,,,FALSE,FALSE,,,
,Literary Translation (Certificate),,,,,Graduate-Certificate,Fall 2026,,,,Not Required,Not Required,Not Required,REQUIRED,"The Certificate in Literary Translation is for students already enrolled in a graduate program (M.A. or Ph.D.) at Indiana University. [10] Students must inform the chair of the Translation Studies committee of their intent to complete the certificate. The requirements include 21-24 credit hours of coursework, including C580 (History and Theory of Translation), two translation workshops, and three other relevant graduate-level courses. [9] Applicants must have expert knowledge of English and another language. A final, substantial translation project of a literary or scholarly work into English, typically 40-60 pages long and accompanied by an explanatory essay, is also required. [9]",Required,,True,False,True,False,False,False,,True,False,False,False,False,True,False,False,False,,,,,,,,,,,,,"The Certificate in Literary Translation testifies to a complete course of study in the practice and theory of literary translation. As a complement to a graduate qualification in comparative literature or any other area of study, the certificate offers a clear advantage to students in a complex and multilingual world. [2] The certificate program requires a seminar in translation theory and workshops in the practice of literary translation, as well as advanced graduate work in another language department. [2] Certificate students collaborate with faculty and the translation studies committee to complete and present a substantial project. This entails the translation of a literary or scholarly work into English along with an essay addressing the theoretical and practical issues salient in the translation process. [2, 3] The program comprises 21-24 credits. [3]",,https://graduate.indiana.edu/degrees-programs/degrees.html,,,,FALSE,False,,,,,,,,,,,,,,,,,,,,,False,False,,,110.0,,,,6.5,,,,,80,,,,,,,,,,,,,,FALSE,,,FALSE,FALSE,,,
,Local Government Management (Certificate),,,,,Graduate-Certificate,Fall 2026,,,,,,,,,,,False,False,,,,,,,,,,,,,,,,,,,,,,,,,,,,,https://graduate.indiana.edu/degrees-programs/degrees.html,,,,FALSE,False,,,,,,,,,,,,,,,,,,,,,False,False,,,,,,,,,,,,,,,,,,,,,,,,,,FALSE,,,FALSE,FALSE,,,
,Mass Communication (PhD),,,,,Doctoral,Fall 2026,,,,Required,Required,Not Required,REQUIRED,"Applicants for the Doctor of Philosophy in Media Arts and Sciences are expected to hold a four-year bachelor's degree and a two-year master's degree or a comparable credential from an accredited institution, with a minimum GPA of 3.5 in their master's program or its equivalent. [1] Three letters of recommendation are also necessary for the application. [1, 2]",Required,,True,False,False,False,False,False,,False,False,False,False,False,True,False,False,False,,,,,,,,,,,,,,,https://graduate.indiana.edu/degrees-programs/degrees.html,,,,FALSE,False,,,,,,,,,,,,,,,,,,,,,False,False,,,,,,,,,,,,100,,,,,,,,,,,,,,FALSE,,,FALSE,FALSE,,,
,Mathematical Sciences (PhD),,,,,Doctoral,Fall 2026,,,,,,GRE,REQUIRED,,,,False,False,True,False,True,False,,True,False,False,False,False,True,True,False,False,,,,,,,,,,,,"Students earning a Ph.D. in Mathematical Sciences have the option to specialize in pure mathematics, applied mathematics or mathematical statistics. [2, 8]"," ThePh. D. in Mathematical Sciences is offered in the Department of Mathematical Sciences. Students earning aPh. D. in Mathematical Sciences have the option to specialize in pure mathematics, applied mathematics or mathematical statistics. Our department is currently doing research in integrable systems, mathematical physics, dynamical systems, noncommutative geometry, operator algebras, differential geometry, partial differential equations, functional analysis, statistics and probability, applied mathematics, biomathematics, computational neurosciences, and scientific computing. [2]",,https://graduate.indiana.edu/degrees-programs/degrees.html,,,,FALSE,False,,,,,,,,,,,,,,,,,,,,,False,False,,,,,,,6.5,,,,,80,,,,,,,,,,,,,,FALSE,,,FALSE,FALSE,,,
,Mathematics (Doctoral),,,,,Doctoral,Fall 2026,,,,,,Optional,REQUIRED,,,,True,True,True,False,False,False,,True,False,False,False,True,True,False,False,False,,,,,,,,,,,,,,,https://graduate.indiana.edu/degrees-programs/degrees.html,,,,FALSE,False,,,,,,,,,,,,,,,,,,,,,False,False,,,115.0,,,,7.0,,,68.0,,80,,,,,,,,,,,,,,FALSE,,,FALSE,FALSE,,,
,"Mathematics Education (Ed.D. in Curriculum and Instruction, Online)",,,,,Graduate,Fall 2026,,,,,,,,,,,True,True,False,False,False,False,,,False,False,False,,,,False,False,,,,,,,,,,,,Specialization in Mathematics Education,"The 60-credit, post-masters Ed. D. degree is for experienced mathematics teachers, instructional leaders, and others wishing to pursue a doctorate focusing on mathematics education. [1] This fully online program offers flexibility for working professionals from across the U.S. and around the world. [1] Courses are taught by world-renowned mathematics education faculty. [1] As a student in the Ed.D. in Curriculum and Instruction with a specialization in mathematics education, you'll develop the skills you need to work in a variety of educational domains, such as research, teacher education, and curriculum development. [2] This program allows you to learn new strategies for engaging students—from problem-based, discussion-rich teaching methods to appropriate uses of technology in math classrooms. [2] Courses focus on: effective mathematics teaching, mathematical thinking and learning, equity in mathematics education, mathematics curriculum, problem solving, teaching mathematics with digital technologies, mathematics assessment, and mathematics teacher education. [1, 2]",,https://graduate.indiana.edu/degrees-programs/degrees.html,"Requires a Bachelor's degree and a Master's degree from an accredited institution. [1, 2]",,,FALSE,False,,,,,,,,,,,,,,,,,,,,,False,False,,,,,,,,,,,,,,,,,,,,,,,,,,FALSE,,,FALSE,FALSE,,,
,Mathematics Education (Ph.D. in Curriculum and Instruction),,,,,Graduate,Fall 2026,,,,Required,Required,GRE,REQUIRED,"A completed online application is required which includes a Personal statement, Resume, and two letters of recommendation. A Bachelor's degree from an accredited institution with a minimum accumulative GPA of 2.75 out of 4.00 is necessary. GRE scores are required. For international students, a minimum TOEFL score of 79, a minimum IELTS score of 6.5, or a minimum Duolingo score of 115 is required. [7]",Not Required,,False,False,True,False,True,False,,True,False,False,False,False,True,False,False,False,,,,,,,,,,,,Specialization in Mathematics Education,"The Ph.D. prepares students to do research and teach mathematics and mathematics education at colleges and universities. Specifically, this 90-credit hour Ph.D. program prepares you to conduct original research on topics in Mathematics Education, such as studies on how students and teachers learn mathematics, examinations of equity in mathematics education, assessments of students' and teachers' mathematical knowledge, studies about teachers' beliefs, and studies about how technology can be used to enhance mathematics learning. The doctoral program focuses on K-12 mathematics teaching and learning. [4] Most students entering the program have K-12 teaching experience, and graduates of the program often become university faculty who prepare elementary and secondary teachers. [4]",,https://graduate.indiana.edu/degrees-programs/degrees.html,,,,FALSE,False,,,,,,,,,,,,,,,,,,,,,False,False,,,115.0,,,,6.5,,,,,79,,,,,,,,,,,,,,FALSE,,,FALSE,FALSE,,,
,"Mathematics, Applied Statistics (M.Sc.)",,,,,Graduate,Fall 2026,,,,,Required,,,"While there are no absolute prerequisites for admission, the most important credential is a record of successful work in advanced mathematics courses. Most successful applicants have an undergraduate degree in mathematics or a closely related field. A successful applicant will normally have completed courses in advanced calculus, linear algebra, and modern algebra.",Not Required,,True,True,False,False,False,False,,False,False,False,False,False,False,False,False,False,,,,,,,,,,,,Applied Statistics,"Students in the Master of Science in Applied Statistics degree program learn the basis for the application of modern statistical methods. In addition to the basic theoretical foundations, areas of methodology include regression analysis, design of experiments, multivariate analysis, quality control, survival analysis, time series, sample surveys, categorical, and nonparametric methodology. All applied courses use and emphasize the importance of modern statistical computing software. You'll learn to use a broad base of practical techniques and applications from a wide variety of fields. At the same time the student's background in theory is developed so the learning process will continue in any professional environment pursued after graduation. You'll graduate with broad training in statistical methodology that is suitable for applications in industry, medicine, business and government.",,https://graduate.indiana.edu/degrees-programs/degrees.html,,,,FALSE,True,,,,,,,,,,,,,,,,,,,,,False,False,,,,,,,,,,,,,,,,,,,,,,,,,,FALSE,,,FALSE,FALSE,,,
,Medical and Molecular Genetics (M.Sc.),,,,,Graduate,Fall 2026,,,,,,Not Required,REQUIRED,,,,True,True,True,False,False,False,,True,False,False,False,False,True,False,False,False,,,,IU School of Medicine,,,,,,,,"The official Indiana University websites do not specify a distinct concentration name for the general Master of Science in Medical and Molecular Genetics program. However, the program does offer a specific track or plan in 'Genetic Counseling'. [4]","The Master of Science in Medical and Molecular Genetics is an independent degree designed to prepare students for careers in laboratory research or education. [1, 3] Students must complete a minimum of 30 credit hours of approved coursework with at least a 3.0 GPA. [1] The curriculum includes at least 20 hours in Medical Genetics or approved equivalents, with required courses such as Basic Human Genetics, Clinical Genetics, Molecular and Biochemical Genetics, Human Cytogenetics, and Population Genetics. [1] Students completing the research-focused Master of Science will be able to demonstrate an in-depth understanding of medical and molecular genetics, integrate biological knowledge from various approaches, critically analyze scientific literature, and present scientific ideas. [4] For the degree completion, students have the option to either prepare and defend a Master's thesis, have a first-authorship on a refereed publication with departmental approval, or complete an additional six hours of non-research coursework. [1]",,https://graduate.indiana.edu/degrees-programs/degrees.html,"The official Indiana University websites do not mention a specific accreditation for the Master of Science in Medical and Molecular Genetics program itself. However, it is noted that the laboratories within the Department of Medical and Molecular Genetics are accredited by the College of American Pathologists (CAP) and certified by CLIA. [7] The related Clinical Genetics Residency program is accredited by the Accreditation Council for Graduate Medical Education (ACGME). [2]",,,FALSE,False,,4.0,3.0,,,,,,,,,,,,,,,,,,False,False,,,110.0,,,,6.5,,,,,79,,,,,,,,,,,,,,FALSE,,,FALSE,FALSE,,,
,Medical Science (M.Sc.),,,,,Graduate,Fall 2026,,,,,,,,,,,True,True,,,,,,,,,,,,,,,,,,,,,,,,,,,,,https://graduate.indiana.edu/degrees-programs/degrees.html,,,,FALSE,False,,,,,,,,,,,,,,,,,,,,,False,False,,,,,,,,,,,,,,,,,,,,,,,,,,FALSE,,,FALSE,FALSE,,,
,Medicine (Doctoral),,,,,Doctoral,Fall 2026,,,,,,,,,,,True,True,False,False,False,False,,False,False,False,False,False,False,False,False,False,,,,Indiana University School of Medicine,,,,,,,,"['MD dual degree programs allow medical students to adjust the traditional four-year MD education schedule to complete coursework for a PhD, MBA, JD, MPH, MS or MA.', 'Scholarly Concentrations and certificate programs']","Indiana University School of Medicine offers a nationally recognized, fully accredited four-year medical education program leading to a Doctor of Medicine (MD) degree. The MD program at IU School of Medicine is the largest undergraduate medical education program in the United States. [12] With nine campuses and strong partnerships with teaching hospitals throughout the state, the school offers unparalleled opportunities and resources for students to explore their interests and pursue specialty training to prepare for successful careers. [12] After students complete this phase of medical education, they often match to highly desirable residency programs — either at IU School of Medicine or other competitive medical schools — to continue training. The four years of medical school are divided into three phases. The first two years focus on the basic sciences with clinical integration; the third- and fourth-years are devoted solely to clinical experiences with emphasis on specialty training for career placement in the fourth year. [12] Required third-year clerkships include eight-week rotations in Internal Medicine, Pediatrics and Surgery; four-week rotations in Family Medicine, Neurology, OB/Gyn and Psychiatry; and a two-week rotation in Anesthesia. [12] Fourth year electives provide students the flexibility to pursue focused training in specific areas of medicine. [12]",,https://graduate.indiana.edu/degrees-programs/degrees.html,"The Doctor of Medicine (MD) program at Indiana University School of Medicine is fully accredited. [12] The accrediting body for MD programs in the United States is the Liaison Committee on Medical Education (LCME). [2, 17]",,,FALSE,False,,4.0,3.0,,,,,,,,,,,,,,,,,,False,False,,,,,,,,,,,,,,,,,,,,,,,,,,FALSE,,,FALSE,FALSE,,,
,Mental Health Counseling and Counselor Education – Addictions Track (M.S.Ed.),,,,,Graduate,Fall 2026,,,,,,Not Required,REQUIRED,,,,True,True,True,True,False,False,,True,False,False,False,True,True,False,False,False,,,,School of Education,,"For the 2026-2027 academic year, the tuition is $488.15 per credit hour for Indiana residents and $1,640.07 per credit hour for non-residents. [18]",,,,,,Addictions Track,"This 60-credit hour degree prepares you for a career as an addictions-focused counselor in a variety of community settings. The evidence-based curriculum and practical training spans prevalence, prevention, and treatment of substance use disorders. Through a combination of coursework, laboratory experiences, practica, and internships you'll develop effective counseling skills and gain the qualifications and confidence needed to help others. [1]",,https://graduate.indiana.edu/degrees-programs/degrees.html,"The M.S. Ed in Mental Health Counseling and Counselor Education is accredited by the Masters in Psychology and Counseling Accreditation Council (MPCAC) for the period of August, 2018 through August, 2028. [1]",,"Indiana resident: $488.15, Non-resident: $1640.07 (for 2026-2027 academic year). [18]",FALSE,False,,4.0,2.75,,,,,,,,,,,,,,,,,,False,False,,,115.0,112,,,6.5,,,54.0,,79,,,,,,,,,,,,,Fellowships and assistantships. [18],FALSE,,,FALSE,FALSE,,,
,Mental Health Counseling and Counselor Education – Mental Health Track (M.S.Ed.),,,,,Graduate,Fall 2026,,,,,,,,,,,True,True,,,,,,,,,,,,,,,,,,"School of Education, Indiana University Bloomington",,"The program is 60 credit hours in total. For the 2026-2027 academic year, the per-credit-hour tuition for an Indiana resident is $488.15 and for a non-resident is $1640.07. [11] This does not include all fees, which will vary depending on the number of credits enrolled. [11]",,,,,,Mental Health Track,"This 60-credit hour degree prepares you for a career as a professionally-licensed mental health counselor in a variety of community settings. Through a combination of coursework, laboratory experiences, practica, and internships you'll develop effective counseling skills and gain the qualifications and confidence needed to help others.",,https://graduate.indiana.edu/degrees-programs/degrees.html,"The M.S. Ed in Mental Health Counseling and Counselor Education is accredited by the Masters in Psychology and Counseling Accreditation Council (MPCAC) for the period of August, 2018 through August, 2028.",,"For the 2026-2027 academic year, the tuition is $488.15 per credit hour for Indiana residents and $1640.07 per credit hour for non-residents. [11]",FALSE,False,,4.0,2.75,,,,,,,,,,,,,,,,,,False,False,,,,,,,,,,,,,,,,,,,,,,,,,Fellowships and assistantships. [11] Student Central also mentions scholarships based on academic achievement or financial need. [17],FALSE,,,FALSE,FALSE,,,
,Microbiology and Immunology (M.Sc.),,,,,Graduate,Fall 2026,,,,,,Not Required,REQUIRED,,,,True,True,True,True,False,False,,True,False,False,False,True,True,False,False,False,,,,IU School of Medicine,,,,,,,,,"The Master of Science (MS) degree program in the Department of Microbiology and Immunology prepares research scientists for productive careers at a highly competitive level in the ever-changing health care market place. [4] The department offers didactic coursework sufficient for rapid mastery of concepts central to the discipline while emphasizing active student involvement in the laboratory as quickly as possible. [4] Students are engaged in ongoing accrual of knowledge and accomplishments in the Department of Microbiology and Immunology through attendance at the weekly departmental seminar, participation in the weekly departmental research in progress meeting, participation in journal clubs and research meetings and attendance and presentations at local and national meetings. [4] The program provides varied forums to enhance student communication and teaching skills and expects training to be completed in two to three years, producing independent, creative investigators. [4]",,https://graduate.indiana.edu/degrees-programs/degrees.html,,,,FALSE,False,,4.0,3.0,,,,,,,,,,,,,,,,,,False,False,,,110.0,112,,,6.5,,,54.0,,100,,,,,,,,,,,,,,FALSE,,,FALSE,FALSE,,,
,Middle Eastern Languages and Cultures (Doctorate),,,,,Doctoral,Fall 2026,,,,,,Not Required,REQUIRED,"Admission to the MELC Ph.D. requires a BA or MA in an appropriate field with at least a 3.0 GPA. Any student whose first language is not English (including dual U.S. citizens who were educated in a language other than English) must submit a Test of English as a Foreign Language (TOEFL) score of at least 79, or an International English Language Testing Service (IELTS) score of at least 6.5. The Graduate Record Exam is not required for any applicant. [2]",,,True,False,False,False,False,False,,True,False,False,False,False,True,False,False,False,,,,Hamilton Lugar School of Global and International Studies,,,,,,,,Students will select one of the following three MELC core areas as their primary field: Arabic Language and Linguistics; Islamic Studies and Pre-Modern Middle Eastern Cultures; or the Modern Middle East. [5],"The Department of Middle Eastern Languages and Cultures is affiliated with the Hamilton Lugar School of Global and International Studies (HLS) in the College of Arts and Sciences, dedicated to providing Indiana University graduate students with the intellectual tools they will need to live, work, and thrive in the globalized world of the twenty-first century. [5] The Ph.D. in Middle Eastern Languages & Cultures at HLS allows students to work with renowned IU faculty and prepares them for an academic career at the university or college level. [4] Graduates develop a strong language foundation and expertise in this critical region of the world. [4] Developing language expertise is a core part of the Ph.D. program, requiring three non-English languages: a major MELC language (normally Arabic, Hebrew, Persian, or Turkish), a minor MELC language, and a European research language. [4] The Ph.D. program culminates in written and oral exams, as well as a dissertation. [4]",,https://graduate.indiana.edu/degrees-programs/degrees.html,,,"$644.52 per credit hour for Indiana residents, $1,863.32 per credit hour for non-residents (2023-2024 rates, subject to change)",FALSE,False,,4.0,3.0,,,,,,,,,,,,,,,,,,False,False,,,,,,,,,,,,,,,,,,,,,,,,,Fellowships and assistantships,FALSE,,,FALSE,FALSE,,,
,Museum Studies (Master's Degree Program),,,,,Graduate,Fall 2026,,,,,,Not Required,REQUIRED,,,,False,False,True,False,False,False,,True,False,False,False,False,True,False,False,False,,,,,,,,,,,,,,,https://graduate.indiana.edu/degrees-programs/degrees.html,,,,FALSE,False,,,,,,,,,,,,,,,,,,,,,False,False,,,105.0,,,,6.5,,,,,80,,,,,,,,,,,,,,FALSE,,,FALSE,FALSE,,,
,Music (Doctoral),,,,,Doctoral,Fall 2026,,,,,,,,"The application process for doctoral programs at the Jacobs School of Music requires applicants to complete both the Indiana University Graduate School application and the Jacobs School of Music Supplemental Application. [8] General requirements include the submission of academic materials such as transcripts from previous institutions and three letters of recommendation. [8] An audition and/or interview is also required, with specific requirements varying by department. [8] Applicants whose native language is not English must submit a TOEFL or IELTS score, with a minimum TOEFL score of 100 (internet-based) or an IELTS score of 7.5 for doctoral applicants. [8]",,,False,True,,,,,,,,,,,,,,,,,,,,,,,,,,,,,https://graduate.indiana.edu/degrees-programs/degrees.html,,,,FALSE,False,,,,,,,,,,,,,,,,,,,,,False,False,,,,,,,,,,,,,,,,,,,,,,,,,,FALSE,,,FALSE,FALSE,,,
,Music Performance (Master's),,,,,Graduate,Fall 2026,,,,Required,,,,"All new applicants to a graduate program must apply online to both the Indiana University Graduate School and to the Jacobs School of Music. [5] Applicants to all graduate degree and diploma programs are evaluated based on an audition and/or interview. [5] The application process includes providing email addresses for three recommenders who will receive a secure link to upload their letters. [1] Academic materials such as transcripts are also required. [1] For admission to a master's degree program, a minimum TOEFL score of 84 (Internet-based) or an IELTS score of 6.5 is required for applicants whose native language is not English. [5]",,,True,False,,,,,,,,,,,,,,,,,,Jacobs School of Music,"$43,269/Year",,,,,,,,,,https://graduate.indiana.edu/degrees-programs/degrees.html,,,,FALSE,False,,4.0,3.0,,,,,,,,,,,,,,,,,,False,False,,,,,,,,,,,,,,,,,,,,,,,,,"Graduate Tuition Award, Artistic Excellence Award, Jacobs Fellowship, endowed scholarships, Associate Instructorships, and Graduate Assistantships",FALSE,,,FALSE,FALSE,,,
,Nursing (MSN),,,,,Graduate,Fall 2026,,,,,,,,,,,True,True,,,,,,,,,,,,,,,,,,Indiana University School of Nursing,,,,,,,,"['Adult-Gerontology Clinical Nurse Specialist', 'Nursing Education']","The Indiana University School of Nursing offers a Master of Science in Nursing (MSN) with two tracks: Clinical Nurse Specialist and Nurse Educator. The program is designed for those interested in a career in either of these roles and is taught by nationally-recognized faculty. While based out of the IU Indianapolis campus, most courses are offered online or in a hybrid-distance format. Clinical and practicum experiences can be completed within the student's home community in Indiana and are arranged collaboratively between students and faculty. The program's learning outcomes focus on several domains, including Knowledge for Nursing Practice, Person-Centered Care, Population Health, Scholarship for the Nursing Discipline, Quality and Safety, Systems-Based Practice, and Informatics and Healthcare Technologies.",,https://graduate.indiana.edu/degrees-programs/degrees.html,"All of our bachelor's, master's, and Doctor of Nursing Practice programs are accredited by the Commission on Collegiate Nursing Education. [7]",,,FALSE,False,,4.0,2.8,,,,,,,,,,,,,,,,,,False,False,,,,,,,,,,,,,,,,,,,,,,,,,,FALSE,,,FALSE,FALSE,,,
,Nursing Administration (Master's),,,,,Graduate,Fall 2026,,,,,,,,,,,False,False,,,,,,,,,,,,,,,,,,Indiana University School of Nursing,,,,,,,,Nursing Administration,"The Nursing Administration track prepares registered nurses for advanced management and leadership positions in a variety of healthcare settings such as hospitals, clinics, surgery centers, and community agencies. [1, 8] The program provides nursing professionals with a path toward advanced practice at the administrative level, focusing on pivotal roles in healthcare administration and management. [3] Students will explore leadership and decision-making processes, including financial stewardship, analysis of research and health policy, and strategic planning, to support improvements in healthcare delivery. [8] The curriculum is designed to equip nurses with advanced practice knowledge to enhance community health care and transform health care delivery systems. [1]",,https://graduate.indiana.edu/degrees-programs/degrees.html,,,,FALSE,False,,4.0,3.0,,,,,,,,,,,,,,,,,,False,False,,,,,,,,,,,,,,,,,,,,,,,,,,FALSE,,,FALSE,FALSE,,,
,Online MBA (M.B.A.),,,,,Graduate,Fall 2026,,,,,,Optional,REQUIRED,,,,True,False,False,False,False,False,,True,,,,True,True,,False,False,,,,Kelley School of Business,"The total tuition for the Kelley Direct Online MBA program is $94,944 for 54 credit hours for cohorts starting in fall 2024 and spring 2025. An additional $2,000 in fees covers in-person experiences, including lodging, meals, and course materials. [9]","$94,944",,,,,,,,,https://graduate.indiana.edu/degrees-programs/degrees.html,,,"$1,635.56/credit hour for the Fall 2023 and Spring 2024 matriculation terms, with the rate locked for three years. [14]",FALSE,False,,4.0,,,,,,,,,,,,,,,,,,,False,False,,,110.0,,,,6.5,,,54.0,,79,,,,,,,,,,,"Up to $30,000",,Merit-based scholarships such as the Kelley Direct Momentum Scholarship and Expanding Access Scholarship are available. [14],FALSE,,,FALSE,FALSE,,,
,Performing Arts (Doctoral),,,,,Doctoral,Fall 2026,,,,,,,,"Applicants for a doctorate degree at the Jacobs School of Music must apply online to both the Indiana University Graduate School and the Jacobs School of Music. A bachelor's degree and the equivalent of a master's degree in music are required for admission. The admissions committee evaluates applicants based on their past academic record, letters of recommendation, and a required audition and/or interview. Applicants whose native language is not English must submit TOEFL or IELTS scores.",,,False,False,False,False,False,False,,False,False,False,False,False,False,False,False,False,,,,"Department of Theatre, Drama, and Contemporary Dance",,,,,,,,,,,https://graduate.indiana.edu/degrees-programs/degrees.html,,,,FALSE,False,,4.0,3.0,,,,,,,,,,,,,,,,,,False,False,,,,,,,,,,,,,,,,,,,,,,,,,"Fellowships, Teaching Assistantships",FALSE,,,FALSE,FALSE,,,
,Philanthropic Studies (M.A.),,,,,Graduate,Fall 2026,,,,,,,,,,,True,True,,,,,,,,,,,,,,,,,,Lilly Family School of Philanthropy,,,,,,,,,"The Master of Arts in Philanthropic Studies provides a comprehensive understanding of the intricate social, cultural, political, and economic dynamics that influence the philanthropic sector. [1] It is designed to be a gateway to comprehending the roles that philanthropy and nonprofit organizations play. [2] Students in the program delve into subjects such as the nonprofit and voluntary sectors, civil society, the history of philanthropy in America, and the ethical principles and values of philanthropy. [2] The curriculum is structured to help students gain experience in applying advanced research and to cultivate critical thinking skills regarding the complex challenges that the nonprofit sector faces. [4] Ultimately, the program aims to prepare graduates for leadership roles by deepening their individual leadership practices as they apply their learning. [1]",,https://graduate.indiana.edu/degrees-programs/degrees.html,,,,FALSE,False,,4.0,3.0,,,,,,,,,,,,,,,,,,False,False,,,,,,,,,,,,,,,,,,,,,,,"Grants up to $1,000 per year are available for students in the M.A. program. [23]",,"Fellowships, assistantships, and scholarships are available. [6]",FALSE,,,FALSE,FALSE,,,
,Philosophy (Doctoral),,,,,Doctoral,Fall 2026,,,,,,,,,,,True,True,,,,,,,,,,,,,,,,,,,,,,,,,,,"The Department of Philosophy at Indiana University offers a Ph.D. program. The curriculum for the doctoral degree includes distribution requirements across four areas: History of Philosophy, Metaphysics and Epistemology, Logic, and Value Theory. [8] Students must complete nine units of these distribution requirements. [8] For the History of Philosophy, three units are required, with at least one in ancient or medieval history and one in post-medieval history. [8] The requirement for Metaphysics and Epistemology and Logic is a disjunctive one, where students have options to fulfill the requirements in these areas. [8] The Value Theory requirement covers ethics, social and political philosophy, legal philosophy, and aesthetics. [8] The program also offers a Master of Arts degree, which requires 30 credit hours. [8]",,https://graduate.indiana.edu/degrees-programs/degrees.html,,,,FALSE,False,,,,,,,,,,,,,,,,,,,,,False,False,,,,,,,,,,,,,,,,,,,,,,,,,,FALSE,,,FALSE,FALSE,,,
,Physics (PhD),,,,,Doctoral,Fall 2026,,,,,,,,,,,True,True,,,,,,,,,,,,,,,,,,,,,,,,,,,,,https://graduate.indiana.edu/degrees-programs/degrees.html,,,,FALSE,False,,,,,,,,,,,,,,,,,,,,,False,False,,,,,,,,,,,,,,,,,,,,,,,,,,FALSE,,,FALSE,FALSE,,,
,Policy Analysis (M.P.A.),,,,,Graduate,Fall 2026,,,,,,,,,,,True,True,,,,,,,,,,,,,,,,,,,,,,,,,,,,,https://graduate.indiana.edu/degrees-programs/degrees.html,,,,FALSE,False,,,,,,,,,,,,,,,,,,,,,False,False,,,,,,,,,,,,,,,,,,,,,,,,,,FALSE,,,FALSE,FALSE,,,
,Political Science (Doctoral),,,,,Doctoral,Fall 2026,,,,,,,,,,,True,True,,,,,,,,,,,,,,,,,,,,,,,,,,,,,https://graduate.indiana.edu/degrees-programs/degrees.html,,,,FALSE,False,,,,,,,,,,,,,,,,,,,,,False,False,,,,,,,,,,,,,,,,,,,,,,,,,,FALSE,,,FALSE,FALSE,,,
,Psychology (Doctoral),,,,,Doctoral,Fall 2026,,,,,,,,,,,True,True,,,,,,,,,,,,,,,,,,,,,,,,,,,,,https://graduate.indiana.edu/degrees-programs/degrees.html,,,,FALSE,False,,,,,,,,,,,,,,,,,,,,,False,False,,,,,,,,,,,,,,,,,,,,,,,,,,FALSE,,,FALSE,FALSE,,,
,Public Administration (MPA),,,,,Graduate,Fall 2026,,,,,,,,,,,True,True,False,False,False,False,,False,False,False,False,False,False,False,False,False,,,,,,,,,,,,"['Environmental Policy and Sustainability', 'Homeland Security and Emergency Management', 'Innovation and Social Change', 'Nonprofit Management', 'Policy Analysis', 'Public Management', 'Specialized Study', 'Urban and Regional Governance']","The Master of Public Affairs (MPA) Program provides education in public management and policy analysis that prepares students for careers in public policy and administration in government, private, and nonprofit sectors. [4] The award-winning La Follette School faculty includes economists, political scientists, sociologists, and public affairs scholars who teach the skills and tools needed for a career in public affairs. [4] They are experts in social policy, health policy and management, public administration, public policy analysis, environmental policy, poverty, and tax policy and government finance. [4]",,https://graduate.indiana.edu/degrees-programs/degrees.html,"Accredited by the Network of Schools of Public Policy, Affairs, and Administration (NASPAA). [2, 5, 11, 12]",,,FALSE,False,,,,,,,,,,,,,,,,,,,,,False,False,,,,,,,,,,,,,,,,,,,,,,,,,,FALSE,,,FALSE,FALSE,,,
,Public Administration and Public Policy (Doctoral),,,,,Doctoral,Fall 2026,,,,,,,,,,,True,True,,,,,,,,,,,,,,,,,,,,,,,,,,,,,https://graduate.indiana.edu/degrees-programs/degrees.html,,,,FALSE,False,,,,,,,,,,,,,,,,,,,,,False,False,,,,,,,,,,,,,,,,,,,,,,,,,,FALSE,,,FALSE,FALSE,,,
,Public Health (Doctoral),,,,,Doctoral,Fall 2026,,,,,,,,,,,True,True,,,,,,,,,,,,,,,,,,School of Public Health-Bloomington,,,,,,,,,,,https://graduate.indiana.edu/degrees-programs/degrees.html,,,,FALSE,False,,4.0,3.3,,,,,,,,,,,,,,,,,,False,False,,,,,,,,,,,,,,,,,,,,,,,,,"Fellowships, Assistantships",FALSE,,,FALSE,FALSE,,,
,Public Management (Master),,,,,Graduate,Fall 2026,,,,,,,,,,,True,True,,,,,,,,,,,,,,,,,,O'Neill School of Public and Environmental Affairs,,,,,,,,Public Management,"The Public Management concentration prepares students with the strategic and technical skills needed to address the challenges and opportunities found in and surrounding government organizations. [1] The strategic and evidence-based management skills students acquire through courses in this concentration will be matched with the development of leadership skills essential to guiding organizations toward ethical and self–accountable decision making. [1] Because government increasingly works in concert with the nonprofit and private sectors to address complex public problems, such as education, healthcare, and sustainability, the Public Management concentration also provides students with management skills that will enable them to collaborate with organizations outside of the government sector. [1]",,https://graduate.indiana.edu/degrees-programs/degrees.html,The O'Neill MPA program at IU Indianapolis is fully accredited by the National Association of Schools of Public Affairs and Administration (NASPAA). [12],,"$753.83/credit hour for Indiana residents and qualifying military/veteran students, $1,434.35/credit hour for non-residents (for the online MPA, residential rates were not specified)",FALSE,False,,4.0,3.0,,,,,,,,,,,,,,,,,,False,False,,,,,,,,,,,,,,,,,,,,,,,,,Fellowships and assistantships,FALSE,,,FALSE,FALSE,,,
,Religious Studies (Doctoral),,,,,Doctoral,Fall 2026,,,,,,,,,,,True,True,,,,,,,,,,,,,,,,,,,,,,,,,,,,,https://graduate.indiana.edu/degrees-programs/degrees.html,,,,FALSE,False,,,,,,,,,,,,,,,,,,,,,False,False,,,,,,,,,,,,,,,,,,,,,,,,,,FALSE,,,FALSE,FALSE,,,
,"Science Education (Ed.D. in Curriculum and Instruction, Residential or Online)",,,,,Graduate,Fall 2026,,,,,,,,,,,True,True,,,,,,,,,,,,,,,,,,,,,,,,,,,,,https://graduate.indiana.edu/degrees-programs/degrees.html,,,,FALSE,False,,,,,,,,,,,,,,,,,,,,,False,False,,,,,,,,,,,,,,,,,,,,,,,,,,FALSE,,,FALSE,FALSE,,,
,Science Education (Ph.D. in Curriculum and Instruction),,,,,Graduate,Fall 2026,,,,,,,,,,,True,True,,,,,,,,,,,,,,,,,,,,,,,,,,,,,https://graduate.indiana.edu/degrees-programs/degrees.html,,,,FALSE,False,,,,,,,,,,,,,,,,,,,,,False,False,,,,,,,,,,,,,,,,,,,,,,,,,,FALSE,,,FALSE,FALSE,,,
,Social Work (PhD),,,,,Doctoral,Fall 2026,,,,,,,,,,,True,True,,,,,,,,,,,,,,,,,,,,,,,,,,,,,https://graduate.indiana.edu/degrees-programs/degrees.html,,,,FALSE,False,,,,,,,,,,,,,,,,,,,,,False,False,,,,,,,,,,,,,,,,,,,,,,,,,,FALSE,,,FALSE,FALSE,,,
,Sports Management and Leisure Studies (Doctoral),,,,,Doctoral,Fall 2026,,,,,,Not Required,REQUIRED,,,,True,True,True,False,False,False,,True,False,False,False,True,True,False,False,False,,,,School of Public Health-Bloomington,,,,,,,,,,,https://graduate.indiana.edu/degrees-programs/degrees.html,,,,FALSE,False,,4.0,3.0,,,,,,,,,,,,,,,,,,False,False,,,120.0,,,,7.0,,,68.0,,100,,,,,,,,,,,,,Graduate assistantships and associate instructorships. [13],FALSE,,,FALSE,FALSE,,,
,Substance Abuse and Addiction Counseling (Master's),,,,,Graduate,Fall 2026,,,,,,,REQUIRED,,,,True,True,False,False,False,False,,,False,False,False,,,,False,False,,,,,,,,,,,,Addictions Track,"This 60-credit hour degree prepares you for a career as an addictions-focused counselor in a variety of community settings. The evidence-based curriculum and practical training spans prevalence, prevention, and treatment of substance use disorders. Through a combination of coursework, laboratory experiences, practica, and internships you'll develop effective counseling skills and gain the qualifications and confidence needed to help others. [13]",,https://graduate.indiana.edu/degrees-programs/degrees.html,,,,FALSE,False,,,,,,,,,,,,,,,,,,,,,False,False,,,,,,,,,,,,,,,,,,,,,,,,,,FALSE,,,FALSE,FALSE,,,
,Systems Engineering (Master's Degree Program),,,,,Graduate,Fall 2026,,,,,,Optional,REQUIRED,,,,True,True,False,False,False,False,,True,,,,,True,,False,False,,,,,,,,,,,,,,,https://graduate.indiana.edu/degrees-programs/degrees.html,,,,FALSE,False,,,,,,,,,,,,,,,,,,,,,False,False,,,,,,,,,,,,,,,,,,,,,,,,,,FALSE,,,FALSE,FALSE,,,
,Urban Education Leadership (Master),,,,,Graduate,Fall 2026,,,,,,Not Required,REQUIRED,,,,True,True,True,True,False,False,,True,False,False,False,True,True,False,False,False,,,,,,,,,,,,,,,https://graduate.indiana.edu/degrees-programs/degrees.html,,,,FALSE,False,,,,,,,,,,,,,,,,,,,,,False,False,,,115.0,112,,,6.5,,,54.0,,79,,,,,,,,,,,,,,FALSE,,,FALSE,FALSE,,,
,Urban Education Studies (PhD),,,,,Doctoral,Fall 2026,,,,Required,Required,,REQUIRED,"Admission to the urban education studies doctoral program is competitive and requires faculty approval. Admission is based on an applicant's qualifications, submitted application materials (including official transcripts*, resume/curriculum vitae, writing sample, personal statements, letters of recommendation), a personal interview, and references. A master's degree is required for admission to the program. [2]",Required,,True,False,True,False,False,False,,True,False,False,False,True,True,False,False,False,,,,School of Education,,,,,,,,,"The doctoral program in Urban Education Studies at the IU School of Education in Indianapolis prepares students to become scholar-leaders with a critical understanding of the complexities of education in urban environments, and a strong grounding in research methodologies. [2] As a highly unique urban education studies Ph.D. program in the United States, with a faculty that is over 60% faculty of color and doctoral cohorts that average more than 60% students of color, we focus on an in-depth understanding of the complex assets and inequities within the urban education environment. [4] Upon graduation, you will have a critical understanding of the sociological and educational issues within urban education, the surrounding urban environment, the larger society, and the interactions among them. [4] You will have also developed a critical understanding of research, research methodologies, and research theories and will have the foundation for becoming an engaged scholar. [4]",,https://graduate.indiana.edu/degrees-programs/degrees.html,,,,FALSE,False,,,,,,,,,,,,,,,,,,,,,False,False,,,115.0,,,,7.0,,,68.0,,88,,,,,,,,,,,,,,FALSE,,,FALSE,FALSE,,,
,Vision Science (Ph.D.),,,,,Graduate,Fall 2026,,,,,,Optional,REQUIRED,,,,False,False,True,False,False,False,,True,False,False,False,False,True,False,False,False,,,,,,,,,,,,,"The Ph.D. in Vision Science is offered to top students worldwide. With leading programs in biology, optics, imaging, and vision science, you can prepare for a career in academic or industry research while interacting each week with professionals in the field. An M.S. degree is not required for application to the Ph.D. program in Vision Science. Vision science is multidisciplinary, and can include the study of biochemistry, biophysics, engineering, epidemiology, molecular biology, cell biology, neuroscience, optics, ophthalmology, optometry, pathology, physiology, psychology, statistics, and any other discipline that relates to the eye and its problems. [3]",,https://graduate.indiana.edu/degrees-programs/degrees.html,,,,FALSE,False,,,,,,,,,,,,,,,,,,,,,False,False,,,100.0,,,,6.5,,,,,80,,,,,,,,,,,,,,FALSE,,,FALSE,FALSE,,,
,Bachelor of Science in Public Affairs,,,,,Undergraduate,Fall 2026,,,,Not Required,Not Required,Not Required,Required,"To be considered for the Bachelor of Science in Public Affairs, applicants must first apply to Indiana University Bloomington and indicate a major within the O'Neill School of Public and Environmental Affairs on their application. [14] The university accepts either the Apply IU Application or the Common Application. [8] A required component of the application is an IU-specific essay of 200-400 words describing the applicant's academic and career plans. [8] Admission to the O'Neill School is competitive and decisions are made on a case-by-case basis through a holistic review that considers the applicant's academic record, the quality of their application essay(s), and other activities and achievements. [14]",Not Required,,True,False,True,False,False,False,,True,False,False,False,True,True,False,False,False,,,,O'Neill School of Public and Environmental Affairs,"Estimated tuition and mandatory fees for the 2026–2027 academic year are $12,142 for Indiana residents and $42,702 for non-residents. [1]",,,,,,,"['Environmental Management', 'Human Resource Management', 'Law and Public Policy', 'Management', 'Nonprofit Management and Leadership', 'Policy Analysis', 'Public Financial Management', 'Public Management and Leadership']","Whether you're interested in launching a career on Capitol Hill, learning how to manage and motivate people, or protecting the planet, a Bachelor of Science in Public Affairs (BSPA) degree equips you with the skills to make a difference. With the O'Neill School's core public affairs coursework, you'll study the basics of policymaking, budgeting, and finance. You'll also pick a major and develop leadership and analytical skills that can be applied to your specific area of interest.",,https://www.iu.edu/academics/degrees/all-majors-degrees.html,,,,FALSE,False,,4.0,2,,,,,,,,,,,,,,,,,,False,False,,,110.0,,,,6.5,,,53.0,,79,,,,,,,,,,,"The IU Foundation offers scholarships typically ranging from $1,000 to $2,000 annually. [14] The O'Neill School provides scholarships with award amounts between $500 and $15,000 per year. [25]",,"Merit-based and need-based scholarships are available. [8, 10]",FALSE,,,FALSE,FALSE,,,False
,Bachelor of Science in Environmental Science,,,,,Undergraduate,Fall 2026,,,,Not Required,Not Required,Not Required,Required,"To apply to Indiana University, applicants must be on track to earn an accredited high school diploma or equivalent. [1] The application for admission requires an essay. [8] General application requirements include the online application, academic records, and an application fee. [7]",Not Required,,True,True,True,False,False,False,,True,False,False,False,True,True,False,False,False,,,,O'Neill School of Public and Environmental Affairs and College of Arts + Sciences,,,,,,,,,"With a major in Environmental Science through a Bachelor of Science in Environmental Science (BSES) degree, you will study the environment and look for solutions to pressing environmental problems. You'll also have opportunities to study abroad in places like South Korea, South Africa, Portugal, and Costa Rica. The BSES is a joint degree program between the O'Neill School of Public and Environmental Affairs and the College of Arts + Sciences—to offer you a selection of courses on a wide range of environmental topics, taught by over 40 faculty and instructors across Indiana University. You'll follow an interdisciplinary approach, gaining knowledge and tools from the traditional sciences, such as biology, chemistry, geology, hydrology, mathematics, meteorology, and physics. [5] Many of the courses include field and laboratory work, providing valuable hands-on experience, and demonstrating the applied nature of environmental science. [5]",,https://www.iu.edu/academics/degrees/all-majors-degrees.html,,,,FALSE,True,,4.0,2.0,,,,,,,,,,,,,,,,,,False,False,,,110.0,,,,6.5,,,56.0,,80,,,,,,,,,,,500-15000,,"Merit-based, Need-based, Underrepresented populations",FALSE,,,FALSE,FALSE,,,False
,Bachelor of Arts in Environmental and Sustainability Studies,,,,,Undergraduate,Fall 2026,,,,Not Required,Not Required,Not Required,Required,"To apply for the Bachelor of Arts in Environmental and Sustainability Studies, prospective students must apply for undergraduate admission to Indiana University. The program is a joint degree between the O'Neill School of Public and Environmental Affairs and the College of Arts and Sciences. For specific admission information, prospective students are advised to contact the BAESS advisor. [8] General application is done through the Common Application.",Not Required,,True,True,True,False,False,False,,True,False,False,False,True,True,False,False,False,,,,College of Arts and Sciences and the O'Neill School of Public and Environmental Affairs. [25],,,,,,,,"['sustainable food systems', 'sustainable energy and resources', 'environmental ethics and justice', 'biodiversity and sustainability', 'an individualized concentration']","If sustainability, human-environment interactions, sustainable food systems, and environmental ethics topics intrigue you, a Bachelor of Arts in Environmental and Sustainability Studies (BAESS) degree—which is also a major in environmental and sustainability studies—will give you the opportunity to study these subjects and more. [1] With a BAESS, you will gain a broad overview of environmental sustainability problems and the tools needed to address these issues. [1] You'll also have opportunities to explore sustainability globally by studying abroad in places like South Africa, Portugal, or Costa Rica. [1] The Bachelor of Arts in Environmental and Sustainability Studies is an interdisciplinary, liberal-arts degree designed to provide an introduction to the complex system-scale challenges of sustainability as well as the tools needed to address problems that transcend solely social or environmental domains. [4] Students pursuing this degree can expect to integrate experience in the humanities with the natural and social sciences. [4] The major offers the opportunity to develop skills in communication and creative expression, data collection and analysis, environmental science, and economics. [4]",,https://www.iu.edu/academics/degrees/all-majors-degrees.html,,,,FALSE,False,,4.0,2,,,,,,,,,,,,,,,,,,False,False,,,110.0,,,,6.5,,,53.0,,79,,,,,,,,,,,,,,FALSE,,,FALSE,FALSE,,,False
,Bachelor of Science in Arts Management,,,,,Undergraduate,Fall 2026,,,,Not Required,Required,Not Required,,"To be considered for admission to Indiana University Bloomington, all applicants must have an accredited high school diploma or its equivalent. [5] While there's no set minimum GPA, the majority of admitted students have a GPA between 3.5 and 4.0. [2] The university takes a holistic approach, considering factors like the rigor of high school coursework, extracurricular activities, and a required personal essay that provides insight into your academic and personal goals. [1, 2] Letters of recommendation are also encouraged. [2]",Not Required,,True,False,False,False,False,False,,False,False,False,False,False,False,False,False,False,,,,O'Neill School of Public and Environmental Affairs,,,,,,,,,"Study the behind-the-scenes elements of the arts world, including arts marketing, finance, nonprofit management, and law. You'll learn the fundamentals of running an arts organization while specializing in a specific arts area tailored to your interests and career goals. You'll also have opportunities to explore global approaches to arts management by studying abroad in places like Switzerland, Scotland, or the Netherlands. You'll complete an internship in the area you're studying—whether that's with a record label in Nashville or at a museum in the nation's capital—and graduate with real-world experience and a head start on your career. [1]",,https://www.iu.edu/academics/degrees/all-majors-degrees.html,,,,FALSE,False,,4.0,2.3,,,,,,,,,,,,,,,,,,False,False,,,,,,,,,,,,,,,,,,,,,,,,,Merit-based scholarships such as the O'Neill Scholars Award and the Boch Family Scholarship are available.,FALSE,,,FALSE,FALSE,,,False
,Bachelor of Science in Healthcare Management and Policy,,,,,Undergraduate,Fall 2026,,,,Not Required,Not Required,Not Required,Required,"General admission to Indiana University is the first step. For direct admission to the O'Neill School, which houses the program, incoming freshmen can be admitted with a 3.3 high school GPA (test-optional). Alternatively, students with a 3.0 high school GPA and an SAT score of 1000+ or an ACT composite score of 21 can be directly admitted. [4] Students who do not meet these criteria are admitted to University College and can transfer to O'Neill after their first semester if they have declared an O'Neill major and earned a 2.0 cumulative GPA. [4]",Not Required,,True,False,True,False,False,False,,True,False,False,False,True,True,True,False,False,,,,O'Neill School of Public and Environmental Affairs,"$12,144 for in-state students and $41,891 for out-of-state students for the 2024-25 academic year.",,,,,,,,"Study the complex economic and political factors affecting an issue that is critical to all of us—our health. In the Bachelor of Science in Healthcare Management and Policy program, you'll be taught by nationally known faculty as well as practitioners who understand the issues firsthand: Learn healthcare law from practicing attorneys, long-term care from the administrator of a 300-bed facility, and strategic planning from a hospital CEO. You'll graduate with the leadership skills necessary to ensure people have access to the health services they need—and the analytical skills to reform healthcare from the inside out. [5]",,https://www.iu.edu/academics/degrees/all-majors-degrees.html,,,"$392 per credit hour for in-state undergraduates, $1,112 per credit hour for out-of-state students.",FALSE,False,,4.0,,,,,,,,,,,,,,,,,,,False,False,,,130.0,,,,7.5,,,68.0,,100,,,,,,,,,,,1000,,"Merit-based, Need-based",FALSE,,,FALSE,FALSE,,,False
,Bachelor of Science in Accounting,,,,,Undergraduate,Fall 2026,,,,Not Required,Not Required,Not Required,Required,"To be considered for direct admission to the Kelley School of Business for a Bachelor of Science in Accounting, first-year applicants must submit their IU Bloomington application by the November 1 early action deadline, indicating a Kelley business major. [1] Applicants must also complete the Kelley Prospect Inventory (KPI) through the IU Admissions Portal. [1] There are no automatic criteria for direct admission; all applicants who submit the KPI will undergo a comprehensive academic review that considers factors such as high school performance, the rigor of high school coursework, academic achievements, and potential for success at the Kelley School. [1]",Not Required,,True,False,True,False,False,False,,True,False,False,False,True,True,False,False,False,,,,,,,,,,,,,"Year after year, the Kelley School's Bachelor of Science in Business (B.S.B.) in Accounting is ranked one of the best programs in the nation. In fact, U.S. News & World Report Best Undergraduate Business Programs 2024 ranks this program at No. 4. This degree could be a great fit for students who enjoy math, are skilled communicators, and a good at solving problems. With an undergraduate degree from the Kelley School of Business, you'll be able to: analyze and interpret the economic, social, political, legal, cultural, and technological influences that drive the global economy, evaluate a region or nation for business investment or expansion, and develop a comprehensive knowledge base in each essential division of business and understand the important relationships among finance, marketing, operations, and leadership. In addition, accounting majors acquire the tools for intelligent analysis, planning, control, and decision-making. Students learn to address the oral and written skills accounting professionals need in order to be effective team members and serve clients well.",,https://www.iu.edu/academics/degrees/all-majors-degrees.html,,,,FALSE,False,,,,,,,,,,,,,,,,,,,,,False,False,,,105.0,,,,6.5,,,53.0,,79,,,,,,,,,,,,,,FALSE,,,FALSE,FALSE,,,False
,Bachelor of Science in Business,,,,,Undergraduate,Fall 2026,,,,Not Required,Required,Not Required,Required,"To apply for freshman admission at Indiana University, prospective students must submit an application via the Common Application or the Apply IU application. As part of the application, an essay is required. Indiana University has a test-optional policy, which allows applicants to choose whether their SAT or ACT scores will be considered in the admission review process.",Not Required,,True,True,True,False,False,False,,True,False,False,False,True,True,True,False,False,,,,Kelley School of Business,"The estimated tuition and mandatory fees for the 2026–2027 academic year are $12,142 for Indiana residents and $42,702 for nonresidents. [26]",,,,,,,"[{'campus': 'IU Columbus', 'concentrations': ['Accounting', 'Finance', 'Management', 'Marketing']}, {'campus': 'IU Southeast', 'concentrations': ['General Business']}, {'campus': 'IU Bloomington (Kelley School of Business)', 'concentrations': ['Management']}, {'campus': 'IU Northwest', 'concentrations': 'Students focus their advanced coursework in an area of concentration that matches their career interests.'}]","The Indiana University Bachelor of Science (BS) in Business degree is a professional program designed to provide students with a broad foundation in the functional areas of business before they build on this foundation with a deeper investigation into key business areas. [2, 7] The curriculum includes courses in the arts, sciences, and humanities as part of the general education requirements. [2] Students will gain knowledge in core business disciplines such as economics, human resources, international business, commercial law, new venture creation, and consumer behavior. [7] The program at IU Online, for instance, provides a broad foundation in high-demand fields like economics, management, quantitative business analysis, finance, marketing, and information systems. [11] At IU Southeast, the general business concentration offers a comprehensive understanding of fundamental business concepts spanning finance, marketing, management, and operations. [18] The program at IU Northwest starts with a broad foundation and then allows students to focus their advanced coursework in a concentration that aligns with their career interests. [2]",,https://www.iu.edu/academics/degrees/all-majors-degrees.html,"The business schools at Indiana University, including the Kelley School of Business (Bloomington and Indianapolis), the School of Business and Economics at IU Northwest, and the School of Business at IU Southeast, are accredited by AACSB International (The Association to Advance Collegiate Schools of Business). [1, 2, 7] This accreditation is considered the highest standard of achievement for business schools worldwide. [1, 14]",,"Indiana University utilizes a flat-rate tuition for full-time undergraduate students, covering up to 40 credit hours across the fall and spring semesters. [26] Therefore, a specific cost per credit is not the standard for full-time enrollment.",FALSE,False,,4.0,3.0,,,,,,,,,,,,,,,,,,False,False,,,,,,,,,,,,,,,,,,,,,,,"Jaguar Excellence Awards for direct-admit students at the IU Indianapolis campus range from $1,000 to $5,000 per year. [21] STEM-based scholarships for some students are available up to $15,000 for in-state students and up to $25,000 for out-of-state students. [14]",,Merit-based and need-based scholarships are available. [21],FALSE,,,FALSE,FALSE,,,False
,Bachelor of Arts in African American & African Diaspora Studies/Religious Studies,,,,,Associate,Fall 2026,,,,Not Required,Not Required,Not Required,,"To be considered for admission, you'll need to submit your online application and all required materials. These materials include:

* The Apply IU application or the Common Application
* The IU-specific questions and essay
* Your self-reported high school grades
* An application fee or fee waiver",Not Required,,True,False,False,False,False,False,,False,False,False,False,False,False,False,False,False,,,,College of Arts and Sciences,"For the 2026–2027 academic year, the estimated full-time undergraduate tuition and mandatory fees are $12,142 for Indiana residents and $42,702 for non-residents. [9]",,,,,,,,"The Departments of African American and African Diaspora Studies (AAADS) and Religious Studies offer an interdepartmental major that allow you to explore and examine the intersection of religion and its influences in African American life and culture. [1] Foundational courses in both departments give students a strong base knowledge of global religious traditions and ideas, and the historical, cultural, and artistic contributions and influences of people of African descent. [1] While students split their time between the two different departments, their course selection weaves together an understanding of how and why religion plays the part that it does in African American history, art, politics and culture. [1] Graduates from the AAADS and Religious Studies interdepartmental major successfully pursue careers in law, education, criminal justice, politics, business, community organizing, and the non-profit sector. [1] These students often seek out graduate programs in areas such as African American studies, religious studies, law, seminary, and business school. [1]",,https://www.iu.edu/academics/degrees/all-majors-degrees.html,,,"For undergraduate students in the College of Arts and Sciences, the cost per credit hour is approximately $392 for in-state residents and $1,112 for out-of-state residents.",FALSE,False,,4.0,,,,,,,,,,,,,,,,,,,False,False,,,,,,,,,,,,,,,,,,,,,,,,,"Indiana University offers academic and merit-based scholarships. Some scholarships are also country-specific for international students. [5, 14]",FALSE,,,FALSE,FALSE,,,False
,Bachelor of Arts in African American & African Diaspora Studies/English,,,,,Associate,Fall 2026,,,,Not Required,Not Required,Not Required,Required,"To apply, students must use the Apply IU application or the Common App. [15] Admission to Indiana University Bloomington is holistic and based on a variety of factors. The primary emphasis is placed on a student's grades and the rigor of their high school coursework (such as AP, IB, or dual-credit courses). [2] Other factors considered include the application essay, extracurricular activities, and other achievements. [2] Applicants must be on track to earn a diploma from an accredited high school or an equivalent like the Indiana High School Equivalency Diploma. [10]",Not Required,,True,False,False,False,False,False,,False,False,False,False,False,False,False,False,False,,,,College of Arts and Sciences,,,,,,,,,"An interdepartmental major in African American and African Diaspora Studies and English enables you to study historical, cultural, and social connections among Africans, African Americans, and other New World Black communities. [1] In pursuing this major, you study poetry, fiction, and prose—theory, philosophy, and political writings—while exploring the shifting significance of race. [1] Both English and AAADS offer a diverse array of elective options. Faculty in both departments represent a wide variety of interests and disciplines. [1]",,https://www.iu.edu/academics/degrees/all-majors-degrees.html,,,,FALSE,False,,4.0,2,,,,,,,,,,,,,,,,,,False,False,,,,,,,,,,,,,,,,,,,,,,,,,"Merit-based, Need-based",FALSE,,,FALSE,FALSE,,,False
,Bachelor of Arts in African American & African Diaspora Studies/History,,,,,Associate,Fall 2026,,,,Not Required,Required,Not Required,Required,"Application for undergraduate admission to Indiana University is handled centrally through the Office of Admissions and is not specific to the Bachelor of Arts in African American & African Diaspora Studies/History. Prospective students must complete an online application, such as the Common Application, and submit a non-refundable application fee or qualify for a fee waiver. A key component of the application is a personal essay of 200–400 words. Additionally, an official high school transcript is required. Indiana University has a test-optional policy, meaning applicants can choose whether or not to submit SAT or ACT scores for consideration in the admissions process.",Not Required,,True,False,True,True,False,False,,True,False,False,False,True,True,False,False,False,,,,College of Arts and Sciences,"$42,702/Year",,,,,,,,,,https://www.iu.edu/academics/degrees/all-majors-degrees.html,,,,FALSE,False,,4.0,2.0,,,,,,,,,,,,,,,,,,False,False,,,110.0,112.0,,,6.5,,,58.0,,79,,,,,,,,,,,,,"Merit-based, Need-based",FALSE,,,FALSE,FALSE,,,False
,Bachelor of Arts in African American & African Diaspora Studies/Sociology,,,,,Associate,Fall 2026,,,,Not Required,Required,Not Required,Required,"Indiana University Bloomington has a test-optional admissions policy for all undergraduate applicants. The university conducts a holistic review of applications, with the greatest emphasis placed on a student's grades and the rigor of their high school coursework. Other factors considered include the application essay, extracurricular activities, and other achievements. Students can choose at the point of application whether to have SAT and/or ACT scores considered as part of their application review, and they will receive full consideration for admission without test scores. [20]",Not Required,,True,False,True,False,False,False,,True,False,False,False,False,True,False,False,False,,,,,,,,,,,,,"Students on Summer 2021, Fall 2021, or Spring 2022 requirements AAADSOCBA. The Interdepartmental Bachelor of Arts in African American and African Diaspora Studies and Sociology allows students to study society and human social interaction as organized in systems of social relationships, organizations, and institutions with focus on African Americans and the African Diaspora. Students how pursue this major will acquire strategies and critical thinking skills to work with diverse populations in a ...",,https://www.iu.edu/academics/degrees/all-majors-degrees.html,,,,FALSE,False,,,,,,,,,,,,,,,,,,,,,False,False,,,115.0,,,,6.5,,,,,80,,,,,,,,,,,,,,FALSE,,,FALSE,FALSE,,,False
,Bachelor of Science in Biology,,,,,Undergraduate,Fall 2026,,,,Optional,Required,Not Required,Required,"As part of the application to Indiana University Bloomington, an essay is required. If using the Common Application, applicants can select from any of the provided prompts. For those using the Apply IU application, the prompt is: ""In 200–400 words, describe your academic and career plans and any special interest (for example, undergraduate research, academic interests, leadership opportunities, etc.) that you are eager to pursue as an undergraduate at Indiana University. Also, if you have experienced any unusual circumstances, challenges, or obstacles in pursuit of your education, you may share those experiences and how you have overcome them."" [2] While letters of recommendation are not mandatory, one recommendation from a counselor and one from a teacher are accepted. [2]",Not Required,,True,False,False,False,False,False,,True,False,False,False,False,False,False,False,False,,,,College of Arts and Sciences,,,,,,,,,,,https://www.iu.edu/academics/degrees/all-majors-degrees.html,,11540,"$342 for in-state and $1,307 for out-of-state students (2025-2026 estimate). [5]",FALSE,True,,4.0,2.0,,,,,,,,,,,,,,,,,,False,False,,,115.0,,,,6.5,,,53.0,,79,,,,,,,,,,,Most Department of Biology awards are between $500 and $3000. [9],,"Merit-based, Need-based",FALSE,,,FALSE,FALSE,,,False
,Bachelor of Arts in Biology,,,,,Undergraduate,Fall 2026,,,,Not Required,Not Required,Not Required,Required,"Admission to IU is selective, and we base our admission decisions on an overall evaluation of applicants' merits, strengths, and weaknesses. An applicant should demonstrate a combination of academic preparation, achievements, abilities, motivation, and maturity that promises success in Indiana University's academic programs. [10] The greatest emphasis is placed on your grades earned in academic coursework; as well as performance in honors, dual-credit, International Baccalaureate, and Advanced Placement courses; your essay; extracurricular activities; and other achievements. [1]",Not Required,,True,False,False,False,False,False,,True,False,False,False,False,False,False,False,False,,,,College of Arts and Sciences,,,,,,,,,"The Bachelor of Arts (B.A.) degree in Biology trains students in the major subject areas of biology a remaining the most flexible of all biology degrees offered. Minimal chemistry and mathematics requirements allow you to substitute a second major, such as computer science, chemistry, psychology, environmental studies, or business. Because of its flexibility, this degree is ideal for students who wish to pursue a second major, combining the study of biology with another subject area. If you want the flexibility to explore other academic disciplines, wish to teach middle school or high school biology, or desire to work in business, the Biology B.A. degree may be a good option for you. Your work in the major begins with two courses—Foundations of Biology: Diversity, Evolution, and Ecology and Foundations of Biology: Biological Mechanisms. Lab work and courses in molecular biology, genetics, and evolution are also required. Additional lecture courses and lab work enable you to complete the degree. [2]",,https://www.iu.edu/academics/degrees/all-majors-degrees.html,,,"$392/credit hour (in-state); $1,112/credit hour (out-of-state)",FALSE,True,,4.0,2,,,,,,,,,,,,,,,,,,False,False,,,130.0,112.0,,,7.5,,,68.0,,100,,,,,,,,,,,"USD 1,000 – USD 11,000 per year",,"Merit-based, Need-based",FALSE,,,FALSE,FALSE,,,False
,Bachelor of Science in Chemistry,,,,,Undergraduate,Fall 2026,,,,Not Required,Not Required,Not Required,Required,"For admission, Indiana University requires completion of a high school diploma or equivalent. The application is submitted through the Common Application, and a non-refundable application fee is required. Applicants must also submit their high school transcript.",Not Required,,True,False,True,False,False,False,,True,False,False,False,False,True,False,False,False,,,,College of Arts and Sciences,,,,,,,,,"Chemistry studies the substances of matter—their identification, composition, properties, interactions, combinations, changes, and uses. The Bachelor of Science in Chemistry prepares students for employment in industry, to pursue graduate work in chemistry, or to attend medical or dental school. [5]",,https://www.iu.edu/academics/degrees/all-majors-degrees.html,The Bachelor of Science (BS) in Chemistry degree is certified by the American Chemical Society. [10],,,FALSE,True,,4.0,,,,,,,,,,,,,,,,,,,False,False,,,110.0,,,,6.5,,,,,79,,,,,,,,,,,,,,FALSE,,,FALSE,FALSE,,,False
,Bachelor of Arts in Chemistry,,,,,Undergraduate,Fall 2026,,,,Not Required,Not Required,Not Required,Required,"To apply for the Bachelor of Arts in Chemistry, prospective students must submit a general undergraduate application to Indiana University Bloomington through either the Apply IU Application or the Common Application. [16, 11] As part of the application, an essay of 200-400 words describing academic and career plans is required for the Apply IU application, or one of the standard essay prompts for the Common Application. [11] The university conducts a holistic review, with the greatest emphasis placed on grades in academic coursework, performance in honors, dual-credit, International Baccalaureate, and Advanced Placement courses, the essay, extracurricular activities, and other achievements. [1]",Not Required,,True,False,True,False,False,False,,True,False,False,False,False,True,False,False,False,,,,College of Arts and Sciences,"In-state: $12,142, Out-of-state: $42,702 (Tuition and mandatory fees for the 2026–2027 academic year). [7]",,,,,,,,"The Bachelor of Arts in Chemistry program prepares graduates interested in science-oriented pre-professional programs such as medicine and dentistry, as well as for students entering secondary science teaching. The B.A. program allows students to major with a maximum of forty-six credits in chemistry while providing flexibility for exposure in other cognate fields.",,https://www.iu.edu/academics/degrees/all-majors-degrees.html,"While the B.S. program is certified by the American Chemical Society (ACS), the Bachelor of Arts (B.A.) degree is not. However, B.A. majors can qualify for ACS certification by completing additional coursework.",,"In-state: $392, Out-of-state: $1,112. [4]",FALSE,True,,4.0,2.0,,,,,,,,,,,,,,,,,,False,False,,,110.0,,,,6.5,,,,,79,,,,,,,,,,,$500 to $1000. [6],,Merit-based scholarships and summer research scholarships. [6],FALSE,,,FALSE,FALSE,,,False
,Bachelor of Arts in Communication and Public Advocacy,,,,,Undergraduate,Fall 2026,,,,Not Required,Not Required,Not Required,Required,Applicants should adhere to the general freshman admission requirements for Indiana University Bloomington. A comprehensive review of each applicant's academic record is conducted.,Not Required,,True,True,True,False,False,False,,True,False,False,False,True,True,False,False,False,,,,The Media School or College of Arts and Sciences,,,,,,,,,"Interested students from any department may pursue a Minor in Communication and Public Advocacy with the Department of English. [2] You will study the written, oral, visual, and digital tactics that individuals and groups use to advocate for issues and causes, and you will gain the communication skills that employers consistently list as the most valuable attributes of their ideal employees. [2] This minor provides an excellent preparation for law school. [2] With this minor, you develop the skills required to express and argue for your ideas in various public settings. [2] You also improve your ability to respond persuasively, through practice analyzing the ideas and arguments of others. [2] The minor offers a uniquely comprehensive and integrated approach to instruction in writing, speaking, and digital communication. [2] The curriculum fosters and guides production as well as analysis, so that students regularly put into practice the methods taught in class. [2]",,https://www.iu.edu/academics/degrees/all-majors-degrees.html,,,,FALSE,False,,4.0,,,,,,,,,,,,,,,,,,,False,False,,,110.0,,,,6.5,,,53.0,,79,,,,,,,,,,,,,,FALSE,,,FALSE,FALSE,,,False
,Bachelor of Science in Computer Science,,,,,Undergraduate,Fall 2026,,,,Not Required,Not Required,,,"There are two paths for admission into the Bachelor of Science in Computer Science program: Direct Admission and Standard Admission. For Direct Admission, applicants must submit a complete application to the IU Office of Admissions by November 1, be admitted to Indiana University with Computer Science B.S. as their intended major, have a minimum cumulative GPA of 3.75 on a 4.0 scale, and have a minimum SAT score of 1310 (critical reading and math) or a minimum ACT score of 28. [1] Students who do not meet the Direct Admission criteria can be admitted to Indiana University through the standard process and enter the University Division. They can then apply for certification into the Computer Science B.S. program after completing at least 30 credit hours with a minimum cumulative GPA of 2.0 and completing the English composition requirement with a minimum grade of C. [1]",Not Required,,False,False,False,False,False,False,,False,False,False,False,False,False,False,False,False,,,,"Luddy School of Informatics, Computing, and Engineering",,,,,,,,"['Software systems', 'Data science', 'Artificial intelligence and machine learning', 'Software engineering and design']","The Bachelor of Science in Computer Science (BS CS) provides an in-depth foundation in programming, software development, technology systems, science, and math. You may find this degree of interest if you want to pursue software development as a career path or go to graduate school in computer science. In addition to the General Track, the ICS Department also offers three specialized BS CS tracks: Data Science, Security Science and Creative Computational Media. [3]",,https://www.iu.edu/academics/degrees/all-majors-degrees.html,The Bachelor of Science in Computer Science is accredited through the Computing Accreditation Commission of the Accreditation Board of Engineering and Technology (ABET). [2],,,FALSE,True,,,,,,,,,,,,,,,,,,,,,True,True,,28.0,,,,,,,,,1310.0,,,,,,,,,,,,,,"['Merit-based', 'Need-based']",FALSE,,,FALSE,FALSE,,,False
,Bachelor of Arts in Criminal Justice,,,,,Undergraduate,Fall 2026,,,,Not Required,Not Required,Not Required,Required,"Admission to the major is part of the general Indiana University application process. Applicants should complete at least 34 credits of college-preparatory courses in high school. The university reviews the breadth and depth of the college-preparatory program, cumulative GPA, and an application essay. [14] The IU-specific application essay should be 200-400 words describing academic and career plans. [7]",Not Required,,True,False,True,False,False,False,,True,False,False,False,True,True,False,False,False,,,,College of Arts and Sciences,"In-state: $12,142/Year, Out-of-state: $40,482/Year (2024-2025)",,,,,,,,,,https://www.iu.edu/academics/degrees/all-majors-degrees.html,,,"In-state: $322, Out-of-state: $1,223 (2024-2025)",FALSE,False,,4.0,,,,,,,,,,,,,,,,,,,False,False,,,110.0,,,,6.5,,,53.0,,80,,,,,,,,,,,,,,FALSE,,,FALSE,FALSE,,,False
,Bachelor of Science in Education - Elementary Education,,,,,Undergraduate,Fall 2026,,,,Not Required,Not Required,Not Required,Required,"Admission to the Bachelor of Science in Education in Elementary Education is a multi-step process. First, prospective students must be admitted to Indiana University Bloomington through the university's Office of Admissions. [11, 13] Following admission to the university and the completion of certain prerequisites, students must then apply for admission to the Teacher Education Program (TEP). [11, 13] Specific requirements for elementary education majors to be admitted into the TEP include maintaining a minimum overall GPA of 2.5 or higher. [8] Admission to the TEP is competitive, and meeting the minimum requirements is necessary but does not guarantee acceptance. [13]",Not Required,,True,True,True,False,False,False,,True,False,False,False,False,True,False,False,False,,,,School of Education,,,,,,,,"Students choose one subject area to study in depth from an Area of Concentration, a License Addition, or an Academic Minor. Options include subjects like math, science, language arts, social studies, or fine arts.","The Bachelor of Science in Education in Elementary Education program provides the necessary coursework and field experiences to prepare future teachers for the needs of students in today's K-6th grade schools. Candidates for this program are considered generalists, taking a range of content courses, professional foundation courses, and methods courses that cover the various subject areas taught in elementary schools. The program is designed to equip teacher education candidates with the skills to teach all subjects to children from kindergarten through sixth grade. Students gain a broad background in English, mathematics, humanities, social sciences, and the sciences, which is complemented by classes on teaching methods. A significant part of the curriculum includes multiple field experiences in elementary schools, allowing students to practice and improve their teaching abilities. [1, 4, 9]",,https://www.iu.edu/academics/degrees/all-majors-degrees.html,,,,FALSE,False,,4.0,2.75,,,,,,,,,,,,,,,,,,False,False,,,110.0,,,,6.5,,,,,79,,,,,,,,,,,,,,FALSE,,,FALSE,FALSE,,,False
,Bachelor of Science in Education - Secondary Education,,,,,Undergraduate,Fall 2026,,,,Not Required,Required,Not Required,,"Admission to this program is a two-step process. First, students must be admitted to Indiana University Bloomington. General freshman admission is based on a holistic review with the greatest emphasis placed on grades in academic coursework, performance in advanced courses, the application essay, and extracurricular activities. [1, 3] After being admitted to IU, students must apply for and be admitted to the Teacher Education Program (TEP) to progress into upper-level professional coursework. [11] Admission to the TEP is competitive. [14]",Not Required,,True,False,False,False,False,False,,False,False,False,False,False,False,False,False,False,,,,,,,,,,,,"['Journalism', 'Language arts/English', 'Mathematics', 'Chemistry', 'Earth/Space science', 'Life science/biology', 'Physics', 'Social studies']","In the Secondary Education Anchor Program, you'll follow a proven curriculum that combines content knowledge with a solid foundation in the history, theory, and philosophy of education; adolescent development; classroom management; and the use of technology in education. [13]",,https://www.iu.edu/academics/degrees/all-majors-degrees.html,The Indiana University School of Education is accredited by the Council for the Accreditation of Educator Preparation (CAEP) and the Higher Learning Commission (HLC). [2] The national accreditation through CAEP for teacher education programs is valid through 2031. [4] The secondary education program was specifically included in the CAEP review. [2],,,FALSE,False,,,,,,,,,,,,,,,,,,,,,False,False,,,,,,,,,,,,,,,,,,,,,,,,,,FALSE,,,FALSE,FALSE,,,False
,Bachelor of Arts in English,,,,,Undergraduate,Fall 2026,,,,Not Required,Not Required,Optional,Required,"To apply for undergraduate admission to Indiana University, which is required for the Bachelor of Arts in English program, applicants must submit an online application through either the Apply IU application or the Common Application. There is a nonrefundable application fee. Applicants need to self-report their high school coursework and grades. An IU-specific essay of 200-400 words is also part of the application; the prompt asks applicants to describe their academic and career plans and any special interests or circumstances they want the admissions committee to consider.",Not Required,,True,True,True,,False,False,,True,False,False,False,False,True,False,False,False,,,,College of Arts and Sciences,,,,,,,,,,,https://www.iu.edu/academics/degrees/all-majors-degrees.html,,,,FALSE,False,,4.0,2.0,,,,,,,,,,,,,,,,,,False,False,,,110.0,,,,6.5,,,,,80,,,,,,,,,,,,,"Merit-based, Need-based",FALSE,,,FALSE,FALSE,,,False
,Bachelor of Arts in History,,,,,Undergraduate,Fall 2026,,,,Not Required,Not Required,Not Required,Required,"Admission to Indiana University Bloomington is selective, and the review process is holistic. The university considers several factors, with the greatest emphasis placed on your grades in academic coursework and the rigor of your high school curriculum. Other factors include performance in honors, dual-credit, International Baccalaureate, and Advanced Placement courses; your application essay; extracurricular activities; and other achievements. International applicants must also demonstrate English proficiency.",Not Required,,True,False,True,False,False,False,,True,False,False,False,True,True,False,False,False,,,,College of Arts and Sciences,"For the 2026–2027 academic year, undergraduate tuition and mandatory fees are estimated at $12,142 for Indiana residents and $42,702 for non-residents, based on 40 credit hours across all terms. [15]",,,,,,,,"Majors are trained to critically interpret sources and stories about the full range of people living in the past to provide an understanding of issues that remain relevant today. [14] In the process of carrying out this work, majors develop strong research and critical skills, creative methods for recognizing patterns of information, and techniques for clear and persuasive writing essential skills for success in any career: research, analysis, synthesis, and effective writing. [14] The B.A. in History prepares students to understand our changing world. [14] History students learn how change takes place, the tensions and conflicts it causes, and how individuals, groups, and societies change over time. [14] Students develop skills and tools for retrieving and interpreting the past and, in the process, for better understanding the questions and challenges of our own time. [14] Courses cover a wide range of issues in all time periods and parts of the world. [14]",,https://www.iu.edu/academics/degrees/all-majors-degrees.html,,,"For in-state undergraduates, the cost is approximately $392 per credit hour, and for out-of-state students, it is approximately $1,112 per credit hour. [6]",FALSE,False,,4.0,2,,,,,,,,,,,,,,,,,,False,False,,,110.0,,,,6.5,,,55.0,,81,,,,,,,,,,,,,"Merit-based, Country-specific",FALSE,,,FALSE,FALSE,,,False
,Bachelor of Science in Informatics,,,,,Undergraduate,Fall 2026,,,,Not Required,Required,Not Required,Required,"To apply for undergraduate admission at Indiana University, students need an accredited high school diploma or equivalent. [7] The application is evaluated holistically, with the greatest emphasis placed on grades earned in academic coursework, including performance in honors, dual-credit, International Baccalaureate, and Advanced Placement courses. [1] Other factors considered include a required personal essay and extracurricular activities. [1, 3] Specific to the BS in Informatics online program, applicants must complete an application for admission and submit official transcripts. [5]",Not Required,,True,False,False,False,False,False,,True,False,False,False,False,True,False,False,False,,,,"Luddy School of Informatics, Computing, and Engineering",,,,,,,,"['Animal Informatics', 'Bioinformatics', 'Computing, Culture, and Society', 'Complex Networks and Systems', 'Human Computer Interaction', 'Health Informatics', 'Intelligent and Interactive Systems', 'Security Informatics', 'Virtual Heritage']","With a Bachelor of Science (B.S.) in Informatics, you will gain the capacity to understand, create, and use technologies to help shape a more inclusive and diverse future. If you're passionate about the human side of technology, how technological information systems impact individuals and societies, and how technology can improve people's lives, pursuing a bachelor's degree in informatics is a great way to gain the critical technical skills you need to make a positive impact in a variety of high-demand informatics careers.",,https://www.iu.edu/academics/degrees/all-majors-degrees.html,,,,FALSE,True,,4.0,2,,,,,,,,,,,,,,,,,,False,False,,,,,,,,,,,,,,,,,,,,,,,"Varies, with specific scholarships ranging from $500 to $25,000. [1, 2]",,"Merit-based, with some scholarships considering financial need and preference for underrepresented populations. [1, 2, 6]",FALSE,,,FALSE,FALSE,,,False
,Bachelor of Science in Kinesiology,,,,,Undergraduate,Fall 2026,,,,,,Not Required,Required,,,,True,True,True,False,False,False,,True,False,False,False,True,True,False,False,False,,,,School of Public Health-Bloomington,,,,,,,,,,,https://www.iu.edu/academics/degrees/all-majors-degrees.html,,,,FALSE,False,,4.0,,,,,,,,,,,,,,,,,,,False,False,,,110.0,,,,6.5,,,53.0,,79,,,,,,,,,,,,,,FALSE,,,FALSE,FALSE,,,False
,Bachelor of Arts in Linguistics,,,,,Undergraduate,Fall 2026,,,,,,Not Required,,,,,True,True,False,False,False,False,,False,False,False,False,False,False,False,False,False,,,,College of Arts & Sciences,,,,,,,,,,,https://www.iu.edu/academics/degrees/all-majors-degrees.html,,,,FALSE,False,,4.0,2.0,,,,,,,,,,,,,,,,,,False,False,,,,,,,,,,,,,,,,,,,,,,,,,"Merit-based, Need-based",FALSE,,,FALSE,FALSE,,,False
,Bachelor of Science in Mathematics,,,,,Undergraduate,Fall 2026,,,,,,Not Required,Required,,,,True,True,True,True,False,False,,True,False,False,False,True,True,True,False,False,,,,College of Arts and Sciences,,,,,,,,"['actuarial science', 'applied mathematics', 'applied statistics', 'pure mathematics']","Mathematics is one of the oldest and most fundamental sciences. It is the science of quantitative relationships using numbers and symbols. Mathematicians use mathematical theory, computational techniques, algorithms and the latest computer technology to solve economic, scientific, engineering, physics, and business problems.",,https://www.iu.edu/academics/degrees/all-majors-degrees.html,,,,FALSE,False,,4.0,3.0,,,,,,,,,,,,,,,,,,False,False,,,90.0,109.0,,,5.5,,,68.0,,60,,,,,,,,,,,4000,,"Merit-based, Need-based",FALSE,,,FALSE,FALSE,,,False
,Bachelor of Arts in Mathematics,,,,,Undergraduate,Fall 2026,,,,Not Required,Not Required,Not Required,Required,"Admission to the Bachelor of Arts in Mathematics program is handled through the general undergraduate admission process for Indiana University. There are no specific application requirements mentioned for this program beyond the general university application. The university has a test-optional admissions policy, allowing students to choose whether to have SAT and/or ACT scores considered during the application review. [3] Students will also need to complete the degree requirements of the College of Arts and Sciences.",Not Required,,False,True,True,False,False,False,,True,False,False,False,True,True,True,False,False,,,,College of Arts and Sciences,,,,,,,,,"The Bachelor of Arts (B.A.) in Mathematics offers broad flexibility, allowing students to combine their interest in math with almost any other major, minor, or certificate. The program requires majors to select courses from at least two different areas of mathematics, such as Algebra, Analysis, Applied math, Computer science and programming, Differential equations, and Geometry and topology. This structure helps students gain analytical and problem-solving skills that are both useful and marketable. The B.A. is designed to be paired with other areas of interest, with Economics being a popular double major.",,https://www.iu.edu/academics/degrees/all-majors-degrees.html,,,,FALSE,True,,4.0,,,,,,,,,,,,,,,,,,,False,False,,,,,,,,,,,,,,,,,,,,,,,,,"Merit-based, Need-based",FALSE,,,FALSE,FALSE,,,False
,Bachelor of Science in Neuroscience,,,,,Undergraduate,Fall 2026,,,,Not Required,Not Required,Not Required,Required,"For undergraduate admission, applicants must submit the Apply IU application or the Common App, official high school transcripts, an application fee, and an essay. Graduate application requirements are determined by individual schools and programs but generally include an online application and transcripts.",Not Required,,True,True,True,False,False,False,,True,False,False,False,True,True,False,False,False,,,,"College of Arts and Sciences, Department of Psychological and Brain Sciences","Estimated for 2025-2026: $12,509 (in-state) / $43,349 (out-of-state) per year. [2]",,,,,,,,"The Bachelor of Science in Neuroscience is designed for students who want to pursue graduate training in neuroscience, attend medical school, or get a research-related job in biotechnology, the life sciences, or the pharmaceutical industry. The curriculum provides interdisciplinary training in the basic scientific principles of the life and physical sciences that are necessary for understanding how the nervous system works. We also provide training in the fundamental principles of neuroscience and opportunities for more advanced training in specific topics in the field. In our program, you will gain a deep understanding of neuroscience, from the cellular and molecular bases of nervous system function to a systems-level approach to the study of brain-behavior relationships.",,https://www.iu.edu/academics/degrees/all-majors-degrees.html,,"$11,540","$392 (in-state) / $1,112 (out-of-state)",FALSE,False,,,2.0,,,,,,,,,,,,,,,,,,False,False,,,130.0,,,,7.5,,,68.0,,100,,,,,,,,,,,"Merit-based scholarships generally range from $1,000 – $11,000 per year. [7]",,"Merit-based, Research-focused",FALSE,,,FALSE,FALSE,,,False
,Bachelor of Arts in Philosophy,,,,,Undergraduate,Fall 2026,,,,Not Required,Not Required,Not Required,Required,"Admission to Indiana University Bloomington is test-optional, allowing students to decide if SAT and/or ACT scores will be considered during the application review. [1] The university conducts a holistic and individual evaluation of each application, with the greatest emphasis placed on grades in academic coursework, performance in honors, dual-credit, and Advanced Placement courses, the application essay, extracurricular activities, and other achievements. [1]",Not Required,,True,False,True,False,False,False,,True,False,False,False,True,True,True,False,False,,,,College of Arts and Sciences,"$12,142 (in-state) / $42,702 (out-of-state) per year. [12]",,,,,,,"['Political Science and Philosophy', 'Philosophy and Religious Studies']","The BA major in Philosophy at Indiana University provides intellectual training by acquainting students with some of the most important developments in the history of ideas. [6] Courses in the department emphasize clear and cogent thinking about fundamental problems, locate the origins of these problems in the writings of the great philosophers, and provide in-depth examinations of proposed solutions. [6] The major is flexible enough to meet the needs of those planning to become professional philosophers as well as those with other career goals. [6] Students will develop skills in identifying and critically evaluating arguments, thinking clearly and independently, writing analytically, and applying principles of logic and good reasoning. [7, 9, 10] They will also gain an understanding of the history of Western Philosophy and fundamental issues regarding central philosophical topics, learning to develop and defend their own philosophical views. [7, 9, 10] The program fosters an open-minded, non-dogmatic attitude and the ability to tolerate uncertainty. [7, 10]",,https://www.iu.edu/academics/degrees/all-majors-degrees.html,Indiana University is institutionally accredited by the Higher Learning Commission. [14] No specific accreditation for the philosophy program is mentioned.,,"For undergraduates, the cost per credit hour is approximately $392 for in-state students and $1,112 for out-of-state students. [28]",FALSE,False,,4.0,"A minimum cumulative College of Arts and Sciences grade point average of 2.000 (C) is required in order to graduate. [39] Any course taken to satisfy the requirements of a major must be completed with a minimum grade of C–, and the grade point average of all courses taken in the major must be at least 2.000 (C). [39]",,,,,,,,,,,,,,,,,,False,False,,,130.0,,,,7.5,,,68.0,,100,,,,,,,,,,,"The Department of Philosophy offers several scholarships with varying amounts. For example, the Laurence Lampert Scholarship ranges from $450-$1,000 and the Sophia Prize is between $500-$1,500. [25, 27]",,"The Department of Philosophy offers several awards, including the Biddle Scholarship, Academic Excellence Award, Ewing Essay Prize, Betty Neal Hamilton Memorial Award, Jean Derdula Mick Award, Terry Helene Mills Award, and the Laurence Lampert Scholarship. [15, 22, 25] These are typically merit-based, recognizing academic excellence, research, or specific essays. [15]",FALSE,,,FALSE,FALSE,,,False
,Bachelor of Science in Physics,,,,,Undergraduate,Fall 2026,,,,,,Not Required,Required,"Indiana University accepts undergraduate applications through the Apply IU application and the Common Application. Graduate program applications are submitted directly through the specific program's website. Application requirements, including the need for a resume, statement of purpose, or writing sample, are primarily determined at the program or campus level. International applicants are required to submit proof of English proficiency.",,,True,True,True,True,False,False,,True,False,False,False,False,True,False,False,False,,,,College of Arts and Sciences,,,,,,,,"['Biophysics. [3]', 'Professional Track. [12]', 'Applied or Pre-Engineering Track. [12]']","The Bachelor of Science (B.S.) in Physics at Indiana University is a versatile degree preparing students for immediate employment or for advanced studies in physics or related scientific and medical fields. [10] The curriculum covers the foundations of physics, including classical mechanics, classical electrodynamics, quantum mechanics, relativity, and statistical physics, fostering rigorous and analytical thinking. [3] Students are encouraged to participate in research and can choose from programs in optical physics, solid state physics, or biological physics, culminating in a capstone experience in a physics research laboratory. [3] The program is designed to develop problem-solving skills and provides a strong foundation for various careers, including patent law, medicine, and finance, as physicists have been fundamental in inventing technologies like electric motors, lasers, and medical imaging systems. [3] Although there is a single B.S. in Physics, the department provides strong recommendations for elective choices through different ""tracks"" based on a student's career goals. [10]",,https://www.iu.edu/academics/degrees/all-majors-degrees.html,,,,FALSE,False,,4.0,2.0,,,,,,,,,,,,,,,,,,False,False,,,90.0,109.0,,,6.5,,,,,79,,,,,,,,,,,,,"Merit-based, Need-based",FALSE,,,FALSE,FALSE,,,False
,Bachelor of Arts in Political Science,,,,,Undergraduate,Fall 2026,,,,Not Required,Required,Not Required,Required,"To apply for admission, you'll need to submit an online application, a $35 application fee (or waiver), and your official high school transcript. You will also need to submit an IU-specific essay of 200-400 words or the Common Application essay.",Not Required,,True,False,True,False,False,False,,True,False,False,False,True,True,False,False,False,,,,College of Arts and Sciences,,,,,,,,,"Undergraduate study of politics usually consists of courses on American politics, comparative politics, international relations, and political theory. These courses will introduce you to political concepts, political behavior, policy issues, and structures of government within societies and among nations. In addition to giving you new insight into the political process happening around you every day, these courses also provide valuable analytical and communication skills. Political science majors should select courses that interest them and help prepare for careers that can be entered into with either a bachelor's degree (for example, serving as a legislative assistant, or an aid worker) or a professional or graduate education (for example, law school, business school, or doctoral studies).",,https://www.iu.edu/academics/degrees/all-majors-degrees.html,,,,FALSE,False,,,2,,,,,,,,,,,,,,,,,,False,False,,,110.0,,,,6.5,,,56.0,,80,,,,,,,,,,,,,,FALSE,,,FALSE,FALSE,,,False
,Bachelor of Science in Psychology,,,,,Undergraduate,Fall 2026,,,,,,Not Required,Required,"Indiana University requires freshman applicants to submit a complete application for admission, a $65 non-refundable application fee (or fee waiver), and official high school transcripts. An essay is also a required part of the application, with a recommended length of 200-400 words. Additionally, applicants have the option to submit SAT or ACT scores, though this is not required through Fall 2024. For graduate programs, application requirements vary by program, but generally include an online application, payment of an application fee, and submission of transcripts. Many graduate programs also require letters of recommendation, a personal statement, and GRE/GMAT scores, though these are often program-specific.",,,True,True,False,False,False,False,,True,False,False,False,False,True,False,False,False,,,,College of Arts and Sciences,"Indiana residents: $12,142/Year, Nonresidents: $42,702/Year",,,,,,,,"The B.S. in Psychological and Brain Sciences is designed for students with a strong interest in the sciences. The curriculum emphasizes breadth of preparation in science and the development of math skills. Students who graduate with a B.S. in psychological and brain sciences are well prepared for graduate training in psychology and related fields, for professional schools, and for jobs that use scientific training and quantitative techniques.",,https://www.iu.edu/academics/degrees/all-majors-degrees.html,,"$9,857","In-state: $392/credit hour, Out-of-state: $1,112/credit hour",FALSE,False,,4.0,2,,,,,,,,,,,,,,,,,,False,False,,,105.0,,,,6.5,,,,,79,,,,,,,,,,,"The Wells Scholarship provides full tuition, mandatory and course-related fees, and a living stipend. Other scholarships like the Presidential Scholarship offer around $5,500 a year.",,"Admissions-based academic scholarships, Donor-funded scholarships, Departmental and program scholarships, Scholarships for international students",FALSE,,,FALSE,FALSE,,,False
,Bachelor of Arts in Psychology,,,,,Undergraduate,Fall 2026,,,,Not Required,Not Required,,Required,"Application to the Bachelor of Arts in Psychology falls under the general undergraduate admission process for Indiana University Bloomington, which is handled by the Office of Admissions. [21] Admission is selective and based on a holistic review of individual merits, with particular attention paid to academic performance, the strength of high school curriculum, grade trends, and a required application essay. [1, 5] An application fee or fee waiver is also required. [12] Letters of recommendation are not required but will be reviewed if submitted. [12]",Not Required,,True,False,,,,,,True,,,,,True,,False,False,,,,College of Arts & Sciences,,,,,,,,,"Our Psychology major provides a solid grounding in research and writing, along with personal mentoring through research opportunities in faculty laboratories. Relevant to every field, it prepares you for a wide range of careers—in clinical psychology, business, education, law, and policy-related research positions. If you're interested in social relationships, mental disorders, child development, the relationship between humans and animals, criminality, or any of the many other ways in which humans behave and interact, one of our Psychology degrees may be a good fit for you.",,https://www.iu.edu/academics/degrees/all-majors-degrees.html,,,,FALSE,True,,,,,,,,,,,,,,,,,,,,,False,False,,,,,,,,,,,,,,,,,,,,,,,,,"Merit-based, Need-based",FALSE,,,FALSE,FALSE,,,
,Bachelor of Arts in Sociology,,,,,Undergraduate,Fall 2026,,,,Optional,Required,Not Required,Required,"To be admitted to Indiana University Bloomington, applicants should complete at least 34 credits of college-preparatory courses, including 8 credits of English, 7 credits of mathematics, 6 credits of social sciences, 6 credits of sciences, and 4 credits of world languages. [1] The university reviews each application individually, considering the cumulative GPA, academic curriculum, grades, and grade trends. [1] An application essay is also a required part of the application. [1, 11]",Not Required,,True,False,True,False,False,False,,True,False,False,False,True,True,True,False,False,,,,College of Arts and Sciences,,,,,,,,"['Law and Society Concentration', 'Social Science and Medicine Concentration']","The Bachelor of Arts a in Sosiologie làm quen với sinh viên các nguyên tắc, phương pháp và kết quả cơ bản trong xã hội học — nghiên cứu khoa học về xã hội và tương tác xã hội của con người được tổ chức trong các hệ thống quan hệ xã hội, tổ chức và thể chế. Nó tìm cách giải thích trật tự, rối loạn và thay đổi đặc trưng cho đời sống xã hội cũng như ý nghĩa của chúng đối với các cá nhân. Các phân ngành chính do Khoa Xã hội học cung cấp bao gồm tâm lý xã hội; sự lệch lạc; bất bình đẳng xã hội; xã hội học y tế; và nghiên cứu về gia đình, trường học, vai trò giới, các nhóm dân tộc và chủng tộc, và các tầng lớp xã hội. [4]",,https://www.iu.edu/academics/degrees/all-majors-degrees.html,,,,FALSE,False,,4.0,,,,,,,,,,,,,,,,,,,False,False,,,130.0,,,,7.5,,,68.0,,100,,,,,,,,,,,,,Merit-based,FALSE,,,FALSE,FALSE,,,False
,Bachelor of Arts in Spanish,,,,,Undergraduate,Fall 2026,,,,,,Not Required,,,,,False,False,False,False,False,False,,False,False,False,False,False,False,False,False,False,,,,College of Arts and Sciences,,,,,,,,"['Hispanic Linguistics Track', 'Hispanic Studies Track', 'Spanish-Portuguese Track']","The Bachelor of Arts in Spanish offers students an in-depth encounter with the rich and diverse realm of Spanish and Spanish American literature, culture and linguistics through the Spanish language. [1] Students can explore such topics as Hispanic language, cultures, and societies, Hispanic film studies, the novel and short story, theater, poetry, translation, and gender in literature. [1]",,https://www.iu.edu/academics/degrees/all-majors-degrees.html,,,,FALSE,False,,4.0,2,,,,,,,,,,,,,,,,,,False,False,,,,,,,,,,,,,,,,,,,,,,,,,"Merit-based, Need-based",FALSE,,,FALSE,FALSE,,,False
,"Bachelor of Science in Speech, Language and Hearing Sciences",,,,,Undergraduate,Fall 2026,,,,,,Optional,Required,,,,False,False,False,,,False,,True,,,,,True,,False,False,,,,College of Arts and Sciences,,,,,,,,,The Bachelor of Science in Speech and Hearing Sciences provides a more scientific and mathematical background in the field. An undergraduate curriculum may be selected to provide a strong preparation for continued study at the graduate level in speech and hearing sciences.,,https://www.iu.edu/academics/degrees/all-majors-degrees.html,,,,FALSE,False,,,2.0,,,,,,,,,,,,,,,,,,False,False,,,,,,,,,,,,,,,,,,,,,,,,,,FALSE,,,FALSE,FALSE,,,False
,Associate of Science in Health Information Technology,,,,,Associate,Fall 2026,,,,,,Not Required,Required,,,,True,True,True,,False,False,,True,False,False,False,False,True,False,False,False,,,,,,,,,,,,,"Registered Health Information Technicians (RHIT) perform a variety of health information functions such as ensuring the quality, confidentiality, and completeness of patient health information, use of computer applications to code diagnoses and procedures, compile administrative and health statistics, and contribute to disease registries. [1] The program equips students with skills in analyzing and evaluating patient data, compiling administrative and health statistics, managing health records, and improving the quality and uses of data. [6] Graduates from this program are qualified to sit for the national Registered Health Information Technician (RHIT) examination. [1]",,https://www.iu.edu/academics/degrees/all-majors-degrees.html,The Health Information Management accreditor of Indiana University Northwest is the Commission on Accreditation for Health Informatics and Information Management Education (CAHIIM). The College's accreditation for the Associate degree in Health Information Technology has been reaffirmed through 2028. [1],,,FALSE,False,,,,,,,,,,,,,,,,,,,,,False,False,,,110.0,,,,6.5,,,,,80,,,,,,,,,,,,,,FALSE,,,FALSE,FALSE,,,False
,Associate of Science in Labor Studies,,,,,Associate,Fall 2026,,,,Not Required,Not Required,Not Required,Required,"To be admitted to the Associate of Science in Labor Studies program, students must be admitted to Indiana University. Application materials include academic transcripts from each college/university attended; however, Indiana University transcripts are not required. [8] General freshman admission considerations include rigorous high school course selection, grade trends, and cumulative unweighted GPA. [1]",Not Required,,True,False,False,False,False,False,,False,False,False,False,False,False,False,False,False,,,,,,,,,,,,Labor Studies,"The associate degree in Labor Studies (LS) provides a solid beginning career foundation in the field of work. Students may use the degree to jumpstart their college education, combine it with another major, and earn higher incomes and promotions. [1] Labor Studies is an interdisciplinary area of study that draws on law, industrial relations, social sciences, and the humanities. The discipline explores issues of labor from both academic and practical perspectives including but not limited to the economy, politics, history, labor law and regulations, as well as social and economic justice. [4] The associate of science in labor studies is 60 credit hours, spread over two parts: The general education course credit hour requirements (33 cr.) and the Labor Studies concentration (27 cr.). [1]",,https://www.iu.edu/academics/degrees/all-majors-degrees.html,Indiana University is accredited by The Higher Learning Commission. [11] Information specifically regarding the accreditation of the Associate of Science in Labor Studies program is not available on the website.,,,FALSE,False,,,,,,,,,,,,,,,,,,,,,False,False,,,90.0,109.0,,,5.5,,,,,60,,,,,,,,,,,,,,FALSE,,,FALSE,FALSE,,,False
,Associate of Science in Radiography,,,,,Associate,Fall 2026,,,,,,,,,,,False,False,,,,,,,,,,,,,,,,,,,,,,,,,,,"Radiology is a science involving the medical use of X-rays, radium, and radioactive isotopes in the diagnosis and treatment of disease. Radiographers are essential members of the healthcare team. They are experts in the performance of examinations requiring the use of X-rays and highly complex machinery to produce a quality X-ray image (radiograph) of the internal parts of the body for interpretation by a medical doctor (radiologist). Radiographers find employment possibilities in various medical settings ranging from doctors' offices to large medical centers. In addition, some seek employment in industry or in the marketing and sales of X-ray products.",,https://www.iu.edu/academics/degrees/all-majors-degrees.html,The radiography program is accredited by the Joint Review Committee on Education in Radiologic Technology (JRCERT). The program's current award is 8 years. [1],,,FALSE,False,,,,,,,,,,,,,,,,,,,,,False,False,,,,,,,,,,,,,,,,,,,,,,,,,,FALSE,,,FALSE,FALSE,,,
,Minor in African American and African Diaspora Studies,,,,,Associate,Fall 2026,,,,,,,,,,,True,True,,,,,,,,,,,,,,,,,,,,,,,,,,"['literature', 'arts', 'history, culture, and social issues']",,,https://www.iu.edu/academics/degrees/all-majors-degrees.html,,,,FALSE,False,,,,,,,,,,,,,,,,,,,,,False,False,,,,,,,,,,,,,,,,,,,,,,,,,,FALSE,,,FALSE,FALSE,,,
,Minor in African Expressive Culture,,,,,Undergraduate,Fall 2026,,,,Not Required,Not Required,,,,Not Required,,False,False,,,,,,,,,,,,,,,,,,,,,,,,,,,,,https://www.iu.edu/academics/degrees/all-majors-degrees.html,,,,FALSE,False,,,,,,,,,,,,,,,,,,,,,False,False,,,,,,,,,,,,,,,,,,,,,,,,,,FALSE,,,FALSE,FALSE,,,
,Minor in African Languages,,,,,Undergraduate,Fall 2026,,,,Not Required,Not Required,,,"To complete the Minor in African Languages, students must complete a minimum of 12-18 credit hours of coursework. [1, 2] A prerequisite for enrolling in the program is the completion of one year (two semesters) of study in an African language. [1] The coursework for the minor includes intermediate and advanced level language courses in a chosen language track such as Akan, Bamana, Swahili, Yoruba, or Zulu. [2, 3] Students are also required to take credit hours in African Linguistics. [2] At least 9 credit hours for the minor must be completed at the 300–499 level, and elementary 100-level language courses do not count toward the minor. [2]",Not Required,,True,False,,,,,,,,,,,,,,,,,,"Hamilton Lugar School of Global and International Studies, College of Arts and Sciences",,,,,,,,,"The Minor in African Languages permits students to reach proficiency in one of the languages offered at Indiana University, gain social and cultural knowledge related to the language, and receive an introduction to African linguistics or pragmatics. [4]",,https://www.iu.edu/academics/degrees/all-majors-degrees.html,,,,FALSE,False,,4.0,2.0,,,,,,,,,,,,,,,,,,False,False,,,,,,,,,,,,,,,,,,,,,,,,,,FALSE,,,FALSE,FALSE,,,
,Minor in African Studies,,,,,Undergraduate,Fall 2026,,,,Not Required,Not Required,,,"To declare the Minor in African Studies, interested students must complete and submit a signed Declaration ASI Minor in African Studies Declaration Form. [1] Program requirements include the completion of 18 credit hours from courses endorsed by the African Studies Institute. [1] This includes 9 hours of required courses and 9 hours of electives. [1] All courses for the minor must be passed with a grade of ""C"" or better, and at least 9 hours must be at the upper-division level. [1]",Not Required,,True,False,,,,,,,,,,,,,,,,,,,,,,,,,,,"The Minor in African Studies provides students with an understanding of the unique and diverse continent of Africa. This program aims to heighten students' sensitivity to the changing nature of the world and improve their comprehension of globalization and the interrelationships of all human history and culture. Through its curriculum, the minor is designed to enhance students' abilities, options, and opportunities as they enter the global marketplace.",,https://www.iu.edu/academics/degrees/all-majors-degrees.html,,,,FALSE,False,,,,,,,,,,,,,,,,,,,,,False,False,,,,,,,,,,,,,,,,,,,,,,,,,,FALSE,,,FALSE,FALSE,,,
,Minor in American Experience,,,,,Undergraduate,Fall 2026,,,,Not Required,Not Required,,,"The minor in the American experience provides domestic and international undergraduate students with a rigorous introduction to research on the richness, variety, and specificity of the society and the cultures of the United States. You can expect to develop the ability to analyze and discuss the experience of diverse communities leading to the formation of current American society. You will examine its specific institutions, social practices, socio-cultural tensions, cultural sensibilities, world views, public discourses and forms of artistic expression. [1]",Not Required,,True,False,,,,,,,,,,,,,,,,,,The minor in American Experience is offered by the College of Arts and Sciences.,"For the 2026-2027 academic year, the estimated tuition and mandatory fees for undergraduate students are $12,142 for Indiana residents and $42,702 for non-residents. [7]",,,,,,,,,,https://www.iu.edu/academics/degrees/all-majors-degrees.html,,,"$392 per credit hour for in-state undergraduates and approximately $1,112 per credit hour for out-of-state students. [4]",FALSE,False,,4.0,2,,,,,,,,,,,,,,,,,,False,False,,,,,,,,,,,,,,,,,,,,,,,"Scholarship amounts can range from $500 to $15,000 per year. [12]",,"Admissions-based academic scholarships, donor-funded scholarships, and departmental or program-specific scholarships are available. [11]",FALSE,,,FALSE,FALSE,,,
,Minor in American Studies,,,,,Undergraduate,Fall 2026,,,,Not Required,Not Required,Not Required,Required,"To declare the minor in American Studies at IU Indianapolis, students must complete the School of Liberal Arts online declaration form. [2] The minor requires the completion of 15 credit hours with a minimum grade of C in each course. [2] At IU Bloomington, for official details and requirements, students must consult with the College's Academic Bulletin. The minor consists of 15 credit hours of required courses. [1] A minimum cumulative GPA of 2.000 based on earned Indiana University credits must be maintained for continuation towards an American Studies degree. [1]",Not Required,,True,False,False,False,False,False,,False,False,False,False,False,False,False,False,False,,,,,,,,,,,,,,,https://www.iu.edu/academics/degrees/all-majors-degrees.html,,,,FALSE,False,,,,,,,,,,,,,,,,,,,,,False,False,,,105.0,,,,6.5,,,,,79,,,,,,,,,,,,,,FALSE,,,FALSE,FALSE,,,False
,Minor in Animal Behavior,,,,,Undergraduate,Fall 2026,,,,,,Not Required,Not Required,,,,True,True,False,False,False,False,,False,False,False,False,False,False,False,True,False,,,,,,,,,,,,,,,https://www.iu.edu/academics/degrees/all-majors-degrees.html,,,,FALSE,False,,,,,,,,,,,,,,,,,,,,,False,False,,,,,,,,,,,,,,,,,,,,,,,,,,FALSE,,,FALSE,FALSE,,,False
,Minor in Anthropology,,,,,Undergraduate,Fall 2026,,,,,,Not Required,Required,,,,True,True,False,False,False,False,,False,False,False,False,False,False,False,False,False,,,,College of Arts and Sciences,,,,,,,,,,,https://www.iu.edu/academics/degrees/all-majors-degrees.html,,,,FALSE,False,,4.0,2.0,,,,,,,,,,,,,,,,,,False,False,,,,,,,,,,,,,,,,,,,,,,,,,"Merit-based, Need-based, and activity-based scholarships",FALSE,,,FALSE,FALSE,,,False
,Minor in Anthropology of Food,,,,,Undergraduate,Fall 2026,,,,,,,Required,,,,True,True,True,,,,,True,,,,True,True,False,False,False,,,,College of Arts and Sciences,,,,,,,,,,,https://www.iu.edu/academics/degrees/all-majors-degrees.html,,,,FALSE,False,,4.0,2.0,,,,,,,,,,,,,,,,,,False,False,,,110.0,,,,6.5,,,53.0,,80,,,,,,,,,,,,,,FALSE,,,FALSE,FALSE,,,
,Minor in Apparel Merchandising,,,,,Undergraduate,Fall 2026,,,,,,Not Required,Required,,,,True,True,True,False,False,False,,True,False,False,False,True,True,True,False,False,,,,"Eskenazi School of Art, Architecture + Design","$12,142 (in-state) / $42,702 (out-of-state) per year for full-time undergraduate students for 2026-2027. [3, 7]",,,,,,,,"The Minor in Apparel Merchandising provides students with a broad, introductory exposure to topics foundational to apparel merchandising (including an overview of the apparel industry and retail merchandising), as well as the opportunity either to study additional topics in an exploratory way, or to gain more focused experience with a specific topic area of their choice. [2]",,https://www.iu.edu/academics/degrees/all-majors-degrees.html,,"$11,540","For in-state undergraduates, the cost is approximately $392 per credit hour, and for out-of-state students, it is approximately $1,112 per credit hour. [2]",FALSE,False,,4.0,2.0,,,,,,,,,,,,,,,,,,False,False,,,,,,,,,,,,,,,,,,,,,,,,,"Admissions-based academic scholarships, donor-funded scholarships, and departmental and program-specific scholarships are available. [38] Specific scholarships for apparel merchandising students include the Leah Weidman Scholarship and the Professor Shaffer Merchandising Scholarship. [33]",FALSE,,,FALSE,FALSE,,,False
,Minor in Archaeology,,,,,Undergraduate,Fall 2026,,,,Not Required,Not Required,Not Required,Required,The process for adding a minor is to declare it with an academic advisor. Minors in the Department of Anthropology at Indiana University require a minimum of 15 credit hours. [7],Not Required,,True,False,True,False,False,False,,True,False,False,False,True,True,False,False,False,,,,,,,,,,,,,"This minor focuses on archaeology—its methods, the archaeology of particular geographic regions, and other topics specific to the subfield. [1] It provides an introduction to the study of the material cultures of past societies and can complement many majors. [2] The curriculum introduces the goals, methods, and theories archaeologists use to learn about the past, with topics including food and subsistence, culture change, social life, political economies, and archaeological ethics. [9]",,https://www.iu.edu/academics/degrees/all-majors-degrees.html,,,,FALSE,False,,,,,,,,,,,,,,,,,,,,,False,False,,,110.0,,,,6.5,,,59.0,,79,,,,,,,,,,,,,,FALSE,,,FALSE,FALSE,,,False
,Minor in Art History,,,,,Undergraduate,Fall 2026,,,,Not Required,Required,Not Required,Required,"When Indiana University reviews your application for admission, they consider your academic performance and preparation, including the rigor of your high school curriculum and your grades. A key part of the application is the IU-specific essay, which should be 200–400 words and allows you to describe your academic and career plans and any special interest in your intended major at IU.",Not Required,,True,True,True,False,False,False,,True,False,False,False,False,True,False,False,False,,,,College of Arts and Sciences,"$11,220 (in-state); $37,600 (out-of-state) for the 2026-2027 academic year. [5]",,,,,,,,"Learn how visual objects and experiences intersect with cultural, historical, and social meaning, how the past relates to the present, and how the local connects to the global. Explore how visual communication and creativity operate in our everyday lives.",,https://www.iu.edu/academics/degrees/all-majors-degrees.html,,,,FALSE,False,,,,,,,,,,,,,,,,,,,,,False,False,,,110.0,,,,6.5,,,,,80,,,,,,,,,,,,,,FALSE,,,FALSE,FALSE,,,False
,Minor in Asian American Studies,,,,,Associate,Fall 2026,,,,,,,,,,,True,True,,,,,,,,,,,,,,,,,,College of Arts & Sciences,"$12,142/Year (in-state), $42,702/Year (out-of-state)",,,,,,,,Die Suchergebnisse liefern keine Informationen zu diesem Feld.,,https://www.iu.edu/academics/degrees/all-majors-degrees.html,,,,FALSE,False,,4.0,2,,,,,,,,,,,,,,,,,,False,False,,,,,,,,,,,,,,,,,,,,,,,Varies,,Merit-based,FALSE,,,FALSE,FALSE,,,
,Minor in Astronomy and Astrophysics,,,,,Associate,Fall 2026,,,,Not Required,Not Required,,,"The minor requires at least 17 credit hours. A GPA of at least 2.000 for all courses taken in the minor is required. Except for the GPA requirement, a grade of C- or higher is required for a course to count toward a requirement in the minor. At least 9 credit hours in the minor must be completed at the 300–499 level. At least 9 credit hours in the minor must be completed in courses taken through the Indiana University Bloomington campus or an IU-administered or IU co-sponsored Overseas Study program. [12]",Not Required,,True,False,,,,,,,,,,,,,,,,,,,,,,,,,,,"An astronomy minor can work well for physics or math majors, but also with many other degrees, including computer science, data science, education, informatics, or many other fields. Students minoring in Astronomy and Astrophysics generally take the 200-level General Astronomy series, plus a few upper division courses. Some flexibility is permitted to substitute upper division courses in related fields like physics, math, or computer science. [10]",,https://www.iu.edu/academics/degrees/all-majors-degrees.html,,,,FALSE,True,,,,,,,,,,,,,,,,,,,,,False,False,,,,,,,,,,,,,,,,,,,,,,,,,,FALSE,,,FALSE,FALSE,,,
,Minor in Biology,,,,,Undergraduate,Fall 2026,,,,Not Required,Not Required,Not Required,Required,"The Biology minor must consist of at least 18 or more approved credit hours. All courses must be completed with a C- or higher, with a minimum GPA of 2.000 overall to earn the minor. The residency requirement of at least 9 hours in the minor at IU Bloomington must be met, along with a minimum of 9 credit hours at the 300/400 level. [6]",Not Required,,True,False,False,False,False,False,,True,False,False,False,True,True,False,False,False,,,,College of Arts and Sciences,,,,,,,,,"The Department of Biology offers an 18-credit hour biology minor that provides a strong foundation in the life sciences. The minor requires the introductory 3-course sequence BIOL-L 111, BIOL-L 112, and BIOL-L 113, plus 9 additional hours of biology upper-level courses to reach at least 18 credit hours. Our Biology minor provides students with an understanding of the processes through which evolution leads to organismal diversity and adaptation; the biology of individual organisms, populations, and ecosystems; biological mechanisms at the cellular level; and other areas of interest depending on the courses selected. [1]",,https://www.iu.edu/academics/degrees/all-majors-degrees.html,,,,FALSE,True,,,,,,,,,,,,,,,,,,,,,False,False,,,120.0,,,,7.0,,,68.0,,90,,,,,,,,,,,,,,FALSE,,,FALSE,FALSE,,,False
,Minor in Biotechnology,,,,,Undergraduate,Fall 2026,,,,Optional,Required,Not Required,Not Required,"As part of your application, you will need to submit an essay. If you are applying through the Common Application, you will need to submit one of the essay prompts. If you are applying through Apply IU, you will need to submit the IU-specific essay of 200-400 words. [1, 5] All nine IU campuses require students to earn an accredited high school diploma or equivalent before enrollment. [2] Indiana University has a test-optional admissions policy, allowing students to choose whether to have SAT and/or ACT scores considered during the application review. [2, 3]",Not Required,,True,True,False,False,False,False,,False,False,False,False,False,False,False,True,False,,,,School of Arts and Sciences,"$12,142 for in-state and $42,702 for out-of-state students for the 2026-2027 academic year.",,,,,,,,The Biotechnology minor is designed to help those wishing to look for industrial jobs at pharmaceutical or biotechnology companies such as Eli Lilly or Dow Agrosciences. It offers exposure to the field to students majoring in other areas of science as well as to those in subject areas outside of the sciences. [4],,https://www.iu.edu/academics/degrees/all-majors-degrees.html,,"$9,857","$392 per credit hour for in-state undergraduates and $1,112 per credit hour for out-of-state students.",FALSE,False,,4.0,,,,,,,,,,,,,,,,,,,False,False,,,,,,,,,,,,,,,,,,,,,,,"Merit-based scholarships generally range from $1,000 – $11,000 per year.",,"Admissions-based academic scholarships, Donor-funded scholarships, Departmental and program scholarships, Scholarships for international students.",FALSE,,,FALSE,FALSE,,,False
,Minor in Black Cinema and Media Studies,,,,,Undergraduate,Fall 2026,,,,Not Required,Not Required,,,"The minor requires at least 15 credit hours. This includes one introductory course (MSCH-C 241), two Media School elective courses from a specific list, and two additional elective courses from a broader list that includes courses from African American and African Diaspora Studies and American Studies. A minimum GPA of 2.000 is required for all courses taken in the minor. At least 9 credit hours must be at the 300–499 level, and at least 9 credit hours must be completed on the Indiana University Bloomington campus or an IU-administered or co-sponsored Overseas Study program. A grade of C- or higher is required for a course to count toward the minor's requirements. [1]",Not Required,,True,False,False,False,False,False,,False,False,False,False,False,False,False,False,False,,,,,,,,,,,,,"The Minor in Black Cinema and Media Studies examines Black filmmaking and media within historical, artistic, formal, and national contexts. It is administered in consultation with the Black Film Center/Archive. [1] Students who have an interest in media in general and want to diversify their perspectives, and appreciate the aesthetic differences and features of various national cinemas would do well to take courses in the minor. [2] The minor provides an opportunity to enter into an intellectual community with deep roots in all the major historical, artistic and political movements that have shaped the world we're living in now. [2]",,https://www.iu.edu/academics/degrees/all-majors-degrees.html,,,,FALSE,False,,,,,,,,,,,,,,,,,,,,,False,False,,,,,,,,,,,,,,,,,,,,,,,,,,FALSE,,,FALSE,FALSE,,,False
,Minor in Business,,,,,Undergraduate,Fall 2026,,,,Not Required,Not Required,,,"To declare the Minor in Business, students must have completed 26 or more credit hours of college work that counts toward graduation and be admitted to an appropriate degree-granting school at IU Bloomington. [1] A grade of C or higher is required in BUS-K 201, with a C- or higher in all other minor courses, and an overall GPA of 2.0 in all courses required for the minor. [1, 4] The business minor is declared in the school of the student's major. [1, 4]",Not Required,,True,False,False,False,False,False,,False,False,False,False,False,False,False,False,False,,,,,,,,,,,,,,,https://www.iu.edu/academics/degrees/all-majors-degrees.html,,,,FALSE,False,,,,,,,,,,,,,,,,,,,,,False,False,,,,,,,,,,,,,,,,,,,,,,,,,,FALSE,,,FALSE,FALSE,,,False
,Minor in Central Eurasian Studies,,,,,Associate,Fall 2026,,,,,,Not Required,Required,,,,True,True,False,False,False,False,,False,False,False,False,False,False,False,False,False,,,,"Hamilton Lugar School of Global and International Studies, College of Arts and Sciences","For the 2026–2027 academic year, estimated undergraduate tuition and mandatory fees are $12,142 for Indiana residents and $42,702 for nonresidents. [10]",,,,,,,,,,https://www.iu.edu/academics/degrees/all-majors-degrees.html,,"In the 2022-23 school year, the average grant or scholarship aid was $9,857 per student. [2]","For in-state undergraduates, the cost is approximately $392 per credit hour, and for out-of-state students, it is approximately $1,112 per credit hour. [2]",FALSE,False,,4.0,2.0,,,,,,,,,,,,,,,,,,False,False,,,110.0,112.0,,,6.5,,,58.0,,79,,,,,,,,,,,"Merit-based scholarships for incoming students generally range from $1,000 to $11,000 per year. [33] The Hamilton Lugar School's Shreve Scholars Program provides $20,000 over four years. [22]",,"Merit-based, study abroad, internships, and language-specific fellowships (Foreign Language and Area Studies - FLAS). [13, 30, 33]",FALSE,,,FALSE,FALSE,,,False
,Minor in Chemistry,,,,,Undergraduate,Fall 2026,,,,,,Not Required,Not Required,,,,True,True,False,False,False,False,,False,False,False,False,False,False,False,True,False,,,,,,,,,,,,,,,https://www.iu.edu/academics/degrees/all-majors-degrees.html,,,,FALSE,False,,,,,,,,,,,,,,,,,,,,,False,False,,,,,,,,,,,,,,,,,,,,,,,,,,FALSE,,,FALSE,FALSE,,,False
,Minor in Child and Adolescent Mental Health,,,,,Undergraduate,Fall 2026,,,,,,,,,,,True,True,,,,,,,,,,,,,,,,,,School of Education,,,,,,,,Concentration in Child Mental Health,"This undergraduate minor is designed for students interested in education, psychology, medicine, social work and public health who want to focus their career aspirations on children and adolescents. You'll develop the skills necessary to successfully integrate the knowledge of child and adolescent mental health into their service/profession as it relates to the social and cultural context of mental health, mental illness, diagnosis and treatment, with coursework that reflects research‐based, developmentally appropriate practices for addressing children's mental health issues. [1] With the number of mental health issues in children and adolescents increasing every year, there is a need for a comprehensive, practical course of study that guides professionals through the complexities of child and adolescent mental health and addresses the burgeoning problem of unresolved mental health concerns among children and youth. [1]",,https://www.iu.edu/academics/degrees/all-majors-degrees.html,,,,FALSE,False,,4.0,2.0,,,,,,,,,,,,,,,,,,False,False,,,,,,,,,,,,,,,,,,,,,,,,,,FALSE,,,FALSE,FALSE,,,
,Minor in Classical Civilization,,,,,Associate,Fall 2026,,,,,,Not Required,Required,,,,False,False,True,False,False,False,,True,False,False,False,True,True,True,False,False,,,,,,,,,,,,"['Culture and Literature', 'Art and Archaeology']",The Minor in Classical Civilization offers students with little or no knowledge of the Greek and Latin languages the opportunity to explore either the culture and literature or art and archaeology of ancient Greece and Rome. [2],,https://www.iu.edu/academics/degrees/all-majors-degrees.html,,,,FALSE,False,,,,,,,,,,,,,,,,,,,,,False,False,,,,,,,,,,,,,,,,,,,,,,,,,,FALSE,,,FALSE,FALSE,,,False
,Minor in Coaching,,,,,Undergraduate,Fall 2026,,,,Not Required,Not Required,,,"Indiana University does not specify general, institute-level application requirements for all programs. Applicants are advised to consult the specific admissions requirements for their program of interest.",Not Required,,True,True,False,False,False,False,,False,False,False,False,False,False,False,False,False,,,,"Health, Physical Education and Education (HPER) Department, IU South Bend",,,,,,,,,,,https://www.iu.edu/academics/degrees/all-majors-degrees.html,,,,FALSE,False,,,2.0,,,,,,,,,,,,,,,,,,False,False,,,,,,,,,,,,,,,,,,,,,,,"The School of Public Health-Bloomington offers a partnership scholarship with the Hudson & Holland Scholars Program for $1,000 per year. [25]",,"The School of Public Health-Bloomington offers scholarships for students studying topics on stigmatization, stress, violence prevention, and underrepresentation in minority and vulnerable populations, as well as a partnership with the Hudson & Holland Scholars Program. [25]",FALSE,,,FALSE,FALSE,,,False
,Minor in Cognitive Science,,,,,Undergraduate,Fall 2026,,,,,,,,,,,True,True,,,,,,False,,,,False,False,False,False,False,,,,College of Arts + Sciences,,,,,,,,,"Cognitive Science is an interdisciplinary area of scholarship concerned with an understanding of the nature and development of intelligent capacities such as perception, language, reasoning, planning, problem-solving, and related skills, whether these capacities are instantiated in biological or artificial systems. The goal of the Cognitive Science minor is to provide a structured way for undergraduates to study and carry out research in cognitive science with guidance from faculty members affiliated with the Program in Cognitive Science. [1] The Minor in Cognitive Science provides an introduction to a select set of main themes in cognitive science, including math, logic, philosophy, computation, linguistics, and experimental approaches. [10] As cognitive science is broadly interdisciplinary, the cognitive science minor will complement a wide variety of majors. [10] Any undergraduate may pursue a minor in cognitive science, regardless of his or her major. The interdisciplinary Cognitive Science minor is likely to be of particular interest to undergraduates majoring in fields that are directly related to cognitive science (e.g., computer science, linguistics, philosophy, psychology, anthropology, biological sciences, mathematics, statistics, biomathematics, communication, and engineering). [1]",,https://www.iu.edu/academics/degrees/all-majors-degrees.html,,,,FALSE,False,,,2.0,,,,,,,,,,,,,,,,,,False,False,,,,,,,,,,,,,,,,,,,,,,,,,"Admissions-based academic scholarships, Donor-funded scholarships",FALSE,,,FALSE,FALSE,,,
,Minor in Communication and Public Advocacy,,,,,Undergraduate,Fall 2026,,,,,,Not Required,Required,,,,True,True,False,False,False,False,,False,False,False,False,False,False,False,False,False,,,,"College of Arts and Sciences, Department of English",,,,,,,,,"The Minor in Communication and Public Advocacy, offered by the Department of English, allows students to study the written, oral, visual, and digital tactics that individuals and groups use to advocate for issues and causes. [2, 4] The program provides the skills required to express and argue for ideas in various public settings and improves the ability to analyze the arguments of others and respond persuasively. [2, 4] This minor offers a comprehensive and integrated approach to instruction in writing, speaking, and digital communication, where students put into practice the methods taught in class. [2] It is considered excellent preparation for law school and pairs productively with many majors within the College of Arts and Sciences. [2] Students must complete at least 15 credit hours of coursework. [3, 5] Students pursuing a major in English are not eligible for this minor. [3]",,https://www.iu.edu/academics/degrees/all-majors-degrees.html,,,,FALSE,False,,4.0,2.0,,,,,,,,,,,,,,,,,,False,False,,,,,,,,,,,,,,,,,,,,,,,,,"Merit-based, Need-based, Research-based, Global Education-based",FALSE,,,FALSE,FALSE,,,False
,Minor in Community Visual Arts Education,,,,,Undergraduate,Fall 2026,,,,,,,,,,,True,True,,,,,,,,,,,,,,,,,,School of Education,"For the 2026–2027 academic year, estimated tuition and mandatory fees are $12,142 for Indiana residents and $42,702 for nonresidents. [12, 34]",,,,,,,,,,https://www.iu.edu/academics/degrees/all-majors-degrees.html,,,"For in-state undergraduates, the approximate cost is $392 per credit hour, and for out-of-state students, it is approximately $1,112 per credit hour. [3]",FALSE,False,,4.0,2.0,,,,,,,,,,,,,,,,,,False,False,,,,,,,,,,,,,,,,,,,,,,,"Most IU Foundation scholarships provide $1,000 to $2,000 per year to recipients. [18]",,"Merit-based, need-based, and country-specific scholarships are available. [16, 14, 19]",FALSE,,,FALSE,FALSE,,,
,Minor in Computer Science,,,,,Undergraduate,Fall 2026,,,,,,,,,,,False,False,,,,,,,,,,,,,,,,,,"Luddy School of Informatics, Computing, & Engineering",,,,,,,,,,,https://www.iu.edu/academics/degrees/all-majors-degrees.html,,,,FALSE,False,,,,,,,,,,,,,,,,,,,,,False,False,,,,,,,,,,,,,,,,,,,,,,,,,,FALSE,,,FALSE,FALSE,,,
,Minor in Counseling,,,,,Undergraduate,Fall 2026,,,,Not Required,Not Required,Not Required,Not Required,"This 15-credit minor prepares you to interact with others, recognize and appreciate their strengths and assist them in formulating appropriate solutions. You will demonstrate knowledge, awareness and skills to access resources and become an effective professional in your field. Through coursework and practice, you will improve your interpersonal communication and advanced listening skills. This program provides instruction to help you become more attentive to multicultural and social justice issues that impact the lives of others.",Not Required,,True,False,False,False,False,False,,False,False,False,False,False,False,False,True,False,,,,,,,,,,,,,,,https://www.iu.edu/academics/degrees/all-majors-degrees.html,,,,FALSE,False,,,,,,,,,,,,,,,,,,,,,False,False,,,,,,,,,,,,,,,,,,,,,,,,,,FALSE,,,FALSE,FALSE,,,False
,Minor in Creative Technologies in Art + Design,,,,,Undergraduate,Fall 2026,,,,,,Optional,Required,,,,False,False,False,,False,False,,,False,False,False,,True,,False,False,,,,"Eskenazi School of Art, Architecture + Design",,,,,,,,,,,https://www.iu.edu/academics/degrees/all-majors-degrees.html,,,,FALSE,False,,4.0,3.0,,,,,,,,,,,,,,,,,,False,False,,,,,,,,,,,,,,,,,,,,,,,"The Eskenazi School of Art, Architecture + Design offers various scholarships, such as the Lois Eskenazi Scholarship with an award of $12,000 divided over four years ($3,000/year), and the Rachael Dawn Clark Memorial Scholarship, which provides $11,420 over four years ($2,855/year). [11, 19]",,"The Eskenazi School of Art, Architecture + Design offers a variety of scholarships. Some are merit-based, while others, like the Cultivate and Create Scholarship, give primary consideration to applicants from under-resourced populations, such as first-generation students, and require demonstrated financial need. [10, 13]",FALSE,,,FALSE,FALSE,,,False
,Minor in Creative Writing,,,,,Undergraduate,Fall 2026,,,,,,Not Required,Not Required,,,,False,False,False,False,False,False,,False,False,False,False,False,False,False,True,False,,,,,,,,,,,,,"Students of creative writing tap into the basic human desire to tell stories—to learn about the experiences of others while sharing their own and building bridges across differences. [6] Creative writers learn how to use language to express their unique ideas, opinions, and perspectives through poetry and prose. [6] Students of creative writing add their unique voices to a centuries-old literary discussion, learning from, and responding to, the writers and traditions of the past while forging new paths forward. [6] Students of creative writing learn how to read as writers—studying what makes writing successful and using those tools to craft their own original work. [6] Creative writers learn to think critically both on and off the page, questioning assumptions, engaging in dialogue, and coming to—and sharing—their own original conclusions in language that lingers and resonates. [6] Students of creative writing are exposed to cultures, world views, religions, and perspectives far beyond their own as they explore written texts from around the world, gaining new insight, understanding, and awareness. [6] Creative writers actively engage in the politics, challenges, and questions that affect our world now. [6] Creative writers learn how to represent themselves articulately and effectively in both written and spoken language—skills that will serve you well no matter your chosen major! [6] Students of creative writing give themselves the time and opportunity to create—to make something new and meaningful, changing the world by adding their own artistic mark. [6] The creative writing students of today are the writers to be studied tomorrow. [6]",,https://www.iu.edu/academics/degrees/all-majors-degrees.html,,,,FALSE,False,,,,,,,,,,,,,,,,,,,,,False,False,,,,,,,,,,,,,,,,,,,,,,,,,,FALSE,,,FALSE,FALSE,,,False
,Minor in Criminal Justice,,,,,Undergraduate,Fall 2026,,,,Not Required,Not Required,Not Required,Not Required,,Not Required,,True,False,False,False,False,False,,False,False,False,False,False,False,False,True,False,,,,College of Arts and Sciences,,,,,,,,,"Any Indiana University students enrolled in a baccalaureate program, except those pursuing a major in criminal justice, may pursue the minor in criminal justice. Students who successfully complete the requirements will have the minor conferred with their degree. Students must declare their intentions to receive a minor by completing the intent form. A minimum cumulative GPA of 2.0 is required in courses taken specifically for the minor. At least 9 of the 18 credit hours must be taken on the IU Indianapolis campus. [8]",,https://www.iu.edu/academics/degrees/all-majors-degrees.html,,,,FALSE,False,,4.0,2,,,,,,,,,,,,,,,,,,False,False,,,,,,,,,,,,,,,,,,,,,,,,,,FALSE,,,FALSE,FALSE,,,False
,Minor in Dance,,,,,Undergraduate,Fall 2026,,,,Not Required,Not Required,,,"Students must successfully complete 18 credit hours with a minimum 2.000 cumulative GPA in the minor. No course may be taken pass/fail. [9] The 18 credit hours are distributed among Social and Historical Dance and Theatre Studies, Dance Technique, Dance Performance and Choreography, and electives. [9]",Not Required,,True,False,,,,,,,,,,,,,,,,,,"Department of Theatre, Drama, and Contemporary Dance",,,,,,,,,"The dance minor is centered on teaching dance as both a physical skill and a creative movement form. [4] The dance minor will help you discover and develop your talents as a dancer. [4] You'll learn technique, choreography, and performance skills, and put that knowledge to practices as you perform pieces created by faculty or yourself. [4] You'll also have opportunities to join The Moving Company and to attend state and national dance conferences. [4]",,https://www.iu.edu/academics/degrees/all-majors-degrees.html,,,,FALSE,False,,,2.0,,,,,,,,,,,,,,,,,,False,False,,,,,,,,,,,,,,,,,,,,,,,,,,FALSE,,,FALSE,FALSE,,,
,Minor in Dutch Studies,,,,,Undergraduate,Fall 2026,,,,,,Not Required,Required,,,,False,False,False,False,False,False,,True,False,False,False,True,True,True,False,False,,,,,,,,,,,,,"The minor in Dutch Studies focuses on Dutch language, literatures, and cultures. It allows students to achieve proficiency in Dutch while exploring advanced topics in the literatures, media, intellectual histories, and societies of Dutch-speaking regions, including the Netherlands, Belgium, Suriname, the Netherlands Antilles, French Flanders, South Africa, and Indonesia. The minor can serve as preparation for study abroad or to supplement a global career in the diverse areas of Dutch influence. [2, 3]",,https://www.iu.edu/academics/degrees/all-majors-degrees.html,,,,FALSE,False,,,,,,,,,,,,,,,,,,,,,False,False,,,130.0,,,,7.5,,,68.0,,100 (iBT) or 600 (PBT),,,,,,,,,,,,,,FALSE,,,FALSE,FALSE,,,False
,Minor in Early Childhood Education,,,,,Undergraduate,Fall 2026,,,,,,Not Required,Required,,,,True,True,False,False,False,False,,False,False,False,False,False,False,False,False,False,,,,,,,,,,,,,"A minor in early childhood education enables students to combine knowledge gained in their major discipline with an understanding of educational practices for young children and their families. Students complete specialized coursework in topics such as childhood development, advocacy in early childhood, educational psychology, and family and cultural diversity. [2]",,https://www.iu.edu/academics/degrees/all-majors-degrees.html,,,,FALSE,False,,,,,,,,,,,,,,,,,,,,,False,False,,,110.0,112.0,,,6.5,,,58.0,,79,,,,,,,,,,,,,,FALSE,,,FALSE,FALSE,,,False
,Minor in East Asian Languages,,,,,Associate,Fall 2026,,,,Not Required,Not Required,Not Required,Not Required,"To obtain a Minor in East Asian Languages, students can choose to focus on Chinese, Japanese, or Korean. [2] A minimum of 15 credit hours is necessary, which must include 9 credit hours at the 300–400 level from a mix of language and culture courses. [2] Key requirements include completing the third year or higher in the selected language. [2] The remaining credits can be fulfilled through additional language study or related culture courses from the approved East Asian Culture Courses list. [2] At least 6 credit hours must be earned in coursework from the Department of East Asian Languages and Cultures. [2] A minimum GPA of 2.0 is required for all courses counting toward the minor. [6]",Not Required,,True,False,False,False,False,False,,False,False,False,False,False,False,False,True,False,,,,,,,,,,,,"['Chinese', 'Japanese', 'Korean']","A_minimum_of_15_credit_hours_is_required_for_the_minor,_and_must_include_9_credit_hours_at_the_300–400_level_from_a_combination_of_language_and_culture_classes,_distributed_as_follows:__Completion_of_the_third_year_or_higher_in_the_chosen_language._Remaining_credit_hours_may_be_met_by_further_study_in_the_chosen_language_or_related_culture_coursework_from_the_East_Asian_Culture_Courses_list._At_least_6_credit_hours_must_be_completed_in_coursework_within_the_Department_of_East_Asian_Languages_and_Cultures_(excluding_special_credit)._Students_can_receive_only_one_minor_in_the_Department_of_East_Asian_Languages_and_Cultures_and_may_not_receive_both_a_major_and_a_minor_within_the_department._In_fulfilling_the_above_requirements,_students_must_also_meet_all_other_College_requirements_for_minors.",,https://www.iu.edu/academics/degrees/all-majors-degrees.html,,,,FALSE,False,,,,,,,,,,,,,,,,,,,,,False,False,,,,,,,,,,,,,,,,,,,,,,,,,,FALSE,,,FALSE,FALSE,,,False
,Minor in East Asian Studies,,,,,Associate,Fall 2026,,,,Not Required,Not Required,Not Required,Required,"A minor in East Asian Studies requires the completion of 15 credit hours. [2] For the IU Indianapolis campus, a minimum grade of C is required in each course, with at least six credit hours at the 300/400 level, and students must complete an online declaration form. [2] At the Bloomington campus, at least 12 credit hours must be at the 200–499 level, and a GPA of at least 2.000 is required for all courses taken in the minor. [1] For the South Bend campus, students must plan their coursework with an advisor. [5]",Not Required,,True,False,False,False,False,False,,False,False,False,False,False,False,False,False,False,,,,,,,,,,,,,"The Minor in East Asian Studies provides a comprehensive understanding of Eastern Asian countries by covering their culture, history, arts, philosophy, and traditional health maintenance standpoints. [5] By taking courses in the minor, students will have the opportunity to build on knowledge of Eastern Asian civilization, improve their analytical and critical thinking skills, increase problem-solving abilities, and gain multiple perspectives of the world. [5] Consequently, students will be trained to become creative innovators and problem solvers with issues related to Eastern Asian countries, reliable community contributors incorporating Eastern Asian perspectives, and effective communicators with Eastern Asian peoples. [5]",,https://www.iu.edu/academics/degrees/all-majors-degrees.html,,,,FALSE,False,,,,,,,,,,,,,,,,,,,,,False,False,,,110.0,,,,6.0,,,54.0,,79,,,,,,,,,,,,,,FALSE,,,FALSE,FALSE,,,False
,Minor in Economics,,,,,Undergraduate,Fall 2026,,,,Not Required,Not Required,Not Required,Required,"To obtain a Minor in Economics at Indiana University, students are generally expected to declare their intent with the relevant school or department, such as the Judd Leighton School of Business and Economics at IU South Bend or the College of Arts and Sciences at IU Bloomington. [6, 9] The process typically involves meeting with an academic advisor. [6, 10] For instance, at IU Indianapolis, students are required to complete an online declaration form. [3] The minor usually requires the completion of a specific number of credit hours in economics courses with a minimum grade. [3, 6, 9]",Not Required,,True,False,False,False,False,False,,True,False,False,False,False,False,False,False,False,,,,,,,,,,,,,"The Minor in Economics provides a strong foundation in economics and is a wonderful supplement to any undergraduate degree. It is a way for students from other schools and departments to learn about fundamental economic concepts and issues while diversifying their analytical skill sets. As a highly interdisciplinary field, economics can be useful for all students interested in supplementing their existing major.",,https://www.iu.edu/academics/degrees/all-majors-degrees.html,,,,FALSE,False,,,,,,,,,,,,,,,,,,,,,False,False,,,110.0,112.0,,,6.5,,,58.0,,79,,,,,,,,,,,,,,FALSE,,,FALSE,FALSE,,,False
,Minor in Education Policy,,,,,Undergraduate,Fall 2026,,,,Not Required,Not Required,Optional,Required,"Completion of a minor typically requires between 15 and 21 credit hours. For academic minors within the School of Education, a minimum of 15 credit hours is required, with at least 9 credit hours at the 300-400 level. A minimum GPA of 2.0 is also required, with no grade lower than a C. [9]",Not Required,,True,False,False,False,False,False,,True,True,False,True,True,True,False,False,False,,,,,,,,,,,,,"You’re seeing news reports about vouchers, charter schools, common curriculums, and standardized testing. You know these issues are complex and often emotionally charged. If you want a deeper understanding of the issues behind the headlines, this minor is for you. The School of Education and the O'Neill School of Public and Environmental Affairs have partnered to offer the Education Policy minor. You’ll take an interdisciplinary look at education policy to learn what works and what can be done to improve education for future generations. You will also gain valuable skills in accounting, policy analysis, and program evaluation. The faculty from the School of Education and the O'Neill School will share their expertise in the areas of education policy, education law, school choice, school finance, and public policy.",,https://www.iu.edu/academics/degrees/all-majors-degrees.html,,,,FALSE,False,,,,,,,,,,,,,,,,,,,,,False,False,,,120.0,,,,6.5,,,58.0,,80,,,,,,,,,,,,,,FALSE,,,FALSE,FALSE,,,False
,Minor in Educational Studies,,,,,Undergraduate,Fall 2026,,,,,,Not Required,Not Required,,,,True,True,False,False,False,False,,False,False,False,False,False,False,False,True,False,,,,,,,,,,,,"['General Studies track', 'Pre-licensure track']","Interested in education as a social institution, developmental process or public policy? The Educational Studies minor is designed for undergraduates outside the School of Education who want to learn more about public education and/or student development and learning. This 15-credit minor offers you the flexibility to pursue the interesting and complex issues surrounding public education. [3]",,https://www.iu.edu/academics/degrees/all-majors-degrees.html,,,,FALSE,False,,,,,,,,,,,,,,,,,,,,,False,False,,,,,,,,,,,,,,,,,,,,,,,,,,FALSE,,,FALSE,FALSE,,,False
,Minor in English,,,,,Undergraduate,Fall 2026,,,,,,Not Required,Not Required,,,,True,True,False,False,False,False,,False,False,False,False,False,False,False,True,False,,,,,,,,,,,,,"15 credit hours in English above the 100 level, including:

*   ENG L260 Introduction to Advanced Study of Literature (3 cr.)
*   One introductory genre course (3 cr.) approved for CASE Intensive Writing credit, chosen from:
    *   L203 Introduction to Drama
    *   L204 Introduction to Fiction
    *   L205 Introduction to Poetry
    *   L206 Introduction to Prose (Excluding Fiction)
*   Two literary history courses (6 cr.) chosen from:
    *   L310 Literary History 1: Beginnings through the Seventeenth Century
    *   L312 Literary History 2: Eighteenth and Nineteenth Centuries
    *   L316 Literary History 3: Twentieth and Twenty-first Centuries
*   One English elective at the 300–400 level. (May include L310, L312 or L316 if not used to fulfill the literary history requirement.)",,https://www.iu.edu/academics/degrees/all-majors-degrees.html,,,,FALSE,False,,,,,,,,,,,,,,,,,,,,,False,False,,,,,,,,,,,,,,,,,,,,,,,,,,FALSE,,,FALSE,FALSE,,,False
,Minor in Environmental and Sustainability Studies,,,,,Undergraduate,Fall 2026,,,,,,,Required,,,,False,False,False,,,False,,True,False,False,False,True,True,True,False,False,,,,,,,,,,,,,The curriculum of the Environmental and Sustainability Studies minor is designed to provide students a broad introduction to the complex system-scale challenges of sustainability as well as the tools needed to address problems that transcend solely social or environmental domains. It combines introductory coursework with classes on human-environment systems.,,https://www.iu.edu/academics/degrees/all-majors-degrees.html,,,,FALSE,False,,,,,,,,,,,,,,,,,,,,,False,False,,,,,,,6.0,,,50.0,,76,,,,,,,,,,,,,,FALSE,,,FALSE,FALSE,,,False
,Minor in Environmental Health,,,,,Undergraduate,Fall 2026,,,,,,Not Required,Not Required,,,,True,True,False,False,False,False,,False,False,False,False,False,False,False,True,False,,,,,,,,,,,,,,,https://www.iu.edu/academics/degrees/all-majors-degrees.html,,,,FALSE,False,,,,,,,,,,,,,,,,,,,,,False,False,,,,,,,,,,,,,,,,,,,,,,,,,,FALSE,,,FALSE,FALSE,,,False
,Minor in Epidemiology,,,,,Undergraduate,Fall 2026,,,,,,Not Required,Not Required,,,,True,True,False,False,False,False,,False,False,False,False,False,False,False,True,False,,,,Richard M. Fairbanks School of Public Health,"Approximately $4,758.90 for Indiana Residents and $16,991.70 for Out-of-State Residents for the entire 15-credit hour minor.",,,,,,,,,,https://www.iu.edu/academics/degrees/all-majors-degrees.html,,,"$317.26 for Indiana Residents, $1,132.78 for Out-of-State Residents",FALSE,False,,4.0,2.0,,,,,,,,,,,,,,,,,,False,False,,,,,,,,,,,,,,,,,,,,,,,,,"Merit-based, Need-based",FALSE,,,FALSE,FALSE,,,False
,Minor in European Studies,,,,,Undergraduate,Fall 2026,,,,,,Not Required,Required,,,,True,True,True,False,False,False,,True,False,False,False,True,True,True,False,False,,,,,,,,,,,,,"The minor in European Studies will empower you with a broad understanding of the historical significance, social structure, political features, and cultural aspects of Europe and the European Union. [2] The minor requires 15 credit hours of course work, including 9 credits at the upper-level (300–400 level courses). [2] A list of current cross-listed courses is available through the Institute for European Studies advisor. [2]",,https://www.iu.edu/academics/degrees/all-majors-degrees.html,,,,FALSE,False,,,,,,,,,,,,,,,,,,,,,False,False,,,,,,,,,,,,,,,,,,,,,,,,,,FALSE,,,FALSE,FALSE,,,False
,Minor in Event Planning,,,,,Undergraduate,Fall 2026,,,,,,Not Required,Required,,,,False,False,False,False,False,False,,False,False,False,False,False,False,False,False,False,,,,,,,,,,,,,"This undergraduate minor program is intended for students in degree programs other than the those with a major in Tourism, Hospitality, and Event Management. This minor requires: successful completion of 15 credit hours prescribed below. a minimum cumulative minor GPA of 2.0. a minimum grade of C- is required in each course used in this minor. (Note: No course in this minor may be taken under the Pass/Fail Option.). [1]",,https://www.iu.edu/academics/degrees/all-majors-degrees.html,,,,FALSE,False,,,,,,,,,,,,,,,,,,,,,False,False,,,,,,,,,,,,,,,,,,,,,,,,,,FALSE,,,FALSE,FALSE,,,False
,Minor in Exercise Science,,,,,Undergraduate,Fall 2026,,,,Not Required,Not Required,Optional,Required,"To declare a minor in Exercise Science, students who are in the School of Public Health-Bloomington (SPH-B) should complete the Declaration of Undergraduate Minor or Certificate Form. Students from other schools should contact the records office of their degree-granting school or unit to have the minor officially added.",Not Required,,True,False,,,True,,,True,True,False,True,True,True,,False,False,,,,,,,,,,,,,,,https://www.iu.edu/academics/degrees/all-majors-degrees.html,,,,FALSE,False,,,,,,,,,,,,,,,,,,,,,False,False,,,105.0,,,,6.5,,,59.0,,80,,,,,,,,,,,,,,FALSE,,,FALSE,FALSE,,,
,Minor in Fashion Design,,,,,Associate,Fall 2026,,,,Not Required,Not Required,Not Required,Not Required,"Students must complete 21 credit hours in coursework. [1] In fulfilling these requirements, students must also meet all other College requirements for minors. [1]",Not Required,,True,False,False,False,False,False,,False,False,False,False,False,False,False,True,False,,,,"Eskenazi School of Art, Architecture + Design","In-state: $11,220/Year, Out-of-state: $37,600/Year. [42]",,,,,,,,,,https://www.iu.edu/academics/degrees/all-majors-degrees.html,,,,FALSE,False,,4.0,2,,,,,,,,,,,,,,,,,,False,False,,,,,,,,,,,,,,,,,,,,,,,"The Eskenazi School of Art, Architecture + Design and Indiana University offer a variety of scholarships. For example, the YMA Fashion Scholarship Fund provides $5,000 awards. [15] The Eskenazi School awards over $250,000 in scholarships to current students annually. [15]",,"The Eskenazi School offers scholarships for incoming and current students, with some based on financial need and others on merit. [14, 15] Priority for certain scholarships is given to under-resourced populations, such as first-generation students. [12]",FALSE,,,FALSE,FALSE,,,False
,Minor in Film Studies,,,,,Undergraduate,Fall 2026,,,,Not Required,Not Required,,,"To declare a minor, students must be admitted to Indiana University. The Minor in Film Studies requires the satisfactory completion of 15 credit hours with a minimum grade of C in each course. At least 6 of these credits must be completed at IU Indianapolis. [3] Another version of the minor, the Minor in Cinema and Media Studies at IU Bloomington, requires 15 credit hours, with at least 9 credit hours at the 300-499 level and a GPA of at least 2.000 for all courses taken in the minor. [1]",Not Required,,True,False,,,,,,,,,,,,,,,,,,The Media School,"All undergraduate Media School students are assessed a program fee each semester, but a specific amount for the 'Minor in Cinema and Media Studies' is not available on the website. [10]",,,,,,,,,,https://www.iu.edu/academics/degrees/all-majors-degrees.html,,,,FALSE,False,,4.0,2.0,,,,,,,,,,,,,,,,,,False,False,,,,,,,,,,,,,,,,,,,,,,,"The Media School awards more than $300,000 in scholarships to undergraduate students annually. [11] A specific example is the Michael I. Arnolt Diversity Scholarship, which provides up to $5,000 per year for an incoming freshman and a one-time award of $5,000 for a returning student. [8]",,The Media School offers a variety of scholarships. [11] These include merit-based awards and scholarships for students with unforeseen financial hardship. [20] An example of a diversity scholarship is the Michael I. Arnolt Diversity Scholarship for journalism students of color. [8],FALSE,,,FALSE,FALSE,,,
,Minor in Fitness Instruction,,,,,Undergraduate,Fall 2026,,,,Not Required,Not Required,Not Required,Required,"This undergraduate minor program is intended for students in degree programs other than the health fitness specialist major, who wish to add a fitness instruction specialty to their studies. This minor requires: successful completion of 18 to 22 credit hours as prescribed below. a minimum cumulative minor GPA of 2.0. a minimum grade of C- is required in each minor course. [1]",Not Required,,True,False,True,False,False,False,,True,False,False,False,True,True,True,False,False,,,,,,,,,,,,,"This undergraduate minor program is intended for students in degree programs other than the health fitness specialist major, who wish to add a fitness instruction specialty to their studies. [2]",,https://www.iu.edu/academics/degrees/all-majors-degrees.html,,,,FALSE,False,,,,,,,,,,,,,,,,,,,,,False,False,,,130.0,,,,7.5,,,68.0,,100,,,,,,,,,,,,,,FALSE,,,FALSE,FALSE,,,False
,Minor in Folklore and Ethnomusicology,,,,,Undergraduate,Fall 2026,,,,Not Required,Not Required,Not Required,Not Required,"The minor in Folklore and Ethnomusicology requires a minimum of 15 credit hours. [1] A GPA of at least 2.000 is required for all courses taken in the minor. [1] A grade of C- or higher is necessary for a course to count towards the minor's requirements, except for the GPA requirement. [1] At least 9 credit hours for the minor must be at the 300–499 level. [1] Additionally, a minimum of 9 credit hours for the minor must be completed in residence at Indiana University Bloomington. [1] Required coursework includes one course in methods and theories (FOLK-F 401), one elective at the 300-399 level, one additional course at the 300-499 level, and two additional courses from any FOLK-[x] 100-499 level (excluding FOLK-F 401), with some approved COLL courses also being applicable. [1]",Not Required,,True,False,False,False,False,False,,False,False,False,False,False,False,False,True,False,,,,,,,,,,,,,"The Minor in Folklore and Ethnomusicology provides students with a nuanced understanding of expressive culture's role in everyday life. [1] Students will be able to apply a diverse yet comprehensive knowledge of oral narrative, verbal art, music, and material culture to understand the worldviews and diverse experiences of people in the United States and from around the globe. [1] A minor in Folklore and Ethnomusicology offers significant grounding in the research methods and materials needed to appreciate diverse human cultures through the study of expressive culture and traditional arts. [2] Learning ethnographic research skills helps you understand the world from the points of view of others, and will help you communicate effectively with future colleagues, clients, and communities. [2]",,https://www.iu.edu/academics/degrees/all-majors-degrees.html,,,,FALSE,False,,,,,,,,,,,,,,,,,,,,,False,False,,,,,,,,,,,,,,,,,,,,,,,,,,FALSE,,,FALSE,FALSE,,,False
,Minor in French,,,,,Undergraduate,Fall 2026,,,,Not Required,Not Required,,,"To declare the Minor in French at IU Indianapolis, students must complete the School of Liberal Arts online declaration form. [8] For the Bloomington campus, the minor requires at least 15 credit hours, and a GPA of at least 2.000 for all courses taken in the minor is required. [7] The IU Northwest campus requires 15 credit hours, including FREN-F 200 and FREN-F 250 or equivalent, and three courses at the third-year or fourth-year level taught in French. [9] At IU Indianapolis, the minor requires completion of 15 credit hours with a minimum grade of C in each course, and at least 6 credit hours must be completed at IU Indianapolis. [8]",Not Required,,True,False,,,,,,,,,,,,,,,,,,,,,,,,,,,,,https://www.iu.edu/academics/degrees/all-majors-degrees.html,,,,FALSE,False,,,,,,,,,,,,,,,,,,,,,False,False,,,,,,,,,,,,,,,,,,,,,,,,,,FALSE,,,FALSE,FALSE,,,
,Minor in Game Design,,,,,Undergraduate,Fall 2026,,,,,,,,,,,True,True,,,,,,,,,,,,,,,,,,,,,,,,,,,,,https://www.iu.edu/academics/degrees/all-majors-degrees.html,,,,FALSE,False,,,,,,,,,,,,,,,,,,,,,False,False,,,,,,,,,,,,,,,,,,,,,,,,,,FALSE,,,FALSE,FALSE,,,
,Minor in Gender Studies,,,,,Undergraduate,Fall 2026,,,,,,,,,,,True,True,,,,,,,,,,,,,,,,,,,,,,,,,,,"Due to the transdisciplinary nature of the department, a minor in Gender Studies complements a wide variety of programs and degrees. From the humanities to the sciences, policy to the arts, media to education, a minor in Gender Studies can enhance your degree as you examine how gender and its intersections have an impact on your field. [6] The Gender Studies Program at IU Southeast is interdisciplinary and draws from diverse specializations. In the program, students learn and share knowledge about the way gender, sexuality, and culture shape the experiences, ideologies, individuals, and politics in the world. Students explore issues of gender, sexuality, and culture in the context of history, literature, class studies, religion, art, philosophy, sociology, the natural sciences and other areas. [9] The Women's and Gender Studies program is dedicated to working for intellectual excellence, educational equity and a campus free of sexism, racism, heterosexism and other forms of discriminatory treatment. [9]",,https://www.iu.edu/academics/degrees/all-majors-degrees.html,,,,FALSE,False,,,,,,,,,,,,,,,,,,,,,False,False,,,,,,,,,,,,,,,,,,,,,,,,,,FALSE,,,FALSE,FALSE,,,
,Minor in Geography,,,,,Undergraduate,Fall 2026,,,,Not Required,Not Required,,,"A GPA of at least 2.000 for all courses taken in the minor is required. A grade of C- or higher is required for a course to count toward a requirement in the minor. At least 9 credit hours in the minor must be completed at the 300–499 level. The minor requires a total of 15 credit hours, including one introductory course, one geographic methodology course, and additional electives. [8]",Not Required,,True,False,,,,,,,,,,,,,,,,,,,,,,,,,,,"A Geography minor is an excellent complement to many other degrees and majors, including Informatics, Business, Journalism, Economics, Folklore, Political Science, and more. [7] Students must complete a minimum of 15 credit hours in geography including: One course from G107, G109, G110, G120, and G208. One course in geographic methodology (to be selected from G235, G237, G250, G336, G338, G350, G436, G438, or G488). At least 6 credit hours at the 300 or 400 level. [14]",,https://www.iu.edu/academics/degrees/all-majors-degrees.html,,,,FALSE,False,,,,,,,,,,,,,,,,,,,,,False,False,,,,,,,,,,,,,,,,,,,,,,,,,,FALSE,,,FALSE,FALSE,,,
,Minor in Geographic Information Systems and Remote Sensing,,,,,Undergraduate,Fall 2026,,,,Not Required,Not Required,Not Required,Required,"To be awarded the minor, students must complete at least 15 credit hours. [1] This includes one course in Environmental Remote Sensing (GEOG-G 336) and one in Geographic Information Science (GEOG-G 338). [1] An additional nine credit hours must be taken from a list of approved electives. [1] A minimum GPA of 2.0 is required for all courses taken for the minor, and a grade of C- or higher is necessary for a course to count toward the minor's requirements. [1] At least 9 credit hours for the minor must be at the 300–499 level, and at least 9 credit hours must be completed on the Indiana University Bloomington campus or through an IU-administered or co-sponsored Overseas Study program. [1]",Not Required,,True,False,True,True,False,False,,True,False,False,False,True,True,True,False,False,,,,,,,,,,,,,"The Geographic Information Systems (GIS) and Remote Sensing minor provides training for the development of mid-level proficiency in spatial data analysis and its display, and in the analysis of satellite data. [1] These skills are important methodologies in the field of geography, central tools in environmental management and public policy, and in growing demand by a wide variety of employers in the public, private, and non-profit sectors. [1]",,https://www.iu.edu/academics/degrees/all-majors-degrees.html,,,,FALSE,True,,,,,,,,,,,,,,,,,,,,,False,False,,,90.0,109.0,,,5.5,,,43.0,,61,,,,,,,,,,,,,,FALSE,,,FALSE,FALSE,,,False
,Minor in Geological Sciences,,,,,Undergraduate,Fall 2026,,,,Not Required,Not Required,Not Required,Required,"The Minor in Earth and Atmospheric Sciences offers students a flexible option to either explore the interacting systems of the solid earth and atmosphere, or focus course work in Earth sciences or Atmospheric Sciences. Students should consult the academic bulletin for the appropriate year of matriculation to see the specific course requirements. [6, 7]",Not Required,,True,False,True,False,False,False,,True,False,False,False,True,True,True,False,False,,,,,,,,,,,,,"The minor in geology is designed to complement a major related to earth sciences in another program on campus. [9] The minor provides a general overview and context of the basic principles and concepts of geology. [9] Additionally, the minor is a good option if you are interested in geology but do not wish to pursue a career in the earth sciences. [9] A minor in geology offers students majoring in other disciplines a solid background in the geological sciences and should prove especially useful for students seeking careers with interdisciplinary emphasis (e.g., chemistry, biology, the environmental sciences). [7] The earth science minor is designed to provide students planning careers involving the management of resources with sufficient background to understand basic geological principles and their relationships to human activities on earth. [7]",,https://www.iu.edu/academics/degrees/all-majors-degrees.html,,,,FALSE,True,,,,,,,,,,,,,,,,,,,,,False,False,,,130.0,,,,7.5,,,68.0,,"100 (iBT), 600 (PBT)",,,,,,,,,,,,,,FALSE,,,FALSE,FALSE,,,False
,Minor in German,,,,,Undergraduate,Fall 2026,,,,Not Required,Not Required,Not Required,Required,"A minor in German at Indiana University Bloomington requires students to complete at least 15 credit hours of Germanic Studies courses. [10] This includes fulfilling requirements for language proficiency, a gateway course, and advanced electives. [10] At least 12 of these credit hours must be in courses taught in German. [10] A minimum GPA of 2.000 is required for all courses taken for the minor, and a grade of C- or higher is needed for a course to count toward a requirement. [9] For the IU Indianapolis campus, the minor requires the completion of 15 credit hours with a minimum grade of C in each course. [7] To declare the minor, students must complete the School of Liberal Arts online declaration form. [7]",Not Required,,True,False,False,False,False,False,,False,False,False,False,False,False,False,False,False,,,,College of Arts and Sciences,,,,,,,,,"The Minor in German focuses on German language, linguistics, literature, and culture. It allows students to achieve proficiency in German while exploring advanced topics in German literature, media, intellectual history, and society. The minor can serve as a preparation for study abroad or for a career in one of the world's most influential global languages. [12]",,https://www.iu.edu/academics/degrees/all-majors-degrees.html,,,,FALSE,False,,4.0,,,,,,,,,,,,,,,,,,,False,False,,,120.0,,,,7.0,,,,,92,,,,,,,,,,,"The Department of Germanic Studies offers the William Goodwin Scholarship for Majors, which includes $500 upon declaring the major, $2,000 for a study abroad program, and $3,000 upon registration for the final required course. The Salz Family Award offers up to $500. [16]",,Merit-based,FALSE,,,FALSE,FALSE,,,False
,Minor in Germanic Studies,,,,,Undergraduate,Fall 2026,,,,,,,Required,,,,True,True,False,True,,,,True,,,,False,True,False,False,False,,,,College of Arts and Sciences,,,,,,,,,"We offer a Germanic Studies minor that can be completed entirely in English or with a mixture of Germanic languages. This offers you an opportunity to explore the wider Germanic realm, including the Netherlands, Scandinavia, and Yiddish-speaking Europe and Diaspora, without focusing on language proficiency. Course offerings include the art, literature, media, politics, economics, thought, and society of middle and northern Europe. [2]",,https://www.iu.edu/academics/degrees/all-majors-degrees.html,,,,FALSE,False,,4.0,2.0,,,,,,,,,,,,,,,,,,False,False,,,,,,,,,,,,,,,,,,,,,,,,,Merit-based and need-based,FALSE,,,FALSE,FALSE,,,
,Minor in Global Health Promotion,,,,,Undergraduate,Fall 2026,,,,,,,,,,,True,True,,,,,,,,,,,,,,,,,,School of Public Health-Bloomington,"$12,142/Year (in-state), $42,702/Year (out-of-state)",,,,,,,,,,https://www.iu.edu/academics/degrees/all-majors-degrees.html,,,"$332/Credit (in-state), $1,262/Credit (out-of-state)",FALSE,False,,4.0,2,,,,,,,,,,,,,,,,,,False,False,,,,,,,,,,,,,,,,,,,,,,,,,"Merit-based, need-based, and leadership",FALSE,,,FALSE,FALSE,,,
,Minor in Global Media,,,,,Undergraduate,Fall 2026,,,,,,Not Required,,,,,True,True,False,False,False,False,,False,False,False,False,False,False,False,False,False,,,,"The Media School, College of Arts and Sciences",,,,,,,,,,,https://www.iu.edu/academics/degrees/all-majors-degrees.html,,,,FALSE,False,,4.0,2.0,,,,,,,,,,,,,,,,,,False,False,,,,,,,,,,,,,,,,,,,,,,,,,"Merit-based, Need-based",FALSE,,,FALSE,FALSE,,,False
,Minor in Greek,,,,,Undergraduate,Fall 2026,,,,,,,,,,,True,True,,,,,,,,,,,,,,,,,,College of Arts & Sciences,,,,,,,,,,,https://www.iu.edu/academics/degrees/all-majors-degrees.html,,,"{'in_state': '$379.31 per credit hour', 'out_of_state': '$1,165.77 per credit hour'}",FALSE,False,,4.0,2,,,,,,,,,,,,,,,,,,False,False,,,,,,,,,,,,,,,,,,,,,,,,,"Merit-based, Need-based",FALSE,,,FALSE,FALSE,,,
,"Minor in Health, Identity, and Social Justice",,,,,Undergraduate,Fall 2026,,,,,,,,,,,True,True,,,,,,,,,,,,,,,,,,,,,,,,,,,,,https://www.iu.edu/academics/degrees/all-majors-degrees.html,,,,FALSE,False,,,,,,,,,,,,,,,,,,,,,False,False,,,,,,,,,,,,,,,,,,,,,,,,,,FALSE,,,FALSE,FALSE,,,
,Minor in Healthy Aging,,,,,Undergraduate,Fall 2026,,,,,,,,,,,True,True,,,,,,,,,,,,,,,,,,School of Public Health-Bloomington,,,,,,,,,,,https://www.iu.edu/academics/degrees/all-majors-degrees.html,,,,FALSE,False,,4.0,2.0,,,,,,,,,,,,,,,,,,False,False,,,,,,,,,,,,,,,,,,,,,,,,,"Financial need, academic performance, leadership, and specific interests such as addiction studies or a commitment to health and wellness. [7]",FALSE,,,FALSE,FALSE,,,
,Minor in Hebrew,,,,,Undergraduate,Fall 2026,,,,,,Not Required,Required,,,,False,False,False,False,False,False,,True,False,False,False,True,True,True,False,False,,,,,,,,,,,,,,,https://www.iu.edu/academics/degrees/all-majors-degrees.html,,,,FALSE,False,,,,,,,,,,,,,,,,,,,,,False,False,,,130.0,,,,6.0,,,68.0,,71,,,,,,,,,,,,,,FALSE,,,FALSE,FALSE,,,False
,Minor in Higher Education and Student Affairs,,,,,Undergraduate,Fall 2026,,,,Not Required,Not Required,,,"This is a 15-credit hour minor designed for undergraduate students interested in exploring the role of student affairs in higher education. Within the program, students explore the organization and policy that guides higher education, examine the changing demographics and experiences of college students, investigate current trends, and complete a supervised practicum. [1]",Not Required,,True,False,False,False,False,False,,False,False,False,False,False,False,False,False,False,,,,,,,,,,,,,,,https://www.iu.edu/academics/degrees/all-majors-degrees.html,,,,FALSE,False,,,,,,,,,,,,,,,,,,,,,False,False,,,,,,,,,,,,,,,,,,,,,,,,,,FALSE,,,FALSE,FALSE,,,False
,Minor in History,,,,,Undergraduate,Fall 2026,,,,Not Required,Not Required,Not Required,Required,"Students must complete 15 credit hours of history, at least 9 of which must be taken on the Bloomington campus. [3, 7] Of the 15 credit hours in history, 9 must be at the 300 or 400 level. [3, 7] A GPA of at least 2.000 for all courses taken in the minor is required. [8]",Not Required,,True,False,False,False,False,False,,True,False,False,False,False,True,False,False,False,,,,,,,,,,,,,,,https://www.iu.edu/academics/degrees/all-majors-degrees.html,,,,FALSE,False,,,,,,,,,,,,,,,,,,,,,False,False,,,110.0,,,,6.5,,,,,79,,,,,,,,,,,,,,FALSE,,,FALSE,FALSE,,,False
,Minor in History and Philosophy of Science,,,,,Undergraduate,Fall 2026,,,,,,,,,,,False,False,,,,,,,,,,,,,,,,,,College of Arts and Sciences,,,,,,,,,,,https://www.iu.edu/academics/degrees/all-majors-degrees.html,,,,FALSE,False,,,2.0,,,,,,,,,,,,,,,,,,False,False,,,,,,,,,,,,,,,,,,,,,,,,,,FALSE,,,FALSE,FALSE,,,
,Minor in Hospitality Services,,,,,Undergraduate,Fall 2026,,,,Not Required,Not Required,,,"This undergraduate minor program is intended for students in degree programs other than those with a tourism, hospitality, and event management major. This minor requires: successful completion of 15 credit hours prescribed below. a minimum cumulative minor GPA of 2.0. a minimum grade of C- is required in each course used in this minor.",Not Required,,True,False,,,,,,,,,,,,,,,,,,School of Public Health-Bloomington,,,,,,,,,"This undergraduate minor program is intended for students in degree programs other than those with a major in Tourism, Hospitality, and Event Management. This minor requires: successful completion of 15 credit hours prescribed below. a minimum cumulative minor GPA of 2.0. a minimum grade of C- is required in each course used in this minor. (Note: No course in this minor may be taken under the Pass/Fail Option.)",,https://www.iu.edu/academics/degrees/all-majors-degrees.html,,,,FALSE,False,,4.0,2.0,,,,,,,,,,,,,,,,,,False,False,,,,,,,,,,,,,,,,,,,,,,,,,"Scholarships are available based on academic achievement, research pursuits, and educational interest.",FALSE,,,FALSE,FALSE,,,
,Minor in Human Development and Family Studies,,,,,Undergraduate,Fall 2026,,,,Not Required,Not Required,,,"This undergraduate minor program is intended for students in degree programs other than the human development and family studies major, who wish to add this specialty to their studies. This minor requires: successful completion of 15 credit hours prescribed below. a minimum grade of C- in each course used in the minor. a minimum cumulative minor GPA of 2.0. [6]",Not Required,,True,False,False,False,False,False,,False,False,False,False,False,False,False,False,False,,,,,,,,,,,,,,,https://www.iu.edu/academics/degrees/all-majors-degrees.html,,,,FALSE,False,,,,,,,,,,,,,,,,,,,,,False,False,,,,,,,,,,,,,,,,,,,,,,,,,,FALSE,,,FALSE,FALSE,,,False
,Minor in Human Sexuality,,,,,Undergraduate,Fall 2026,,,,,,Not Required,Not Required,,,,True,True,False,False,False,False,,False,False,False,False,False,False,False,True,False,,,,School of Public Health-Bloomington,,,,,,,,,This undergraduate minor program is intended for students in degree programs who wish to add the study of human sexuality. [5] This minor program prepares students to address human sexuality issues and is highly complementary to the vast range of degrees offered across the campus of Indiana University. [4],,https://www.iu.edu/academics/degrees/all-majors-degrees.html,,,,FALSE,False,,4.0,2.0,,,,,,,,,,,,,,,,,,False,False,,,,,,,,,,,,,,,,,,,,,,,,,,FALSE,,,FALSE,FALSE,,,False
,Minor in Illustration,,,,,Undergraduate,Fall 2026,,,,Not Required,Not Required,Not Required,Required,"To pursue a Minor in Illustration, a student must first be admitted to Indiana University Bloomington. The Illustration Minor is offered through the Eskenazi School of Art, Architecture + Design. There is no separate application or portfolio submission required for admission to the school for incoming first-year students. [19] Once enrolled, students can declare the minor and must complete the required 18 credit hours of coursework as specified in the academic bulletin. [10]",Not Required,,False,False,True,True,False,False,,True,False,False,False,True,True,True,False,False,,,,College of Arts and Sciences,,,,,,,,,"The Illustration Minor teaches students to communicate ideas through images. Course offerings incorporate a range of disciplines including drawing, painting, game design, industrial/product design, fashion illustration, architectural rendering, book illustration, and graphic novels. Students work with faculty from various areas to cultivate skills, critical thinking strategies, conceptual clarity, and originality. Studio practice is augmented by research and analysis of art and illustration history. [1]",,https://www.iu.edu/academics/degrees/all-majors-degrees.html,,,,FALSE,False,,4.0,2,,,,,,,,,,,,,,,,,,False,False,,,,,,,,,,,,,,,,,,,,,,,,,"Academic Scholarships, Athletic Scholarships, Artistic Scholarships, Need-Based Scholarships, Field of Study Scholarships. [1]",FALSE,,,FALSE,FALSE,,,False
,Minor in India Studies,,,,,Undergraduate,Fall 2026,,,,,,,,,,,True,True,,,,,,,,,,,,,,,,,,"Hamilton Lugar School of Global and International Studies, College of Arts and Sciences","$12,144/Year (In-State) or $41,891/Year (Out-of-State)",,,,,,,"['Literary and Performance Studies group', 'Philosophical and Religious Studies group', 'Social, Political, and Historical Studies group']","The Minor in India Studies at Indiana University requires 15 credit hours chosen in consultation with the director. [8] The program is housed within the Dhar India Studies Program, which promotes original research and innovative teaching on all aspects of the Indian subcontinent (also referred to as South Asia). [3] Students in the minor program are strongly encouraged to study Hindi or Sanskrit. [8] The program allows students to focus on India's rich English-medium cultural traditions in areas like Indo-British literature, drama, and Third World studies. [8] The broader India Studies program, affiliated with the Hamilton Lugar School of Global and International Studies, provides students with an advanced understanding of the culture, literature, arts, philosophy, and socio-political and historical dimensions of the region. [10, 3]",,https://www.iu.edu/academics/degrees/all-majors-degrees.html,,9857,"$392 per credit hour for in-state undergraduates and $1,112 per credit hour for out-of-state students.",FALSE,False,,4.0,,,,,,,,,,,,,,,,,,,False,False,,,,,,,,,,,,,,,,,,,,,,,"USD 1,000 – USD 11,000 per year",,Merit-based,FALSE,,,FALSE,FALSE,,,
,Minor in Individualized Minor,,,,,Undergraduate,Fall 2026,,,,,,,,,,,True,True,,,,,,,,,,,,,,,,,,,,,,,,,,,,,https://www.iu.edu/academics/degrees/all-majors-degrees.html,,,,FALSE,False,,,,,,,,,,,,,,,,,,,,,False,False,,,,,,,,,,,,,,,,,,,,,,,,,,FALSE,,,FALSE,FALSE,,,
,Minor in Interior Design Studies,,,,,Undergraduate,Fall 2026,,,,,,,,,,,False,False,,,,,,,,,,,,,,,,,,,,,,,,,,,"The minor provides students with a broad, introductory exposure to topics foundational to interior design (including studio-based design problem-solving, design history, and design communications), as well as the opportunity either to study additional topics in an exploratory way, or to gain more focused experience with a specific topic area of their choice. [1]",,https://www.iu.edu/academics/degrees/all-majors-degrees.html,The Minor in Interior Design Studies is not a CIDA accredited degree. [1],,,FALSE,False,,,,,,,,,,,,,,,,,,,,,False,False,,,,,,,,,,,,,,,,,,,,,,,,,,FALSE,,,FALSE,FALSE,,,
,Minor in International and Comparative Education,,,,,Undergraduate,Fall 2026,,,,Not Required,Not Required,,,The International and Comparative Education minor is a 15-credit program for undergraduate students. The primary step for students is to 'Declare This Minor'. [6],Not Required,,True,False,,,,,,,,,,,,,,,,,,,,,,,,,,,"The International and Comparative Education minor is designed for undergraduates who want to explore and compare how education works around the globe, both inside and outside schools. This 15- credit minor will introduce you to an interdisciplinary field that blends the best of the liberal arts and professional practice. [3]",,https://www.iu.edu/academics/degrees/all-majors-degrees.html,,,,FALSE,False,,,,,,,,,,,,,,,,,,,,,False,False,,,,,,,,,,,,,,,,,,,,,,,,,,FALSE,,,FALSE,FALSE,,,
,Minor in International Relations,,,,,Undergraduate,Fall 2026,,,,,,,,,,,True,True,False,False,False,False,,False,False,False,False,False,False,False,False,False,,,,,,,,,,,,,"The Political Science Minor in International Relations focuses on international governmental relations and international efforts to regulate conflict and promote cooperation. The minor includes study of the sources of international political authority, the interaction of markets and politics, the sources of conflict and violence, and international human rights norms.",,https://www.iu.edu/academics/degrees/all-majors-degrees.html,,,,FALSE,False,,,,,,,,,,,,,,,,,,,,,False,False,,,,,,,,,,,,,,,,,,,,,,,,,,FALSE,,,FALSE,FALSE,,,False
,Minor in International Studies,,,,,Undergraduate,Fall 2026,,,,,,,,,,,True,True,,,,,,,,,,,,,,,,,,,,,,,,,,,,,https://www.iu.edu/academics/degrees/all-majors-degrees.html,,,,FALSE,False,,,,,,,,,,,,,,,,,,,,,False,False,,,,,,,,,,,,,,,,,,,,,,,,,,FALSE,,,FALSE,FALSE,,,
,Minor in Italian,,,,,Undergraduate,Fall 2026,,,,,,Optional,Required,,,,True,True,False,,True,False,,True,,False,,True,True,True,False,False,,,,,,,,,,,,,,,https://www.iu.edu/academics/degrees/all-majors-degrees.html,,,,FALSE,False,,,,,,,,,,,,,,,,,,,,,False,False,,,110.0,,,,6.5,,,,,79,,,,,,,,,,,,,,FALSE,,,FALSE,FALSE,,,False
,Minor in Jewish Studies,,,,,Undergraduate,Fall 2026,,,,,,,,,,,True,True,,,,,,,,,,,,,,,,,,College of Arts + Sciences,"$42,702/Year",,,,,,,,,,https://www.iu.edu/academics/degrees/all-majors-degrees.html,,,"$1,262/Credit",FALSE,False,,4.0,2,,,,,,,,,,,,,,,,,,False,False,,,,,,,,,,,,,,,,,,,,,,,"After their first year, minors in Jewish Studies may apply for various scholarships. Specific amounts are not listed for minors, but scholarships of up to $80,000 are available for majors. [9, 15]",,Merit-based and need-based scholarships are available. [15],FALSE,,,FALSE,FALSE,,,
,Minor in Kinesiology,,,,,Undergraduate,Fall 2026,,,,Not Required,Not Required,Not Required,Required,"This undergraduate minor program is intended for students in degree programs outside the Department of Kinesiology, who wish to add a kinesiology specialty to their studies. This minor requires: successful completion of 15 credit hours prescribed below, a minimum cumulative minor GPA of 2.0, and a minimum grade of C in each course required. [1]",Not Required,,True,False,True,True,False,False,,True,False,False,False,True,True,True,False,False,,,,,,,,,,,,,,,https://www.iu.edu/academics/degrees/all-majors-degrees.html,,,,FALSE,False,,,,,,,,,,,,,,,,,,,,,False,False,,,,,,,,,,,,,,,,,,,,,,,,,,FALSE,,,FALSE,FALSE,,,False
,Minor in Latin,,,,,Undergraduate,Fall 2026,,,,Not Required,Not Required,,,"The minor requires at least 15 credit hours. Requirements include nine (9) credit hours in specific Latin literature courses (from a list including CLAS-L 304, CLAS-L 305, etc.) and six (6) additional hours from an approved list of electives. [5] At least 9 credit hours for the minor must be completed at the Indiana University Bloomington campus or through an IU-administered study abroad program. [5] A minimum GPA of 2.000 is required for all courses taken in the minor, and a grade of C- or higher is needed for a course to count toward the requirements. [5]",Not Required,,True,False,,,,,,,,,,,,,,,,,,,,,,,,,,,The Minor in Latin enables students to begin to access some of the world's most exciting and profound texts in the original language. It allows students to immerse themselves in the language and culture of ancient Rome while also providing them with important analytical skills that can be adapted to a wide range of other fields. [1],,https://www.iu.edu/academics/degrees/all-majors-degrees.html,,,,FALSE,False,,,,,,,,,,,,,,,,,,,,,False,False,,,,,,,,,,,,,,,,,,,,,,,,,,FALSE,,,FALSE,FALSE,,,
,Minor in Latin American and Caribbean Studies,,,,,Undergraduate,Fall 2026,,,,,,,,,,,True,True,False,False,False,False,,False,False,False,False,False,False,False,False,False,,,,,,,,,,,,,"An undergraduate minor in Latin American and Caribbean Studies is available to students in the College of Arts and Sciences, as well as to students from other schools and colleges of Indiana University. The minor is earned upon completion of 15 credit hours of course work related to Latin America and the Caribbean, including 3 credit hours of LTAM-L 210 The Latin American Experience, and 3 credit hours of LTAM-L 401 Contemporary Problems in Latin American Studies. The remaining 9 credit hours can be selected from a multidisciplinary list of courses, as well as from those offered through the Center. All courses must be completed with a grade of C or higher. A minimum of 6 credit hours must be at the 300–400 level. Students may elect to take up to 6 credit hours in a Latin American language (Spanish, Portuguese, Haitian Creole, Quechua) as part of their minor. The director of undergraduate studies can approve other courses with substantial Latin American and Caribbean content.",,https://www.iu.edu/academics/degrees/all-majors-degrees.html,,,,FALSE,False,,,,,,,,,,,,,,,,,,,,,False,False,,,,,,,,,,,,,,,,,,,,,,,,,,FALSE,,,FALSE,FALSE,,,False
,Minor in Latino Studies,,,,,Undergraduate,Fall 2026,,,,,,Not Required,Not Required,,,,True,True,False,False,False,False,,False,False,False,False,False,False,False,True,False,,,,,,,,,,,,,"The Minor in Latino Studies allows students to broaden their knowledge about the Latino population of the United States. Our courses are taught by professors in communication & culture, education, history, language, law, literature, music, sociology, and other disciplines. We pride ourselves in bringing relevant scholarship into the classroom. [1] At the IU Indianapolis campus, the minor prepares students to examine the history and culture of Latinos in the United States and to connect current trends of this US population with perspectives from other schools, departments, and programs. [4] Students will explore the challenges facing the Latino community and the ways in which the community uses its numbers and cultural capital to address these challenges. [4] The program also provides an opportunity to directly study the Latino culture and the dramatic demographic and cultural change currently occurring in the United States. [4]",,https://www.iu.edu/academics/degrees/all-majors-degrees.html,,,,FALSE,False,,,,,,,,,,,,,,,,,,,,,False,False,,,,,,,,,,,,,,,,,,,,,,,,,,FALSE,,,FALSE,FALSE,,,False
,Minor in Leaders and Leadership,,,,,Undergraduate,Fall 2026,,,,,,Not Required,Required,,,,False,False,False,False,False,False,,False,False,False,False,False,False,False,False,False,,,,"College of Arts and Sciences, Political and Civic Engagement (PACE) Program","Estimated for 2026-2027: $12,142 for Indiana residents; $42,702 for nonresidents. [11] This is an annual flat fee covering the academic year (fall and spring). [11]",,,,,,,,"The interdisciplinary Minor in Leadership provides students an opportunity to develop fundamental skills and knowledge necessary to assume leadership, supervisory, or management positions in private companies and nonprofit organizations. [8]",,https://www.iu.edu/academics/degrees/all-majors-degrees.html,,,,FALSE,False,,4.0,,,,,,,,,,,,,,,,,,,False,False,,,,,,,,,,,,,,,,,,,,,,,,,Internship scholarships are available for students in the PACE program. [15],FALSE,,,FALSE,FALSE,,,False
,Minor in Linguistics,,,,,Undergraduate,Fall 2026,,,,,,,,,,,True,True,,,,,,,,,,,,,,,,,,College of Arts and Sciences,,,,,,,,,"Linguistics is the scientific study of language. Students use scientific principles–collecting data, making observations, and developing and testing hypotheses–to study the structure, acquisition, and use of language. They apply this rigorous approach to all different levels of linguistic structure, with the opportunity to join faculty on research projects. As language is an intrinsically and exclusively human characteristic, the study of linguistics cuts to the heart of human cognition and social interaction. Students majoring in a variety of STEM, liberal arts, and pre-professional fields find a linguistics minor further strengthens their analytical and communication skills, providing an advantage to their careers and graduate studies.",,https://www.iu.edu/academics/degrees/all-majors-degrees.html,,,,FALSE,False,,,,,,,,,,,,,,,,,,,,,False,False,,,,,,,,,,,,,,,,,,,,,,,,,,FALSE,,,FALSE,FALSE,,,
,Minor in Marketing,,,,,Undergraduate,Fall 2026,,,,,,,,,,,True,True,,,,,,,,,,,,,,,,,,Kelley School of Business,,,,,,,,,"The 21-credit Minor in Marketing is intended for non-business majors who have aspirations and goals in business that will require marketing skills. [5] As an alternative to the more traditional Minor in Business, the Minor in Marketing fulfills such students' educational needs while allowing them to pursue their own career goals more directly. [5] The Marketing Minor is open to students pursuing majors outside of the Kelley School of Business. [2, 5]",,https://www.iu.edu/academics/degrees/all-majors-degrees.html,,,,FALSE,False,,4.0,2.0,,,,,,,,,,,,,,,,,,False,False,,,,,,,,,,,,,,,,,,,,,,,,,Merit-based fellowships. [15],FALSE,,,FALSE,FALSE,,,
,Minor in Martial Arts,,,,,Undergraduate,Fall 2026,,,,,,,,,,,True,True,,,,,,,,,,,,,,,,,,,,,,,,,,,,,https://www.iu.edu/academics/degrees/all-majors-degrees.html,,,,FALSE,False,,,,,,,,,,,,,,,,,,,,,False,False,,,,,,,,,,,,,,,,,,,,,,,,,,FALSE,,,FALSE,FALSE,,,
,Minor in Maternal and Child Health,,,,,Undergraduate,Fall 2026,,,,,,,Required,,,,True,True,,,,,,False,,,,False,False,False,False,False,,,,School of Public Health-Bloomington,,,,,,,,,,,https://www.iu.edu/academics/degrees/all-majors-degrees.html,,,,FALSE,False,,4.0,2.0,,,,,,,,,,,,,,,,,,False,False,,,,,,,,,,,,,,,,,,,,,,,,,"Merit-based and need-based scholarships are available for undergraduate students. [2, 11]",FALSE,,,FALSE,FALSE,,,
,Minor in Mathematics,,,,,Undergraduate,Fall 2026,,,,,,Not Required,Not Required,,,,True,True,False,False,False,False,,False,False,False,False,False,False,False,True,False,,,,,,,,,,,,,"The Minor in Mathematics is a program consisting of 16 credit hours of undergraduate credit in Mathematics. The purpose a Minor in Mathematics is to provide non-math major students with the opportunity to enhance their career with a strong background in quantitative skills and strengthen the credentials of students who wish to go to graduate school and job market. In particular, a Minor in Mathematics provides non-math major students with a formal recognition and strength of students' quantitative knowledge beyond the requirements of their major. [3]",,https://www.iu.edu/academics/degrees/all-majors-degrees.html,,,,FALSE,False,,,,,,,,,,,,,,,,,,,,,False,False,,,,,,,,,,,,,,,,,,,,,,,,,,FALSE,,,FALSE,FALSE,,,False
,Minor in Media and Creative Advertising,,,,,Undergraduate,Fall 2026,,,,,,,Required,,,,True,True,True,True,False,False,,True,False,False,False,True,True,True,False,False,,,,"The Media School, College of Arts and Sciences","All undergraduate Media School students are assessed a program fee each semester, though the specific amount is not published. [20]",,,,,,,,"The Media and Creative Advertising minor provides instruction in the practice and study of advertising, paying close attention to its history, its current state of development in a rapidly evolving media landscape, and its role in and impacts on, contemporary society. [1] The upper-level courses represent a variety of approaches and skills allowing students to engage with advertising from a practical and applied or theoretical perspective depending upon their interests and goals. [1] These classes will provide: a critical framework to understand media advertising as a central feature of contemporary society;; skills-focused courses with a focus on the craft of writing advertising copy;; an introduction to the current state of advertising in the rapidly evolving media ecosystem;; comparative study of, and intensive practice in, studies of ""old"" and ""new"" media. [1]",,https://www.iu.edu/academics/degrees/all-majors-degrees.html,,,,FALSE,False,,4.0,2.0,,,,,,,,,,,,,,,,,,False,False,,,100.0,112.0,,,6.5,,,54.0,,79,,,,,,,,,,,"The Media School awards more than $300,000 in undergraduate scholarships each year. [20] For the 2023 fiscal year, the school allocated approximately $2.6 million for student financial aid, including scholarships, fellowships, and fee remissions. [35]",,Merit-based,FALSE,,,FALSE,FALSE,,,False
,Minor in Media and Diversity,,,,,Undergraduate,Fall 2026,,,,,,Not Required,Not Required,,,,True,True,False,False,False,False,,False,False,False,False,False,False,False,True,False,,,,,,,,,,,,,,,https://www.iu.edu/academics/degrees/all-majors-degrees.html,,,,FALSE,False,,,,,,,,,,,,,,,,,,,,,False,False,,,,,,,,,,,,,,,,,,,,,,,,,,FALSE,,,FALSE,FALSE,,,False
,Minor in Media Law and Ethics,,,,,Undergraduate,Fall 2026,,,,,,Not Required,Not Required,,,,True,True,False,False,False,False,,False,False,False,False,False,False,False,True,False,,,,,,,,,,,,,,,https://www.iu.edu/academics/degrees/all-majors-degrees.html,,,,FALSE,False,,,,,,,,,,,,,,,,,,,,,False,False,,,,,,,,,,,,,,,,,,,,,,,,,,FALSE,,,FALSE,FALSE,,,False
,Minor in Media Persuasion,,,,,Associate,Fall 2026,,,,,,Not Required,Required,,,,True,True,True,True,False,False,,True,False,False,False,True,True,True,False,False,,,,,,,,,,,,,"TThe aMedia aPersuasion aminor astudies athe aintersection aof amedia amessages aand atechnologies awith asocial ainstitutions aand aindividual abehaviors. aIt ainvestigates ahow amedia amessages aare acrafted, ahow athey awork aat aboth atechnological aand aphysiological alevel, awith aattention apaid ato atheir auses aand aimpacts. aIt asits aat athe acore aof aThe aMedia aSchool's amission ato ainvestigate athe ainterconnections aand aintricacies aof athe acontemporary amedia acomplex. aStudents awill astudy athe amethods aand astrategies aof apersuasion ain aan ainterdisciplinary acontext athat awill aprovem awith acritical aperspectives. aThe aminor afocuses aon athe ainteraction abetween amedia, atechnology aand aopinion. aIt aproves ainstruction ain aboth amedia aprocesses aand aimpacts. aStudents awill adevelop aa aframework ato aassess ahow acontemporary asociety ais abeing areshaped aby amedia, aand athis ashould ain aturn, ahelp athem ato adetermine athe abest auses aand apractices awe ashould aexpect aof aprofessionals ain athe afield. a[1]",,https://www.iu.edu/academics/degrees/all-majors-degrees.html,,,,FALSE,False,,,,,,,,,,,,,,,,,,,,,False,False,,,115.0,,,,6.5,,,53.0,,79,,,,,,,,,,,,,,FALSE,,,FALSE,FALSE,,,False
,"Minor in Media, Sex and Gender",,,,,Undergraduate,Fall 2026,,,,,,Not Required,Not Required,,,,True,True,False,False,False,False,,False,False,False,False,False,False,False,True,False,,,,,,,,,,,,,"The Media, Sex and Gender minor studies the highly complex and controversial role that mediated messages about sexuality and gender play in contemporary society. The minor allows The Media School to collaborate with a number of departments working on gender in media using their distinctive methods and approaches. [1]",,https://www.iu.edu/academics/degrees/all-majors-degrees.html,,,,FALSE,False,,,,,,,,,,,,,,,,,,,,,False,False,,,,,,,,,,,,,,,,,,,,,,,,,,FALSE,,,FALSE,FALSE,,,False
,Minor in Medieval Studies,,,,,Undergraduate,Fall 2026,,,,Not Required,Not Required,Optional,Required,"To complete the undergraduate minor in Medieval Studies at Indiana University, students must finish 15 credit hours of coursework in at least three different departments. No more than one of these courses can be at the 100 level. For students who matriculated in the fall of 2013 or later, at least three courses must be at the 300 level or higher. It is recommended that students consult with the institute director to ensure their chosen courses are eligible for the minor.",Not Required,,True,False,False,,False,False,,True,True,,True,False,True,True,False,False,,,,,,,,,,,,,"The Medieval Studies Institute offers an interdisciplinary and global set of courses each semester, and students can pursue an undergraduate minor (15 hours) or certificate (24 hours) to be completed from the wide range of medieval courses available. [10] Both the minor and the certificate enable students to take courses in various departments so that they can experience a variety of approaches and topics while expanding their knowledge of the Middle Ages. [10] You must complete 15 credit hours from at least three departments. [5] No more than one course can be at the 100 level. [5] If you matriculated Fall 2013 or later, at least three courses must be at the 300 level or above. [5]",,https://www.iu.edu/academics/degrees/all-majors-degrees.html,,,,FALSE,False,,,,,,,,,,,,,,,,,,,,,False,False,,,,,,,6.5,,,,,79,,,,,,,,,,,,,,FALSE,,,FALSE,FALSE,,,False
,Minor in Music,,,,,Undergraduate,Fall 2026,,,,,,Not Required,Required,,,,True,True,True,False,False,False,,True,False,False,False,False,True,False,False,False,,,,,,,,,,,,"['Minor in Music Scoring for Visual Media', 'Minor in Music Production', 'Minor in Music Theory', 'Minor in Music Theory and History']","The Jacobs School of Music offers a number of music courses, performance study options, and ensembles especially designed for students majoring in fields other than music. The music minor can be tailored to your interests and may include lessons, performance classes, and participation in ensembles. [9] The minor must include at least 20 credit hours, of which at least 15, including a minimum of one core course, must be taken at the Jacobs School of Music. [4] A minimum grade of C- is required in each course to be counted toward this minor. [4]",,https://www.iu.edu/academics/degrees/all-majors-degrees.html,Indiana University Jacobs School of Music degrees and programs are accredited through the National Association of Schools of Music (NASM). [6],,,FALSE,False,,,,,,,,,,,,,,,,,,,,,False,False,,,105.0,,,,6.5,,,,,79,,,,,,,,,,,,,,FALSE,,,FALSE,FALSE,,,False
,Minor in Native American and Indigenous Studies,,,,,Undergraduate,Fall 2026,,,,,,Not Required,,,,,True,True,False,False,False,False,,False,False,False,False,False,False,False,False,False,,,,,,,,,,,,,"The Minor in Native American and Indigenous Studies (NAIS) incorporates perspectives from American Studies, Anthropology, Folklore, History, Literature, Law, Political Science, Visual and Expressive Arts, and other areas of study. Students will learn a broad range of basic historical facts about the Native American and Indigenous peoples of the Americas, to think logically and analytically, to make critical observations, and to formulate interdisciplinary interpretations of the history, literature, art, music, law, politics, and culture of Native American and Indigenous peoples. They will gain new perspectives on globalization, sustainability, and cultural and environmental preservation.",,https://www.iu.edu/academics/degrees/all-majors-degrees.html,,,,FALSE,False,,,,,,,,,,,,,,,,,,,,,False,False,,,,,,,,,,,,,,,,,,,,,,,,,,FALSE,,,FALSE,FALSE,,,False
,Minor in Near Eastern Languages and Cultures,,,,,Associate,Fall 2026,,,,,,,Not Required,,,,True,True,False,False,False,False,,False,False,False,False,False,False,False,True,False,,,,,,,,,,,,,,,https://www.iu.edu/academics/degrees/all-majors-degrees.html,,,,FALSE,False,,,,,,,,,,,,,,,,,,,,,False,False,,,,,,,,,,,,,,,,,,,,,,,,,,FALSE,,,FALSE,FALSE,,,False
,Minor in Norwegian,,,,,Undergraduate,Fall 2026,,,,,,Not Required,Required,,,,True,True,True,False,False,False,,True,False,False,False,True,True,True,False,False,,,,,,,,,,,,,,,https://www.iu.edu/academics/degrees/all-majors-degrees.html,,,,FALSE,False,,,,,,,,,,,,,,,,,,,,,False,False,,,,,,,,,,,,,,,,,,,,,,,,,,FALSE,,,FALSE,FALSE,,,False
,Minor in Nutrition,,,,,Undergraduate,Fall 2026,,,,,,,,,,,True,True,False,False,False,False,,False,False,False,False,False,False,False,False,False,,,,,,,,,,,,,"The nutrition of our population is a growing concern and requires attention from public health professionals. The minor in nutrition provides students with fundamental training to educate their peers, community, and self on healthy diets and lifestyle choices.",,https://www.iu.edu/academics/degrees/all-majors-degrees.html,,,,FALSE,False,,,,,,,,,,,,,,,,,,,,,False,False,,,,,,,,,,,,,,,,,,,,,,,,,,FALSE,,,FALSE,FALSE,,,False
,Minor in Obesity and Health,,,,,Undergraduate,Fall 2026,,,,,,Not Required,,,,,True,True,False,False,False,False,,False,False,False,False,False,False,False,False,False,,,,School of Public Health-Bloomington,,,,,,,,,,,https://www.iu.edu/academics/degrees/all-majors-degrees.html,,,,FALSE,False,,,,,,,,,,,,,,,,,,,,,False,False,,,,,,,,,,,,,,,,,,,,,,,,,,FALSE,,,FALSE,FALSE,,,False
,"Minor in Outdoor Recreation, Parks, and Human Ecology",,,,,Undergraduate,Fall 2026,,,,,,Not Required,Not Required,,,,True,True,False,False,False,False,,False,False,False,False,False,False,False,True,False,,,,School of Public Health-Bloomington,,,,,,,,,"This undergraduate minor program is intended for students in degree programs outside the Parks, Recreation, and the Outdoors major. [1] Students learn sustainability concepts, environmental education, and outdoor resource management while exploring the relationship between humans and natural environments. [3]",,https://www.iu.edu/academics/degrees/all-majors-degrees.html,,,"For in-state undergraduates, the cost is approximately $392 per credit hour, and for out-of-state students, it is approximately $1,112 per credit hour. [7]",FALSE,False,,4.0,2.0,,,,,,,,,,,,,,,,,,False,False,,,,,,,,,,,,,,,,,,,,,,,,,"Opportunities for financial aid are available at the federal, state, university, and school levels, including need-based and merit-based scholarships. [12]",FALSE,,,FALSE,FALSE,,,False
,Minor in Parks and Recreation Administration,,,,,Undergraduate,Fall 2026,,,,,,Not Required,,,,,True,True,False,False,False,False,,False,False,False,False,False,False,False,False,False,,,,,,,,,,,,,This undergraduate minor program is intended for students who wish to add a parks and recreation administration specialty to their studies. [1],,https://www.iu.edu/academics/degrees/all-majors-degrees.html,,,,FALSE,False,,,,,,,,,,,,,,,,,,,,,False,False,,,,,,,,,,,,,,,,,,,,,,,,,,FALSE,,,FALSE,FALSE,,,False
,Minor in Personal Well-Being,,,,,Undergraduate,Fall 2026,,,,,,Not Required,Not Required,,,,True,True,False,False,False,False,,False,False,False,False,False,False,False,True,False,,,,,,,,,,,,,,,https://www.iu.edu/academics/degrees/all-majors-degrees.html,,,,FALSE,False,,,,,,,,,,,,,,,,,,,,,False,False,,,,,,,,,,,,,,,,,,,,,,,,,,FALSE,,,FALSE,FALSE,,,False
,Minor in Philosophy,,,,,Undergraduate,Fall 2026,,,,,,Not Required,Required,,,,True,True,True,False,False,False,,True,False,False,False,True,True,True,False,False,,,,,,,,,,,,,,,https://www.iu.edu/academics/degrees/all-majors-degrees.html,,,,FALSE,False,,,,,,,,,,,,,,,,,,,,,False,False,,,130.0,,,,7.5,,,68.0,,100,,,,,,,,,,,,,,FALSE,,,FALSE,FALSE,,,False
,Minor in Philosophy of Mind and Cognition,,,,,Undergraduate,Fall 2026,,,,,,Not Required,Not Required,,,,True,True,False,False,False,False,,False,False,False,False,False,False,False,True,False,,,,,,,,,,,,,"The minor in Philosophy of Mind and Cognition focuses on foundational questions about the mind and its relation to the rest of nature. You will develop conceptual tools and skills for thinking about the mind from an interdisciplinary standpoint and investigate fundamental questions about the nature of thought, reason, and action. [1] The minor aims to provide familiarity with foundational issues pertaining to the mind as well as with conceptual tools and skills helpful for thinking about the mind from an interdisciplinary standpoint. It will be of interest to students in biology, human biology, psychology, brain science, cognitive science, computer science, informatics, and other areas who are interested in fundamental questions about the nature of the mind, thought, and action. [2]",,https://www.iu.edu/academics/degrees/all-majors-degrees.html,,,,FALSE,False,,,,,,,,,,,,,,,,,,,,,False,False,,,,,,,,,,,,,,,,,,,,,,,,,,FALSE,,,FALSE,FALSE,,,False
,Minor in Philosophy of the Arts,,,,,Undergraduate,Fall 2026,,,,,,Not Required,Required,,,,True,True,True,False,False,False,,True,False,False,False,True,True,False,False,False,,,,College of Arts and Sciences,,,,,,,,,"The minor in Philosophy of the Arts looks at fundamental questions about art and its significance. The minor includes both contemporary topics and exploration in the history of philosophy, with a focus on issues concerning aesthetics and the nature of art. You will develop skills in identifying and critically evaluating arguments, thinking clearly and independently, writing analytically, and applying principles of logic and good reasoning.",,https://www.iu.edu/academics/degrees/all-majors-degrees.html,,,,FALSE,False,,4.0,2.0,,,,,,,,,,,,,,,,,,False,False,,,110.0,,,,6.5,,,58.0,,80,,,,,,,,,,,,,,FALSE,,,FALSE,FALSE,,,False
,Minor in Physics,,,,,Undergraduate,Fall 2026,,,,,,,,,,,True,True,False,False,False,False,,False,False,False,False,False,False,False,False,False,,,,,,,,,,,,,,,https://www.iu.edu/academics/degrees/all-majors-degrees.html,,,,FALSE,False,,,,,,,,,,,,,,,,,,,,,False,False,,,,,,,,,,,,,,,,,,,,,,,,,,FALSE,,,FALSE,FALSE,,,False
,Minor in Polish Studies,,,,,Undergraduate,Fall 2026,,,,,,Not Required,Not Required,,,,True,True,False,False,False,False,,False,False,False,False,False,False,False,True,False,,,,,,,,,,,,,"The Russian and East European Institute's dedicated Polish Studies Minor exposes students to the subject through the lens of multiple academic disciplines. Minor students are required to take courses in three different departments, e.g., REEI, SLAV, History, Anthropology, Political Science, Comparative Literature, Folklore and Ethnomusicology, Geography, and International Studies. [2] The minor requires you to complete 18 credit hours of area-related coursework in three different departments, with at least 15 credit hours in the College of Arts and Sciences. [11]",,https://www.iu.edu/academics/degrees/all-majors-degrees.html,,,,FALSE,False,,,,,,,,,,,,,,,,,,,,,False,False,,,,,,,,,,,,,,,,,,,,,,,,,,FALSE,,,FALSE,FALSE,,,False
,Minor in Political Science,,,,,Undergraduate,Fall 2026,,,,,,Not Required,Required,,,,True,True,False,False,False,False,,False,False,False,False,False,False,False,False,False,,,,,,,,,,,,,,,https://www.iu.edu/academics/degrees/all-majors-degrees.html,,,,FALSE,False,,,,,,,,,,,,,,,,,,,,,False,False,,,,,,,,,,,,,,,,,,,,,,,,,,FALSE,,,FALSE,FALSE,,,False
,Minor in Pre-Law,,,,,Undergraduate,Fall 2026,,,,,,Not Required,Required,,,,True,True,True,False,False,False,,True,False,False,False,False,True,False,False,False,,,,,,,,,,,,,,,https://www.iu.edu/academics/degrees/all-majors-degrees.html,,,,FALSE,False,,,,,,,,,,,,,,,,,,,,,False,False,,,,,,,,,,,,,,,,,,,,,,,,,,FALSE,,,FALSE,FALSE,,,False
,Minor in Professional Writing,,,,,Undergraduate,Fall 2026,,,,,,,,,,,True,True,False,False,False,False,,False,False,False,False,False,False,False,False,False,,,,,,,,,,,,,,,https://english.indiana.edu/,,,,FALSE,False,,,,,,,,,,,,,,,,,,,,,False,False,,,,,,,,,,,,,,,,,,,,,,,,,,FALSE,,,FALSE,FALSE,,,False
,Minor in Psychology,,,,,Undergraduate,Fall 2026,,,,,,Not Required,,,,,True,True,False,False,False,False,,False,False,False,False,False,False,False,False,False,,,,,,,,,,,,,"The minor program in psychology focuses on appreciating and understanding the human condition from a scientific, psychological point of view. [1] Students who complete the minor in psychology possess a breadth of knowledge across may areas of psychology. [1] They are able to use basic research and quantitative methods to gather and synthesize psychological findings. [1] Ultimately, they come to understand the relevance and applicability of psychological principles, approaches and findings to individual, group and social issues. [1]",,https://www.iu.edu/academics/degrees/all-majors-degrees.html,,,,FALSE,False,,,,,,,,,,,,,,,,,,,,,False,False,,,,,,,,,,,,,,,,,,,,,,,,,,FALSE,,,FALSE,FALSE,,,False
,Minor in Public Health,,,,,Undergraduate,Fall 2026,,,,,,Not Required,Not Required,,,,True,True,False,False,False,False,,False,False,False,False,False,False,False,True,False,,,,,,,,,,,,,"Discover the Public Health minor. [2] Public health is one of the most important factors influencing health today. [2] It's about promoting prevention and protection rather than focusing on treating disease and injury. [2] The IU Richard M. Fairbanks School of Public Health allows you to discover the social, economic, behavioral, biological, and environmental influences that can be the difference between a successful population health strategy and one that misses the target. [2] This is a perfect minor for anyone who is interested in a career that allows them to impact the health of populations of people. [2] Public health majors are not eligible for the public health minor. [2]",,https://www.iu.edu/academics/degrees/all-majors-degrees.html,"The Fairbanks School of Public Health is proud to be fully accredited by the Council on Education for Public Health (CEPH). [1] Along with our CEPH accreditation, the Master of Health Administration program is the only program accredited by the Commission on Accreditation of Healthcare Management Education in Indiana. [1]",,,FALSE,False,,,,,,,,,,,,,,,,,,,,,False,False,,,,,,,,,,,,,,,,,,,,,,,,,,FALSE,,,FALSE,FALSE,,,False
,Minor in Public Management,,,,,Undergraduate,Fall 2026,,,,,,Not Required,Not Required,,,,True,True,False,False,False,False,,False,False,False,False,False,False,False,True,False,,,,,,,,,,,,,"Gain the financial and program management skills needed for a leadership role in the public or nonprofit sector. [2] With the exception of students pursuing a Bachelor of Science in Public Affairs with a major in Management and Civic Leadership, any IU student pursuing a bachelor's degree may also pursue the minor in Management and Civic Leadership. [2] Students who successfully complete the requirements will have the minor conferred with their degree. [2]",,https://www.iu.edu/academics/degrees/all-majors-degrees.html,,,,FALSE,False,,,,,,,,,,,,,,,,,,,,,False,False,,,,,,,,,,,,,,,,,,,,,,,,,,FALSE,,,FALSE,FALSE,,,False
,Minor in Recreational Sport Management,,,,,Undergraduate,Fall 2026,,,,,,Not Required,Not Required,,,,True,True,False,False,False,False,,False,False,False,False,False,False,False,True,False,,,,School of Public Health-Bloomington,,,,,,,,,This minor requires: successful completion of 15 credit hours prescribed below. a minimum cumulative minor GPA of 2.0. a minimum grade of C- is required in each course used in this minor. Note: No course in this minor may be taken under the Pass/Fail Option. [1],,https://www.iu.edu/academics/degrees/all-majors-degrees.html,,,,FALSE,False,,4.0,2,,,,,,,,,,,,,,,,,,False,False,,,,,,,,,,,,,,,,,,,,,,,,,"Merit-based, Need-based",FALSE,,,FALSE,FALSE,,,False
,Minor in Safety,,,,,Undergraduate,Fall 2026,,,,,,,,,,,True,True,False,False,False,False,,False,False,False,False,False,False,False,False,False,,,,School of Public Health-Bloomington,,,,,,,,,,,https://www.iu.edu/academics/degrees/all-majors-degrees.html,,,,FALSE,False,,4.0,2,,,,,,,,,,,,,,,,,,False,False,,,,,,,,,,,,,,,,,,,,,,,,,,FALSE,,,FALSE,FALSE,,,False
,Minor in Social Justice and Community Engagement,,,,,Undergraduate,Fall 2026,,,,,,Not Required,Not Required,,,,True,True,False,False,False,False,,False,False,False,False,False,False,False,True,False,,,,,,,,,,,,,"The Social Justice and Community Engagement Minor is focused on issues of inequality related to race, class, gender, and sexuality. The SJCE Minor is designed to provide students with opportunities to grapple with theory and/or policy issues, to study particular communities and/or social issues, and to integrate work from their previous coursework and apply their knowledge to a specific social justice issue in their community. [1] This program is interdisciplinary, giving you the opportunity to take a rich array of courses spanning the School of Humanities and Social Sciences, and providing a boost to your course of study. After completing your 16 credit hours, you'll engage in a practical, hands-on social justice project in the community. [3]",,https://www.iu.edu/academics/degrees/all-majors-degrees.html,,,,FALSE,False,,,,,,,,,,,,,,,,,,,,,False,False,,,,,,,,,,,,,,,,,,,,,,,,,,FALSE,,,FALSE,FALSE,,,False
,Minor in Sociology,,,,,Undergraduate,Fall 2026,,,,,,Not Required,Required,,,,True,True,True,False,False,False,,True,False,False,False,False,True,False,False,False,,,,College of Arts and Sciences,,,,,,,,Social Justice and Community Engagement,"The Minor in Sociology can equip students with the tools necessary to perform in the fields of business, healthcare, and law. Students choose from a set of upper-level courses that can target any of these areas. [4] To obtain a minor in Sociology, students are required to complete 15 credit hours in the subject with a grade of C- or higher. [1] This includes an introductory course and a combination of other sociology courses, with some requirements for courses to be at the 300-400 level. [2, 4]",,https://www.iu.edu/academics/degrees/all-majors-degrees.html,,,,FALSE,False,,4.0,2,,,,,,,,,,,,,,,,,,False,False,,,,,,,,,,,,,,,,,,,,,,,"$1,000 – $11,000 per year",,Merit-based,FALSE,,,FALSE,FALSE,,,False
,Minor in Spanish,,,,,Undergraduate,Fall 2026,,,,,,Not Required,Required,,,,True,True,False,False,False,False,,False,False,False,False,False,False,False,False,False,,,,College of Arts and Sciences,"For the 2026–2027 academic year, the estimated tuition and mandatory fees for Indiana residents are $12,142 and $42,702 for nonresidents. [38]",,,,,,,,"The mission of the program in Spanish at IU Indianapolis is to assist students in achieving proficiency in the Spanish language and to lead them to an understanding of and appreciation for the wide range of Hispanic cultural, literary, and linguistic manifestations. To meet this goal, the program in Spanish offers introductory and advanced instruction in language, linguistics, culture and civilization, literature, and translation and applied language studies. [9] The introductory and intermediate sequences of courses are designed to provide non-majors with an exploration into Spanish language and Hispanic culture as an essential component of a liberal arts education. [9] The sequences aim to develop an interest in the language and the people who speak it, as well as to prepare students for a variety of careers with international dimensions. [9] The advanced curriculum prepares students to communicate orally and in writing on the different content areas that comprise the study of Spanish, providing them with the knowledge and skills necessary to achieve success in their future careers, to meet their academic and personal goals, and to prepare them for graduate work. [9] Considering the rapidly growing Spanish-speaking population in the United States, Spanish is becoming increasingly desirable in the workplace. [9] The minor in Spanish can be beneficial to students pursuing careers in such fields as education, social services, international business and finance, government service, international communications and information services, and the travel and hospitality industry. [9]",,https://www.iu.edu/academics/degrees/all-majors-degrees.html,,"9,857","$392 per credit hour for in-state undergraduates and $1,112 per credit hour for out-of-state students. [1]",FALSE,False,,4.0,2,,,,,,,,,,,,,,,,,,False,False,,,,,,,,,,,,,,,,,,,,,,,"Merit-based scholarships generally range from USD 1,000 – USD 11,000 per year. [36]",,"Admissions-based academic scholarships, Donor-funded scholarships, Departmental and program scholarships, Scholarships for international students. [12]",FALSE,,,FALSE,FALSE,,,False
,Minor in Special Education,,,,,Undergraduate,Fall 2026,,,,,,Not Required,,,,,False,False,False,False,False,False,,False,False,False,False,False,False,False,False,False,,,,,,,,,,,,,,,https://www.iu.edu/academics/degrees/all-majors-degrees.html,,,,FALSE,False,,,,,,,,,,,,,,,,,,,,,False,False,,,,,,,,,,,,,,,,,,,,,,,,,,FALSE,,,FALSE,FALSE,,,False
,Minor in Sport Marketing and Management,,,,,Undergraduate,Fall 2026,,,,Not Required,Not Required,Not Required,Not Required,"This undergraduate minor program is intended for students in degree programs other than the sport marketing and management major. [1, 2] To declare the minor, students can either complete a form on the School of Public Health website or contact the records office of their degree-granting school. [1] The minor requires the successful completion of 15 credit hours, a minimum cumulative minor GPA of 2.0, and a minimum grade of C- in each course. [1, 2]",Not Required,,True,False,False,False,False,False,,False,False,False,False,False,False,False,True,False,,,,School of Public Health-Bloomington,,,,,,,,,"The Sports Marketing and Management minor provides students with a foundational understanding of sports management theory, and how sports marketing activities and strategies contribute to sports business success. [1] Upon completion of the minor, students will be able to apply sports marketing and management theory to identify opportunities and solve problems faced by sport organizations in a variety of contexts. [1] The minor is available to all IU Kokomo students, as well as graduates and community members with a B.A. or B.S. degree wanting to add this minor. [1]",,https://www.iu.edu/academics/degrees/all-majors-degrees.html,The Minor in Sport Marketing and Management is listed under the 'Degrees and Programs within the School of Business (not AACSB reviewed)'. [2],,,FALSE,False,,4.0,2.0,,,,,,,,,,,,,,,,,,False,False,,,,,,,,,,,,,,,,,,,,,,,,,Merit-based and need-based scholarships are available through the School of Public Health.,FALSE,,,FALSE,FALSE,,,False
,Minor in Studio Art,,,,,Undergraduate,Fall 2026,,,,,,Not Required,Required,,,,True,True,True,False,False,False,,True,False,False,False,False,True,True,False,False,,,,"Eskenazi School of Art, Architecture + Design","$12,144 for in-state and $41,891 for out-of-state students for the 2024-2025 academic year. [1, 2]",,,,,,,,"The Minor in Studio Art minor students with a broad, introductory exposure to foundational studio arts, as well as the opportunity to study additional topics in 2D and 3D art in an exploratory way, or to gain more focused experience within a specific studio area of their choice. [1] As a subset of the Studio Art B.A., the minor enables students to see, formulate, and articulate visual concepts through the manipulation of forms and materials. [1]",,https://www.iu.edu/academics/degrees/all-majors-degrees.html,,11540,"$392 per credit hour for in-state undergraduates and $1,112 per credit hour for out-of-state students. [2]",FALSE,False,,4.0,2,,,,,,,,,,,,,,,,,,False,False,,,,,,,,,,,,,,,,,,,,,,,"up to $15,000/year",,Merit-based,FALSE,,,FALSE,FALSE,,,False
,"Minor in Tourism, Hospitality, and Event Management",,,,,Undergraduate,Fall 2026,,,,,,Not Required,Required,,,,True,True,True,False,False,False,,True,False,False,False,True,True,True,False,False,,,,O'Neill School of Public and Environmental Affairs,,,,,,,,,"This undergraduate minor program is intended for students in degree programs other than those with a tourism, hospitality, and event management major. This minor requires: successful completion of 15 credit hours prescribed below. a minimum cumulative minor GPA of 2.0. a minimum grade of C- is required in each course used in this minor. [1]",,https://www.iu.edu/academics/degrees/all-majors-degrees.html,,,"Approximately $392/credit hour for Indiana residents and $1,112/credit hour for non-residents. [40]",FALSE,False,,4.0,2,,,,,,,,,,,,,,,,,,False,False,,,130.0,,,,7.5,,,68.0,,100,,,,,,,,,,,"Award amounts can range from $500 to $15,000. Specific scholarships include the O'Neill Alumni Association Scholarship at $1,000 and the Paul H. O'Neill Scholarship, which provides at least $9,000. [2, 5]",,"Merit-based and service-based scholarships are available for O'Neill School students. [2, 5, 8]",FALSE,,,FALSE,FALSE,,,False
,Minor in Underwater Resource Management,,,,,Undergraduate,Fall 2026,,,,,,Not Required,Required,,,,True,True,True,False,False,False,,True,False,False,False,True,True,True,False,False,,,,School of Public Health-Bloomington,"$12,142 for in-state and $42,702 for out-of-state students for the 2026-2027 academic year (estimated). [10]",,,,,,,,,,https://bulletins.iu.edu/iub/phb/2025-2026/undergraduate/certificates/underwater-res-mgt.shtml,,,"Indiana University has a flat-fee tuition structure for full-time students, which covers up to 40 credit hours across the fall and spring semesters. [5] For the 2026-2027 academic year, estimated tuition and mandatory fees are $12,142 for Indiana residents and $42,702 for non-residents. [5, 10] Summer classes are charged separately on a per-credit-hour basis. [5]",FALSE,False,,4.0,2,,,,,,,,,,,,,,,,,,False,False,,,130.0,,,,7.5,,,68.0,,100,,,,,,,,,,,,,,FALSE,,,FALSE,FALSE,,,False
,Minor in Youth Development,,,,,Undergraduate,Fall 2026,,,,,,,Required,,,,False,False,True,,,False,,True,,,,True,True,True,False,False,,,,School of Public Health—Bloomington,,,,,,,,,,,https://www.iu.edu/academics/degrees/all-majors-degrees.html,,,,FALSE,False,,4.0,,,,,,,,,,,,,,,,,,,False,False,,,,,,,,,,,,,,,,,,,,,,,"$1,000 to $2,000 per year",,"Merit-based, Need-based",FALSE,,,FALSE,FALSE,,,False
