Id,ProgramName,ProgramCode,Status,CreatedDate,UpdatedDate,Level,Term,TermCode,LiveDate,DeadlineDate,Resume,StatementOfPurpose,GreOrGmat,EnglishScore,Requirements,WritingSample,CollegeId,IsAnalyticalNotRequired,IsAnalyticalOptional,IsDuoLingoRequired,IsELSRequired,IsGMATOrGreRequired,IsGMATRequired,IsGreRequired,IsIELTSRequired,IsLSATRequired,IsMATRequired,IsMCATRequired,IsPTERequired,IsTOEFLIBRequired,IsTOEFLPBTRequired,IsEnglishNotRequired,IsEnglishOptional,AcademicYear,AlternateProgram,ApplicationType,Department,Fees,Fees.1,IsAvailable,ProgramType,AdmissionDepartmentId,CreatedBy,UpdatedBy,Concentration,Description,OtherConcentrations,ProgramWebsiteURL,Accredidation,AverageScholarshipAmount,CostPerCredit,IsRecommendationSystemOpted,IsStemProgram,MaxFails,MaxGPA,MinGPA,PreviousYearAcceptanceRates,QsWorldRanking,TotalAccepetedApplications,TotalCredits,TotalDeniedApplications,TotalI20sIssued,TotalScholarshipsAwarded,TotalSubmittedApplications,TotalVisasSecured,UsNewsRanking,CollegeApplicationFee,IsCollegePaying,MEContractNegotiatedFee,MyGradAppFee,ProgramCategory,IsCollegeApplicationFree,IsCouponAllowed,IsACTRequired,IsSATRequired,SftpDestinationId,MinimumACTScore,MinimumDuoLingoScore,MinimumELSScore,MinimumGMATScore,MinimumGreScore,MinimumIELTSScore,MinimumMATScore,MinimumMCATScore,MinimumPTEScore,MinimumSATScore,MinimumTOEFLScore,MLModelName,MinimumAnalyticalScore,MinimumEnglishScore,MinimumExperience,MinimumSopRating,WeightAnalytical,WeightEnglish,WeightExperience,WeightGPA,WeightSop,ScholarshipAmount,ScholarshipPercentage,ScholarshipType,IsNewlyLaunched,BatchId,IsImported,IsImportVerified,Is_Recommendation_Sponser,AnalyticalScore,MinimumLSATScore,IsGRERequired
,Master of Arts in Anthropology,,,,,Graduate,Fall 2026,,,,Not Required,Required,,,"The UCI Department of Anthropology does not offer a standalone Master of Arts in Anthropology. Students are admitted to the Ph.D. program and may earn an M.A. in Anthropology along the way. [5] The department offers a terminal M.A. in Social Sciences with a concentration in Medicine, Science, and Technology Studies (MSTS), but is not currently accepting new applications for this program. [6, 9] Application to the Ph.D. program is done online via Slate, and completed applications must be received by December 1st for fall quarter admission. [5] The department specializes in sociocultural anthropology. [5]",Not Required,,True,False,False,False,False,False,,False,False,False,False,False,False,False,False,False,,,,,,,,,,,,,,,https://grad.uci.edu/admissions/degree-programs/,,,,FALSE,False,,,,,,,,,,,,,,,,,,,,,False,False,,,,,,,,,,,,,,,,,,,,,,,,,,FALSE,,,FALSE,FALSE,,,
,PhD in Anthropology,,,,,Doctoral,Fall 2026,,,,Not Required,Required,Not Required,REQUIRED,"Decisions are based on the department's evaluation of the applicant's statement of purpose, letters of recommendation, and writing sample. [6] The application requires an Academic Statement of Purpose, a Personal History Statement, three (3) letters of recommendation, and a writing sample. [3]",Required,,True,False,False,False,False,False,,True,False,False,False,False,True,False,False,False,,,,School of Social Sciences,,,,,,,,"['Social and Cultural Anthropology', 'Anthropologies of Medicine, Science, and Technology (graduate specialization)', 'Feminist Studies (graduate emphasis)', 'Critical Theory (graduate emphasis)', 'Visual Studies (graduate emphasis)', 'Translation Studies (graduate emphasis)']","The Department of Anthropology Ph.D. program at the University of California, Irvine focuses on social and cultural anthropology. [3] Graduate training in anthropology involves a period of long-term, independent fieldwork, generally (though not always) outside the United States, and often conducted in a language other than English. [3] Attentive to our discipline's past and indeed the paradigm of disciplinarity that has structured social inquiry since the early 20th century, our program gives students a breadth of knowledge in traditional anthropology and the traditional subjects of anthropological study. [6] At the same time, we push the boundaries of the discipline and use our ethnographic work to stretch the anthropological imagination. [6] The department provides students with superb training in both theory and method. [3] Areas of teaching emphasis include: the anthropology of modernity and development; political, legal, and economic anthropology; ethnographic method; and the anthropology of science, technology, and medicine. [3] The program involves three years of course work, with the bulk of requirements typically satisfied after the first two. The third year focuses on developing a research proposal and advancing to candidacy. [3] The fourth and often part of the fifth year are for extended anthropological fieldwork, and the sixth year is for writing the dissertation. [3] The department is committed to fostering new and innovative approaches to anthropological inquiry in a pluralistic and intellectually open academic environment. [3, 6]",,https://grad.uci.edu/admissions/degree-programs/,,,,FALSE,False,,,,,,,,,,,,,,,,,,,,,False,False,,,,,,,7,,,,,80,,,,,,,,,,,,,,FALSE,,,FALSE,FALSE,,,
,Master of Arts in Art History,,,,,Graduate,Fall 2026,,,,,,,,,,,False,False,False,False,False,False,,False,False,False,False,False,False,False,False,False,,,,,,,,,,,,,"The Master of Arts program in art history is designed to provide the student with a broad knowledge of the major art historical periods, the scholarly and bibliographical resources, and the methodologies of art history. It also offers an opportunity to investigate art historical problems in some depth. [1] In addition to the regular graduate school application form, applicants to the graduate program in art history are required to submit copies of two research papers that they consider to represent their best work. [1] GRE scores are optional. [1] Applicants for the MA should have a BA major or minor concentration in art history or a related humanities field and a minimum GPA of 3.5. [1] All applicants whose native language is not English, or who have not received a degree from an English-speaking university, must take the Test of English as a Foreign Language (TOEFL); the required minimum score is 100 if Internet-based. [1]",,https://grad.uci.edu/admissions/degree-programs/,,,,FALSE,False,,,,,,,,,,,,,,,,,,,,,False,False,,,,,,,,,,,,,,,,,,,,,,,,,,FALSE,,,FALSE,FALSE,,,
,PhD in Art History,,,,,Doctoral,Fall 2026,,,,Not Required,Required,Not Required,REQUIRED,"A complete application includes the following materials: A Statement of Purpose describing your intellectual interests and reasons for seeking a PhD, a Personal History statement describing your educational history and accomplishments, a Writing Sample of approximately twenty pages, transcripts from all institutions attended since high school, and three Letters of Recommendation. A minimum GPA of 3.0 is required. GRE scores are not required. [14]",Required,,True,False,False,False,False,False,,True,False,False,False,False,True,False,False,False,,,,,,,,,,,,,,,https://grad.uci.edu/admissions/degree-programs/,,,,FALSE,False,,,,,,,,,,,,,,,,,,,,,False,False,,,,,,,7,,,,,80,,,,,,,,,,,,,,FALSE,,,FALSE,FALSE,,,
,Master of Fine Arts in Art,,,,,Graduate,Fall 2026,,,,Not Required,Required,Not Required,REQUIRED,"Applicants for admission to the MFA program must meet the general requirements for admission to graduate study, hold a BA or BFA, and have completed one year of Twentieth-Century Art History (students who have not completed this will be required to do so as part of their graduate studies). In addition, a portfolio of creative work must be submitted by January 15. Applications to the MFA in Art must include the following: 1. A Statement of Purpose. Length: 1200 words. 2. Two (2) letters of recommendation (recommenders must submit letters via online application). 3. A portfolio of 20 images and/or other media samples. Images must include title of the work, size, year, medium, description, and duration of the work, if time-based. 4. One copy of unofficial transcripts from the Undergraduate institution(s) attended by the applicant.",Not Required,,True,False,False,False,False,False,,True,False,False,False,False,True,False,False,False,,,,,,,,,,,,"['Critical Theory', 'Curatorial', 'Electronic Art and Design', 'Feminist Studies', 'Asian/American Studies', 'Visual Studies']","The program is designed to provide intensive professional training for independently motivated students wishing to pursue careers in the field of contemporary art. The overall emphasis in the program is on studio production. Experimental and interdisciplinary approaches to art making are emphasized. Students undergo a rigorous course of study combining seminar classes, intensive critique courses, and independent study. [17] The M.F.A. program in Art emphasizes not only the production of works but also critical analysis behind and about art. [16] Throughout the three years in the M.F.A. program, students must take a series of critique seminars. [16] At the end of the second year of study, each M.F.A. candidate's work is reviewed by the entire Art faculty, and at the end of the third year, candidates must mount a thesis exhibition. [16]",,https://grad.uci.edu/admissions/degree-programs/,,,,FALSE,False,,,,,,,,,,,,,,,,,,,,,False,False,,,,,,,7,,,,,80,,,,,,,,,,,,,,FALSE,,,FALSE,FALSE,,,
,Master of Arts in Asian American Studies,,,,,Graduate,Fall 2026,,,,Not Required,,Not Required,NOT REQUIRED,"In order to be considered admissible, at minimum, students must meet the following criteria: Current UCI undergraduate student status. Cumulative 3.0 GPA. Cumulative 3.3 GPA in all Asian American Studies coursework. Two Asian American Studies courses: one selected from ASIANAM 50, ASIANAM 51, ASIANAM 52, ASIANAM 53, ASIANAM 54, or ASIANAM 55 and one other lower- or upper-division course in Asian American Studies. [5]",Required,,True,False,False,False,False,False,,False,False,False,False,False,False,False,True,False,,,,School of Humanities,,,,,,,,,"The combined Bachelor of Arts and Master of Arts in Asian American Studies is designed for UCI undergraduate students looking to engage in the most critical issues at the forefront of the field. [5] At the conclusion of the program, graduates are trained in interdisciplinary theories and methods for social justice-driven research as well as have developed an understanding of issues facing local, national, and global Asian American communities through first-hand interaction and engagement. [5]",,https://grad.uci.edu/admissions/degree-programs/,,,,FALSE,False,Accumulation of more than eight units of 'F' and/or 'U' grades is considered not in good academic standing.,4.0,"A cumulative GPA of 3.0 is required for admission, with a 3.3 GPA in all Asian American Studies coursework. A minimum GPA of 3.5 is required for graduation for students in the thesis or creative project tracks.",,,,,,,,,,,,,,,,,,False,False,,,,,,,,,,,,,,,,,,,,,,,,,"Fellowships, Assistantships",FALSE,,,FALSE,FALSE,,,
,Master of Arts in Classics,,,,,Graduate,Fall 2026,,,,Required,Required,Not Required,REQUIRED,"All entering graduate students are admitted into the Ph.D. program. With the exception of those granted advanced standing because they hold an M.A. in Classics from another institution, entering students may be awarded an M.A. along the way. Required application materials include an academic history, transcripts, three letters of recommendation, a statement of purpose, a personal history statement, a writing sample, and a CV or resume.",Required,,True,False,False,False,False,False,,True,False,False,False,False,True,False,False,False,,,,,,,,,,,,,,,https://grad.uci.edu/admissions/degree-programs/,,,,FALSE,False,,,,,,,,,,,,,,,,,,,,,False,False,,,,,,,7,,,,,80,,,,,,,,,,,,,,FALSE,,,FALSE,FALSE,,,
,PhD in Classics,,,,,Doctoral,Fall 2026,,,,,,Not Required,REQUIRED,"NOTE: Admission to the program is not available at this time. Contact the Department for information. [3, 7, 12, 14]",,,True,False,False,False,False,False,,True,False,False,False,False,True,False,False,False,,,,,,,,,,,,,,,https://grad.uci.edu/admissions/degree-programs/,,,,FALSE,False,,,,,,,,,,,,,,,,,,,,,False,False,,,,,,,7,,,,,80,,,,,,,,,,,,,,FALSE,,,FALSE,FALSE,,,
,Master of Arts in Comparative Literature,,,,,Graduate,Fall 2026,,,,Required,Required,,,"While a specific 'Master of Arts in Comparative Literature' program page is not available on the UNIVERSITY OF CALIFORNIA, IRVINE website, admission into a graduate program in the humanities generally requires a bachelor's degree from an accredited institution, transcripts from all colleges and universities attended, letters of recommendation, a statement of purpose, and a writing sample. For Comparative Literature, proficiency in at least one language other than English is typically expected. The university does not offer a terminal M.A. degree in this field; students are admitted into the M.A./Ph.D. or Ph.D. program. [4]",Required,,True,False,False,False,False,False,,False,False,False,False,False,False,False,False,False,,,,,,,,,,,,,"The Master of Arts (M.A.) in Comparative Literature combines the objectives of graduate study in foreign languages and literatures with an emphasis on the intercultural and international aspects of literature. The goal of the program is to provide graduate-t-level raining [sic]in subjects common to more than one national literature. Research work in the program is directed toward the analysis of cultural, historical, literary, linguistic, ethical and social concerns in literature, as approached through comparative methods of analysis informed by literary and cultural theory, as well as theories and practices from a variety of disciplines including psychology, sociology, anthropology, history and others. Because of the benefits of reading literature in the original language, the M.A. program requires students to have sufficient proficiency in at least one foreign language to take graduate literature seminars in that language. The M.A. in Comparative Literature is of particular value for students who intend to pursue a doctoral degree in comparative literature or in a foreign language and literature, or who plan to teach literature at the K-12 or community college levels. Some upper-division courses in Comparative and World Literature (CWL) or English (taken as part of the degree program electives) may apply to subject matter preparation for the Single Subject Teaching Credential in English (CWL Emphasis). For information about the Teaching Credential, please consult the Credentials Office in the College of Education.",,https://grad.uci.edu/admissions/degree-programs/,,,,FALSE,False,,,,,,,,,,,,,,,,,,,,,False,False,,,,,,,,,,,,,,,,,,,,,,,,,,FALSE,,,FALSE,FALSE,,,
,PhD in Comparative Literature,,,,,Doctoral,Fall 2026,,,,Not Required,Required,Not Required,REQUIRED,"Applicants must use UCI's online application portal which requires: A Statement of Purpose, A Personal History Statement, A Statement on Foreign Language Competence, A Writing Sample of a minimum of 15 pages, but no more than 20 pages maximum. Scanned and uploaded copies of both the front and back sides of transcripts for all institutions attended since high school. You must have a minimum 3.0 GPA and a Bachelor's Degree in order to be considered for admission. Three letters of recommendation must also be uploaded by your recommenders to the online system by the deadline. [5, 9]",Required,,True,False,False,False,False,False,,True,False,False,False,False,True,True,False,False,,,,,,,,,,,,,"The Ph.D. program in Comparative Literature at UCI is designed for students whose linguistic background, breadth of interest in literature, and curiosity about the problems of literary scholarship and theory make this program more appropriate to their needs than a Ph.D. in one of the individual national literatures. Students are expected to take courses in at least three national literatures, with one of them potentially being in their native language, all to be studied in their original languages. The program aims to familiarize students with the major contemporary approaches to literary study.",,https://grad.uci.edu/admissions/degree-programs/,,,,FALSE,False,,,,,,,,,,,,,,,,,,,,,False,False,,,,,,,7,,,,,80,,,,,,,,,,,,,,FALSE,,,FALSE,FALSE,,,
,Master of Fine Arts in Dance,,,,,Graduate,Fall 2026,,,,Required,Required,Not Required,REQUIRED,"Applicants must have received a Bachelor of Arts or equivalent degree from an accredited college or university. Previous college work is expected to be at 3.0 or higher and should reflect advanced course study. Before submitting your application, you'll need to have: Details of your education history, including schools and dates attended, a copy of your transcripts, a 1-2 page CV detailing your educational, professional and dance-related experiences, the names and contact details of two people who can provide a letter of reference, a personal statement, and video samples of your creative work and your dancing. [1]",Not Required,,True,False,False,False,False,False,,True,False,False,False,False,True,False,False,False,,,,Claire Trevor School of the Arts,,,,,,,,,"The Master of Fine Arts (M.F.A.) in Dance at the University of California, Irvine is an intensive, interdisciplinary two-year program that integrates studio practice with academic research. [12] Students engage in an educational experience where performance, creative exploration, and scholarly inquiry are deeply interconnected. [12] The program is designed to expand a student's artistic voice and prepare them for a lasting impact across dance, the arts, education, technology, and cultural engagement. [14] Over the two years of study, students take a variety of classroom and studio courses, with attention to connecting the mind and the body, expanding dance literacy and skills, and fostering creativity in new choreographic work. [13] In the second year, students focus on a culminating thesis project, which may take the form of creative projects or written research in a range of areas, including choreography, dance pedagogy, dance media and technology, dance training, dance science, and dance studies. [12, 14] Graduates of the program have entered diverse job markets, securing college and university faculty positions, starting their own dance companies, or pursuing Ph.D. degrees. [13]",,https://grad.uci.edu/admissions/degree-programs/,,,,FALSE,False,8,4.0,3,,,,,,,,,,,,,,,,,,False,False,,,,,,,7,,,,,80,,,,,,,,,,,,,"fee fellowships, non-resident tuition fellowships, and employment as teaching associates and graduate student researchers",FALSE,,,FALSE,FALSE,,,
,PhD in Drama and Theatre,,,,,Doctoral,Fall 2026,,,,,Required,Not Required,REQUIRED,"To apply to the UC Irvine Doctoral program, a completed application and application fee ($135 for U.S. Citizens and lawful U.S. Permanent Residents, and $155 for all other applicants) is required. [4] All graduate applications are submitted electronically and must be supported by appropriate academic transcripts from each college/university attended, three letters of recommendation and two writing samples. [4] Students with a B.A. (minimum GPA of 3.5), M.A., or M.F.A. in Drama and Theatre are eligible for admission to the doctoral program. [3, 5] Students with training in literature (or another area in the humanities) will also be considered, provided they can demonstrate a background in drama or theatre. [3, 5] Experience in one of the creative activities of theatre (acting, directing, playwriting, design, dramaturgy) enhances a student's chances of admission. [3, 5] For international applicants that are required to successfully complete an English language proficiency exam, TOEFL or IELTS scores must be submitted. [4]",Required,,True,False,False,False,False,False,,True,False,False,False,False,True,True,False,False,,,,Claire Trevor School of the Arts,,,,,,,,Graduate Emphasis in Dramaturgy (Elective),"This is a joint program offered by the UCI Department of Drama and the UCSD Department of Theatre and Dance. This program has the largest dedicated doctoral faculty of any Drama program in the nation and one of the lowest teacher-student ratios. The program is designed to encourage students to develop a unique body of research working closely with a small group of faculty at both UCI and UCSD. This ""boutique"" approach calls on each student to explore avenues of research and scholarship that will maximize opportunities for entrance into the highest levels of academia. The program's goal is to prepare students for a successful career at either a research university or a major liberal arts institution, in a variety of possible disciplines ranging from Drama and Theatre, English, and Performance Studies, to Cultural, Gender, and Ethnic Studies. The Drama Department places a high value on collegiality and professionalism, and nurtures these qualities through cooperative work within seminars, independent studies, organized events, teaching opportunities and professional trainings.",,https://grad.uci.edu/admissions/degree-programs/,,,,FALSE,False,,4.0,3.5,,,,,,,,,,,,,,,,,,False,False,,,,,,,7 (with no score less than 6 on any individual module),,,,,80,,,,,,,,,,,"The Claire Trevor School of the Arts offers several scholarships, including the Leo Freedman Graduate Fellowship (approximately $7,000), the Kris and Linda Elftmann Scholarship (up to $3,000), and the H.B. and Isabelle Yolen Memorial Scholarship ($2,000). [2]",,"Fellowships, teaching assistantships, merit-based, and need-based scholarships. [2, 9]",FALSE,,,FALSE,FALSE,,,
,Master of Arts in East Asian Studies,,,,,Graduate,Fall 2026,,,,Not Required,Required,,REQUIRED,"Currently, students are not admitted to an M.A. only degree program. In special circumstances, students may be granted an M.A. degree in recognition of progress toward the Ph.D., normally after six quarters of coursework and submission of two approved seminar papers, which will serve as the M.A. examination. [5]",Required,,True,False,False,False,False,False,,True,False,False,False,False,True,,False,False,,,,School of Humanities,,,,,,,,,,,https://grad.uci.edu/admissions/degree-programs/,,,,FALSE,False,,,,,,,,,,,,,,,,,,,,,False,False,,,,,,,7,,,,,80,,,,,,,,,,,,,,FALSE,,,FALSE,FALSE,,,
,PhD in East Asian Studies,,,,,Doctoral,Fall 2026,,,,,Required,Not Required,REQUIRED,"In addition to meeting the general requirements for admission to graduate study at UCI, specified by UCI Graduate Division, all students must present the following for review by an Admission Committee composed of East Asian Studies faculty members: Unofficial transcripts from all post-secondary institutions attended; Three letters of recommendation; Personal history statement and statement of purpose; TOEFL or IELTS scores (if applicable); Writing sample. [2]",Required,,True,False,False,False,False,False,,True,False,False,False,False,True,True,False,False,,,,School of Humanities,,,,,,,,"The Department offers a Ph.D. program in East Asian Studies, with specializations in Chinese, Japanese, and East Asian Cultural Studies.","The graduate program emphasizes rigorous training in language and textual analysis, with equal attention given to the historical, social, and cultural dimensions of literary study. In addition to more traditional vocabularies of criticism and theory, the curriculum encourages exploration of recent challenges to established conceptual and methodological frameworks. The program builds on the foundation of a faculty whose research interests engage major issues in Chinese, Japanese, and Korean literature and culture, while developing connections with the larger community of scholarship at UCI. Because the graduate program is designed to prepare students for both college-level teaching and advanced research, each student will be required to serve, under direct faculty supervision, as a teaching assistant in an appropriate undergraduate course offered through the Department.",,https://grad.uci.edu/admissions/degree-programs/,,,,FALSE,False,Students will be placed on academic probation if their cumulative GPA falls below 3.0. Failure to raise the GPA to 3.0 in the following semester results in disqualification. [2],4.0,3,,,,,,,,,,,,,,,,,,False,False,,,,,,,7,,,,,80,,,,,,,,,,,,,"Teaching assistantships, conference and research grants, and travel reimbursements.",FALSE,,,FALSE,FALSE,,,
,Master of Arts in English,,,,,Graduate,Fall 2026,,,,Not Required,Required,Optional,REQUIRED,"Admission to the Master of English Program is determined by a review of the applicants' prior academic performance, writing sample, three letters of recommendation, statement of purpose, and personal history statement. [8] A bachelor's degree with a minimum 3.0 GPA is a University prerequisite for admission. [8] The application and all supporting documents are required by the January 15th deadline for admission in the Fall Quarter. [8] The program cannot accept applications from students who require an F-1 or J-1 visa. [8]",Required,,True,False,False,False,False,False,,True,False,False,False,False,True,False,False,False,,,,,,,,,,,,,,,https://grad.uci.edu/admissions/degree-programs/,,,,FALSE,False,,,,,,,,,,,,,,,,,,,,,False,False,,,,,,,7,,,,,80,,,,,,,,,,,,,,FALSE,,,FALSE,FALSE,,,
,Master of Fine Arts in English,,,,,Graduate,Fall 2026,,,,Not Required,Required,Not Required,REQUIRED,"A bachelor's degree with a minimum 3.0 GPA is a University prerequisite for admission, which may be waived in exceptional cases. The application for admission should specify interest in either fiction or poetry and must include three letters of recommendation, unofficial transcripts of all academic work, an autobiographical statement, and samples of writing. [5]",Required,,True,False,False,False,False,False,,True,False,False,False,False,True,False,False,False,,,,School of Humanities,,"The tuition and fees for the 2025-2026 academic year will be posted on the University Registrar's website in July 2025. [10] For domestic students, Teaching Assistantships provide full tuition coverage. [2] International students are responsible for non-resident tuition and fees. [2]",,,,,,"['Fiction', 'Poetry', 'Creative Nonfiction']","The MFA degree in Creative Writing is a two-year program that provides a combination studio/academic course of study. [1] Students receive critical feedback on their poetry, fiction, and creative nonfiction in writing workshops, scrutinize aspects of genre in special-topics classes, and investigate larger theoretical and historical contexts for creative work in literature, rhetoric, writing, and linguistics courses. [1] The MFA program culminates in a creative thesis comprised of a book-length manuscript of original creative work. [1] Outside of coursework, MFA students have the opportunity to participate in community outreach programs such as KidsU and gain editorial and arts-management experience by working on Grist: A Journal of the Literary Arts. Each year, our Creative Writing Reading Series brings in a full slate of acclaimed poets and writers. In addition, the student-un Chiasmus reading series gives our creative writing community at all levels an opportunity to share new work. The program is fully funded. MFA students work as teaching assistants, writing center tutors, and instructors (of both composition and creative writing) in exchange for a stipend and tuition waiver. [1]",,https://grad.uci.edu/admissions/degree-programs/,,,,FALSE,False,,4.0,3.0,,,,,,,,,,,,,,,,,,False,False,,,,,,,7,,,,,80,,,,,,,,,,,"Domestic students who receive a Teaching Assistantship are provided with a nine-month salary, estimated to be $34,000.00 for the academic year. [2]",The Department of English provides full tuition coverage for domestic students through Teaching Assistantships. [2] Full financial support is rarely possible for international students. [2],Teaching Assistantships (also referred to as Tuition Fellowships for out-of-state students). [2],FALSE,,,FALSE,FALSE,,,
,PhD in English,,,,,Doctoral,Fall 2026,,,,Not Required,Required,Not Required,REQUIRED,"Admission to the Ph.D. program in English is determined by careful review of the applicants' prior academic performance, writing sample, letters of recommendation, and personal statement. [2] The application and supporting documents (transcripts, writing sample, and three letters of recommendation) are required by the deadline. [3] A minimum undergraduate grade point average of 3.50 in the last two years of undergraduate study is recommended to be competitive. [3]",Required,,True,False,False,False,False,False,,True,False,False,False,True,True,False,False,False,,,,School of Humanities,,,,,,,,"Emphasis in Critical Theory, Emphasis in Asian American Studies, Emphasis in Chicano/Latino Studies, Emphasis in Feminist Studies, Emphasis in Latin American Studies","The Ph.D. program in English at UCI is renowned for its strength in literary and critical theory. The research and teaching of the faculty cover a wide range of fields, historical periods, and methodological approaches. Students can also pursue interdisciplinary certificates in areas such as Asian American studies, Chicano/Latino Studies, Critical Theory, Gender and Sexuality Studies, Latin American Studies, Medical Humanities, Rhetoric and Composition, and Visual Studies. The program structure allows students to customize their studies around their intellectual interests. Students typically spend the first two years taking a minimum of 15 graduate seminars, fulfilling a foreign language requirement with a reading knowledge of one foreign language, and completing an M.A. paper. [3, 4] The third year is dedicated to preparing for qualifying exams in two or three fields of study, which are designed in consultation with a faculty advisor. [3, 4] Following the successful completion of these exams, students proceed to write a dissertation under the guidance of a three-person committee. [3, 4] The program aims to provide students with a variety of topics, approaches, genres, and theoretical issues in literary history, while also preparing them for an area of specialization. [4]",,https://grad.uci.edu/admissions/degree-programs/,,,,FALSE,False,,,3.0,,,,,,,,,,,,,,,,,,False,False,,,,,,,7,,,65.0,,80,,,,,,,,,,,,,,FALSE,,,FALSE,FALSE,,,
,Master of Arts in European Thought and Culture,,,,,Graduate,Fall 2026,,,,Not Required,Required,Not Required,REQUIRED,"The admissions requirements for the stand-alone M.A. program are:
1) A completed graduate application, including a Personal History Statement, and a Statement of Purpose. [1]
2) Unofficial transcripts for all institutions attended since high school, including GPA (cumulative minimum of 3.0; major 3.3). Please upload to your online application both, the front and back sides of each transcript. [1]
3) Three letters of recommendation from faculty in related fields. The letters should be uploaded to the application electronically. Paper or hardcopies of letters will not be accepted. [1]
4) Writing sample: Five to ten pages in length. This sample should be academic in nature and highlight your research and writing abilities. [1]
5) Foreign Language requirement. Students admitted to the program are required to demonstrate reading knowledge in one European language other than English. [1, 5]",Required,,True,False,True,False,False,False,,True,False,False,False,False,True,False,False,False,,,,,,,,,,,,,,,https://grad.uci.edu/admissions/degree-programs/,,,,FALSE,False,,,,,,,,,,,,,,,,,,,,,False,False,,,115.0,,,,6.5,,,,,80,,,,,,,,,,,,,,FALSE,,,FALSE,FALSE,,,
,Master of Arts in History,,,,,Graduate,Fall 2026,,,,Required,Required,Optional,REQUIRED,"The department offers a Ph.D. in History. We do not offer a terminal M.A. degree, but students may be awarded an M.A. degree after fulfilling the requirements for it within the Ph.D. program. Applicants for the graduate program should have a B.A. degree, preferably, but not necessarily, with a major in History. A GPA of 3.5 in history courses is recommended as a minimum for admission. All applicants must submit the online application, a writing sample, a statement of purpose, a personal history statement, three letters of recommendation, and transcripts from all colleges and universities attended. The GRE is not required.",Required,,True,False,False,False,False,False,,True,False,False,False,False,True,False,False,False,,,,,,,,,,,,,"The Department of History at the University of California, Irvine offers a one-year Master's program in History. [13] The program emphasizes graduate training in regional areas, world and transnational history, and thematic specialties. [5] The History Graduate Program encourages students to think across national and regional borders and to have a solid understanding of how the discipline of History contributes to debates about global and local transformation. [5] All students admitted into the M.A. are assigned a faculty advisor who guides them through the program. [13] Students take a total of nine courses over three quarters. [13] The program has a thesis track and an exam track. [5] While it is a one-year program for full-time students, students are allowed up to three years to complete the degree, accommodating part-time enrollment. [5]",,https://grad.uci.edu/admissions/degree-programs/,,,,FALSE,False,,,,,,,,,,,,,,,,,,,,,False,False,,,,,,,7,,,,,80,,,,,,,,,,,,,,FALSE,,,FALSE,FALSE,,,
,PhD in History,,,,,Doctoral,Fall 2026,,,,Not Required,Required,Optional,REQUIRED,"The Department of History requires the submission of the following materials in order to complete your application to the MA or PhD program: Transcripts, One copy of TOEFL or IELTS scores (This applies only to International applicants), and three letters of recommendation. All materials must be received by the application deadline, including letters of recommendation. [6] Though it is desirable that an applicant have the equivalent of an undergraduate major in History, the Department also considers students who have previously specialized in other subject areas and who have strong writing and analytical skills. [6]",Required,,True,False,False,False,False,False,,True,False,False,False,False,True,False,False,False,,,,,,,,,,,,,,,https://grad.uci.edu/admissions/degree-programs/,,,,FALSE,False,,,,,,,,,,,,,,,,,,,,,False,False,,,,,,,,,,,,,,,,,,,,,,,,,,FALSE,,,FALSE,FALSE,,,
,PhD in History and Theory of Music,,,,,Doctoral,Fall 2026,,,,Not Required,,GRE,REQUIRED,"The following materials make up the Core Graduate Application, and are required for all applicants. 1) UCI ONLINE APPLICATION FOR GRADUATE ADMISSIONS. 2) Transcripts. 3) Three (3) letters of reference are required. [6]",Required,,True,False,False,False,True,False,,True,False,False,False,False,True,False,False,False,,,,Claire Trevor School of the Arts,"$13,140.00/Year",,,,,,,,"the PhD program in the History and Theory of Music (htm). The graduate program in The History and Theory of Music at UC Irvine is unique within the state of California, and rare within the United States as a whole, in combining both historical musicology and music theory and analysis to offer a Ph.D. program with a particular emphasis on music theory and analysis, critical theory, and the aesthetics and philosophy of music. The program rests on two central pillars: a sustained engagement with musical works that is underpinned by a thorough grounding in musical skills and literacy, and a strong focus on criticalredirectTo unavailable, and it is not possible to extract the information at this time.",,https://grad.uci.edu/admissions/degree-programs/,,,$365.00/unit,FALSE,False,8,4.0,3,,,,,,,,,,,,,,,,,,False,False,,,,,,,7,,,,,80,,,,,,,,,,,,,Fellowship,FALSE,,,FALSE,FALSE,,,
,"PhD in Music: Integrated Composition, Improvisation, and Technology",,,,,Doctoral,Fall 2026,,,,Not Required,Required,Optional,REQUIRED,"Applicants should possess an undergraduate degree in music or an equivalent level of training and should demonstrate potential for creative and innovative work integrating a wide range of contemporary music and ideas. In addition to meeting all general requirements for admission to graduate study, applicants should normally hold a B.A. in Music or a B.Mus. Supporting materials must include the following: Composition portfolio, Academic writing sample, three letters of recommendation, and Performance audition (video). Applicants are expected to have good general knowledge of music history and music theory and competence in basic musicianship skills.",Required,,True,False,False,False,False,False,,True,False,False,False,False,True,False,False,False,,,,Claire Trevor School of the Arts. [4],The department covers the cost of tuition and fees for all ICIT students. [4],,,,,,,"Integrated Composition, Improvisation, and Technology (ICIT)","The Ph.D. program in Integrated Composition, Improvisation, and Technology (ICIT) is taught by a core faculty whose work embraces diverse forms of music making, challenging conventional distinctions between classical composition, computer music, improvisation, and jazz. [2] Students will receive close personal attention from faculty, and are encouraged to work on interdisciplinary projects. [2] The Department of Music seeks students with a strong foundation who wish to develop new creative work integrating a wide range of contemporary music and ideas. [3] In addition to the core ICIT faculty, the Music Department includes many other performers, musicologists, theorists, and historians, making for a rich environment in which to develop critical skills that are essential for the 21st-century musician. [3]",,https://grad.uci.edu/admissions/degree-programs/,,,,FALSE,False,8,4.0,3,,,,,,,,,,,,,,,,,,False,False,,,,,,,7,,,,,80,,,,,,,,,,,,,Teaching Assistantship. [4],FALSE,,,FALSE,FALSE,,,
,PhD in Philosophy,,,,,Doctoral,Fall 2026,,,,Not Required,Required,Optional,REQUIRED,"To be admitted to the Philosophy program, students must have done well in their previous academic work and be formally accepted as candidates for the degree by the Department of Philosophy. An applicant must have received a Bachelor's degree or its equivalent from a college or university of acceptable standing. Although there are no formal course requirements for admission, applicants must satisfy the committee on admissions that their preparation in philosophy and allied disciplines is sufficient for undertaking study of philosophy at the graduate level. Applications from those already holding M.A. degrees are welcomed. The application checklist also includes: Unofficial transcripts, a Personal History Statement, two letters of recommendation, a writing sample, and for international applicants, official TOEFL or IELTS scores.",Required,,True,False,False,False,False,False,,True,False,False,False,False,True,True,False,False,,,,,,,,,,,,,,,https://grad.uci.edu/admissions/degree-programs/,,,,FALSE,False,,,,,,,,,,,,,,,,,,,,,False,False,,,,,,,7,,,,,80,,,,,,,,,,,,,,FALSE,,,FALSE,FALSE,,,
,Master of Arts in Political Science,,,,,Graduate,Fall 2026,,,,,,GRE,REQUIRED,,,,True,True,False,False,True,False,,True,False,False,False,False,True,False,False,False,,,,School of Social Sciences,,,,,,,,,"The University of California, Irvine, does not offer a stand-alone Master of Arts (M.A.) in Political Science. Students may earn an M.A. degree while on the path to earning a Ph.D., but the university does not admit students who intend to complete their studies with only an M.A. [2, 7] The M.A. is not a terminal degree. [7]",,https://grad.uci.edu/admissions/degree-programs/,,,,FALSE,False,,,3,,,,,,,,,,,,,,,,,,False,False,,,,,,,7,,,,,80,,,,,,,,,,,,,,FALSE,,,FALSE,FALSE,,,
,PhD in Political Science,,,,,Doctoral,Fall 2026,,,,,,,,,,,True,False,,,,,,,,,,,,,,,,,,,,,,,,,,"['Public Choice', 'Democracy Studies', 'International Relations', 'Race and Minority Politics']","The Department of Political Science offers a Ph.D. program in Political Science. The department has attained a reputation for producing the very best innovative and interdisciplinary scholarship. Faculty are engaged in the study of such key questions as the politics of advanced and democratizing societies, international cooperation and peace, the politics splicy of racial and ethnic minority groups, and the origins of altruism and morality and their impact on world politics. Graduate students can pursue concentration in public choice and specializations in democracy studies, international relations, and race and minority politics. The Ph.D. program offers big payoffs to graduate students, in fact, because of the extended range of inquiry an interdisciplinary program affords.",,https://grad.uci.edu/admissions/degree-programs/,,,,FALSE,False,,,,,,,,,,,,,,,,,,,,,False,False,,,,,,,,,,,,,,,,,,,,,,,,,,FALSE,,,FALSE,FALSE,,,
,Master of Arts in Sociology,,,,,Graduate,Fall 2026,,,,Not Required,Not Required,GRE,REQUIRED,The graduate program in the Department of Sociology is designed for Ph.D. students. The university does not accept students for the single purpose of acquiring a master's degree in sociology. [16] Doctoral students may obtain a Master of Arts (M.A.) degree in Sociology during their doctoral studies. [16],Not Required,,True,False,False,False,True,False,,True,False,False,False,False,True,True,False,False,,,,School of Social Sciences,,,,,,,,," The program offers both MA and PhD degrees, although the latter is emphasized. [16] The graduate program offers broad training in sociology, with several areas of concentrated expertise: education; family, life course, and sexualities; global inequality and change; immigration; population; organizations, occupations, and labor; social inequality: race/ethnicity, gender, and class/stratification; social movements and political sociology; social networks; organizations, occupations, and labor; and the study of democracy. [16] We are committed to theoretically informed and empirically grounded scholarship. We welcome multidisciplinary pursuits, forging links with other units on the campus and beyond. We also embrace a broad range of methods – including ethnography, experiments, formal modeling, historical-comparative analysis, and surveys – to pursue answers to questions of substantive and theoretical importance. [16]",,https://grad.uci.edu/admissions/degree-programs/,"UC Irvine is accredited through fall 2032 by the Western Association of Schools and Colleges, Senior College and University Commission (WSCUC). [2]",,,FALSE,False,,4.0,3.0,,,,,,,,,,,,,,,,,,False,False,,,,,,,7,,,,,80,,,,,,,,,,,,,,FALSE,,,FALSE,FALSE,,,
,PhD in Sociology,,,,,Doctoral,Fall 2026,,,,,Required,,,"Admission is based on application materials and evidence of scholarly potential, including grade point average, statement of purpose, and letters of recommendation. [4] A writing sample is also required. [16] Program course requirements include: three quarters of statistics, two quarters of Proseminar in Sociology, one quarter of Sociology Research Design, two quarters of Sociological Theory (Classical and Contemporary), one advanced sociological methodology course, and nine additional Sociology seminars. [2]",Required,,False,False,False,False,False,False,,False,False,False,False,False,False,False,False,False,,,,,,,,,,,,"['Social Networks', 'Gender', 'Race/Ethnicity', 'Labor', 'Social Movements', 'Family', 'Migration', 'Population', 'Political Economy', 'States and Global Transformation']"," The program provides structured training in sociological theory, statistics, and qualitative and quantitative research methods. The Department of Sociology offers a Ph.D. program in Sociology. While the core of the program is sociological, it may also include an interdisciplinary component, incorporating links to anthropology, education, law, political science, history, criminology, and urban planning. [7] Particular emphases include social networks, gender, race/ethnicity, labor, social movements, family, migration, population, political economy, and states and global transformation. [7] Program faculty take diverse theoretical and methodological approaches to a variety of substantive issues, are committed to empirical research addressing central sociological issues, and are open to intellectual cross-pollination from cognate disciplines. [7] Small entering cohorts ensure personalized attention for each student and guarantee access to professors, allowing for close mentorship relationships. [7] Graduate students have the opportunity to participate in a variety of interdisciplinary research units, including the Center for the Study of Democracy; the Center for Global Peace and Conflict Studies; the Center for Research on Immigration, Population and Public Policy; and the Center for Demographic and Social Analysis. [7]",,https://grad.uci.edu/admissions/degree-programs/,,,,FALSE,False,,,,,,,,,,,,,,,,,,,,,False,False,,,,,,,,,,,,,,,,,,,,,,,,,,FALSE,,,FALSE,FALSE,,,
,Master of Arts in Spanish,,,,,Graduate,Fall 2026,,,,,,Not Required,REQUIRED,,,,True,True,False,False,False,False,,True,False,False,False,False,True,False,False,False,,,,School of Humanities,,,,,,,,,"The Master of Arts degree in Spanish is a two-year program of study designed to expose the beginning graduate student to all periods of peninsular, Latin American, and Chicanx/Latinx literature and culture. [4, 5] The degree is awarded upon the successful completion of course work and written and oral comprehensive examinations. [4, 5] A minimum of eight graduate seminars must be completed in the Department of Spanish and Portuguese with a letter grade. [4, 5] Students are required to take one course in Theory (SPANISH 239A or equivalent). [4, 5]",,https://grad.uci.edu/admissions/degree-programs/,,,,FALSE,False,,,,,,,,,,,,,,,,,,,,,False,False,,,,,,,7,,,,,80,,,,,,,,,,,,,,FALSE,,,FALSE,FALSE,,,
,PhD in Spanish,,,,,Doctoral,Fall 2026,,,,Optional,Required,Not Required,REQUIRED,"The general application requirements include submitting an online application for a chosen degree program and paying a non-refundable application fee ($135 for U.S. Citizens and lawful U.S. Permanent Residents, and $155 for all other applicants). [12] Applicants must hold a bachelor's degree from a recognized academic institution with a minimum cumulative undergraduate GPA of 3.0. [12] Unofficial transcripts for all post-secondary academic work must be uploaded to the application. [2] Individual graduate programs may require other materials such as a resume/CV, writing samples, or portfolios. [2, 12]",Optional,,True,False,False,False,False,False,,True,False,False,False,False,True,False,False,False,,,,School of Humanities,"Resident: $15,195.05/Year (Tuition: $13,140.00, Student Services Fee: $1,290.00, Associated Graduate Student Fee: $27.00, UCI Student Center Fee: $267.00, UCI Student Center Fee - Continuation: $190.05, Bren Events Center Fee: $69.00), Non-resident: additional Nonresident Supplemental Tuition applies. [4]","$15,195.05 per year for California residents; non-residents pay additional fees. [4]",,,,,,,,,https://grad.uci.edu/admissions/degree-programs/,,,,FALSE,False,,,3.0,,,,,,,,,,,,,,,,,,False,False,,,,,,,7,,,,,80,,,,,,,,,,,"The program is described as fully funded. Specific fellowships are available, such as the Dean's Fellowship with a stipend of $16,000 and the Eugene Cota-Robles Fellowship with a stipend of $18,000.",,"Fellowships, Teaching Assistantships",FALSE,,,FALSE,FALSE,,,
,PhD in Visual Studies,,,,,Doctoral,Fall 2026,,,,,Required,Not Required,REQUIRED,"We look for students who are highly motivated, independent, and who articulate in their statements of purpose a coherent and focused course of study that fits with the expertise of our faculty. We expect applicants to have demonstrated skills in research and writing, as well as a required minimum GPA of 3.0.",Required,,True,False,False,False,False,False,,True,False,False,False,False,True,False,False,False,,,,School of Humanities,,,,,,,,,"The PhD Program in Visual Studies engages in the histories, theories, and analysis of the visual, from practices and experiences of looking to the nature of representation, images, and their media. Interdisciplinary and theoretically rigorous, Visual Studies is committed to the investigation of cultural productions of seeing, picturing, and knowing, from the past to the present day. The faculty work across diverse cultures, geographies, and periods, with strong interests in photography, performance, illustration and design histories, archaeology, architecture and the built environment, site-based installation, museum studies and exhibition histories, manuscripts, sculpture, and painting. The program welcomes students who wish to explore new and innovative lines of inquiry into the visual and visuality. Students are admitted directly into the PhD program in small cohorts and with multi-year funding packages.",,https://grad.uci.edu/admissions/degree-programs/,,,,FALSE,False,,,3.0,,,,,,,,,,,,,,,,,,False,False,,,,,,,7,,,,,80,,,,,,,,,,,,,A combination of fellowship and teaching assistantships. [22],FALSE,,,FALSE,FALSE,,,
,Master of Science in Biomedical Engineering,,,,,Graduate,Fall 2026,,,,,Required,Not Required,REQUIRED,"General application tips include starting the application early, the summer before planning to apply, and being aware of program-specific deadlines. The senior year timeline includes requesting three faculty letters of recommendation and finalizing the statement of purpose and personal history statement. [33] Applicants can check the submission status of GRE scores (if required) and electronic letters of recommendation online. [33]",,,False,False,False,False,False,False,,True,False,False,False,False,True,False,False,False,,,,,,,,,,,,"['Biophotonics', 'Biomedical Micro/Nanoscale Systems', 'Bioimaging & Computation', 'Molecular & Cellular Engineering']","Giving students an opportunity to focus on a wide range of contemporary topics critical to biomedical engineering. Core courses covering broad aspects of biomedical engineering will be followed by a choice of elective courses in such areas as biomedical imaging, tissue engineering and repair, biomedical devices, rehabilitation engineering, and capped by experiential learning in research laboratories or project courses. The program accommodates students with a BS/BA or a more advanced degree in biomedical engineering, chemical engineering, mechanical engineering, electrical engineering, computer science, computer engineering, physics, chemistry, or biology.",,https://grad.uci.edu/admissions/degree-programs/,,,,FALSE,False,,,,,,,,,,,,,,,,,,,,,False,False,,,,,,,6.5,,,,,80,,,,,,,,,,,,,,FALSE,,,FALSE,FALSE,,,
,PhD in Biomedical Engineering,,,,,Doctoral,Fall 2026,,,,,,Optional,REQUIRED,,,,False,False,False,False,False,False,,True,False,False,False,True,True,False,False,False,,,,,,,,,,,,,"The PhD in Biomedical Engineering program at the University of California, Irvine, is designed for students who want to become leaders in the field. The program prepares students for careers in academia, industry, and government by providing a deep understanding of engineering principles and life sciences. Research is a central component of the program, with students working in state-of-the-art laboratories alongside world-renowned faculty. Key research areas include biomedical imaging, micro/nano-scale systems, biomechanics, and systems biology.",,https://grad.uci.edu/admissions/degree-programs/,,,,FALSE,False,,,,,,,,,,,,,,,,,,,,,False,False,,,,,,,7,,,65.0,,80,,,,,,,,,,,,,,FALSE,,,FALSE,FALSE,,,
,Master of Science in Chemical and Biomolecular Engineering,,,,,Graduate,Fall 2026,,,,Required,Required,Not Required,REQUIRED,"Applicants must hold a bachelor's degree (or equivalent) from a recognized academic institution with degree standards equivalent to those of the University of California. A minimum cumulative undergraduate GPA of 3.0 is required. It is strongly recommended that students have a background and training in core Chemical Engineering topics (transport phenomena, thermodynamics, and reaction kinetics) as well as a strong background in mathematics, chemistry, and physics. [10]",Not Required,,True,False,False,False,False,False,,True,False,False,False,False,True,True,False,False,,,,The Henry Samueli School of Engineering,,,,,,,,,"Chemical engineering uses the knowledge of chemistry, mathematics, physics, biology, and humanities to solve societal problems in areas such as energy, health, environment, food, clothing, materials, and sustainability, and serves a variety of processing industries whose vast array of products include chemicals, petroleum products, plastics, pharmaceuticals, foods, textiles, fuels, consumer products, and electronic and cryogenic materials. Chemical Engineering also advances societal goals by developing environmentally conscious and sustainable technologies to meet global challenges. This animportant assetsincemolecular sciences such as chemistry, molecular biology, biomedicine, and solid-state physics are providing the seeds for future technologies. Chemical engineering has a bright future as the discipline which will bridge science with engineering in multidisciplinary environments. Biomolecular Engineering is concerned with the processing of biological materials and processes that use biological agents such as living cells, enzymes, or antibodies. With integrated knowledge of the principles of biology and chemical engineering, it plays a major engineering role in the rapidly developing area of biotechnology. Career opportunities in Biomolecular Engineering are available in a variety of industries such as biotechnology, chemical, environmental, food, petrochemical, and pharmaceutical industries. The principal objectives of the graduate curriculum in Chemical and Biomolecular Engineering are to develop and expand students' abilities to solve new and more challenging engineering problems and to promote their skills in independent thinking and learning in preparation for careers in manufacturing, research, or teaching. These objectives are reached through a program of course work and research designed by each student with the assistance, advice, and approval of a primary faculty advisor and a faculty advisory committee.",,https://grad.uci.edu/admissions/degree-programs/,,,,FALSE,True,,,,,,,,,,,,,,,,,,,,,False,False,,,,,,,7,,,,,80,,,,,,,,,,,,,,FALSE,,,FALSE,FALSE,,,
,PhD in Chemical and Biomolecular Engineering,,,,,Doctoral,Fall 2026,,,,,,Optional,REQUIRED,"To apply for graduate programs at UC Irvine, applicants must complete and submit the online application. A non-refundable application fee of $135 for U.S. Citizens and lawful U.S. Permanent Residents, and $155 for all other applicants, is required for the application to be reviewed. [3, 7] For the initial review, applicants need to scan and upload copies of transcripts from all institutions attended after high school. [7] While these are the general steps, some programs may have different criteria, deadlines, or requirements, so it is important to contact the specific program of interest for its detailed admissions requirements. [7]",,,True,False,False,False,False,False,,True,False,False,False,False,True,False,False,False,,,,The Henry Samueli School of Engineering,,"All admitted Ph.D. students are offered a funding package that includes a stipend, as well as payment of all tuition and fees.",,,,,,,"Chemical engineering uses the knowledge of chemistry, mathematics, physics, biology, and social sciences to solve societal problems such as energy, health, environment, food, clothing, shelter, and transportation. It serves a variety of processing industries whose vast array of products include chemicals, petroleum products, plastics, pharmaceuticals, foods, semiconductors, textiles, fuels, consumer products, and electronic and cryogenic materials. It also serves society to improve the environment by developing and implementing technologies for pollution abatement and remediation. The principal objectives of the graduate curriculum in Chemical and Biomolecular Engineering are to develop and expand students’ abilities to solve new and more challenging engineering problems and to promote their skills in independent thinking and learning in preparation for careers in manufacturing, research, or teaching.",,https://grad.uci.edu/admissions/degree-programs/,,,,FALSE,False,,4.0,3,,,,,,,,,,,,,,,,,,False,False,,,,,,,7,,,,,80,,,,,,,,,,,,,"Fellowships, Research Assistantships, Teaching Assistantships",FALSE,,,FALSE,FALSE,,,
,Master of Science in Civil and Environmental Engineering,,,,,Graduate,Fall 2026,,,,,,,,"The Department of Civil and Environmental Engineering focuses its graduate study and research program on four areas: Structures, Geotechnics, and Materials; Transportation Systems; Hydrology and Water Resources Systems; and Environmental and Energy Systems. M.S. applicants must submit at least one letter of recommendation.",,,True,False,,,,,,,,,,,,,,,,,,The Henry Samueli School of Engineering,"Resident: $21,669.75 per year, Non-resident: $36,771.75 per year",,,,,,,,,,https://grad.uci.edu/admissions/degree-programs/,,,,FALSE,True,8,4.0,3.0,,,,,,,,,,,,,,,,,,False,False,,,,,,,,,,,,,,,,,,,,,,,,,Fellowships and Assistantships,FALSE,,,FALSE,FALSE,,,
,PhD in Civil and Environmental Engineering,,,,,Doctoral,Fall 2026,,,,Not Required,Required,Not Required,REQUIRED,"The Ph.D. indicates attainment of an original and significant research contribution to the state-of-the-art in the candidate's field, and an ability to communicate advanced engineering concepts. PhD applicants must submit three letters of recommendation. [9] A cumulative undergraduate GPA of at least 3.0 is required; for PhD applicants who already have a graduate degree, a GPA of at least 3.6 is typical. [8] International applicants must demonstrate English proficiency via TOEFL or IELTS exams. [8]",Not Required,,True,True,False,False,False,False,,True,False,False,False,False,True,True,False,False,,,,The Henry Samueli School of Engineering,,,,,,,,"['Environmental Health', 'Environmental Engineering and Water Resources', 'Geotechnical and Geoenvironmental Engineering', 'Infrastructure Engineering', 'Structural Engineering and Mechanics']","The PhD is the highest level of study and requires a serious commitment. Graduates of the doctoral program are well positioned for careers in academia, industry, government, and consulting. Students who have excellent academic backgrounds and demonstrated capability for independent study/research are encouraged to apply to the doctoral program. Students entering the doctoral program in civil and environmental engineering are expected to meet the general admission requirements of the graduate school; gain acceptance into the Department of Civil and Environmental Engineering; and hold a bachelor's or master's degree in engineering or a related field. The PhD is a research oriented degree that requires in-depth knowledge of a specific topic of study. Programs of study are highly individualized, but consist of two main components: course work and independent research. Unlike bachelor's degree and some master's degrees, progress toward the doctoral degree is measured by achievement, not time or number of courses completed.",,https://grad.uci.edu/admissions/degree-programs/,,,,FALSE,True,8,4.0,3,,,,,,,,,,,,,,,,,,False,False,,,,,,,7.0,,,,,80,,,,,,,,,,,,,"Fellowships, Research Assistantships, Teaching Assistantships",FALSE,,,FALSE,FALSE,,,
,Master of Science in Electrical and Computer Engineering,,,,,Graduate,Fall 2026,,,,,,Not Required,REQUIRED,,,,False,False,False,False,False,False,,True,False,False,False,False,True,False,False,False,,,,,,,,,,,,"['AI/ML Systems', 'Intelligent Physical Systems', 'Computational Engineering Methods/Systems', 'Computer Security', 'Network/Distributed Systems', 'Wireless/Embedded Systems', 'Integrated Systems', 'Devices and Nanofab']","MS in ECE students can choose one of the following concentrations for focused study in a specific area of electrical and computer engineering. MS students are not required to complete a concentration in order to graduate. Generally, MS students can select from the full range of ECE graduate course offerings to meet their course requirements and advance toward their individual career objectives. [1]",,https://grad.uci.edu/admissions/degree-programs/,,,,FALSE,False,,,,,,,,,,,,,,,,,,,,,False,False,,,,,,,7,,,,,80,,,,,,,,,,,,,,FALSE,,,FALSE,FALSE,,,
,PhD in Electrical and Computer Engineering,,,,,Doctoral,Fall 2026,,,,,,Not Required,REQUIRED,,,,True,True,False,False,False,False,,True,False,False,False,False,True,True,False,False,,,,The Henry Samueli School of Engineering,,,,,,,,"['Electrical Engineering (EE)', 'Computer Engineering']",The doctoral program in Electrical and Computer Engineering is tailored to the individual background and interest of the student. There are several milestones to pass: admission to the Ph.D. program by the Graduate Committee; Ph.D. preliminary examination on the background and potential for success in the doctoral program; departmental teaching requirement which can be satisfied through service as a teaching assistant or equivalent; original research work; development of a research report and dissertation proposal; advancement to Ph.D. candidacy; completion of the Ph.D. dissertation; and a public dissertation defense. [1] The Ph.D. dissertation is written documentation of original research that has impact on the field of study for the Ph.D. [1] A public Ph.D. dissertation defense is also required. [1],,https://grad.uci.edu/admissions/degree-programs/,,,,FALSE,False,,4.0,3,,,,,,,,,,,,,,,,,,False,False,,,,,,,7,,,,,80,,,,,,,,,,,,,"Fellowships, Teaching Assistantships, Research Assistantships",FALSE,,,FALSE,FALSE,,,
,Master of Engineering,,,,,Graduate,Fall 2026,,,,,,Not Required,REQUIRED,,,,True,True,False,False,False,False,,True,False,False,False,False,True,False,False,False,,,,,,,,,,,,,"The University of California, Irvine (UCI) does not offer a program with the specific title 'Master of Engineering'. However, the university offers Master of Science (M.S.) degrees in various engineering disciplines that serve a similar purpose for students seeking advanced technical knowledge for professional practice. The following information pertains to the Master of Science in Mechanical Engineering program. Specific details regarding concentrations were not found on the official program page. The Master of Science program in Mechanical Engineering aims to provide students with an advanced educational experience that will prepare them for careers in industry, government, or academia.",,https://grad.uci.edu/admissions/degree-programs/,,,,FALSE,False,,,,,,,,,,,,,,,,,,,,,False,False,,,,,,,7,,,,,80,,,,,,,,,,,,,,FALSE,,,FALSE,FALSE,,,
,Master of Science in Materials Science and Engineering,,,,,Graduate,Fall 2026,,,,,,Optional,REQUIRED,,,,True,True,False,False,False,False,,True,False,False,False,False,True,True,False,False,,,,,,,,,,,,,"Every MSE graduate student is assumed to have taken a basic “Introduction to Materials Science and Engineering” undergraduate course prior to enrolling in graduate studies in MSE here at UCI. The program requires all new students in the M.S. degree program to take required core courses. Both the Ph.D. preliminary exam and the M.S. comprehensive exam are based, in large part, on materials covered in these required core classes. Students must enroll in and complete these core courses in the first year of their studies. Elective courses are intended to broaden knowledge in areas relevant to MSE studies and research activities. [22]",,https://grad.uci.edu/admissions/degree-programs/,,,,FALSE,False,,,,,,,,,,,,,,,,,,,,,False,False,,,,,,,7,,,,,80,,,,,,,,,,,,,,FALSE,,,FALSE,FALSE,,,
,PhD in Materials Science and Engineering,,,,,Doctoral,Fall 2026,,,,,,Not Required,REQUIRED,,,,True,True,False,False,False,False,,True,False,False,False,False,True,True,False,False,,,,,,,,,,,,"The UCI General Catalogue lists 'Specific Fields of Emphasis' for the program, which include: biomaterials, energy materials, advanced ceramics, polymers and nanocomposite materials, structural and nanostructured metallic materials, micro/nano-device materials, device/system packaging materials, computational materials science, advanced and additive manufacturing, and multifunctional materials.","The Ph.D. in Materials Science and Engineering requires a commitment on the part of the student to dedicated study and collaboration with the faculty. Ph.D. students are selected on the basis of outstanding demonstrated potential and scholarship. Applicants must hold the appropriate prerequisite degrees from recognized institutions of high standing. After substantial preparation, Ph.D. candidates work under the supervision of faculty advisors. The process involves extended immersion in a research atmosphere and culminates in the production of original research results presented in a dissertation. The graduate program is hosted by the Department of Materials Science and Engineering (MSE) and is interdisciplinary. Current research programs include nanomaterials, nanostructures, nanoelectronics, nanodevices, nanocharacterization, device/system packaging materials, materials for fuel cells and related alternative energy systems, biocompatible materials, soft materials such as biological materials and polymeric materials, electronic and photonic materials, hybrid materials, interfacial engineering of materials, computational materials science, and multifunctional materials.",,https://grad.uci.edu/admissions/degree-programs/,,,,FALSE,False,,,,,,,,,,,,,,,,,,,,,False,False,,,,,,,7,,,,,80,,,,,,,,,,,,,,FALSE,,,FALSE,FALSE,,,
,Master of Science in Mechanical and Aerospace Engineering,,,,,Graduate,Fall 2026,,,,,,,,,,,True,True,,,,,,,,,,,,,,,,,,,,,,,,,,"['dynamics and controls', 'fluid dynamics and propulsion', 'mechanics of materials and structures', 'systems and design', 'thermal and transport sciences']","A graduate program is offered leading to the Master of Science (M.S.) in Mechanical and Aerospace Engineering. A student may select one of two plans of study for the M.S. degree: the thesis option or the comprehensive examination option.

The thesis option requires completion of eight graduate, technical and science courses; the completion of an original research project with a Faculty Advisor and a thesis describing it; and approval of the thesis by a thesis committee. This plan is available for those who wish to gain research experience or as preparation for study toward the doctoral degree. Students must complete 12 units of ENGRMAE 296, 3 units of ENGRMAE 298, and four graduate courses from a restricted list in the selected MAE major area. Additionally, four of the eight required graduate courses must be from the MAE Department.

The comprehensive examination option requires completion of eleven graduate, technical and science courses, plus a comprehensive exam. Students must complete 3 units of ENGRMAE 298 and four graduate courses from a restricted list. Additionally, six of the eleven required graduate courses must be from the MAE Department.

The Mechanical and Aerospace Engineering faculty have special interest and expertise in five thrust areas: dynamics and controls; fluid dynamics and propulsion; mechanics of materials and structures; systems and design; and thermal and transport sciences.",,https://grad.uci.edu/admissions/degree-programs/,,,,FALSE,False,,,,,,,,,,,,,,,,,,,,,False,False,,,,,,,,,,,,,,,,,,,,,,,,,,FALSE,,,FALSE,FALSE,,,
,PhD in Mechanical and Aerospace Engineering,,,,,Doctoral,Fall 2026,,,,,,,,,,,True,True,,,,,,,,,,,,,,,,,,The Henry Samueli School of Engineering,,,,,,,,,"The doctoral program in Mechanical and Aerospace Engineering is tailored to the individual needs and background of the student. The detailed program of study for each Ph.D. student is formulated in consultation with a Faculty Advisor who takes into consideration the objectives and preparation of the candidate. Within this flexible framework the Department maintains specific guidelines that outline the milestones of a typical doctoral program. All doctoral students should consult the Departmental Ph.D. guidelines for program details, but there are several milestones to be passed: admission to the Ph.D. program, the Qualifying Examination, advancement to candidacy, and the dissertation defense. The Mechanical and Aerospace Engineering faculty have special interest and expertise in five thrust areas: dynamics and controls; fluid dynamics and propulsion; mechanics of materials and structures; systems and design; and thermal and transport sciences. [2]",,https://grad.uci.edu/admissions/degree-programs/,,,,FALSE,False,,4.0,3.0,,,,,,,,,,,,,,,,,,False,False,,,,,,,,,,,,,,,,,,,,,,,,,"Fellowships, Teaching Assistantships, Research Assistantships",FALSE,,,FALSE,FALSE,,,
,Master of Science in Software Engineering,,,,,Graduate,Fall 2026,,,,,,,,,,,True,True,,,,,,,,,,,,,,,,,,Donald Bren School of Information and Computer Sciences,$100 (departmental fee per course) + per-unit fees,$100 (departmental fee per course) + per-unit fees. [23],,,,,,,"Software engineering is the application of a systematic, disciplined, quantifiable an pproacheto to the development, operation, and maintenance of software; that is, the application of engineering to software. It is an interdisciplinary field of study that bridges the boundaries of computer science, engineering, mathematics, and behavioral science. The M.S. Software Engineering (MSSE) program at UC Irvine is a heavily research-oriented program aimed at students with a computer science (or related) bachelor's degree, who may or may not have been out in the workforce already, and who seek to build a strong background in software engineering.",,https://grad.uci.edu/admissions/degree-programs/,,,,FALSE,False,8,4.0,3,,,,,,,,,,,,,,,,,,False,False,,,,,,,,,,,,,,,,,,,,,,,,,Fellowships. [15],FALSE,,,FALSE,FALSE,,,
,PhD in Software Engineering,,,,,Doctoral,Fall 2026,,,,,,,,,,,True,True,,,,,,,,,,,,,,,,,,Donald Bren School of Information and Computer Sciences,"For the 2024-2025 academic year, the estimated annual tuition and fees for a full-time graduate student are $14,827 for California residents and $29,929 for non-residents. [29] This does not include a $100 departmental fee per course for the Donald Bren School of Information and Computer Sciences. [30]","$12,762 for in-state and $27,864 for out-of-state students per year (2024-25), with additional fees of $2,065. [29]",,,,,,,,,https://grad.uci.edu/admissions/degree-programs/,,,"For the 2025-2026 academic year, the per-unit fee for graduate-level courses is $441. [30] A typical graduate course is 4 units.",FALSE,False,8,4.0,3.5,,,,,,,,,,,,,,,,,,False,False,,,,,,,,,,,,,,,,,,,,,,,,,"The Donald Bren School of Information and Computer Sciences offers fellowships for Ph.D. students, such as the Bob & Barbara Kleist Endowed Graduate Student Award and the ICS Innovation Fellowship. [31] Students may also be eligible for federal student aid, including loans and work-study programs.",FALSE,,,FALSE,FALSE,,,
,Master of Science in Computer Science,,,,,Graduate,Fall 2026,,,,,,,,,,,True,True,,,,,,,,,,,,,,,,,,Donald Bren School of Information and Computer Sciences,,,,,,,,,,,https://grad.uci.edu/admissions/degree-programs/,,,,FALSE,False,,4.0,3,,,,,,,,,,,,,,,,,,False,False,,,,,,,,,,,,,,,,,,,,,,,,,"Fellowships, Teaching Assistantships, Research Assistantships",FALSE,,,FALSE,FALSE,,,
,PhD in Computer Science,,,,,Doctoral,Fall 2026,,,,,,,,,,,True,True,,,,,,,,,,,,,,,,,,,,,,,,,,,,,https://grad.uci.edu/admissions/degree-programs/,,,,FALSE,False,,,,,,,,,,,,,,,,,,,,,False,False,,,,,,,,,,,,,,,,,,,,,,,,,,FALSE,,,FALSE,FALSE,,,
,Master of Science in Informatics,,,,,Graduate,Fall 2026,,,,,,,,,,,True,True,,,,,,,,,,,,,,,,,,,,,,,,,,,,,https://grad.uci.edu/admissions/degree-programs/,,,,FALSE,False,,,,,,,,,,,,,,,,,,,,,False,False,,,,,,,,,,,,,,,,,,,,,,,,,,FALSE,,,FALSE,FALSE,,,
,PhD in Informatics,,,,,Doctoral,Fall 2026,,,,Optional,Required,,,"The Informatics Ph.D. program at UC Irvine is designed for students with diverse backgrounds, though preference is often given to those with technical or social science degrees. The curriculum emphasizes research from the outset, encouraging students to engage with multiple faculty members to gain broad exposure to various facets of informatics. Key research areas include human-computer interaction, computer-supported cooperative work, ubiquitous computing, and medical informatics, among others. [15, 13] The program structure includes a core set of classes that cover both classic and contemporary topics in the field. [13] All aspects of the application are considered, including the personal statement, letters of recommendation, and any supplementary materials provided. [10]",Optional,,False,True,,,,,,,,,,,,,,,,,,,,,,,,,,,,,https://grad.uci.edu/admissions/degree-programs/,,,,FALSE,True,,,,,,,,,,,,,,,,,,,,,False,False,,,,,,,,,,,,,,,,,,,,,,,,,,FALSE,,,FALSE,FALSE,,,
,Master of Computer Science,,,,,Graduate,Fall 2026,,,,,,,,"Applicants must provide the following: Official transcripts from each college or university attended. An official English translation is required from international students. [2] Typical undergraduate preparation for this program will include degrees in computer science, computer engineering or electrical engineering. Applicants from other sciences, engineering or business will be considered if they demonstrate sufficient computer science preparation. [2] Students should have the following: A year of programming instruction or equivalent or better professional experience. Python, C++ or Java are preferred. [2]",Not Required,,False,False,,,,,,,,,,,,,,,,,,Donald Bren School of Information and Computer Sciences,"$54,900 for the entire program, or an estimated annual cost of $43,920 for the 2023-2024 academic year. [21]",,,,,,,,,,https://grad.uci.edu/admissions/degree-programs/,,,$1247.73/unit,FALSE,True,,4.0,3,,,,,,,,,,,,,,,,,,False,False,,,,,,,,,,,,,,,,,,,,,,,"Various fellowships are available, such as the Steckler Family Endowed Fellowship with a $10,000 quarterly stipend and another with an $8,000 stipend. [32]",,"Fellowships are available based on academic merit, financial need, and/or their contribution to strengthening the program's commitment to diversity. [29]",FALSE,,,FALSE,FALSE,,,
,Master of Data Science,,,,,Graduate,Fall 2026,,,,Required,Required,,,"Applicants for admission must have completed a bachelor's degree from an accredited institution. Candidates are evaluated on their academic record and potential for success as demonstrated in the submitted application materials. Application materials include a Personal History Statement, a Statement of Purpose, three letters of recommendation, and unofficial transcripts. Applicants must also submit a supplemental document listing completed coursework in Computer Science, Mathematics, and Statistics, which should include the course title, number, and grade. Minimum prerequisite coursework includes one computer programming course (preferably C++ or Python), three courses in Calculus, one course in Linear Algebra, and one course in Introductory Probability and Statistics. [9]",Not Required,,True,False,,,,,,,,,,,,,,,,,,Donald Bren School of Information and Computer Sciences,,,,,,,,,,,https://grad.uci.edu/admissions/degree-programs/,,,,FALSE,True,,4.0,3,,,,,,,,,,,,,,,,,,False,False,,,,,,,,,,,,,,,,,,,,,,,,,"Merit-based, Need-based",FALSE,,,FALSE,FALSE,,,
,Master of Embedded and Cyber-Physical Systems,,,,,Doctoral,Fall 2026,,,,Optional,Required,,," applicants must have a bachelor's degree in computer engineering, computer science or electrical engineering. Students from other disciplines are also considered for admission if they can demonstrate sufficient background in the basics of embedded systems. Undergraduate G.P.A. must be 3.0 or better on a 4.0 scale; TOEFL Exam (applies to International applicants) minimum score of 80 or other evidence of English language proficiency; GRE scores: The GRE exam is not required and will not be reviewed for this Admission cycle. [1]",Not Required,,True,False,,,,,,,,,,,,,,,,,,,,,,,,,,,"The Master of Embedded and Cyber-Physical Systems (MECPS) program's goal is to train students in the foundation, skills, and practices of embedded and cyber-physical systems design, optimization, and evaluation. [1] The program is administered by faculty from two academic units: the Donald Bren School of Information and Computer Sciences, and the Henry Samueli School of Engineering. [1] Cyber-Physical Systems (CPS) are described as systems-of-systems that tightly couple their cyber (i.e. computation, communication, and control), and physical components (sensing and actuation) in applications such as automotive and transportation, manufacturing, power distribution grid, medical and healthcare, robotics, civil infrastructure, and avionics. [1] The curriculum focuses on the foundation, skills, and hands-on practices of embedded computer and cyber-physical systems design, optimization, and evaluation. [2] Coursework includes foundational courses with lectures and laboratory, and project courses leading to a final project, emphasizing topics like embedded computer systems (hardware and software), sensor networks, real-time systems, artificial intelligence, machine learning, security, control, and entrepreneurship. [2]",,https://grad.uci.edu/admissions/degree-programs/,,,,FALSE,True,,,,,,,,,,,,,,,,,,,,,False,False,,,,,,,,,,,,,,,,,,,,,,,,,,FALSE,,,FALSE,FALSE,,,
,Master of Human Computer Interaction and Design,,,,,Graduate,Fall 2026,,,,,,,,"The University of California, Irvine (UCI) does not specify a single set of general, institute-level application requirements for all graduate programs. Application requirements are determined by each individual graduate program. Therefore, prospective students should consult the specific department or program to which they are applying for a detailed list of required materials.",,,False,False,,,,,,,,,,,,,,,,,,,,,,,,,,,"This is a professional degree that prepares students to be the leaders of the future in human-computer interaction, user experience design and research, product management, and more. This degree should be undertaken by early and mid-career professionals and executives looking to take the next step in their careers. [4] Building on strengths across numerous schools on campus, the MHCID program educates designers, researchers, and developers to not only use a variety of key skills, tools, and approaches but to invent next-generation solutions to complex real-world challenges. [5] Students will attend in-person intensives on the beautiful UC Irvine campus in Orange County, California, as well as courses online. [5] Graduates of MHCID will be prepared for a variety of careers, including: user experience (UX) research and design systems analysis. design research. project management. usability evaluation. web development, and more. [5]",,https://grad.uci.edu/admissions/degree-programs/,,,,FALSE,False,,,,,,,,,,,,,,,,,,,,,False,False,,,,,,,,,,,,,,,,,,,,,,,,,,FALSE,,,FALSE,FALSE,,,
,Master of Software Engineering,,,,,Graduate,Fall 2026,,,,Optional,Required,,,"Applicants must have a bachelor's degree (in any field) or equivalent. Applicants are also expected to have proficiency in written and spoken English, knowledge of data structures (such as lists, arrays, trees, and associative arrays), and demonstrated proficiency in any two general-purpose programming languages. [1]",Optional,,True,True,,,,,,,,,,,,,,,,,,Donald Bren School of Information and Computer Sciences,"$48,160.00/Year","$12,040.00/Quarter",,,,,,,"The Master of Software Engineering (MSWE) is a professionally oriented, programming-intensive program designed to prepare students from diverse backgrounds for successful careers in software engineering. [1] The program consists of four thrusts: (1) programming breadth, provided by a set of courses whose purpose is to solidify and broaden the students' knowledge of the computing landscape through programming; (2) software engineering principles, introduced via a set of courses covering the fundamental technical knowledge in software engineering; (3) professional development, covered by courses discussing topics related to career and professional development; and (4) practice, included pervasively throughout the program and emphasized strongly by courses focused on practical applications of the principled material in the program. [9] The 15-month, full-time program includes intensive programming exercises, a summer internship, and a capstone project in the final quarter where students design and implement a substantial software system. [1, 4] The curriculum covers essential computer science and modern software engineering practices, including AI for Software Engineering (AI4SE) tools and Software Engineering for AI (SE4AI) systems, alongside intensive training in programming, designing and contributing to larger systems, and delivering quality code. [2]",,https://grad.uci.edu/admissions/degree-programs/,,,,FALSE,False,8,4.0,3.0,,,,,,,,,,,,,,,,,,False,False,,,,,,,,,,,,,,,,,,,,,,,,,Fellowships,FALSE,,,FALSE,FALSE,,,
,Master of Science in Networked Systems,,,,,Graduate,Fall 2026,,,,Not Required,Required,,,"Applicants are evaluated on the basis of prior academic record and potential for creative research and teaching, as demonstrated in their application materials including official university transcripts, letters of recommendation, and statement of purpose. [1] Applicants who do not hold a bachelor's degree in Computer Science, Computer Engineering, or Electrical Engineering may be required to take supplementary course work to obtain and demonstrate sufficient background in the field. [1]",Not Required,,True,False,,,,,,,,,,,,,,,,,,Donald Bren School of Information and Computer Sciences and The Henry Samueli School of Engineering,"$14,310.21 per year (in-state), $29,412.21 per year (in-state, including professional degree supplemental tuition), or $26,512.21 per year (out-of-state)","$14,310.21 per year (in-state), $29,412.21 per year (in-state, including professional degree supplemental tuition), or $26,512.21 per year (out-of-state)",,,,,,,,,https://grad.uci.edu/admissions/degree-programs/,,,,FALSE,True,,4.0,3,,,,,,,,,,,,,,,,,,False,False,,,,,,,,,,,,,,,,,,,,,,,,,"Fellowships, Assistantships, and financial aid opportunities such as loans and grants are available.",FALSE,,,FALSE,FALSE,,,
,PhD in Networked Systems,,,,,Doctoral,Fall 2026,,,,,,,,,,,True,True,,,,,,,,,,,,,,,,,,,,,,,,,,"The program offers concentration courses in networks, performance, middleware, and communications, but does not list specific, formally named concentrations. [1, 2]","The PhD in Networked Systems program at the University of California, Irvine provides education and research opportunities in the fields of computer and telecommunication networks. [1, 2] This includes a wide range of systems such as the Internet, cellular networks, cable television networks, and other emerging networks. [1] The program is inherently interdisciplinary, spanning traditional departmental boundaries by uniting the strengths of the Department of Computer Science and the Department of Electrical Engineering and Computer Science. [1] Students in the program take core courses that form a foundation in networking topics, as well as breadth and concentration courses. [1, 2] Breadth courses can be selected from various computer science and engineering topics, while concentration courses are available in areas like networks, performance, middleware, and communications. [1, 2]",,https://grad.uci.edu/admissions/degree-programs/,,,,FALSE,False,,,,,,,,,,,,,,,,,,,,,False,False,,,,,,,,,,,,,,,,,,,,,,,,,,FALSE,,,FALSE,FALSE,,,
,Master of Science in Statistics,,,,,Graduate,Fall 2026,,,,,,,,,,,False,False,,,,,,,,,,,,,,,,,,Donald Bren School of Information & Computer Sciences,,,,,,,,,,,https://grad.uci.edu/admissions/degree-programs/,,,,FALSE,False,,4.0,3,,,,,,,,,,,,,,,,,,False,False,,,,,,,,,,,,,,,,,,,,,,,,,,FALSE,,,FALSE,FALSE,,,
,PhD in Statistics,,,,,Doctoral,Fall 2026,,,,Required,Required,,,"Undergraduate preparation in statistics, mathematics, and computing should include multivariate calculus (the equivalent of UCI courses MATH 2A-MATH 2B, MATH 2D-MATH 2E), linear algebra (MATH 121A), elementary analysis (MATH 140A-MATH 140B), introductory probability and statistics (STATS 120A-STATS 120B-STATS 120C), and basic computing (I&C SCI 31). [13] For students with undergraduate majors outside of mathematics and statistics, it is possible to make up one or two missing courses during the first year in the program. [13]",Not Required,,True,False,False,False,False,False,,False,False,False,False,False,False,False,False,False,,,,,,,,,,,,,,,https://grad.uci.edu/admissions/degree-programs/,,,,FALSE,True,,,,,,,,,,,,,,,,,,,,,False,False,,,,,,,,,,,,,,,,,,,,,,,,,,FALSE,,,FALSE,FALSE,,,
,Master of Arts in Education,,,,,Graduate,Fall 2026,,,,,,Optional,REQUIRED,,,,False,False,False,False,False,False,,True,False,False,False,False,True,True,False,False,,,,School of Education,,,,,,,,,,,https://grad.uci.edu/admissions/degree-programs/,,,,FALSE,False,,,3,,,,,,,,,,,,,,,,,,False,False,,,,,,,7,,,,,80,,,,,,,,,,,,,,FALSE,,,FALSE,FALSE,,,
,PhD in Education,,,,,Doctoral,Fall 2026,,,,Required,Required,,REQUIRED,"Applicants must have completed a bachelor's degree with a grade point average of at least 3.0 and have prior course work or background related to the area for which they express interest. [12] Applicants are required to submit a UCI application, transcripts, a statement of purpose, a personal statement, CV or resume, a writing sample, and three letters of reference. [12] General GRE scores are not required. [12]",Required,,True,False,False,False,False,False,,,,,,,,,False,False,,,,School of Education,,"$15,595",,,,,,"['Human Development in Context (HDIC)', 'Educational Policy and Social Context (EPSC)', 'Teaching, Learning, and Educational Improvement (TLEI)']","The Ph.D. in Education Program at the UCI School of Education is a multidisciplinary program that aims to provide students with the skills and research opportunities to become theory-driven, transformative scholar advocates. [2] The program focuses on advancing educational sciences and improving educational opportunities and outcomes for individuals across their entire lifespan. [2] Students collaborate with world-class faculty and have access to numerous research opportunities in a diverse county, allowing them to address complex societal issues and inequities in education. [2] The program is designed for individuals who want to pursue research and careers in academia, the non-profit sector, or governmental agencies with a focus on improving educational practices and policies for social equity. [3] It seeks applicants from varied backgrounds with the potential to become outstanding scholars and researchers in the field of education. [4] The program also aims to foster an inclusive learning environment for students to develop into advocates for equity, diversity, and social justice. [2]",,https://grad.uci.edu/admissions/degree-programs/,"UC Irvine is accredited by the Western Association of Schools and Colleges, Senior College and University Commission (WSCUC). [13] The official website does not mention a separate, discipline-specific accreditation for the PhD in Education program. [14]",,,FALSE,False,,4.0,3,,,,,,,,,,,,,,,,,,False,False,,,,,,,,,,,,,,,,,,,,,,,,,,FALSE,,,FALSE,FALSE,,,
,Master of Arts in Teaching,,,,,Graduate,Fall 2026,,,,Not Required,Required,,,"A completed online application with personal history and statement of purpose, a baccalaureate degree from a regionally accredited institution with at least a 3.0 GPA, transcripts from all institutions attended since high school, three letters of recommendation, a Certificate of Clearance issued by the California Teaching Commission (CTC), and fulfillment of the Subject Matter Requirement (e.g., CSET). [8, 9, 10]",Not Required,,True,False,False,False,False,False,,False,False,False,False,False,False,False,False,False,,,,,,,,,,,,"['MAT with Single Subject Credential (Art, English, Math, Sciences, Social Sciences & World Language)', 'MAT with Multiple Subject Credential']","The Master of Arts in Teaching + Credential (MAT) program at the University of California, Irvine (UCI) enables students to earn a master's degree and either a single or multiple subject teaching credential in 14 months. [3] The program includes a yearlong school site apprenticeship, allowing teacher candidates to apply teaching practices and theories from their coursework in a real-world setting. [3] The MAT with Single Subject Credential prepares individuals to teach one of six subject areas in a middle or high school, while the MAT with Multiple Subject Credential prepares them for all subjects within an elementary school curriculum. [3] The curriculum is structured around five core commitments: Equity, Inclusion and Social Justice; Understanding Learners and Learning; Teaching and Learning in the Content Areas; Learning from Practice; and Leadership. [4]",,https://grad.uci.edu/admissions/degree-programs/,The UCI School of Education's Master of Arts in Teaching + Credential program has received full accreditation for a seven-year cycle from the California Commission on Teacher Credentialing (CTC). [5],,,FALSE,False,,,,,,,,,,,,,,,,,,,,,False,False,,,,,,,,,,,,,,,,,,,,,,,,,,FALSE,,,FALSE,FALSE,,,
,Master of Science in Biomedical and Translational Science,,,,,Graduate,Fall 2026,,,,Required,Required,Not Required,REQUIRED,"Faculty evaluate applicants to the program on the basis of grades, previous course work, letters of recommendation, other relevant qualifications, and experience. [2] Applicants should have successfully completed a B.S. degree or equivalent. [2]",,,True,False,False,False,False,False,,True,False,False,False,False,True,False,False,False,,,,,,,,,,,,"Additional fields of emphasis may be added, as per the individual needs of the student, including Molecular Medicine, focusing on the molecular mechanisms and molecular physiology of human disease and Population Medicine, focusing on the application of epidemiologic research and research methods and findings to clinical practice. [2]","The aim of the M.S.-BATS program is to train students in the conduct of high-quality multidisciplinary clinical research at the intersection of basic science and clinical medicine. [2] The program is designed for students from varying levels of training, including medical students, residents, fellows, physicians, nurses, and others who are interested in conducting clinical research to maximize interdisciplinary communication and understanding sufficient to carry out high-quality clinical research. [2] It provides training in core competencies required to conduct clinical research including study design reflecting the breadth and complexity of clinical research applications, critical appraisal of multidisciplinary research literature, conduct and management of clinical research, medical statistics, research ethics, and the leadership of multidisciplinary research teams. [2] Students who successfully complete the program receive the M.S. degree in Biomedical and Translational Science. [2]",,https://grad.uci.edu/admissions/degree-programs/,,,,FALSE,True,,,,,,,,,,,,,,,,,,,,,False,False,,,,,,,,,,,,100,,,,,,,,,,,,,,FALSE,,,FALSE,FALSE,,,
,Doctor of Nursing Practice,,,,,Doctoral,Fall 2026,,,,Required,Required,,REQUIRED,"Applicants for the DNP - Family Nurse Practitioner track must have earned a bachelor's or master's degree in nursing from an accredited program, hold an active, unrestricted California RN license, and have at least one year of full-time work experience as a registered nurse in the U.S. prior to the start of the program. [12, 14, 16] For the Post-Master's D.N.P. track, applicants must have a master's degree in nursing and an active, unrestricted RN license in the state where practicum work will occur. [12, 16] All applicants are required to have completed a course in descriptive and inferential statistics with a grade of B or better within five years of admission. [12, 14, 16] A complete application file includes the application form, official transcripts, one letter of recommendation, a resume or curriculum vitae, a personal history statement, and a statement of purpose. [12, 16] A personal interview is also required for all applicants considered for admission. [12]",Not Required,,True,False,False,False,False,False,,True,,,,False,True,,False,False,,,,Sue & Bill Gross School of Nursing,"$40,884.00/Year",,,,,,,,,,https://grad.uci.edu/admissions/degree-programs/,,,,FALSE,False,,4.0,3,,,,,,,,,,,,,,,,,,False,False,,,115.0,,,,7.0,,,,,80,,,,,,,,,,,"$10,000",,"Doctor of Nursing Practice Scholarship, Dolores DeSoto Grunigen Nursing Endowment, Hien “Cathy” Nguyen Scholarship Alumni Chapter Scholarship, Leslie Ann Ferree Memorial Endowment supporting DNP students, UC Nurse Fellowship",FALSE,,,FALSE,FALSE,,,
,Master of Science in Nursing Science,,,,,Graduate,Fall 2026,,,,Required,Required,Not Required,REQUIRED,A non-nursing baccalaureate from a regionally accredited institution. Must be completed by December 31st preceding the program start date. Transcript must have degree conferral date. Degree standards must be equivalent to that of the University of California. A cumulative GPA of 3.0 or higher in your Bachelors degree. Completion of all of the prerequisite courses listed on the website with a letter grade of C or higher.,Not Required,,True,False,False,False,False,False,,True,False,False,False,False,True,False,False,False,,,,Sue and Bill Gross School of Nursing,,,,,,,,,,,https://grad.uci.edu/admissions/degree-programs/,,,,FALSE,False,,4.0,,,,,,,,,,,,,,,,,,,False,False,,,,,,,"7 for admission, with a score of no less than 6 on any individual module. [4, 7]",,,,,80,,,,,,,,,,,,,,FALSE,,,FALSE,FALSE,,,
,PhD in Nursing Science,,,,,Doctoral,Fall 2026,,,,Required,Required,Not Required,REQUIRED,"A complete application includes a statement of purpose, two samples of scholarly work (which can be any combination of publications, thesis or a portion thereof, and/or major research papers), and a Curriculum Vitae. [2] Eligibility requirements include a BS or MS degree in nursing, an active RN license, a cumulative undergraduate GPA of 3.2 or higher and a cumulative graduate GPA of 3.5 or higher, and a completed undergraduate or graduate statistics course within 5 years of starting the program with a grade of B or higher. [2]",Required,,True,False,False,False,False,False,,True,False,False,False,False,True,False,False,False,,,,Sue & Bill Gross School of Nursing,"$15,595 per year for residents, plus an additional $15,102 for non-residents","$15,595 per year for residents. Non-residents pay an additional $15,102 in supplemental tuition. [33]",,,,,,,,,https://grad.uci.edu/admissions/degree-programs/,,,,FALSE,False,,4.0,3,,,,,,,,,,,,,,,,,,False,False,,,,,,,7,,,,,80,,,,,,,,,,,,,Guaranteed funding for the first four years,FALSE,,,FALSE,FALSE,,,
,Master of Science in Pharmacological Sciences,,,,,Graduate,Fall 2026,,,,,,Not Required,REQUIRED,,,,True,True,False,False,False,False,,True,False,False,False,False,True,False,False,False,,,,,,,,,,,,,"UC Irvine's Master of Science in Pharmacology (MSP) program is a two-year, 100% online degree program that equips students with advanced scientific literacy and a robust foundation in pharmacology, drug discovery and development processes, and experimental data analysis. [2, 7, 9] This program is best suited for working professionals in the pharmaceutical industry and related fields who are seeking an advanced degree while working full-time. [2, 9] The program provides a comprehensive introduction to experimental techniques and model systems used in pharmacological research, equipping students with the skills needed for effective experimental design and data analysis. [8] Students will examine pharmacological principles, including the molecular, cellular, integrative, and clinical aspects of pharmacology. [8] The program consists of 13 required courses (39 units) to be completed sequentially over two years of study (six quarters). [3, 7] A Master of Science in Pharmacology can pave the path for a career in pharmaceutical research and development (R&D), regulatory affairs, clinical research, or academia. [2, 7, 9]",,https://grad.uci.edu/admissions/degree-programs/,,,,FALSE,False,,,,,,,,,,,,,,,,,,,,,False,False,,,,,,,7,,,,,80,,,,,,,,,,,,,,FALSE,,,FALSE,FALSE,,,
,PhD in Pharmacological Sciences,,,,,Doctoral,Fall 2026,,,,,Required,Not Required,REQUIRED,"An MS degree is not required for consideration. [3] However, research experience (laboratory or fieldwork) is a primary criterion for acceptance into our graduate programs. [3] Some biology and chemistry courses are required. [3] However, because we are an interdisciplinary program, we admit students from various academic backgrounds, so there are no specific course requirements. Applicants recently admitted to our program have undergraduate degrees in a wide range of disciplines, including molecular biology, psychology, and chemical engineering, as well as chemistry and biology. [3] Minimum cumulative undergraduate GPA of 3.0. [3] Applicants are required to submit: An official online application including the application fee ($135 for domestic applicants, i.e. US citizens and permanent residents and $155 for international applicants); For application review purposes only, scan and upload copies of transcripts for all institutions attended since high school. [3] In the online application, you will be prompted to upload your scanned documents. [3] A Statement of Purpose – must include your specific research interest and three possible research advisors you would be interested in working with. [3] Three letters of recommendation – uploaded to the online application by your recommender. [3]",Not Required,,True,False,False,False,False,False,,False,False,False,False,False,True,False,False,False,,,,,,,,,,,,,,,https://grad.uci.edu/admissions/degree-programs/,,,,FALSE,True,,,,,,,,,,,,,,,,,,,,,False,False,,,,,,,,,,,,80,,,,,,,,,,,,,,FALSE,,,FALSE,FALSE,,,
,Doctor of Pharmacy,,,,,Doctoral,Fall 2026,,,,,,Not Required,REQUIRED,"Applicants must meet general requirements of the UC Irvine Graduate Division. A Bachelor's degree is required. Applicants must complete prerequisite courses with a minimum letter grade of 'C'. Applicants must submit applications via the Pharmacy College Application Service (PHARMCAS) and the UCI Graduate Division Application. A preferred cumulative GPA of 3.0 or above is mentioned. Prerequisite courses include General Biology, Biochemistry, Human Physiology, General Chemistry with Lab, Organic Chemistry with Lab, Calculus, Statistics, English/Writing, Macro- or Microeconomics, Psychology OR Sociology, and Public Speaking or Debate. [8, 9]",,,True,False,True,False,False,False,,True,False,False,False,False,True,False,False,False,,,,,,,,,,,,,"The UC Irvine PharmD program is a four-year professional degree program that prepares graduates to be practice-ready pharmacists who are problem solvers, independent lifelong learners, team players, and leaders who will drive transformative changes in the healthcare system. The curriculum is taught by faculty from the Department of Pharmaceutical Sciences and Department of Clinical Pharmacy Practice and delivered using innovative instructional methods and applying evidence-based practices. [3] Key features of the program include a strong foundation of pharmaceutical sciences, biomedical sciences, and clinical sciences integrated throughout the curriculum; interprofessional education within the Susan and Henry Samueli College of Health Sciences; rigorous clinical training at UC Irvine's academic medical center to ensure graduates are ready to work in interprofessional teams; an integrative health approach to treating the whole patient with a wide range of preventive and treatment modalities; and a commitment to serve under-represented populations and advance healthcare equity. [3]",,https://grad.uci.edu/admissions/degree-programs/,"The University of California, Irvine, School of Pharmacy and Pharmaceutical Sciences' Doctor of Pharmacy program is accredited by the Accreditation Council for Pharmacy Education (ACPE), 190 South LaSalle Street, Suite 3000, Chicago, IL 60603, 312/664-3575; FAX 866/228-2631, web site www.acpe-accredit.org. [8, 9] Full Accreditation was approved as of June 24, 2025. [8, 9]",,,FALSE,True,,,,,,,,,,,,,,,,,,,,,False,False,,,115.0,,,,7,,,,,80,,,,,,,,,,,,,,FALSE,,,FALSE,FALSE,,,
,Master of Public Health,,,,,Graduate,Fall 2026,,,,Required,Required,,,"To apply for the online MPH in Populations and Health Sciences, follow the School of Public Health Steps to Apply for an MPH. Your application package will include: Online SOPHAS application. Official Transcripts. Statement of Purpose and Objectives. Reflective Essay (optional) Quantitative Experiences Statement. Resume or CV. Letters of Recommendation. Language Proficiency Requirements (only for applicants whose native language is not English). [1]

Eligible applicants will have:
- 4-year bachelor's degree conferred from a regionally accredited U.S. institution or equivalent (WES ICAP verification for international degrees) It is recommended that applicants have course experience in areas such as Biology, Chemistry, Algebra, and Statistics (or professional experience using similar quantitative skills.)
- At least one year of professional experience in any field. ... 
- Volunteer or work experience (or clearly articulated interest) in a public health-related field.
- English language proficiency. [1]",Optional,,True,False,False,False,False,False,,False,False,False,False,False,False,False,False,False,,,,,,,,,,,,,,,https://grad.uci.edu/admissions/degree-programs/,,,,FALSE,False,,,,,,,,,,,,,,,,,,,,,False,False,,,,,,,,,,,,,,,,,,,,,,,,,,FALSE,,,FALSE,FALSE,,,
,Master of Science in Public Health,,,,,Graduate,Fall 2026,,,,Not Required,Not Required,,,"Only students in our existing Public Health PhD program who determine that the PhD track is not fit for them, or due to extenuating circumstances are not able to continue toward the PhD would be able to earn the MS Public Health degree. Students cannot apply to the M.S. program. [11]",Not Required,,True,False,False,False,False,False,,False,False,False,False,False,False,False,False,False,,,,Joe C. Wen School of Population and Public Health,"$9,499.99/Quarter (California Resident), $13,581.99/Quarter (Non-Resident) for the 2023-24 academic year. [6]","$9,499.99/Quarter (California Resident), $13,581.99/Quarter (Non-Resident) for the 2023-24 academic year. [6]",,,,,,,,,https://grad.uci.edu/admissions/degree-programs/,,,,FALSE,False,,4.0,3.0,,,,,,,,,,,,,,,,,,False,False,,,,,,,,,,,,,,,,,,,,,,,,,"Fellowships, grants, loans, and teaching/research assistantships are available. Scholarships are awarded based on academic merit, financial need, community activities, and work experience. [13, 14, 17]",FALSE,,,FALSE,FALSE,,,
,PhD in Public Health,,,,,Doctoral,Fall 2026,,,,,Required,,,"To be eligible to apply to the PhD, an applicant must meet the minimum academic requirements: General requirements for admission to graduate study are that the applicant hold the degree of Bachelor of Arts, Letters, Philosophy, or Science (or an acceptable equivalent) from an accredited academic institution with degree standards equivalent to those of the University of California. A minimum undergraduate grade point average of at least B (3.0 on a 4.0 scale) is required. Applicants must submit both the UCI Application for Graduate Admission and the School of Public Health Application Service (SOPHAS) application in order to be considered for admission. Evaluations of applicant files for admission to the Ph.D. program will consist of an assessment of transcripts of previous academic work, statement of purpose, letters of recommendation, and other relevant qualifications. [18]",Not Required,,True,False,,,,,,,,,,,,,,,,,,Joe C. Wen School of Population and Public Health,,,,,,,,"['Global Health', 'Disease Prevention', 'Biobehavioral Mechanisms of Health']","The distinct mission of the Ph.D. in Public Health is to train graduate students to conduct original research on the determinants of health status of populations, and the translation of such knowledge to improve health and prevent disease and disability. Graduates of the Ph.D. program will be prepared for independent and collaborative research careers, and to teach at advanced levels of instruction. Students who complete the research training program will create new knowledge through a deep understanding of the theoretical underpinnings of public health challenges, research methods, and their application to contemporary and emerging trends in public health.",,https://grad.uci.edu/admissions/degree-programs/,"The Council on Education for Public Health (CEPH) is an independent agency recognized by the U.S. Department of Education to accredit schools and programs of public health. UC Irvine Public Health was initially accredited as a Program of Public Health in October 2012. In July 2018, CEPH acted to re-accredit. [15] Please note that the Biobehavioral Mechanisms of Health concentration is not yet accredited by the Council on Education for Public Health. [5]",,,FALSE,True,8,4.0,3.0,,,,,,,,,,,,,,,,,,False,False,,,,,,,,,,,,,,,,,,,,,,,,,"Fellowships, teaching assistantships, research assistantships and faculty training grants. [13]",FALSE,,,FALSE,FALSE,,,
,Master of Science in Medical Science,,,,,Graduate,Fall 2026,,,,,,Not Required,REQUIRED,,,,False,False,False,False,False,False,,True,False,False,False,False,True,False,False,False,,,,,,,,,,,,,,,https://grad.uci.edu/admissions/degree-programs/,,,,FALSE,False,,,,,,,,,,,,,,,,,,,,,False,False,,,,,,,,,,,,100,,,,,,,,,,,,,,FALSE,,,FALSE,FALSE,,,
,Doctor of Medicine,,,,,Doctoral,Fall 2026,,,,Not Required,Required,Not Required,REQUIRED,"To be considered for admission into the UCI School of Medicine, applicants must meet the following requirements. All applicants must complete the American Medical Colleges Application Service (AMCAS) application between June 1-Nov. 1, of the application year for the following year's entering class. A minimum of three years (90 semester units) of undergraduate coursework, including a minimum of one full-time year at an accredited U.S. college or university. Applicants must receive a Bachelor's degree or equivalent from a U.S. accredited college or university by the time of matriculation. All prerequisite courses listed as 'in progress' on the AMCAS application and UCI School of Medicine Secondary Application must be successfully completed by July 15 of the matriculation year. The Medical College Admissions Test (MCAT) must have been taken within the three years preceding June 1 of the application year and no later than Sept. 30 of the application year. [2]",Not Required,,False,False,True,False,False,False,,True,False,False,True,False,True,False,False,False,,,,,,,,,,,,,,,https://grad.uci.edu/admissions/degree-programs/,,,,FALSE,True,,,,,,,,,,,,,,,,,,,,,False,False,,,115.0,,,,7,,,,,80,,,,,,,,,,,,,,FALSE,,,FALSE,FALSE,,,
,Master of Science in Biotechnology,,,,,Graduate,Fall 2026,,,,,,Optional,REQUIRED,,,,False,False,False,False,False,False,,True,False,False,False,False,True,False,False,False,,,,,,,,,,,,,"The Master of Science in Biotechnology Management (MSBTM) at the University of California, Irvine is an interdisciplinary program jointly offered by the Charlie Dunlop School of Biological Sciences, The Paul Merage School of Business, and The Henry Samueli School of Engineering. [1, 2] The program is designed to prepare scientists for leadership roles in biotechnology, pharmaceutical, and biomedical device-based companies by providing advanced training in both biotechnology and business management. [1, 12] The curriculum is a combination of graduate-level science courses, courses with MBA students, and a minimum of two quarters of independent research in a faculty laboratory. [1] Students learn to approach product development challenges by creating business plans and participating in consulting projects. [6] The curriculum also addresses management issues in the biotech industry, such as finance, product development, project management, regulatory affairs, and ethics. [2, 6]",,https://grad.uci.edu/admissions/degree-programs/,"The Paul Merage School of Business, a partner in the MSBTM program, is accredited by the Association to Advance Collegiate Schools of Business (AACSB). [3, 4, 9]",,,FALSE,False,,,,,,,,,,,,,,,,,,,,,False,False,,,,,,,,,,,,80,,,,,,,,,,,,,,FALSE,,,FALSE,FALSE,,,
,Master of Science in Ecology and Evolutionary Biology,,,,,Graduate,Fall 2026,,,,,,Not Required,REQUIRED,,,,False,False,False,False,False,False,,True,False,False,False,False,True,False,False,False,,,,,,,,,,,,,,,https://grad.uci.edu/admissions/degree-programs/,,,,FALSE,False,,,,,,,,,,,,,,,,,,,,,False,False,,,,,,,7,,,,,80,,,,,,,,,,,,,,FALSE,,,FALSE,FALSE,,,
,Master of Science in Genetic Counseling,,,,,Graduate,Fall 2026,,,,,,,,,,,False,False,False,False,False,False,,False,False,False,False,False,False,False,False,False,,,,School of Medicine,,,,,,,,,,,https://grad.uci.edu/admissions/degree-programs/,,,,FALSE,False,8,,3.0,,,,,,,,,,,,,,,,,,False,False,,,,,,,,,,,,,,,,,,,,,,,,,,FALSE,,,FALSE,FALSE,,,
,"Master of Science in Mathematical, Computational, and Systems Biology",,,,,Graduate,Fall 2026,,,,,Required,Not Required,REQUIRED,"Applicants are evaluated on the basis of their prior academic record and their potential for creative research and teaching, as demonstrated in submitted application materials. [4] Application materials include official university transcripts, three letters of recommendation, a Statement of Purpose, and a Personal History Statement. [4, 5] Applicants are expected to hold a Bachelor's degree in one of the Science, Technology, Engineering, and Mathematics (STEM) fields. [10] The curriculum is designed for students who have had mathematical training comparable to a standard one-year university-level calculus course and a lower-division university course in elementary differential equations and linear algebra. [5] Exceptional students not meeting these prerequisites may be admitted on the condition that they fulfill these requirements during the first fall quarter or the preceding summer. [5]",Not Required,,True,False,False,False,False,False,,True,False,False,False,False,True,False,False,False,,,,"Center for Complex Biological Systems (participating departments include Biomedical Engineering, Biological Chemistry, Computer Science, Developmental and Cell Biology, Ecology and Evolutionary Biology, Mathematics, Microbiology and Molecular Genetics, Molecular Biology and Biochemistry, Chemistry, and Physics)",,,,,,,,,"The graduate program in Mathematical, Computational, and Systems Biology (MCSB) is designed to meet the interdisciplinary training challenges of modern biology and function in concert with existing departmental programs (Departmental option) or as an individually tailored program (stand-alone option) leading to a M.S. degree. [5] The degree program provides students with both opportunity for rigorous training toward research careers in areas related to systems biology and flexibility through individualized faculty counseling on curricular needs, and access to a diverse group of affiliated faculty and research projects from member departments. [5]",,https://grad.uci.edu/admissions/degree-programs/,,,,FALSE,True,,,3.0,,,,,,,,,,,,,,,,,,False,False,,,,,,,7,,,,,80,,,,,,,,,,,,,,FALSE,,,FALSE,FALSE,,,
,"PhD in Mathematical, Computational, and Systems Biology",,,,,Doctoral,Fall 2026,,,,Not Required,Required,,,"Applicants are expected to hold a Bachelor's degree in one of the Science, Technology, Engineering, and Mathematics (STEM) fields. [8] Applicants are evaluated on the basis of their prior academic record and their potential for creative research and teaching, as demonstrated in submitted application materials (official university transcripts, letters of recommendation, GRE scores, and statement of purpose). [8]",Not Required,,False,False,False,False,False,False,,False,False,False,False,False,False,False,False,False,,,,"Center for Complex Biological Systems, School of Biological Sciences","During the first year of Ph.D. study, the MCSB program provides complete financial support to admitted students, which includes an annual stipend, as well as full tuition and fee remission, including health benefits.","During the first year of Ph.D. study, the MCSB program provides complete financial support to admitted students, which includes an annual stipend, as well as full tuition and fee remission, including health benefits. [8]",,,,,,,"The graduate program in Mathematical, Computational, and Systems Biology (MCSB) is designed to meet the interdisciplinary training challenges of modern biology and function in concert with existing departmental programs (Departmental option) or as an individually tailored program (stand-alone option) leading to a Ph.D. degree. [3] The goal of the program is to provide students from a variety of educational backgrounds with Ph.D. training suitable for research careers in the nascent field of Systems Biology. [1, 4] The program emphasizes in-depth classroom study, interdisciplinary research rotations, and individualized advising. [1, 4] The degree program provides students with both opportunity for rigorous training toward research careers in areas related to systems biology and flexibility through individualized faculty counseling on curricular needs, and access to a diverse group of affiliated faculty and research projects from member departments. [3] Current member departments include Biomedical Engineering, Biological Chemistry, Computer Science, Developmental and Cell Biology, Ecology and Evolutionary Biology, Mathematics, Microbiology and Molecular Genetics, Molecular Biology and Biochemistry, Chemistry, and Physics. [3]",,https://grad.uci.edu/admissions/degree-programs/,,,,FALSE,True,,,3,,,,,,,,,,,,,,,,,,False,False,,,,,,,,,,,,,,,,,,,,,,,,,,FALSE,,,FALSE,FALSE,,,
,Master of Science in Earth System Science,,,,,Graduate,Fall 2026,,,,Not Required,Required,Not Required,REQUIRED,"Students are admitted to the Ph.D. program only; the master's degree may be awarded upon progress to the Ph.D. [8] Application requirements for the Earth System Science graduate program include an online application, three letters of recommendation, a Statement of Purpose, and a Personal History Statement. [11]",Not Required,,True,False,False,False,False,False,,True,False,False,False,False,True,False,False,False,,,,,,,,,,,,,,,https://grad.uci.edu/admissions/degree-programs/,,,,FALSE,True,,,,,,,,,,,,,,,,,,,,,False,False,,,,,,,7,,,,,80,,,,,,,,,,,,,,FALSE,,,FALSE,FALSE,,,
,PhD in Earth System Science,,,,,Doctoral,Fall 2026,,,,,,Not Required,REQUIRED,,,,True,True,False,False,False,False,,True,False,False,False,False,True,False,False,False,,,,,,,,,,,,,Emphasis at the graduate level is on the Ph.D. degree; the master's degree may be awarded to Ph.D. students after fulfillment of the requirements. [10],,https://grad.uci.edu/admissions/degree-programs/,,,,FALSE,False,,,,,,,,,,,,,,,,,,,,,False,False,,,,,,,7,,,,,80,,,,,,,,,,,,,,FALSE,,,FALSE,FALSE,,,
,Master of Science in Chemistry,,,,,Graduate,Fall 2026,,,,Required,Required,Optional,REQUIRED,"Applicants to the Ph.D. program in Chemistry are expected to submit a Statement of Purpose, a Curriculum Vitae, and a minimum of three letters of recommendation. A Personal History Statement is optional but strongly recommended. [4] Unofficial transcripts from all institutions attended since high school are also required. [4]",Not Required,,True,False,False,False,False,False,,True,,,,True,True,True,False,False,,,,,,,,,,,,,,,https://grad.uci.edu/admissions/degree-programs/,,,,FALSE,True,,,,,,,,,,,,,,,,,,,,,False,False,,,120.0,,,,7,,,53.0,,80,,,,,,,,,,,,,,FALSE,,,FALSE,FALSE,,,
,PhD in Chemistry,,,,,Doctoral,Fall 2026,,,,,,Not Required,REQUIRED,,,,True,True,False,False,False,False,,True,False,False,False,False,True,False,False,False,,,,,,,,,,,,"['Analytical', 'Inorganic', 'Organic', 'Physical']","The PhD a chemistry a se oferi în primul rând un grad de cercetare. Acesta este acordat studenților care au demonstrat competență în planificarea și desfășurarea cercetării originale în domeniul chimiei, au demonstrat o familiaritate largă cu știința chimiei, înțelegere în aplicarea metodei științifice și au dobândit o cunoaștere aprofundată a domeniului lor de specializare. Studenții își construiesc o bază solidă în toate cele patru domenii de bază ale chimiei (analitică, anorganică, organică și fizică) și o cunoaștere aprofundată a domeniului de specializare ales. În prima parte a programului de doctorat, studenții urmează cel puțin un curs formal în fiecare dintre domeniile de bază ale chimiei, așa cum este prezentat în cerințele de curs de mai jos. Cursurile trebuie finalizate cu succes (B- sau mai bine) până la sfârșitul celui de-al treilea semestru. Deoarece cercetarea originală este cerința principală pentru diploma de doctorat, un student își alege un supervizor de cercetare și începe cercetarea înainte de sfârșitul primului an. Studentul și supervizorul de cercetare selectează apoi doi membri ai facultății pentru a servi ca Comitet de Cercetare Doctorală al studentului. Comitetul, în colaborare cu consilierul de cercetare al studentului, preia funcția de consiliere de la comitetul de absolvenți și ghidează activitatea studentului pentru a promova dezvoltarea ca investigator independent. Astfel, în plus față de cercetare, fiecare student trebuie să îndeplinească următoarele cerințe: Serviciu ca asistent didactic; Actualizări regulate ale progresului cu un Comitet de Cercetare al facultății; Un seminar departamental; Susținerea unei propuneri de cercetare originale. Finalizarea unei disertații care raportează lucrări semnificative de calitate publicabilă.",,https://grad.uci.edu/admissions/degree-programs/,,,,FALSE,False,,,,,,,,,,,,,,,,,,,,,False,False,,,,,,,7,,,,,80,,,,,,,,,,,,,,FALSE,,,FALSE,FALSE,,,
,Master of Science in Mathematics,,,,,Graduate,Fall 2026,,,,,,,REQUIRED,,,,True,True,False,False,False,False,,True,,,,False,True,False,False,False,,,,,,,,,,,,,,,https://grad.uci.edu/admissions/degree-programs/,,,,FALSE,False,,,,,,,,,,,,,,,,,,,,,False,False,,,115.0,,,,7,,,,,80,,,,,,,,,,,,,,FALSE,,,FALSE,FALSE,,,
,PhD in Mathematics,,,,,Doctoral,Fall 2026,,,,,,GRE,REQUIRED,"All applicants are required to complete the online application, pay a non-refundable application fee ($135 for U.S. Citizens and lawful U.S. Permanent Residents, and $155 for all other applicants), and upload scanned copies of transcripts from all post-secondary institutions attended. [3] Letters of recommendation are also a required component and must be submitted directly by the recommender. [3]",,,False,True,False,False,True,False,,True,False,False,False,False,True,False,False,False,,,,,,,,,,,,,,,https://grad.uci.edu/admissions/degree-programs/,,,,FALSE,False,,,,,,,,,,,,,,,,,,,,,False,False,,,,,,,7,,,,,80,,,,,,,,,,,,,,FALSE,,,FALSE,FALSE,,,
,Master of Science in Physics,,,,,Graduate,Fall 2026,,,,,,Not Required,REQUIRED,,,,False,True,False,False,False,False,,True,False,False,False,True,True,True,False,False,,,,,,,,,,,,,,,https://grad.uci.edu/admissions/degree-programs/,,,,FALSE,False,,,,,,,,,,,,,,,,,,,,,False,False,,,,,,,7,,,53.0,,80,,,,,,,,,,,,,,FALSE,,,FALSE,FALSE,,,
,PhD in Physics,,,,,Doctoral,Fall 2026,,,,Required,Required,,,"In addition to the online application and application fee, the following are required for all applicants: Transcripts from all institutions attended since high school, and three letters of recommendation. [10] Applicants whose primary language is not English are also required to demonstrate proficiency by taking the Test of English as a Foreign Language (TOEFL) or International English Language Testing System (IELTS). [10]",Not Required,,True,False,,,,,,,,,,,,,,,,,,,,,,,,,,"['Chemical, Applied, and Materials Physics', 'Astronomy and Astrophysics']"," The department offers three graduate programs: a Ph.D. in Physics, a Ph.D. in Physics with a concentration in Chemical, Applied, and Materials Physics (ChAMP), and a Ph.D. in Physics with a concentration in Astronomy and Astrophysics. These degrees are awarded in recognition of demonstrated knowledge of the basic facts and theories of physics and of a demonstrated capacity for independent research. Active programs of research are underway in particle physics, nanophysics, biophysics, medical physics, condensed matter physics, low-temperature physics, plasma physics, gravitational physics, astrophysics, and cosmology. In general, graduate study in the physics Ph.D. program is expected to be a full-time activity.",,https://grad.uci.edu/admissions/degree-programs/,,,,FALSE,True,,,,,,,,,,,,,,,,,,,,,False,False,,,,,,,,,,,,,,,,,,,,,,,,,,FALSE,,,FALSE,FALSE,,,
,"Master of Advanced Study in Criminology, Law and Society",,,,,Graduate,Fall 2026,,,,,,Not Required,REQUIRED,,,,True,True,False,False,False,False,,True,False,False,False,False,True,False,False,False,,,,School of Social Ecology,"$16,687/Year",,,,,,,,"The Master of Advanced Study (M.A.S.) in Criminology, Law and Society, the first online degree program at the University of California, prepares professionals for leadership positions in criminal justice and the legal professions. [1, 2] The curriculum emphasizes theoretical and practical applications central to crime and its control, social policy, and the law. [1, 2] In keeping with one of the main tenets of the School of Social Ecology, students approach topics from a multidisciplinary perspective. [1, 3] This program is ideally suited for professionals interested in obtaining positions in or currently working in the criminal justice or legal fields and who are seeking a graduate degree for career advancement. [1] The program consists of 52 units of course work which is completed sequentially in two years (6 quarters). [1, 12] An optional one-week in-residence introductory course is scheduled right before fall quarter. [1] In lieu of a thesis, students are required to take a capstone course, ""Social Problems, Law and Policy,"" in the winter quarter of the second year of study. [1] In addition to the capstone course, students take two other required courses (CRM/LAW C214: Research Methods and CRM/LAW C215: Statistics) and choose from elective courses to fulfill the remaining 40 units. [1] The M.A.S. is awarded upon completion of 13 courses (52 units). [1]",,https://grad.uci.edu/admissions/degree-programs/,"UC Irvine is fully accredited by the Senior Commission of the Western Association of Schools and Colleges(WSCUC), California's regional accrediting agency. [12]",,,FALSE,False,8,4.0,3,,,,,,,,,,,,,,,,,,False,False,,,,,,,7,,,,,80,,,,,,,,,,,,,Federal Direct Student Loans. [6],FALSE,,,FALSE,FALSE,,,
,"PhD in Criminology, Law and Society",,,,,Doctoral,Fall 2026,,,,,,,REQUIRED,,,,True,True,False,False,False,False,,True,False,False,False,False,True,False,False,False,,,,School of Social Ecology,,,,,,,,"['Asian American Studies', 'Critical Theory Emphasis', 'Graduate Feminist Emphasis', 'Race and Justice Studies Emphasis', 'Program in Law and Graduate Studies (J.D./Ph.D.)']","​​The Ph.D. program in Criminology, Law and Society is ranked #2 in the US News and World Reports rankings. [1] The program focuses on the causes, manifestations, and consequences of crime; the impacts of crime on society; social regulation; the civil justice system; the social and cultural contexts of law; and the interactive effects of law and society. [1] With high-caliber faculty and an interdisciplinary perspective, the program aims to develop students' theoretical and methodological sophistication to prepare them for faculty positions at major universities and colleges or for research, training, and administrative work in the justice system. [1] Students examine issues related to the etiology of crime, the process of changing criminal behavior, social regulation, the civil justice system, and the social and cultural context of law. [6] They gain familiarity with a number of subjects including sentencing; crime rates; modes of modifying criminal behavior; police behavior; policies against hate crimes; race and social inequality; behavior of courts, juries, and regulatory agencies; immigration lawmaking and application; and the interaction among law, culture, and identity. [6]",,https://grad.uci.edu/admissions/degree-programs/,,,,FALSE,False,8,4.0,3,,,,,,,,,,,,,,,,,,False,False,,,,,,,7,,,,,80,,,,,,,,,,,,,Teaching Assistantships and Research Assistantships,FALSE,,,FALSE,FALSE,,,
,Master of Legal and Forensic Psychology,,,,,Graduate,Fall 2026,,,,,,Not Required,REQUIRED,,,,True,True,False,False,False,False,,True,False,False,False,False,True,False,False,False,,,,School of Social Ecology,"$16,284/Year","$16,284/Year",,,,,,,"The Master of Legal and Forensic Psychology (MLFP) is an interdisciplinary program offered in collaboration between the Department of Psychology and the Department of Criminology, Law and Society. [3, 5] It focuses on the intersection of psychology and legal issues, emphasizing the use of psychological principles, theories, and research to better understand legal processes and systems. [3, 5] The curriculum is designed for professionals or recent graduates and integrates facets of psychology, forensics, and the law. [3, 4] Students are immersed in scholarship, theory testing, and public service relevant to individual experiences in legal contexts. [4] The program prepares students for a wide range of careers in academic settings, research institutes, government agencies, and various public and private organizations. [3]",,https://grad.uci.edu/admissions/degree-programs/,WSCUC Accredited with three commendations. [11],,,FALSE,False,,4.0,3.0,,,,,,,,,,,,,,,,,,False,False,,,,,,,7,,,,,80,,,,,,,,,,,,,Program-specific scholarships are available. [19],FALSE,,,FALSE,FALSE,,,
,Master of Public Policy,,,,,Graduate,Fall 2026,,,,,,,,,,,True,True,,,,,,,,,,,,,,,,,,,,,,,,,,,,,https://grad.uci.edu/admissions/degree-programs/,,,,FALSE,False,,,,,,,,,,,,,,,,,,,,,False,False,,,,,,,,,,,,,,,,,,,,,,,,,,FALSE,,,FALSE,FALSE,,,
,PhD in Social Ecology,,,,,Doctoral,Fall 2026,,,,,,,,,,,False,False,,,,,,,,,,,,,,,,,,,,,,,,,,,"The training program that leads to the Ph.D. in Social Ecology allows students to develop- a-tail-ored course of graduate study that draws upon the knowledge of several traditional academic disciplines. The emphases of this training program are in keeping with the academic mission of the School, namely, its emphases on an interdisciplinary approach to theory and research, and the application of research to policy and intervention. Students are encouraged to integrate the diverse theoretical and methodological insights of several disciplines to analyze important psychological, social, legal and environmental problems from a perspective of breadth as well as depth. [1]",,https://grad.uci.edu/admissions/degree-programs/,,,,FALSE,False,,,,,,,,,,,,,,,,,,,,,False,False,,,,,,,,,,,,,,,,,,,,,,,,,,FALSE,,,FALSE,FALSE,,,
,Master of Urban and Regional Planning,,,,,Graduate,Fall 2026,,,,,,,,,,,True,True,,,,,,,,,,,,,,,,,,,,,,,,,,,"The Master of Urban and Regional Planning (M.U.R.P) provides students with a rigorous intellectual foundation and critical analytical skills that prepare them to work in public, private, and non-governmental planning and related fields. [2] The program is fully accredited by the national Planning Accreditation Board and has more than a dozen full-time core faculty. [2] Students gain knowledge of planning problems and practices through a series of courses related to the environmental, economic, and social challenges in Southern California, and the United States, as well as other national contexts. [2] The UCI MURP program does not require a declared area of concentration, which allows students the opportunity to develop as generalists or to focus in specific planning areas. [3] Students may choose from elective courses in topics such as housing and community development, international development planning, environmental planning, transportation planning, and urban design. [2]",,https://grad.uci.edu/admissions/degree-programs/,"The Master of Urban and Regional Planning program is fully accredited by the Planning Accreditation Board (PAB). [3, 4] The PAB has accredited UCI's MURP degree for a seven-year term, the longest term possible, effective January 1, 2022. [4]",,,FALSE,False,,,,,,,,,,,,,,,,,,,,,False,False,,,,,,,,,,,,,,,,,,,,,,,,,,FALSE,,,FALSE,FALSE,,,
,Master of Science in Cognitive Sciences,,,,,Graduate,Fall 2026,,,,,,,REQUIRED,,,,True,True,False,False,False,False,,True,False,False,False,False,True,True,False,False,,,,School of Social Sciences,,"$14,262 (California residents), $29,364 (Non-residents) per year",,,,,,,,,https://grad.uci.edu/admissions/degree-programs/,,,,FALSE,False,8,4.0,3.0,,,,,,,,,,,,,,,,,,False,False,,,,,,,7,,,,,80,,,,,,,,,,,,,"Teaching Assistantship, Research Assistantship, Fellowship",FALSE,,,FALSE,FALSE,,,
,PhD in Cognitive Sciences,,,,,Doctoral,Fall 2026,,,,,,Optional,REQUIRED,,,,True,True,False,False,False,False,,True,False,False,False,False,True,False,False,False,,,,School of Social Sciences,,,,,,,,"The Ph.D. in Cognitive Sciences offers a Concentration in Cognitive Neuroscience. Additionally, a Joint M.S. in Statistics and Ph.D. in Cognitive Sciences Program is available for current students in the Ph.D. program. [6, 9]","The Ph.D. program in Cognitive Sciences at the University of California, Irvine, prepares students for research and teaching careers in academia, industry, and government. [9] The program is known as one of the world's leading centers for mathematically oriented research in cognitive sciences and places a strong emphasis on modern experimental and theoretical research techniques to study the human mind and brain. [9] Students are provided with hands-on research experience and are equipped with sophisticated mathematical and computing skills. [9] The department uses a combination of innovative approaches with modern tools like EEG, fMRI, robotics, computational methods, big data, and Bayesian statistics to study fundamental human abilities such as attention, memory, language, decision making, and problem solving. [6] The program offers research strengths in computational and mathematical cognitive modeling, cognitive neuroscience, visual and auditory perception, attention, development, memory, language, and judgment and decision making. [6] While pursuing their Ph.D., students have the opportunity to earn a master's degree in Cognitive Sciences, Cognitive Neuroscience, or, through a joint program, an M.S. in Statistics. [6, 9]",,https://grad.uci.edu/admissions/degree-programs/,,,,FALSE,False,,,3.0,,,,,,,,,,,,,,,,,,False,False,,,,,,,Overall score of 7 or better; no section below 6; score of 8 or better on the speaking section.,,,,,Overall score of 80 or higher; score of 26 or better on the speaking section.,,,,,,,,,,,,,"fellowships, teaching assistantships, research assistantships",FALSE,,,FALSE,FALSE,,,
,Master of Science in Cognitive Neuroscience,,,,,Graduate,Fall 2026,,,,,Required,,,"The University of California, Irvine, does not offer a direct Master of Science in Cognitive Neuroscience program. However, students admitted to the Ph.D. program in Cognitive Sciences can earn an M.S. in Cognitive Neuroscience. [6] Standard requirements for admission to the Ph.D. program include a statement of purpose, a personal statement, official transcripts of all college coursework, and at least three letters of recommendation. [2] Suitable undergraduate degrees include those in psychology, cognitive science, biology, computer science, mathematics, statistics, engineering, physical sciences, linguistics, philosophy, or related fields. [2] While not a strict requirement for admission, it is highly desirable for applicants to have a background in mathematics equivalent to at least one year of calculus and some knowledge of computer programming. [3]",Not Required,,False,True,False,False,False,False,,False,False,False,False,False,False,False,False,False,,,,,,,,,,,,,,,https://grad.uci.edu/admissions/degree-programs/,,,,FALSE,True,,,,,,,,,,,,,,,,,,,,,False,False,,,,,,,,,,,,,,,,,,,,,,,,,,FALSE,,,FALSE,FALSE,,,
,Master of Arts in Economics,,,,,Graduate,Fall 2026,,,,,,GRE,REQUIRED,,,,True,True,False,False,True,False,,True,False,False,False,False,True,False,False,False,,,,,,,,,,,,,,,https://grad.uci.edu/admissions/degree-programs/,,,,FALSE,False,,,,,,,,,,,,,,,,,,,,,False,False,,,,,,,7,,,,,80,,,,,,,,,,,,,,FALSE,,,FALSE,FALSE,,,
,PhD in Economics,,,,,Doctoral,Fall 2026,,,,,,Optional,REQUIRED,,,,True,True,False,False,False,False,,True,False,False,False,False,True,False,False,False,,,,School of Social Sciences,,,,,,,,,,,https://grad.uci.edu/admissions/degree-programs/,,,,FALSE,False,,4.0,3,,,,,,,,,,,,,,,,,,False,False,,,,,,,7,,,,,80,,,,,,,,,,,,,"Fellowships, Research Assistantships, Teaching Assistantships",FALSE,,,FALSE,FALSE,,,
,"Master of Arts in Philosophy, Political Science, Economics",,,,,Graduate,Fall 2026,,,,,,,NOT REQUIRED,,,,False,False,False,False,False,False,,False,False,False,False,False,False,False,True,False,,,,,,,,,,,,,,,https://grad.uci.edu/admissions/degree-programs/,,,,FALSE,False,,,,,,,,,,,,,,,,,,,,,False,False,,,,,,,,,,,,,,,,,,,,,,,,,,FALSE,,,FALSE,FALSE,,,
,Master of Arts in Social Science,,,,,Graduate,Fall 2026,,,,,,,,,,,True,True,,,,,,,,,,,,,,,,,,School of Social Sciences,"$25,178.34/Year for California residents. Non-residents pay an additional $15,102 in supplemental tuition per year.","$25,178.34/Year for California residents. Non-residents pay an additional $15,102 in supplemental tuition per year. [5]",,,,,,,,,https://grad.uci.edu/admissions/degree-programs/,,,,FALSE,False,"A graduate student is subject to academic disqualification if they accumulate a combination of more than eight units of 'I' (Incomplete), 'U' (Unsatisfactory), and/or 'F' (Fail) grades. [17]",4.0,3,,,,,,,,,,,,,,,,,,False,False,,,,,,,,,,,,,,,,,,,,,,,"A specific scholarship like the Graduate Scholar Success Fund provides a $1,500 stipend. [27]",,"Fellowships, Teaching and Research Assistantships, Federal and/or Private Loans, Grants, and Work-Study. [6, 21, 22]",FALSE,,,FALSE,FALSE,,,
,Master of Business Administration,,,,,Graduate,Fall 2026,,,,,,Optional,REQUIRED,,,,True,True,False,False,False,False,,True,False,False,False,False,True,False,False,False,,,,,,,,,,,,,,,https://grad.uci.edu/admissions/degree-programs/,,,,FALSE,False,,,,,,,,,,,,,,,,,,,,,False,False,,,115.0,,,,7.0,,,,,80,,,,,,,,,,,,,,FALSE,,,FALSE,FALSE,,,
,Master of Professional Accountancy,,,,,Graduate,Fall 2026,,,,,,Optional,REQUIRED,,,,True,True,False,False,False,False,,True,False,False,False,False,True,False,False,False,,,,,,,,,,,,,,,https://grad.uci.edu/admissions/degree-programs/,,,,FALSE,False,,,,,,,,,,,,,,,,,,,,,False,False,,,,,,,7,,,,,80,,,,,,,,,,,,,,FALSE,,,FALSE,FALSE,,,
,Master of Finance,,,,,Graduate,Fall 2026,,,,Required,Required,,,"Admission to the Paul Merage School of Business is granted to individuals with a strong academic background holding an undergraduate degree from a recognized institution. Applicants are evaluated based on their academic performance and leadership potential, as demonstrated through their submitted application materials. [4]

Application requirements include:
- Official transcripts from all institutions attended to earn an undergraduate degree (with English translation if applicable) [4]
- Two letters of recommendation [4]
- A current résumé [4]
- Two essays (one video and one written) [4]
- Official TOEFL or IELTS score (International students, if applicable) [4]
- While the GMAT or GRE is not required, it is recommended for applicants with an undergraduate GPA under 3.3. [4]
- $150 application fee [4]
- Interview by Invitation Only [4]",Required,,True,True,,,,,,,,,,,,,,,,,,,,,,,,,,,,,https://grad.uci.edu/admissions/degree-programs/,,,,FALSE,True,,,,,,,,,,,,,,,,,,,,,False,False,,,,,,,,,,,,,,,,,,,,,,,,,,FALSE,,,FALSE,FALSE,,,
,Master of Innovation and Entrepreneurship,,,,,Graduate,Fall 2026,,,,,,,,,,,True,True,,,,,,,,,,,,,,,,,,The Paul Merage School of Business,"$71,558.31/Year","$63,090.00/Year",,,,,,,,,https://grad.uci.edu/admissions/degree-programs/,,,1433.86,FALSE,False,,4.0,,,,,,,,,,,,,,,,,,,False,False,,,,,,,,,,,,,,,,,,,,,,,"Up to $10,000",90%,Merit-based,FALSE,,,FALSE,FALSE,,,
,Master of Science in Business Analytics,,,,,Graduate,Fall 2026,,,,,,Optional,REQUIRED,,,,True,True,False,False,False,False,,True,False,False,False,False,True,False,False,False,,,,The Paul Merage School of Business,,,,,,,,"['Data Analytics', 'Marketing Analytics', 'Operations Analytics']","The one-year Master of Science in Business Analytics (MSBA) program equips early-career professionals with practical skills to power business decisions in a data-driven world. Through an immersive and rigorous, on-campus experience led by our world-class faculty, students gain hands-on expertise in areas like machine learning, data visualization and predictive analytics. The MSBA prepares you to compete in the high-demand field of big data and business analytics across various industries and around the globe.",,https://grad.uci.edu/admissions/degree-programs/,,,,FALSE,False,,4.0,3.0,,,,,,,,,,,,,,,,,,False,False,,,,,,,7,,,,,80,,,,,,,,,,,,,Merit-based,FALSE,,,FALSE,FALSE,,,
,PhD in Management,,,,,Doctoral,Fall 2026,,,,,,,,,,,True,True,,,,,,,,,,,,,,,,,,The Paul Merage School of Business,"All admitted students receive full financial support, and tuition fees are fully waived.","All admitted students receive full financial support, and tuition fees are fully waived.",,,,,,,,,https://grad.uci.edu/admissions/degree-programs/,,,,FALSE,False,,4.0,3.0,,,,,,,,,,,,,,,,,,False,False,,,,,,,,,,,,,,,,,,,,,,,,,Funding is provided through a combination of teaching and research assistantships.,FALSE,,,FALSE,FALSE,,,
,Master of Science in Biotechnology Management,,,,,Graduate,Fall 2026,,,,,,,,,,,True,True,,,,,,,,,,,,,,,,,,"The Paul Merage School of Business, the Charlie Dunlop School of Biological Sciences, and The Henry Samueli School of Engineering",,"$76,565",,,,,,,,,https://grad.uci.edu/admissions/degree-programs/,,,,FALSE,False,,,3,,,,,,,,,,,,,,,,,,False,False,,,,,,,,,,,,,,,,,,,,,,,,,Merit-based,FALSE,,,FALSE,FALSE,,,
,PhD in Computational Science,,,,,Doctoral,Fall 2026,,,,,,Not Required,REQUIRED,,,,True,True,False,False,False,False,,True,False,False,False,False,True,False,False,False,,,,"The program is a Joint PhD program in Computational Science offered jointly by the University of California, Irvine and San Diego State University. At UCI, it is likely affiliated with the School of Engineering, as suggested by the contact email for graduate engineering affairs.",,,,,,,,,,,https://grad.uci.edu/admissions/degree-programs/,,,,FALSE,False,,4.0,3.0,,,,,,,,,,,,,,,,,,False,False,,,,,,,7,,,,,80,,,,,,,,,,,,,,FALSE,,,FALSE,FALSE,,,
,Juris Doctor/Master's,,,,,Doctoral,Fall 2026,,,,,,,,,,,True,True,,,,,,,,,,,,,,,,,,,,,,,,,,,,,https://grad.uci.edu/admissions/degree-programs/,,,,FALSE,False,,,,,,,,,,,,,,,,,,,,,False,False,,,,,,,,,,,,,,,,,,,,,,,,,,FALSE,,,FALSE,FALSE,,,
,Juris Doctor/PhD,,,,,Doctoral,Fall 2026,,,,Required,Required,,,"To apply for the J.D. program, applicants must have a bachelor's degree from an accredited institution. The application is considered complete when the following items are received: a complete application form, transcripts from all undergraduate and graduate institutions attended, a Credential Assembly Service (CAS) Law School Report, official scores from either the LSAT or GRE, a minimum of two (and no more than three) letters of recommendation, a Resume or Curriculum Vitae, a Personal Statement with a 750-word limit, and a 'Why UC Irvine Law?' essay, also with a 750-word limit. [2] Applicants interested in the concurrent J.D./Ph.D. program must submit separate applications and be admitted to both the School of Law and the graduate program of their choice. [8]",Not Required,,False,False,False,False,False,False,,,False,False,False,,,,False,False,,,,,,,,,,,,,,,https://grad.uci.edu/admissions/degree-programs/,,,,FALSE,False,,,,,,,,,,,,,,,,,,,,,False,False,,,,,,,,,,,,,,,,,,,,,,,,,,FALSE,,,FALSE,FALSE,,,
,Master of Science in Transportation Science,,,,,Graduate,Fall 2026,,,,,,GRE,REQUIRED,"M.S. and Ph. D. degrees are offered in Transportation Science. Admission is limited to a small number of exceptionally talented, independent, and self-disciplined students. The deadline for application for admission is March 1 for the fall quarter. All applicants must take the Graduate Record Exam (GRE) prior to the application deadline. Applicants whose first language is not English must also submit Test of English as a Foreign Language (TOEFL) or International English Language Testing System (IELTS) scores.",,,False,False,False,False,True,False,,True,False,False,False,False,True,False,False,False,,,,"The program is interdisciplinary, with faculty from the Department of Civil and Environmental Engineering in the Henry Samueli School of Engineering, the Department of Urban Policy and Public Planning in the School of Social Ecology, the Department of Economics in the School of Social Sciences, the Department of Environmental and Occupational Health in the Joe C. Wen School of Population and Public Health, and the School of Law. The administrative home is the Institute of Transportation Studies (ITS).","The official program-specific tuition is not listed. However, the general graduate student tuition and fees for the 2025-2026 academic year for a California resident are approximately $13,140.00 in tuition plus additional campus fees.","$13,140.00/Year",,,,,,,,,https://grad.uci.edu/admissions/degree-programs/,,,"The program is 44 units. While not explicitly stated for this program, the general graduate tuition calculation for a similar program is $365.00 per unit.",FALSE,False,,4.0,3,,,,,,,,,,,,,,,,,,False,False,,,,,,,7,,,,,80,,,,,,,,,,,,,"Several types of financial assistance are available, including fellowships, research assistantships, and teaching assistantships.",FALSE,,,FALSE,FALSE,,,
,PhD in Transportation Science,,,,,Doctoral,Fall 2026,,,,,,GRE,REQUIRED,,,,False,False,False,False,True,False,,True,False,False,False,False,True,False,False,False,,,,"The interdisciplinary graduate program in Transportation Science at the Institute of Transportation Studies (ITS) includes faculty from five academic units: the Department of Civil and Environmental Engineering in the Henry Samueli School of Engineering, the Department of Urban Policy and Public Planning in the School of Social Ecology, the Department of Economics in the School of Social Sciences, the Department of Environmental and Occupational Health in the Joe C. Wen School of Population and Public Health, and the School of Law. Faculty from the Department of Computer Science in the Bren School of Information and Computer Sciences and the Paul Merage School of Business also support the program.",,,,,,,,,,,https://grad.uci.edu/admissions/degree-programs/,,,,FALSE,False,,4.0,3.0,,,,,,,,,,,,,,,,,,False,False,,,,,,,,,,,,80,,,,,,,,,,,,,"Fellowships, Research Assistantships, Teaching Assistantships",FALSE,,,FALSE,FALSE,,,
,Master in Management,,,,,Graduate,Fall 2026,,,,,,,REQUIRED,,,,True,True,True,False,False,False,,True,False,False,False,False,True,False,False,False,,,,,,,,,,,,,,,https://grad.uci.edu/admissions/degree-programs/,,,,FALSE,False,,,,,,,,,,,,,,,,,,,,,False,False,,,115.0,,,,7,,,,,80,,,,,,,,,,,,,,FALSE,,,FALSE,FALSE,,,
,Master of Conservation and Restoration Science,,,,,Graduate,Fall 2026,,,,Required,Required,Optional,REQUIRED,"A minimum overall grade point average of 3.0 in undergraduate academic course work; Two confidential letters of recommendation; A statement of purpose (describing the applicant's goals in seeking the Master's degree); A personal history statement; A resume or curriculum vitae (noting relevant work/academic experience). [4] A B.A. or B.S., preferably in Biology, Conservation Biology, Ecology, or Environmental Science is required. [4] Undergraduate preparation should include a minimum of: One full year of biological sciences, One full year of chemistry, and One semester or quarter of calculus or statistics. [2, 4]",Not Required,,True,False,False,False,False,False,,True,False,False,False,False,True,False,False,False,,,,School of Biological Sciences,"For the cohort entering Fall 2024, the annual program fee is $27,852. With other mandatory fees, the total for the 2024-2025 academic year is approximately $29,431.34. The fees for the 2025-2026 academic year are to be determined.",,,,,,,,"The Master of Conservation and Restoration Science (MCRS) is designed for professionals or recent graduates who wish to further their education and gain skills that will help them obtain or advance in careers related to environmental management. [3] The MCRS program integrates academic scholarship in ecology and evolutionary biology, training in natural resource management and stewardship, professional development (leadership training in agency, non-profit and for-profit conservation), and community engagement (translational partnerships in research and education). [3] Upon completion of the program, graduates are able to lead and collaborate in the planning, design, implementation, and management of complex, large-scale environmental conservation and restoration activities, in agency, non-profit, and for-profit settings. [1, 3] MCRS graduates have the broad knowledge in applied ecosystem and community ecology, in addition to training in the use of Geographical Information Systems (GIS) and informatics (data analysis and management). [1, 3] This two-year program of study consists of a four-part curriculum: a first-year sequence of core topic and professional development courses, a summer research/policy internship, a second-year of elective courses, and a team-based capstone experience (that serves as the thesis project). [1, 3] The summer internship and capstone experience are focused on stakeholder-engaged scholarship with community partners, where students are embedded in real-world conservation and restoration settings. [1, 3]",,https://grad.uci.edu/admissions/degree-programs/,,,,FALSE,True,,4.0,3.0,,,,,,,,,,,,,,,,,,False,False,,,,,,,7,,,,,80,,,,,,,,,,,,,"The program is self-supporting. A 2017 document mentions the intent to offer competitive need-based and diversity fellowships from program revenue and to seek additional funds from partners and private donors. [6] However, specific current scholarship details are not provided on the university's financial aid website for this program.",FALSE,,,FALSE,FALSE,,,
,Master of English,,,,,Graduate,Fall 2026,,,,Not Required,Required,Not Required,NOT REQUIRED,"To apply to the Master of English Program, applicants must submit an electronic application. Applications are complete when the Master of English Program has received all of the documents listed below. These documents include the University Electronic Application (with the Statement of Purpose and the Personal History Statement), three letters of recommendation, and unofficial transcripts. [2] Admission to the Master of English Program is determined by careful review of the applicants' prior academic performance, writing sample, three letters of recommendation, statement of purpose, and personal history statement. [3] A bachelor's degree with a minimum 3.0 GPA is a University prerequisite for admission, which may be waived in exceptional cases. [3] The application must include three letters of recommendation, unofficial transcripts of all academic work, and a writing sample. [3]",Required,,True,False,False,False,False,False,,False,False,False,False,False,False,False,True,False,,,,School of Humanities,,,,,,,,,,,https://grad.uci.edu/admissions/degree-programs/,,,,FALSE,False,,4.0,3.0,,,,,,,,,,,,,,,,,,False,False,,,,,,,,,,,,,,,,,,,,,,,,,,FALSE,,,FALSE,FALSE,,,
,Master of Laws,,,,,Graduate,Fall 2026,,,,Required,Required,,,Applicants must submit their application and all supporting documents through the Law School Admission Council (LSAC) website.,Not Required,,False,False,False,False,False,False,,False,False,False,False,False,False,False,False,False,,,,School of Law,,"$57,600/Year",,,,,,,,,https://grad.uci.edu/admissions/degree-programs/,,,,FALSE,False,,,,,,,,,,,,,,,,,,,,,False,False,,,,,,,,,,,,,,,,,,,,,,,,,,FALSE,,,FALSE,FALSE,,,
,"Master of Science, Pharmacology",,,,,Graduate,Fall 2026,,,,,,,,,,,True,True,,,,,,,,,,,,,,,,,,UC Irvine School of Pharmacy & Pharmaceutical Sciences,,,,,,,,,,,https://grad.uci.edu/admissions/degree-programs/,,,,FALSE,False,,4.0,3.0,,,,,,,,,,,,,,,,,,False,False,,,,,,,,,,,,,,,,,,,,,,,,,"Federal Direct Unsubsidized Stafford Loan, Federal Direct Graduate PLUS Loan",FALSE,,,FALSE,FALSE,,,
,Executive MBA Program,,,,,Graduate,Fall 2026,,,,,,Optional,REQUIRED,,,,True,False,False,False,False,False,,False,False,False,False,False,True,True,False,False,,,,,,,,,,,,,,,https://grad.uci.edu/admissions/degree-programs/,,,,FALSE,False,,,,,,,,,,,,,,,,,,,,,False,False,,,,,,,,,,,,80,,,,,,,,,,,,,,FALSE,,,FALSE,FALSE,,,
,Minor in Accounting,,,,,Undergraduate,Fall 2026,,,,Not Required,Required,Not Required,Not Required,"The Paul Merage School of Business faculty offers an undergraduate minor in Accounting consisting of seven upper-division courses. [2] In addition, two lower-division introductory accounting courses (MGMT 30A and MGMT 30B), one lower-division microeconomics course (ECON 20A), and one lower-division single variable calculus course (MATH 2A) are prerequisites to the minor program. [2] Admission is on a competitive basis and students must submit an application, transcripts, and a statement of purpose. [9] Students are eligible to apply for the minor in Accounting if they have upper-division standing and have completed Management 30A and 30B with a grade no lower than B (3.0) and all other prerequisite courses with a grade no lower than C (2.0). [9] Completion of the prerequisite courses does not guarantee admission to the minor in Accounting. [9]",Not Required,,False,False,False,False,False,False,,False,False,False,False,False,False,False,True,False,,,,"The Paul Merage School of Business. [25, 26]","$14,752/Year (in-state); $46,640/Year (out-of-state) for the 2025-2026 academic year. [2]",,,,,,,,"The Paul Merage School of Business faculty offers an undergraduate minor in Accounting consisting of seven upper-division courses. [9] In addition, two lower-division introductory accounting courses, one lower-division microeconomics course, and one lower-division single variable calculus course are prerequisites to the minor program. [9] In establishing the undergraduate minor in Accounting, the faculty anticipated two types of students to be drawn to courses in accounting: (1) students preparing for careers in accounting or in other fields that require some knowledge of accounting, and (2) students planning to pursue a graduate degree in accounting who wish early guidance and undergraduate work appropriate to this career objective. [9, 10] Students interested in learning more about the full array of requirements for professional licensing in Accounting are encouraged to visit the California Board of Accountancy and American Institute of CPAs websites. [9, 10]",,"The official university website for the University of California, Irvine is uci.edu.",,"For undergraduates who received aid, the average amount was $21,866. [2]","The University of California generally charges tuition as a flat amount per term for full-time students. However, for specific programs like the U.S. Department of Defense Tuition Assistance (TA) Program, the per-unit cost for undergraduates in 2025-2026 is calculated as $302.27. [6]",FALSE,False,,4.0,"To remain in good academic standing at UCI, an undergraduate student must maintain a cumulative GPA of at least 2.0. [4] To be eligible to apply for the Accounting minor, students must have completed Management 30A and 30B with a grade no lower than a B (3.0) and other prerequisite courses with a grade no lower than a C (2.0). [28] Students who do not take introductory accounting courses (MGMT 30A and MGMT 30B) at UCI must complete MGMT 131A with a minimum grade of B. [25, 26]",,,,,,,,,,,,,,,,,,False,False,,,,,,,,,,,,,,,,,,,,,,,,Approximately 75% of UCI's enrolled students are offered some form of financial aid.,"Scholarships at UCI can be awarded based on academic achievement, financial need, community activities, work experience, and more. [13]",FALSE,,,FALSE,FALSE,,,False
,Bachelor of Science in Aerospace Engineering,,,,,Undergraduate,Fall 2026,,,,Not Required,Not Required,Not Required,Required,"Prospective first-year students must apply to a specific major within The Henry Samueli School of Engineering. To be competitive for admission, applicants should have completed four years of mathematics (up to pre-calculus or math analysis) and are advised to have at least one year of physics and one year of chemistry. Honors and Advanced Placement (AP) courses are recommended. All applicants must meet the general University of California (UC) admission requirements, which include the completion of the 'a-g' course sequence.",Not Required,,True,False,True,False,False,False,,True,False,False,False,False,True,False,False,False,,,,The Henry Samueli School of Engineering,,,,,,,,,"A-STARS was established in 2021 by the Samueli School of Engineering through the Department of Mechanical and Aerospace Engineering (MAE) to inspire and prepare the next generation of diverse and inclusive aerospace leaders and to foster greater engagement with the thriving local aerospace industry. This program, which is also open to all undergraduate engineering students, creates a formal channel through which industry leaders can interact with students to help them acquire the skills needed for a successful career in aerospace.",,"The official university website for the University of California, Irvine is uci.edu.","The Aerospace Engineering (B.S.) program is accredited by the Engineering Accreditation Commission of ABET, under the commission's General Criteria and Program Criteria for Aerospace Engineering and Similarly Named Engineering Programs. [1]",21533,302.27,FALSE,True,,4.0,3,,,,,,,,,,,,,,,,,,False,False,,,115.0,,,,6.5,,,,,80.0,,,,,,,,,,,"Up to $10,000",,"Merit-based, Need-based",FALSE,,,FALSE,FALSE,,,False
,Bachelor of Arts in African American Studies,,,,,Undergraduate,Fall 2026,,,,,,Not Required,Required,,,,False,False,True,False,False,False,,True,False,False,False,False,True,False,False,False,,,,School of Humanities. [14],,,,,,,,,"The department of African American Studies at UC Irvine offers undergraduate students an opportunity to study those societies and cultures established by the people of the African diaspora. [2, 10] The program's curriculum encourages students to investigate the African American experience from a variety of disciplinary perspectives and theoretical approaches. [2, 10] Among the topics explored in the course offerings are the process of colonization and the forced migration of African people, the positionality of African people in the racialized symbolic and social orders of the western hemisphere, the rhetoric produced by and about African people, and the cultural and aesthetic values associated with “blackness” and “Africanness.” [2, 10, 15] The Department offers a B.A. program in African American Studies and a minor. [10]",,"The official university website for the University of California, Irvine is uci.edu.",,,,FALSE,False,,,,,,,,,,,,,,,,,,,,,False,False,,,115.0,,,,6.5,,,,,80.0,,,,,,,,,,,,,,FALSE,,,FALSE,FALSE,,,False
,Minor in African American Studies,,,,,Undergraduate,Fall 2026,,,,Not Required,Not Required,Not Required,Required,"The Minor in African American Studies is an interdisciplinary program. To declare the minor, students should contact their academic counselor to have the minor added to their degree audit. Seven courses (28 units) are required for the minor. [3, 7] This includes the introductory series: AFAM 40A, AFAM 40B, and AFAM 40C. [3, 7] Students must also select three courses from different rubrics (Humanities, Gender/Sexuality, History, Fine Arts, Social Sciences) and one additional upper-division elective. [3, 7] There is no formal application process that requires documents such as a resume or statement of purpose; students declare the minor. [2, 5, 6]",Not Required,,True,False,True,False,False,False,,True,False,False,False,False,True,False,False,False,,,,School of Humanities,"For the 2025-26 academic year, the estimated systemwide tuition for an undergraduate student is $13,602.00. [8] Adding campus fees brings the total fees to around $19,268 for students living at home. [16] There is no specific tuition fee for a minor program.",,,,,,,,"African American Studies is an interdisciplinary program which offers undergraduate students an opportunity to study those societies and cultures established by the people of the African diaspora. The Department's curriculum encourages students to investigate the African American experience from a variety of disciplinary perspectives and theoretical approaches. Among the topics explored in the course offerings are the process of colonization and the forced migration of African people, the positionality of African people in the racialized symbolic and social orders of the western hemisphere, the rhetoric produced by and about African people, and the cultural and aesthetic values associated with “blackness” and “Africanness.” Seven courses (28 units) are required for the minor. [10, 12, 17]",,"The official university website for the University of California, Irvine is uci.edu.",,,$302.27/unit,FALSE,False,,4.0,2,,,,,,,,,,,,,,,,,,False,False,,,115.0,,,,6.5,,,,,80.0,,,,,,,,,,,,,"Merit-based, Need-based",FALSE,,,FALSE,FALSE,,,False
,Bachelor of Arts in Anthropology,,,,,Undergraduate,Fall 2026,,,,Not Required,Not Required,,Required,"To apply for the Bachelor of Arts in Anthropology at the University of California, Irvine, you must submit the general University of California application. The selection process is based on a comprehensive review of your academic achievements, including your GPA in 'A-G' courses, and personal qualities, which are assessed through your answers to the personal insight questions. No specific documents like a resume, statement of purpose, or writing sample are required for freshman admission to this program.",Not Required,,True,False,False,,,,,True,False,False,False,False,True,True,False,False,,,,School of Social Sciences,,,,,,,,,"Anthropology is the broadest of the social sciences, the only one that studies the whole of the human condition, past and present. The subject is divided into three major subfields at UCI: sociocultural anthropology, archaeology, and evolutionary anthropology.",,"The official university website for the University of California, Irvine is uci.edu.",,,,FALSE,False,,4.0,2.0,,,,,,,,,,,,,,,,,,False,False,,,,,,,7.0,,,,,80.0,,,,,,,,,,,,,"Grants, Scholarships, Work-Study, Loans",FALSE,,,FALSE,FALSE,,,
,Minor in Anthropology,,,,,Undergraduate,Fall 2026,,,,Not Required,Not Required,Not Required,,"Requirements for the minor in Anthropology are met by taking seven Anthropology courses (28 units) as specified below: ANTHRO 2A, one course from ANTHRO 2B, 2C, or 2D, one course from ANTHRO 30A or 100B, and four additional courses (16 units) from the 120-179 series. Students must also complete a School of Social Sciences Minor Degree Check form.",Not Required,,True,False,False,False,False,False,,False,False,False,False,False,False,False,False,False,,,,,,,,,,,,,"The Minor in Anthropology is designed for students who seek an overview of the discipline. Requirements for the minor in Anthropology are met by taking seven anthropology courses (28 units) as specified below: Anthropology 2A, Anthropology 2B, 2C, or 2D, Anthropology 30A or 100b, and four courses (16 units) from the following: 120-179. [10, 15] Anthropology is the comparative study of past and present human societies and cultures. [15] The Department of Anthropology at UCI is at the forefront of addressing issues in contemporary theory and ethnographic methods within the discipline. [15] The department has a strong interdisciplinary bent, with research and teaching interests in economic anthropology, political and legal anthropology, the anthropology of finance, social history and social change, identity and ethnicity, gender and feminist studies, urban anthropology, and more. [15]",,"The official university website for the University of California, Irvine is uci.edu.",,,,FALSE,False,,,,,,,,,,,,,,,,,,,,,False,False,,,,,,,,,,,,,,,,,,,,,,,,,,FALSE,,,FALSE,FALSE,,,False
,Bachelor of Science in Applied and Computational Mathematics,,,,,Undergraduate,Fall 2026,,,,Not Required,Not Required,Not Required,Required,"The University of California, Irvine, is launching a new Bachelor of Science in Applied and Computational Mathematics starting in Fall 2024. [11] As a new undergraduate program, it follows the general freshman admission requirements for the University of California system. Applicants must complete 15 A-G college-preparatory courses with a grade of C or better, with at least 11 of those courses finished before the senior year of high school. For California residents, a minimum GPA of 3.0 is required in these A-G courses, while non-residents need a minimum GPA of 3.4. [8] The application includes personal insight questions, which consist of four short essays of up to 350 words each, chosen from eight prompts. [40] Letters of recommendation are not required as part of the initial application but may be requested by a campus later as part of a supplemental review. [26]",Not Required,,True,False,True,False,False,False,,True,False,False,False,False,True,False,False,False,,,,School of Physical Sciences,,,,,,,,"['Mathematical Biology (specialization)', 'Mathematical Finance (concentration)', 'Data Science (concentration)']","The Bachelor of Science degree in Applied and Computational Mathematics offers students a curriculum steeped in theoretical knowledge and rich in practical applications. Moreover, the program emphasizes computational proficiency, including in-demand coding skills in Matlab and Python. [10] The new program is a significant addition to the academic offerings of the School of Physical Sciences, and it exemplifies the Department of Mathematics' commitment to adapting to evolving educational and professional landscapes. [10] The creation of the Bachelor of Science in Applied and Computational Mathematics coalesces these applied tracks into a single, structured program. [10] The new degree program not only streamlines the path for students dedicated to applying mathematical principles to solve complex, real-world problems, but also continues to support pure mathematical studies through the existing Bachelor of Science in Mathematics degree program. [10]",,"The official university website for the University of California, Irvine is uci.edu.",,,292.13,FALSE,True,,4.0,3.0,,,,,,,,,,,,,,,,,,False,False,,,115.0,,,,6.5,,,,,80.0,,,,,,,,,,,,72% receive Grants and Scholarships,"Merit-based scholarships such as the Regents' Scholarship, Chancellor's Excellence Scholarship, and Directors' Scholarship are offered based on the UC Application for Admission.",FALSE,,,FALSE,FALSE,,,False
,Bachelor of Science in Applied Physics,,,,,Undergraduate,Fall 2026,,,,Not Required,Not Required,Not Required,Required,"To be considered for admission as a first-year student at the University of California, Irvine, applicants must complete 15 A-G college-preparatory courses with a grade of C or better. At least 11 of these courses must be completed before the senior year of high school. For California residents, a minimum GPA of 3.0 is required in these courses, while non-residents must have a minimum GPA of 3.4. [8] The application is submitted through the UC application system, which includes responding to Personal Insight Questions.",Not Required,,True,False,False,False,False,False,,True,False,False,False,False,True,False,False,False,,,,School of Physical Sciences,"$15,588/Year",,,,,,,Applied Physics,"The goal of the undergraduate majors in Physics and Applied Physics is to develop expert problem solvers with a broad understanding of physical principles. The programs are flexible and prepare students for careers in industrial research, applications programming, education, law, or business, as well as for graduate study in astronomy, biomedical physics, engineering, or physics. The major in Applied Physics allows students to combine physics courses with courses from overlapping disciplines, such as materials science, electrical engineering, geosciences, biomedical imaging, or other fields.",,"The official university website for the University of California, Irvine is uci.edu.",,22000,,FALSE,True,,4.0,2.0,,,,,,,,,,,,,,,,,,False,False,,,115.0,,,,6.5,,,,,80.0,,,,,,,,,,,,,"Merit-based, Need-based",FALSE,,,FALSE,FALSE,,,False
,Minor in Archaeology,,,,,Undergraduate,Fall 2026,,,,Not Required,Not Required,,,"Undergraduates from any UCI School can minor in Archaeology. To add the minor, students should contact an academic counselor from the school of their major to have it added to their degree audit. [9, 10]",Not Required,,True,False,False,False,False,False,,False,False,False,False,False,False,False,False,False,,,,School of Social Sciences,"$19,268.00/Year",,,,,,,," The in­ter­dis­ci­pli­nary mi­nor in Ar­chae­ol­ogy of­fers rig­or­ous aca­d­e­mic study of the ar­chae­o­log­i­cal record and its in­ter­pre­ta­tion from cul­tures of great an­tiq­uity through the mod­ern pe­riod. The cur­ricu­lum en­gages stu­dents with method­olog­i­cal train­ing in ar­chae­o­log­i­cal re­cov­ery and analy­sis, as well as the the­o­ret­i­cal un­der­pin­nings of how we know what we know about past so­ci­eties through the ma­te­r­ial traces of hu­man ac­tiv­ity. Stu­dents also grap­ple with the ways in which ar­chae­ol­ogy is ex­pe­ri­enced and shaped through the her­itage in­dus­try, pop­u­lar cul­ture, mu­se­ums, as well as po­lit­i­cal, so­cial, and cul­tural move­ments. As they pre­pare for ca­reers or grad­u­ate study, Ar­chae­ol­ogy mi­nors are en­cour­aged to ex­plore these prob­lems while gain­ing foun­da­tional knowl­edge in the ar­chae­ol­ogy of a wide va­ri­ety of cul­tures through­out the Old and New worlds, in­clud­ing an­cient Ana­to­lia, Mesopotamia, and Iran, the an­cient and me­dieval Mediter­ranean, the Is­lamic world, South Asia, Pre-Columbian North and South Amer­ica, as well as ar­chae­ol­ogy in and of the con­tem­po­rary world. Upon com­ple­tion of the mi­nor, stu­dents are equipped to think crit­i­cally about the ar­chae­o­log­i­cal record and as ed­u­ca­tors, mu­seum pro­fes­sion­als, re­searchers, lawyers, as well as pol­icy mak­ers and em­ploy­ees of cul­tural in­sti­tu­tions and her­itage sites in var­i­ous roles across mul­ti­ple gov­ern­ment agen­cies (forestry, BLM, state parks, etc.) who man­age our shared cul­tural re­sources.",,"The official university website for the University of California, Irvine is uci.edu.",,21866,,FALSE,False,,4.0,2,,,,,,,,,,,,,,,,,,False,False,,,,,,,,,,,,,,,,,,,,,,,,72%,"['Merit-based', 'Need-based']",FALSE,,,FALSE,FALSE,,,False
,Minor in Armenian Studies,,,,,Undergraduate,Fall 2026,,,,Not Required,Not Required,Not Required,Not Required,"To declare the Minor in Armenian Studies, current UCI students should meet with their academic counselor to have the minor added to their DegreeWorks. [9, 11, 15] Students can begin enrolling in courses that satisfy the minor's requirements and then officially add the minor. [11] The minor requires the completion of seven courses (28 units). [10, 12]",Not Required,,True,False,False,False,False,False,,False,False,False,False,False,False,False,True,False,,,,School of Humanities,"$13,602 per year for undergraduates first enrolled in AY 2025-26. [6]",,,,,,,,"The minor in Armenian Studies encourages undergraduate students to acquire the academic breadth and depth to comprehend the major issues, themes, and concepts of Armenian culture and heritage. The interdisciplinary minor consists of courses in various disciplines, particularly Armenian history and language. Students will expand their understanding of the broader dynamics of the Armenian experience through different eras and geographic settings, both in Armenia and the Diaspora. [2, 5]",,"The official university website for the University of California, Irvine is uci.edu.",,,$302.27 per unit. [3],FALSE,False,,4.0,2,,,,,,,,,,,,,,,,,,False,False,,,,,,,,,,,,,,,,,,,,,,,"The Armenian Studies Prize in Honor of Sylvie Tertzakian offers up to $2,000. [7] The OC Trex Armenian Studies Scholarship provides two awards of $6,000 each. [5]",,"Scholarships are awarded for academic achievement, financial need, community activities, work experience, and more. [18] For Armenian Studies, there are also research-based awards. [7]",FALSE,,,FALSE,FALSE,,,False
,Bachelor of Arts in Art,,,,,Undergraduate,Fall 2026,,,,Not Required,Required,Not Required,Required,"To be considered for admission into the Art major, students must submit a portfolio of 10 images or up to three videos totaling no more than 5 minutes in duration, or a mix of both images and videos, as well as a one-page artist statement. [12] For continuing UCI students applying for the honors program, a brief statement (250 words maximum) of research and career goals is required. [11] All applicants must also meet the general freshman admission requirements of the University of California, including completing the 'A-G' subject course requirements with a GPA of 3.0 or better for California residents (3.4 for non-residents). [9, 13]",Not Required,,True,False,True,False,False,False,,True,False,False,False,False,True,False,False,False,,,,Claire Trevor School of the Arts,,,,,,,,,"The B.A. degree in Art is a liberal arts degree that provides students with a broad background in the visual arts while encouraging them to explore the rich and diverse academic and studio offerings at UCI. Students are exposed to a variety of art media, the history and theory of art, and are encouraged to take courses outside the major to supplement their creative and intellectual goals. The B.A. degree is ideal for students who are interested in a career in the arts as well as other fields where creative problem solving and critical thinking are valued.",,"The official university website for the University of California, Irvine is uci.edu.","The University of California, Irvine is accredited by the WASC Senior College and University Commission (WSCUC). [2, 3, 5]",,,FALSE,False,,4.0,"3.0 for California residents, 3.4 for non-residents",,,,,,,,,,,,,,,,,,False,False,,,115.0,,,,6.5,,,,,80.0,,,,,,,,,,,"Up to $3,000 for some scholarships, such as the Kris and Linda Elftmann Scholarship. [1]",,"Merit-based, need-based, and talent-based scholarships are available, such as the Art Department Scholarship Fund and the Bailey Scholarship in Art. [2, 7]",FALSE,,,FALSE,FALSE,,,False
,Bachelor of Arts in Art History,,,,,Undergraduate,Fall 2026,,,,Not Required,Not Required,Not Required,Required,"To be considered for admission to UC Irvine as a first-year applicant, you must complete 15 year-long high school courses with a letter grade of C or better — at least 11 of them prior to your last year of high school. A minimum GPA of 3.0 is required (3.4 for non-California residents) in these ""A-G"" subject courses. [6] The university uses a comprehensive review process that considers academic GPA, the number and performance in academic courses beyond the minimum requirements, honors courses, as well as activities, talents, and skills. [6] Applicants must also respond to personal insight questions as part of the UC application. [6] Letters of recommendation are not accepted. [10]",Not Required,,True,False,True,False,False,False,,True,False,False,False,False,True,True,False,False,,,,School of Humanities,,,,,,,,,"The study of Art History explores visual art from all regions of the world and all periods of history. With its global outlook, Art History cultivates critical and self-reflective perspectives on diverse forms of cultural production and social organization across time. [4] Course offerings investigate the ways in which visual art and media inform our understanding of issues comprising race and ethnicity, gender and sexuality, environmentalism and climate, as well as the complexity of political expression and contestation in specific historical contexts. [4] The Department offers a major and minor in Art History, through which students learn valuable skills in how to describe and interpret objects including sculpture, painting, photography, architecture, and “new media,” such as video and performance art. [4] These skills, along with the program's concentrated focus on writing, verbal expression, and dedication to personal mentorship, prepare students to think analytically and to express themselves clearly at a time when visual communication is vitally important. [4] Majors in Art History are encouraged to take related courses in other fields in the humanities and to pursue the study of language beyond the minimum requirements. [4] Because of its international scope, Art History is a particularly good major for students interested in studying abroad. [4]",,"The official university website for the University of California, Irvine is uci.edu.",,"$19,000",302.27,FALSE,False,,4.0,2.0,,,,,,,,,,,,,,,,,,False,False,,,115.0,,,,6.5,,,,,80.0,,,,,,,,,,,,72%,"Merit-based, Need-based",FALSE,,,FALSE,FALSE,,,False
,Minor in Art History,,,,,Undergraduate,Fall 2026,,,,Not Required,Not Required,,Required,"To add the Art History minor, students should contact an academic counselor from the school of their major. [7] The minor requires the completion of seven courses (28 units). [11] These include three lower-division courses from a specified list and four upper-division Art History courses. [11] A residency requirement mandates that four of the upper-division courses be completed at UCI. [9, 11]",Not Required,,True,False,True,False,False,False,,True,False,False,False,False,True,False,False,False,,,,School of Humanities,,,,,,,,,"Art History is the study of works of art and other visual artifacts from all regions of the world and all periods of history. Consequently, the undergraduate curriculum in Art History, with its global perspective, is one of the most diverse disciplines in the humanities. [2, 3] Through Art History, students learn how to describe and interpret a range of objects including sculpture, painting, photography, architecture, and “new media” such as video and performance art. [2, 3] These skills, along with the program's intense focus on writing and verbal expression, prepare students to think critically and to express themselves clearly at a time when visual communication is becoming ever more important. [2, 3]",,"The official university website for the University of California, Irvine is uci.edu.",,,,FALSE,False,,4.0,2.0,,,,,,,,,,,,,,,,,,False,False,,,,,,,,,,,,,,,,,,,,,,,,,"Merit-based, Need-based",FALSE,,,FALSE,FALSE,,,False
,Bachelor of Arts in Asian American Studies,,,,,Associate,Fall 2026,,,,Not Required,Not Required,Not Required,Required,"To be considered for admission, applicants must have earned a minimum GPA of 3.0 (3.4 for nonresidents) in all A-G courses completed in grades 10 and 11, with no grade lower than a C. [2] All UC campuses use a single application, and applicants must answer four of eight personal insight questions. [2] UCI will not consider SAT or ACT scores for admission or scholarship purposes. [2]",Not Required,,True,False,False,False,False,False,,False,False,False,False,False,False,False,False,False,,,,,,,,,,,,,"The Department of Asian American Studies examines the historical and contemporary experiences of Asians in the United States and in a global context. The curriculum seeks to provide an analysis of the cultural, political, and economical organization of Asian American communities. Students are invited to participate and partake in broadening their understanding of multicultural perspectives within U.S. society.",,"The official university website for the University of California, Irvine is uci.edu.",,,,FALSE,False,,,,,,,,,,,,,,,,,,,,,False,False,,,115.0,,,,6.5,,,,,80.0,,,,,,,,,,,,,,FALSE,,,FALSE,FALSE,,,False
,Minor in Asian American Studies,,,,,Associate,Fall 2026,,,,Not Required,Not Required,Not Required,Required,"Requirements for the Minor in Asian American Studies involve the successful completion of seven courses (28 units). [5] This includes three introductory Asian American Studies core courses and four upper-division courses selected from ASIANAM 100W–169, ASIANAM 199. [5] Four of the upper-division courses required for the minor must be completed at UCI. [5]",Not Required,,True,False,False,False,False,False,,False,False,False,False,False,False,False,False,False,,,,School of Humanities,,,,,,,,,"The Department of Asian American Studies examines the historical and contemporary experiences of Asians in the United States and in a global context. The curriculum seeks to provide an analysis of the cultural, political, and economical organization of Asian American communities. Students are invited to participate and partake in broadening their understanding of multicultural perspectives within U.S. society. Seven courses (28 units) are required for the minor.",,"The official university website for the University of California, Irvine is uci.edu.",,,,FALSE,False,,4.0,,,,,,,,,,,,,,,,,,,False,False,,,115.0,,,,6.5,,,,,80.0,,,,,,,,,,,,,"Scholarships, grants, loans, and work-study employment. Aid can be merit-based or need-based. [2]",FALSE,,,FALSE,FALSE,,,False
,Minor in Asian Studies,,,,,Associate,Fall 2026,,,,Not Required,Not Required,,,"The minor in Asian Studies is open to all UCI students. Requirements for the minor are met by taking eight courses, of which no more than four may be lower-division. Students choose one country and language of specialization (China, Japan, or Korea). This includes three quarters of coursework in one Asian language of specialization beyond the first-year level and one upper-division History course with a focus on Asia. [13, 14]",Not Required,,True,False,False,False,False,False,,False,False,False,False,False,False,False,False,False,,,,School of Humanities,,,,,,,,"Students choose one country and language of specialization. At the present the Asian Studies minor focuses on China, Japan, or Korea. [4, 9]","This course provides an opportunity for students to study Asian topics in a range of disciplines, acquire advanced language skills, and gain a broader perspective when using their major's disciplinary training for well-informed studies of Asian subjects. The minor in Asian Studies draws upon the expertise of faculty throughout UCI to create opportunities for students to explore Asian topics in a variety of fields, to develop advanced language skills, and to acquire a broader perspective as they apply the disciplinary training of their major field to effective and informed studies of Asian subjects. [4, 9] The minor is open to all UCI students. [4, 9]",,"The official university website for the University of California, Irvine is uci.edu.",,,,FALSE,False,,,2.0,,,,,,,,,,,,,,,,,,False,False,,,,,,,,,,,,,,,,,,,,,,,,,"merit, financial need, or other eligibility criteria",FALSE,,,FALSE,FALSE,,,False
,Bachelor of Science in Biochemistry and Molecular Biology,,,,,Undergraduate,Fall 2026,,,,Not Required,Required,Not Required,Required,"UC Irvine uses a comprehensive review process for first-year applicants. This includes a review for the completion of the required college-preparatory ""A-G"" coursework, demonstrated academic achievements, activities, talents, and skills, all considered within the context of an applicant's circumstances and experiences. All information provided in the UC application is considered, including the answers to the personal insight questions. [16] There is a minimum GPA requirement of 3.0 for California residents and 3.4 for non-California residents in the 15 required “A-G” subject courses, with no grade lower than a C. [16]",Not Required,,True,True,True,False,False,False,,True,False,False,False,False,True,False,False,False,,,,"School of Biological Sciences and School of Physical Sciences. [2, 3]",,,,,,,,,"The major in Biochemistry and Molecular Biology is designed to provide a comprehensive background in this modern, conceptual understanding of biology. Students who wish to begin in-depth study of the molecular basis in any of a variety of fields, including development, gene expression, immunology, pathogenesis, disease, virology, and evolution, can do so through this major. This program will be especially attractive to those students who intend to pursue an advanced degree in biological or medical sciences. [10] It provides the rigorous training necessary for successful entry to graduate and professional programs in the medical and biological sciences. [10] The major has been designed with sufficient flexibility in upper division requirements to accommodate a wide variety of interests ranging from biological chemistry to molecular biology and genetics. [10]",,"The official university website for the University of California, Irvine is uci.edu.",,,,FALSE,False,,4.0,2.0,,,,,,,,,,,,,,,,,,False,False,,,115.0,,,,6.5,,,,,80.0,,,,,,,,,,,,,Merit-based and need-based scholarships are available. [9],FALSE,,,FALSE,FALSE,,,False
,Minor in Bioinformatics,,,,,Undergraduate,Fall 2026,,,,Not Required,Not Required,Not Required,Not Required,"The minor provides a focused study of bioinformatics to supplement a student's major program of study and prepares students for a profession, career, or academic pursuit. Requirements consist of completing a specific set of courses, including I&C SCI 31, I&C SCI 32, I&C SCI 33, BIO SCI 93, COMPSCI 184A, COMPSCI 184C, and COMPSCI 189. [10] There are no prerequisites required to declare an ICS minor. [11] Students should review the requirements, meet with an advisor if needed, and then add the minor to their DegreeWorks. [11]",Not Required,,True,False,False,False,False,False,,False,False,False,False,False,False,False,True,False,,,,"Donald Bren School of Information and Computer Sciences, Department of Computer Science","$19,268/Year",,,,,,,,"The minor provides a focused study of bioinformatics to supplement a student's major program of study and prepares students for a profession, career, or academic pursuit in which biomedical computing is an integral part but is not the primary focus. [8] The Bioinformatics minor contributes to students' competence in computing applied to biomedical problems and data, as well as exposing them to the fundamentals of the life sciences from a computer science perspective. [8] The minor allows students sufficient flexibility to pursue courses that complement their major field or address specific interests. [8] Students who complete the minor requirements will be able to do the following: synthesize computer science, quantitative methods, and biological science; understand the synergistic set of reciprocal influences between life and computational sciences and technologies; discuss biomedical computing problems and corresponding computer science perspectives; and employ principles, methods, and technologies fundamental to biomedical computing. [8]",,"The official university website for the University of California, Irvine is uci.edu.",,"$21,866",$302.27,FALSE,True,,4.0,,,,,,,,,,,,,,,,,,,False,False,,,,,,,,,,,,,,,,,,,,,,,"The UCI CIRM COMPASS Scholarship Program offers up to $70,000 over two years, which includes tuition, fees, and a stipend. [31] Another award, the Atwood Family Scholarship, is available to junior-level Biological Sciences majors. [32]",,"Merit-based, Need-based",FALSE,,,FALSE,FALSE,,,False
,Bachelor of Science in Biological Sciences,,,,,Undergraduate,Fall 2026,,,,Not Required,Not Required,Not Required,Required,"To be considered for admission, freshman applicants must complete the University of California's required A-G subject courses in high school with a grade of C or better. The application is submitted online via the UC Application, which includes a series of Personal Insight Questions that applicants must answer. These questions serve as the personal statement component of the application. There are no additional general application requirements specified for the Bachelor of Science in Biological Sciences program beyond the standard University of California freshman application.",Not Required,,True,False,True,False,False,False,,True,False,False,False,False,True,False,False,False,,,,Charlie Dunlop School of Biological Sciences,,,,,,,,"['Biochemistry and Molecular Biology', 'Developmental and Cell Biology', 'Exercise Sciences', 'Genetics', 'Human Biology', 'Microbiology and Immunology', 'Neurobiology', 'Biology/Education', 'Ecology and Evolutionary Biology']","Students in the Bachelor of Science program in biological sciences program study the organization and processes of life, from molecules to ecosystems. Coursework explores genetics, evolution, ecology, physiology, zoology, microbiology, and cell and molecular biology to reveal how living systems develop, adapt and interact with their environments. Through lectures, laboratory work and research opportunities, students build skills in critical thinking and scientific communication. [2] The Biological Sciences major presents a unified, in-depth study of modern biology. [1] The Biological Sciences Core is a five-quarter series of courses ranging from ecology and evolutionary biology, to genetics, biochemistry, and molecular biology. [1] Important laboratory techniques and methodology are presented in upper-division laboratories. [1] Advanced elective courses provide an opportunity to continue to diversify students' exposure to the biological sciences or to gain a much more in-depth study of a particular area of the biological sciences. [1]",,"The official university website for the University of California, Irvine is uci.edu.",,,,FALSE,True,,4.0,2.0,,,,,,,,,,,,,,,,,,False,False,,,115.0,,,,6.5,,,,,80.0,,,,,,,,,,,,,"The University of California, Irvine offers various types of financial aid, including scholarships, grants, loans, and work-study. Scholarships can be based on academic merit, financial need, or specific talents and interests. [28, 33]",FALSE,,,FALSE,FALSE,,,False
,Minor in Biological Sciences,,,,,Undergraduate,Fall 2026,,,,Not Required,Not Required,Not Required,Not Required,"To successfully complete the Minor in Biological Sciences at the University of California, Irvine, a student must fulfill the following course requirements. A total of seven courses are required. The first requirement is to complete BIO SCI 93, BIO SCI 94, BIO SCI 97, BIO SCI 98, and BIO SCI 99. The second part of the requirement is to select two additional Biological Sciences courses, with one being an upper-division course. There is a residency requirement stating that a minimum of six courses for the minor must be taken at UCI. Students majoring in programs within the School of Biological Sciences, Public Health Sciences, Biomedical Engineering: Premedical, Nursing Science, or Pharmaceutical Sciences are not eligible to minor in Biological Sciences. [7]",Not Required,,True,False,False,False,False,False,,False,False,False,False,False,False,False,True,False,,,,,,,,,,,,,"The Biological Sciences minor presents a unified, in-depth study of modern biology. The courses range from ecology and evolutionary biology to genetics, biochemistry and molecular biology. [3]",,"The official university website for the University of California, Irvine is uci.edu.",,,,FALSE,True,,,,,,,,,,,,,,,,,,,,,False,False,,,,,,,,,,,,,,,,,,,,,,,,,,FALSE,,,FALSE,FALSE,,,False
,Bachelor of Science in Biology/Education,,,,,Undergraduate,Fall 2026,,,,Not Required,Not Required,Not Required,Required,Prospective students apply to UCI through the general freshman application process and can declare their intention to complete the Biology/Education major after admission. The application requires responses to four Personal Insight Questions. Majors in Biology/Education earn their bachelor's degree concurrently with a California Preliminary Single Subject Teaching Credential. [10],Not Required,,True,False,True,False,False,False,,True,False,False,False,False,True,False,False,False,,,,School of Biological Sciences and School of Education,"For the 2024-2025 academic year, the estimated tuition and fees for an undergraduate California resident are $15,859. For non-residents, the estimated tuition and fees are $48,637. This is not a program-specific fee and is subject to change for the 2026-2027 academic year.",,,,,,,Biology/Education,"The Biology/Education major at the University of California, Irvine is a pathway for students to earn both a Bachelor of Science degree in Biological Sciences and a California Preliminary Single Subject Teaching Credential in four years. This program is offered through the UCI CalTeach Science and Mathematics Program, which is a joint initiative of the School of Biological Sciences, the School of Physical Sciences, and the School of Education. Upon completion, graduates are authorized to teach biology and general science in a middle school or high school setting.",,"The official university website for the University of California, Irvine is uci.edu.","{'accrediting_body': 'California Commission on Teacher Credentialing (CTC)', 'status': 'Accredited'}",,,FALSE,True,"The University of California, Irvine does not specify a maximum number of failing grades. However, a student is subject to academic disqualification if their GPA falls below 1.5 in any given quarter, or if they do not achieve a cumulative GPA of 2.0 or better after two consecutive quarters on academic notice. [7]",4.0,"The minimum GPA for admission for California residents is 3.0, and for non-California residents, it is 3.4.",,,,,,,,,,,,,,,,,,False,False,,,115.0,,,,6.5,,,,,80.0,,,,,,,,,,,,,"UCI offers a variety of scholarships, including merit-based and need-based awards. [3, 5, 26, 29]",FALSE,,,FALSE,FALSE,,,False
,Bachelor of Science in Biomedical Engineering,,,,,Undergraduate,Fall 2026,,,,Not Required,Not Required,Not Required,Required,"To be considered for admission as a first-year student at the University of California, Irvine, you must complete a minimum of 15 college-preparatory courses (A-G courses) with a letter grade of C or better. At least 11 of these courses must be completed prior to your last year of high school. [12] For California residents, a minimum GPA of 3.0 is required in these courses, while non-residents must have a minimum GPA of 3.4. [12]",Not Required,,True,False,True,False,False,False,,True,False,False,False,False,True,False,False,False,,,,The Henry Samueli School of Engineering,,,,,,,,['Biomedical Engineering: Premedical'],"The Department of Biomedical Engineering offers a Bachelor of Science degree in Biomedical Engineering. The B.S. in Biomedical Engineering is a four-year curriculum that prepares students for careers in the biomedical engineering industry, as well as for further education in graduate school. For those students interested in pursuing a career in medicine, the department also offers a B.S. degree in Biomedical Engineering: Premedical. This curriculum is designed to meet the requirements for admission to medical schools while also providing training in biomedical engineering. It is one of many majors that can serve as preparation for further training in medical, veterinary, or allied health professions. The premedical curriculum has less engineering content and more biological sciences content than the straight biomedical engineering major.",,"The official university website for the University of California, Irvine is uci.edu.","The Bachelor of Science in Biomedical Engineering program is accredited by the Engineering Accreditation Commission of ABET, https://www.abet.org.",,$302.27,FALSE,True,,4.0,3.0,,,,,,,,,,,,,,,,,,False,False,,,120.0,,,,6.5,,,,,80.0,,,,,,,,,,,"$7,500",,"Merit-based, Need-based",FALSE,,,FALSE,FALSE,,,False
,Minor in Biomedical Engineering,,,,,Undergraduate,Fall 2026,,,,Not Required,Not Required,Not Required,Not Required,Students interested in the minor in Biomedical Engineering must apply through The Henry Samueli School of Engineering Student Affairs Office and must have a UCI cumulative GPA of 2.5 or higher. [4],Not Required,,True,False,False,False,False,False,,False,False,False,False,False,False,False,True,False,,,,The Henry Samueli School of Engineering,"$13,602 per year for the 2025-26 undergraduate cohort. [41] There is no specific tuition fee for a minor program.",,,,,,,,"The minor in Biomedical Engineering requires a total of nine courses: two advanced mathematics courses, five core Biomedical Engineering courses, and two Biomedical Engineering electives. Some of these courses may include prerequisites that may or may not be part of a student's course requirements for their major. Private biomedical industry has indicated a keen interest in engineers that have a more traditional engineering degree (i.e., electrical engineering), but also possess some in-depth knowledge of biomedical systems. Hence, the minor in Biomedical Engineering is designed to provide a student with the introductory skills necessary to perform as an engineer in the biomedical arena. [9, 10, 11] NOTE: Students may not receive both a minor in Biomedical Engineering and a specialization in Biochemical Engineering within the Chemical Engineering major. [9, 10, 11]",,"The official university website for the University of California, Irvine is uci.edu.",,,$302.27/unit,FALSE,True,,4.0,2.5,,,,,,,,,,,,,,,,,,False,False,,,,,,,,,,,,,,,,,,,,,,,,,"Merit-based, Need-based",FALSE,,,FALSE,FALSE,,,False
,Bachelor of Science in Biomedical Engineering: Premedical,,,,,Undergraduate,Fall 2026,,,,Not Required,Not Required,Not Required,Required,"To be considered for admission as a freshman, applicants must have earned a minimum GPA of 3.0 (3.4 for nonresidents) in all 'A-G' courses, with no grade lower than a C. [4, 5] UC Irvine's review process is comprehensive and considers all information in the application, including academic achievements, activities, talents, skills, and responses to the personal insight questions. [5] There is no mention of requirements specific to the Biomedical Engineering: Premedical program beyond the general freshman admission requirements.",Not Required,,True,False,True,False,False,False,,True,False,False,False,False,True,False,False,False,,,,The Henry Samueli School of Engineering,"$13,602/Year",,,,,,,Premedical,"The major program objective of the Bachelor of Science in Biomedical Engineering: Premedical is to prepare students for medical school. [6, 10] The curriculum is designed to meet the requirements for admission to medical schools, and it is also suitable for those planning to enter graduate school in biomedical engineering, physiology, biology, neurosciences, or related fields. [6, 10] It has less engineering content and more biological sciences than the standard Biomedical Engineering major. [6, 10] This program serves as preparation for further training in medical, veterinary, or allied health professions. [6, 10] It provides future physicians with a quantitative background in biomechanics, physiology, and biotransport, which is increasingly important due to the heavy use of biomedical technology in modern medical practice. [6] The curriculum includes the necessary science courses to satisfy the requirements of most medical schools. [6, 10]",,"The official university website for the University of California, Irvine is uci.edu.","The undergraduate major in Biomedical Engineering: Premedical (BMEP) is not designed to be accredited and is therefore not accredited by the Engineering Accreditation Commission of ABET. [8, 10, 12]",,,FALSE,True,,4.0,3.0,,,,,,,,,,,,,,,,,,False,False,,,115.0,,,,6.5,,,,,80.0,,,,,,,,,,,,72%,"Scholarships are awarded for academic achievement, financial need, community activities, work experience, and more. [29]",FALSE,,,FALSE,FALSE,,,False
,Bachelor of Arts in Business Administration,,,,,Undergraduate,Fall 2026,,,,Not Required,Required,Not Required,Required,"To be considered for admission to UC Irvine as a freshman, you must complete 15 A-G courses with a grade of C or better in each course. For California residents, a minimum GPA of 3.0 is required in these courses, while non-residents need a minimum GPA of 3.4. The application is submitted through the University of California's application portal, and it includes four Personal Insight Questions that must be answered. [4, 11, 16]",Not Required,,True,False,True,False,False,False,,True,False,False,False,False,True,False,False,False,,,,,,,,,,,,"['Accounting', 'Finance', 'Information Systems', 'Marketing', 'Operations and Decision Technologies', 'Organization and Management']","The undergraduate Business Administration major at The Paul Merage School of Business prepares students with essential business management theories and concepts for diverse careers. It emphasizes teamwork, leadership skills, analytical decision-making, critical thinking, and understanding digital transformation. Students will gain experience in both participating in and leading collaborative efforts. The Business Administration major at The Paul Merage School of Business offers a comprehensive curriculum similar to top business schools nationwide. It covers a range of topics, including organizations, communication, behavior, leadership, strategy, finance, information technology, and marketing, within a global context. Students are encouraged to tailor their education with courses inside and outside the Merage School to align with their career goals and personal interests. This flexibility allows students to combine management education with industry-specific areas such as bioscience business, government service, international commerce, arts management, and entrepreneurship in computer gaming. Students can also prepare for advanced degrees in law, accounting, or business-related fields through their course selections.",,"The official university website for the University of California, Irvine is uci.edu.",,,,FALSE,False,,,,,,,,,,,,,,,,,,,,,False,False,,,115.0,,,,6.5,,,,,80.0,,,,,,,,,,,,,,FALSE,,,FALSE,FALSE,,,False
,Bachelor of Arts in Business Economics,,,,,Undergraduate,Fall 2026,,,,Not Required,Not Required,Not Required,Required,"To be considered for admission to UC Irvine as a freshman, you must complete 15 A-G courses with a letter grade of C or better, with at least 11 of those courses finished before your senior year of high school. A minimum GPA of 3.0 (3.4 for non-residents) is required in these courses. The University of California is test-free, meaning SAT or ACT scores are not considered for admission or scholarship purposes. [4] Instead of a personal statement or essay, applicants must answer four out of eight Personal Insight Questions. [6, 15] There is no indication that a resume or a separate writing sample is required for general freshman admission.",Not Required,,True,False,True,False,False,False,,True,False,False,False,False,True,True,False,False,,,,,,,,,,,,,"The Bachelor of Arts in Business Economics offers a major for students seeking a business orientation in their study of economics. It does not replicate the traditional undergraduate business school curriculum. Instead, it offers a more tightly focused curriculum that is guided by the rigorous logic and integrative perspective of economics. It is designed to prepare students for graduate education in business, economics, and law. The program requires students to include specific courses offered by the department and the John E. Anderson Graduate School of Management. Upon completion of the Business Economics major, students will have achieved the following learning objectives: a) Understanding, through application of microeconomics, of the interaction of individuals and organizations in markets; and of the role of public policy in shaping those interactions; b) Understanding, through application of macroeconomics, of the functioning of market economies at regional, national, and global levels; and of the role of public policy in shaping those interactions; c) Understanding and application of accounting principles to analysis of business problems; d) Acquisition and use of data to evaluate hypotheses with tables, charts, and statistical analyses; e) Use of appropriate analytical perspectives and approaches to frame problems involving the interaction of people, organizations, markets, and society; identify effective strategic approaches to problem solving; and gather and organize key information to facilitate problem solving. [1]",,"The official university website for the University of California, Irvine is uci.edu.",,,,FALSE,False,,,,,,,,,,,,,,,,,,,,,False,False,,,115.0,,,,6.5,,,,,80.0,,,,,,,,,,,,,,FALSE,,,FALSE,FALSE,,,False
,Bachelor of Science in Business Information Management,,,,,Undergraduate,Fall 2026,,,,Not Required,Required,Not Required,Required,"Admission into this major is limited. If the number of Business Information Management applicants exceeds the number of positions available, applicants may be subject to screening beyond minimum University of California admissions requirements. All applicants must meet the University of California's freshman admission requirements, including the completion of the A-G subject course requirements.",Not Required,,True,False,True,False,False,False,,True,False,False,False,False,True,False,False,False,,,,"The Bachelor of Science in Business Information Management is a collaborative, interdisciplinary degree program offered jointly by the Donald Bren School of Information and Computer Sciences and The Paul Merage School of Business. [12]","$13,602/Year for California residents; $51,204/Year for non-residents (based on 2025-2026 tuition of $13,602 and nonresident supplemental tuition of $37,602). [5, 27]",,,,,,,,"The undergraduate Business Information Management major administered by the Donald Bren School of Information and Computer Sciences is a collaborative, interdisciplinary degree program between the Bren School and The Paul Merage School of Business. [8] The program seeks to educate students to understand and then apply the theories and concepts of a broad, integrated curriculum covering computing, informatics, business fundamentals, and analytical decision-making. [8, 16] The major prepares students for a wide variety of careers and life experiences. [8, 16] Business Information Management majors can pursue careers in the for-profit and not-for-profit sectors or can proceed to graduate school in several disciplines, including information systems, computing, economics, business, and law. [8, 16] The curriculum is presented across three general academic areas: Computing (computer science, informatics, and software); Business Foundations (accounting, finance, marketing, strategy, and operations); and Analytical Methods (mathematics, statistics, economics, management science, and decision analysis). [8, 16] The fundamentals of information and computer science, including the rudiments of software design and construction with an emphasis on data management, provide the foundation for understanding, describing, and evaluating the technology through which most business information is gathered and presented. [8, 16] The business fundamentals, covering all the functional areas in the Merage School, provide a background and context in which information and its analysis will be applied. [8, 16]",,"The official university website for the University of California, Irvine is uci.edu.","The B.S. in Business Information Management is accredited by The Association to Advance Collegiate Schools of Business, with the next accreditation review date in Fall 2028. [5]",,"UCI charges undergraduate tuition and fees based on a flat rate for students enrolled in 12 or more units per quarter, not on a per-credit basis. [2, 41]",FALSE,True,,4.0,A minimum GPA of 3.0 is required for California residents and 3.4 for non-California residents in the required 'A-G' subject courses. [7],,,,,,,,,,,,,,,,,,False,False,,,115.0,,,,6.5,,,,,80.0,,,,,,,,,,,,,"UCI offers scholarships based on various factors including academic achievement, financial need, community activities, work experience, and major. [29, 33]",FALSE,,,FALSE,FALSE,,,False
,Bachelor of Science in Chemical Engineering,,,,,Undergraduate,Fall 2026,,,,Not Required,Required,Not Required,Required,"To be considered for admission to the University of California, Irvine, as a first-year student, applicants must complete 15 A-G courses with a grade of C or better, and at least 11 of these must be completed before the final year of high school. [24] A minimum GPA of 3.0 for California residents and 3.4 for non-residents is required in these courses. [24] All applicants must respond to four out of eight Personal Insight Questions, with each response limited to 350 words. [18, 22] The University of California system is test-blind, meaning SAT or ACT scores are not considered for admission or scholarships. [18, 24]",Not Required,,True,True,True,False,False,False,,True,False,False,False,False,True,False,False,False,,,,The Henry Samueli School of Engineering,"$13,602 per year for California residents. For non-residents, add $37,602 for Nonresident Tuition and Fees.",,,,,,,,"Chemical Engineering uses knowledge of chemistry, mathematics, physics, biology, and humanities to solve societal problems in areas such as energy, health, the environment, food, clothing, materials, and sustainability and serves a variety of processing industries whose vast array of products include chemicals, petroleum products, plastics, pharmaceuticals, foods, textiles, fuels, consumer products, and electronic and cryogenic materials. Chemical Engineering also advances societal goals by developing environmentally conscious and sustainable technologies to meet global challenges. The undergraduate curriculum in Chemical Engineering builds on basic courses in chemical engineering, other branches of engineering, and electives which provide a strong background in humanities and human behavior. Elective programs developed by the student with a faculty advisor may include such areas as applied chemistry, biochemical engineering, chemical reaction engineering, chemical processing, environmental engineering, materials science, process control systems engineering, and biomedical engineering.",,"The official university website for the University of California, Irvine is uci.edu.","The Chemical Engineering, B.S. program is accredited by the Engineering Accreditation Commission of ABET.",,302.27,FALSE,False,,4.0,2,,,,,,,,,,,,,,,,,,False,False,,,115.0,,,,6.5,,,,,80.0,,,,,,,,,,,"The Henry Samueli Endowed Scholarship offers $7,500. Other scholarships are available, such as the Haggai Memorial Endowed Scholarship ($1,000) and the Deborah and Peter Pardoen Memorial Endowed Scholarship ($750).",,Merit-based and need-based scholarships are available.,FALSE,,,FALSE,FALSE,,,False
,Bachelor of Science in Chemistry,,,,,Undergraduate,Fall 2026,,,,,,Not Required,Required,,,,True,True,False,False,False,False,,True,False,False,False,False,True,False,False,False,,,,,,,,,,,,,,,"The official university website for the University of California, Irvine is uci.edu.",,,,FALSE,False,,,,,,,,,,,,,,,,,,,,,False,False,,,115.0,,,,6.5,,,,,80.0,,,,,,,,,,,,,,FALSE,,,FALSE,FALSE,,,False
,Bachelor of Arts in Chicano/Latino Studies,,,,,Undergraduate,Fall 2026,,,,Not Required,Not Required,Not Required,Required,"Admission to the Bachelor of Arts in Chicano/Latino Studies program is subject to the general undergraduate admission requirements of the University of California, Irvine. Applicants are required to complete the University of California application, which includes Personal Insight Questions. There are no additional application requirements specific to this major.",Not Required,,True,False,True,False,False,False,,True,False,False,False,True,True,False,False,False,,,,,,,,,,,,,"The Department of Chicano/Latino Studies at UCI is a nationally top-ranked, multidisciplinary program of research, teaching, and social service. We provide UC Irvine students with the opportunity to explore the histories, cultures, and ethnic diversity of the Chicano/Latino diaspora, equipping them with the tools to develop projects that help us better understand and serve these communities. The undergraduate major is built on a strong foundation of three interdisciplinary pillars: History, Literature, Arts, and Media, and Contemporary Inequalities and Social Issues. [13] This diverse population includes people who trace their heritage to Mexico, Puerto Rico, Cuba, El Salvador, Guatemala, Nicaragua, and other Latin American and Caribbean nations. [9, 10] The curriculum is designed to provide an awareness, knowledge, and appreciation of the language, history, culture, literature, sociology, anthropology, politics, social ecology, health, medicine, and creative (art, dance, drama, film, music) accomplishments of Chicano/Latino communities. [9, 10]",,"The official university website for the University of California, Irvine is uci.edu.",,,,FALSE,False,,,,,,,,,,,,,,,,,,,,,False,False,,,120.0,,,,6.5,,,,,80.0,,,,,,,,,,,,,,FALSE,,,FALSE,FALSE,,,False
,Minor in Chicano/Latino Studies,,,,,Undergraduate,Fall 2026,,,,Not Required,Not Required,Not Required,Not Required,"Requirements for the minor include the completion of three core courses (CHCLAT 61, 62, 63), three upper-division courses from CHCLAT 100-189, and fulfilling a language requirement of Spanish 2A or its equivalent. [1, 5]",Not Required,,True,False,False,False,False,False,,False,False,False,False,False,False,False,True,False,,,,School of Social Sciences,"$13,602 per year",,,,,,,,"The minor in Chicano/Latino studies provides undergraduate students with an opportunity to examine the historical and contemporary experiences of Chicanos and Latinos. [2] The curriculum provides awareness, knowledge and appreciation of the language, history, culture, literature, sociology, anthropology, politics, social ecology, health, medicine and creative accomplishments in Chicano/Latino communities. [2] In addition to satisfying the requirements for the minor, students are encouraged to take advantage of the variety of unique educational opportunities available at UCI. [2]",,"The official university website for the University of California, Irvine is uci.edu.",,,$302.27 per unit,FALSE,False,,4.0,2,,,,,,,,,,,,,,,,,,False,False,,,,,,,,,,,,,,,,,,,,,,,"The Department of Chicano/Latino Studies offers several awards, and the Social Sciences Moore Scholarship for Community and Social Change provides a $1,000 award.",,"The Department of Chicano/Latino Studies offers awards for excellence in research and community engagement. [13] The university provides various forms of financial aid, including grants, scholarships, loans, and work-study opportunities. [12]",FALSE,,,FALSE,FALSE,,,False
,Minor in Chinese Language and Literature,,,,,Undergraduate,Fall 2026,,,,,,Not Required,Required,,,,True,True,True,False,False,False,,True,False,False,False,True,True,False,False,False,,,,School of Humanities,,,,,,,,,"Minoring in the Chinese program will give students foundational knowledge needed to pursue a career involving this important Pacific Rim nation. [10] Students will be equipped with linguistic and cultural skills and be prepared in a variety of endeavors, such as international business, law, government service, journalism, teaching, and other careers involved with public affairs. [10, 11] Seven courses (28 units) are required for the minor. [10, 11]",,"The official university website for the University of California, Irvine is uci.edu.",,,UCI does not charge per credit for full-time students; it is a flat rate. Part-time study for undergraduate students (10 units or fewer) has reduced tuition and fees. [12],FALSE,False,,4.0,2,,,,,,,,,,,,,,,,,,False,False,,,115.0,,,,6.5,,,53.0,,80.0,,,,,,,,,,,,,"Merit-based scholarships are available for undergraduate students in the School of Humanities, including those majoring in Chinese Studies. [18]",FALSE,,,FALSE,FALSE,,,False
,Bachelor of Arts in Chinese Studies,,,,,Undergraduate,Fall 2026,,,,,,Not Required,Required,,,,True,True,True,False,False,False,,True,False,False,False,False,True,False,False,False,,,,School of Humanities,,,,,,,,,,,"The official university website for the University of California, Irvine is uci.edu.",,,,FALSE,False,,4.0,"A GPA of 3.0 or better is required for graduation. For admission, a GPA of 3.4 is required for non-California residents.",,,,,,,,,,,,,,,,,,False,False,,,115.0,,,,6.5,,,,,80.0,,,,,,,,,,,,,"University scholarships are awarded on a competitive basis and are based on academic merit, financial need, or a combination of both.",FALSE,,,FALSE,FALSE,,,False
,Minor in Chinese Studies,,,,,Undergraduate,Fall 2026,,,,Not Required,Not Required,Not Required,Required,"To declare the minor, students should contact an academic counselor from the school of their major to have the minor added to their Degree Works. [10] To officially receive the minor, students must complete all required courses, obtain a minimum overall grade point average of at least 2.0 in all courses required for the minor, and list the minor on their Application for Graduation. [10] A total of 8 courses (32 units) are required for the minor. [12]",Not Required,,True,False,True,False,False,False,,True,False,False,False,False,True,False,False,False,,,,"School of Humanities, Department of East Asian Studies","For the 2024-2025 academic year, the estimated undergraduate tuition for California residents is $16,246. [30]",,,,,,,,"Minoring in the Chinese program will give students foundational knowledge needed to pursue a career involving this important Pacific Rim nation. Students will be equipped with linguistic and cultural skills and be prepared in a variety of endeavors, such as international business, law, government service, journalism, teaching, and other careers involved with public affairs. [9, 10]",,"The official university website for the University of California, Irvine is uci.edu.",,,,FALSE,False,,4.0,2,,,,,,,,,,,,,,,,,,False,False,,,115.0,,,,6.5,,,,,80.0,,,,,,,,,,,,,"The UCI Scholarship Office administers a variety of scholarships, which can be merit-based or need-based. [31]",FALSE,,,FALSE,FALSE,,,False
,Bachelor of Science in Civil Engineering,,,,,Undergraduate,Fall 2026,,,,Not Required,Not Required,Optional,,"To be considered for admission to UC Irvine as a freshman, applicants must complete 15 A-G courses, with at least 11 finished before the start of the senior year of high school. UC Irvine uses a comprehensive review process that considers academic achievement in high school coursework, as well as a student's personal qualities, talents, and skills, all within the context of their experiences and circumstances. The application requires answers to four out of eight Personal Insight Questions, which are a central part of the application. Letters of recommendation are not accepted.",Not Required,,True,False,,,False,False,,,False,False,False,,,,False,,,,,,,,,,,,,"['General Civil Engineering', 'Environmental Hydrology and Water Resource Engineering', 'Structural Engineering', 'Transportation Systems Engineering', 'Computer Applications', 'Engineering Management', 'Infrastucture Planning', 'Mathematical Methods']","Civil engineering is described as the art of substainably harnessing the natural environment to meet human needs. The goal of the Civil Engineering curriculum is to prepare graduates for a career in practice, research, or teaching. [2] At the undergraduate level a common core of fundamental subjects is provided, and students are required to specialize in their senior year. [2] Specialization are offered in General Civil Engineering, Environmental Hydrology and Water Resource Engineering, Structural Engineering, and Transportation Systems Engineering. [2] The educational mission of the Civil Engineering undergraduate program is to provide students with an multidisciplinary curriculum that is fundamental, yet broad and flexible, to produce graduates who are well-grounded in mathematical, scientific, and technical knowledge; have the ability to analyze, evaluate, and design civil engineering systems; have the ability to communicate effectively; have had meaningful opportunities for undergraduate research; and who have acquired an understanding and appreciation for global and societal issues and are thus prepared for a career path toward leadership in industry, government, and academia. [3] Graduates may look forward to long-term careers in major corporations, public bodies, the military, private consulting firms, or to being self-employed in private practice. [2]",,"The official university website for the University of California, Irvine is uci.edu.","The Civil Engineering program is accredited by the Engineering Accreditation Commission of ABET, under the commission's General Criteria and Program Criteria for Civil and Similarly Named Engineering Programs. [3]",,,FALSE,True,,,,,,,,,,,,,,,,,,,,,False,False,,,,,,,,,,,,,,,,,,,,,,,,,,FALSE,,,FALSE,FALSE,,,False
,Minor in Classical Civilization,,,,,Associate,Fall 2026,,,,Not Required,Not Required,Optional,Required,"The minor program in Classical Civilization at the University of California, Irvine approaches the ancient world from a broad interdisciplinary perspective with the goal of gaining a deeper understanding and appreciation for the diverse cultures of the ancient Mediterranean. Eight courses (32 units) are required for the minor. 

Required Lower-Division Courses:
- CLASSICS 45A: The Ancient World in Film
- CLASSICS 45B: The Legendary World of Ancient Greece and Rome
- CLASSICS 45C: The Worlds of Ancient Greece and Rome

Upper-Division Requirements:
- Select five upper-division Classics courses, one of which may be in a related field such as history, art history, or philosophy.",Not Required,,True,False,False,,False,False,,True,False,False,False,False,True,True,False,False,,,,,,,,,,,,,"The Department offers minors in Classical Civilization, Greek, and Latin for students who plan to follow a shorter but formally recognized program of study in the field of Classics. The minor program in Classical Civilization approaches the ancient world from a broad interdisciplinary perspective with the goal of gaining a deeper understanding and appreciation for the diverse cultures of the ancient Mediterranean. Students who minor in Classical Civilization have many of the same advantages as our majors, and they benefit from being part of our inclusive community as they develop their study on civilizations that have had profound influence on our current socio-cultural, intellectual, and civic lives. Students further benefit from enhancing their critical thinking and their creative and historically-informed problem solving, which can successfully complement their majors and studies in other areas, including the Humanities, Social Sciences, STEM or other professional fields.",,"The official university website for the University of California, Irvine is uci.edu.",,,,FALSE,False,,,,,,,,,,,,,,,,,,,,,False,False,,,,,,,7.0,,,,,80.0,,,,,,,,,,,,,,FALSE,,,FALSE,FALSE,,,False
,Bachelor of Arts in Classics,,,,,Associate,Fall 2026,,,,,,Not Required,Required,,,,True,True,True,False,False,False,,True,False,False,False,False,True,False,False,False,,,,,,,,,,,,"['Greek and Latin Language and Literature', 'Latin Language and Literature', 'Classical Civilization']","The Department of Classics aims to provide the undergraduate student with a working knowledge of the origins and heritage of Graeco-Roman civilization. [4, 6] The Department is committed to a twofold purpose: (1) disseminating interest in and knowledge of Classical Civilization through the teaching of Greek and Latin language and literature; and (2) helping students, through courses in Classical literature, history, civilization, mythology, and religion taught through English translations, to appreciate the achievements of Greek and Roman culture and their pervasive influence on our own civilization. [4, 6] The Department offers a major in Classics with three possible emphases. [6] Students may chose an emphasis in (i) Greek and Latin Language and Literature, (ii) Latin Language and Literature, or (iii) Classical Civilization. [6]",,"The official university website for the University of California, Irvine is uci.edu.",,,,FALSE,False,,,,,,,,,,,,,,,,,,,,,False,False,,,115.0,,,,6.5,,,,,80.0,,,,,,,,,,,,,,FALSE,,,FALSE,FALSE,,,False
,Bachelor of Science in Cognitive Sciences,,,,,Undergraduate,Fall 2026,,,,,,Not Required,Required,,,,True,True,True,False,False,False,,True,False,False,False,False,True,False,False,False,,,,School of Social Sciences,,,,,,,,,"The B.S. in Cognitive Sciences exposes students to the theoretical foundations and experimental and computational methods of cognitive science and neuroscience research. Coursework is highly interdisciplinary incorporating (a) Cognitive Psychology, (b) Cognitive Neuroscience, (c) Mathematics, (d) Statistics, (e) Computer Science, and (f) Natural Sciences. [3]",,"The official university website for the University of California, Irvine is uci.edu.",,,,FALSE,False,,4.0,"3.0 for California residents, 3.4 for non-California residents",,,,,,,,,,,,,,,,,,False,False,,,115.0,,,,6.5,,,,,80.0,,,,,,,,,,,,,"Scholarships are awarded for academic achievement, financial need, community activities, work experience, and more. [26]",FALSE,,,FALSE,FALSE,,,False
,Bachelor of Arts in Comparative Literature,,,,,Undergraduate,Fall 2026,,,,,,Not Required,Required,,,,True,True,False,False,False,False,,False,False,False,False,False,False,False,False,False,,,,School of Humanities,"$13,602/Year",,,,,,,"['General Languages and Literature', 'Advanced Language and Literature', 'Literature and a Related Discipline (such as sociology, history, music, or film)', 'Translation Concentration', 'Film Concentration']","An interdisciplinary and adaptable major exploring a world of literary traditions. Comparative literature is the study of all modes of human expression: oral, written, and visual. Our students become knowledgeable about multiple cultures and disciplines, and study topics like gender and sexuality, literary history, colonialism, human rights, global censorship, postcolonial and diaspora studies, literary theory, film, and translation. Students build facility with multiple languages as well as skills in critical thinking, viewing, writing, research, and oral presentation.",,"The official university website for the University of California, Irvine is uci.edu.",,,,FALSE,False,,4.0,2.0,,,,,,,,,,,,,,,,,,False,False,,,115.0,,,,6.5,,,,,80.0,,,,,,,,,,,,,"Merit-based, Need-based",FALSE,,,FALSE,FALSE,,,False
,Minor in Comparative Literature,,,,,Undergraduate,Fall 2026,,,,Not Required,Not Required,Not Required,Required,"The official UCI General Catalogue confirms that a Minor in Comparative Literature is offered. However, the specific application requirements and procedures to declare the minor are not detailed on the Department of Comparative Literature's pages or in the general catalogue. Typically, for minors in the School of Humanities, students are advised to contact their academic counselor to have the minor added to their degree audit.",Not Required,,True,False,True,False,False,False,,True,False,False,False,False,True,False,False,False,,,,School of Humanities,"$13,602.00/Year",,,,,,,,"Comparable to its major counterpart, the Minor in Comparative Literature at the University of California, Irvine, is centered on the study of global literatures and cultures. Critical theory and the practice of translation serve as foundational frameworks, enabling students to navigate across various languages, media, geographical territories, and political ideas. The curriculum is designed for undergraduates to explore national and regional literatures from diverse areas including Asia, Africa, Latin America, North America, and Europe. These cultural expressions are examined within the context of dynamic global interactions, both from a historical and a contemporary viewpoint. The program exposes students to a wide array of global cultures and the theoretical lenses necessary to analyze them, covering a range of media from novels and poetry to film, visual culture, and digital media.",,"The official university website for the University of California, Irvine is uci.edu.",,"$20,868",$302.27/unit,FALSE,False,,4.0,2,,,,,,,,,,,,,,,,,,False,False,,,115.0,,,,6.5,,,,,80.0,,,,,,,,,,,,,merit based or need based,FALSE,,,FALSE,FALSE,,,False
,Bachelor of Science in Computer Engineering,,,,,Undergraduate,Fall 2026,,,,Not Required,Not Required,,Required,"Applicants for the Bachelor of Science in Computer Engineering must fulfill the general freshman admission requirements of the University of California, Irvine. This includes completing 15 A-G courses with a grade of C or better, and maintaining a minimum GPA. Specific details are available on the UCI admissions website. For high school students, the Computer Engineering program page directs them to the general school admissions information.",Not Required,,True,False,False,,,False,,True,False,False,False,False,True,,False,False,,,,,,,,,,,,,"The Department of Information and Computer Sciences and the Department of Electrical Engineering offer a joint Bachelor of Science degree in Computer Engineering (BS CE). The BS CE degr... view more The Computer Engineering Program at UCI is aimed for preparing ita graduates to become intellectual leaders in industry, government, and academia. Graduates of this program are grounded in scientific, mathematical, and technical knowledge through coursework that keeps pace with current relevant technologies; they develop the ability to analyze, synthesize, and design both core parts of modern computing systems and integrated application systems centered around computers through learning the scientific foundation for hardware and software engineering and applying it in engineering exercises; and by means of general education courses, they enhance their ability to communicate and interact effectively with others and to appreciate the broader context of their profession.The undergraduate Computer Engineering curriculum includes a core of mathematics, physics, and chemistry. Engineering courses in fundamental areas fill in much of the remaining curriculum.",,"The official university website for the University of California, Irvine is uci.edu.","The Computer Engineering program is accredited by the Engineering Accreditation Commission of ABET, under the commission's General Criteria and Program Criteria for Electrical, Computer, Communication, Telecommunication(s), and Similarly Named Engineering Programs. [5, 11]",,,FALSE,True,,,,,,,,,,,,,,,,,,,,,False,False,,,,,,,,,,,,,,,,,,,,,,,,,,FALSE,,,FALSE,FALSE,,,False
,Bachelor of Science in Computer Game Science,,,,,Undergraduate,Fall 2026,,,,Not Required,Not Required,,,"Admission to the Bachelor of Science in Computer Game Science program for freshmen is managed through the general undergraduate admissions process of the University of California, Irvine. Applicants must complete the 15 A-G college-preparatory courses with a grade of C or better. A minimum GPA of 3.0 is required for California residents (3.4 for non-residents) in these courses. [9] The UC application includes personal insight questions, which take the place of a traditional statement of purpose or writing sample. [1, 2, 3]",Not Required,,True,False,,,,,,,,,,,,,,,,,,,,,,,,,,,"The Bachelor of Science in Computer Game Science provides students with a solid foundation in computer science and mathematics, and teaches them how to design, build, and critique computer games. The curriculum is designed around a core set of courses that introduce the fundamentals of computer science (programming, data structures, graphics, and artificial intelligence), math (statistics, linear algebra, and logic), and games (games and society, game design, game engines, and multiplayer games). Students have the opportunity to specialize through a variety of electives. A key component is a two-quarter senior capstone course where students work in teams to design and build a computer game. The program aims to provide a view of computer game systems as a form of communication, teaching, and entertainment, and to foster an understanding of computer game technology as a cultural force.",,"The official university website for the University of California, Irvine is uci.edu.",,,,FALSE,True,,,,,,,,,,,,,,,,,,,,,False,False,,,,,,,,,,,,,,,,,,,,,,,,,,FALSE,,,FALSE,FALSE,,,
,Bachelor of Science in Computer Science,,,,,Undergraduate,Fall 2026,,,,,,Not Required,Required,,,,True,True,True,False,False,False,,True,False,False,False,False,True,False,False,False,,,,,,,,,,,,,,,"The official university website for the University of California, Irvine is uci.edu.",,,,FALSE,False,,,,,,,,,,,,,,,,,,,,,False,False,,,115.0,,,,6.5,,,,,80.0,,,,,,,,,,,,,,FALSE,,,FALSE,FALSE,,,False
,Bachelor of Science in Computer Science and Engineering,,,,,Undergraduate,Fall 2026,,,,,Required,Not Required,Required,"To be considered for admission to UC Irvine as a first-year student, you must complete 15 A-G courses with a grade of C or better, and earn a grade point average (GPA) of 3.0 or better (3.4 for non-residents) in these courses. [24] For graduate programs, applicants must hold a bachelor's degree from a regionally accredited institution or a comparable degree from a recognized institution abroad, with a minimum GPA of 3.0. [14] Graduate admission requirements can vary by program. [18]",,,True,False,True,False,False,False,,True,False,False,False,False,True,False,False,False,,,,,,,,,,,,,"The undergraduate program in Computer Science and Engineering is administered by faculty from two academic units: the Department of Computer Science (CS) in the Donald Bren School of Information and Computer Sciences, and the Department of Electrical Engineering and Computer Science (EECS) in The Henry Samueli School of Engineering. [4] This program is designed to provide students with the fundamentals of computer science, both hardware and software, and the application of engineering concepts, techniques, and methods to both computer systems engineering and software system design. [4, 6] The program gives students access to multidisciplinary problems in engineering with a focus on total systems engineering. [4, 6] Students learn the computer science principles that are critical to development of software, hardware, and networking of computer systems. [4, 6] From that background, engineering concepts and methods are added to give students exposure to circuit design, network design, and digital signal processing. [6] Elements of engineering practice include systems view, manufacturing and economic issues, and multidisciplinary engineering applications. [6]",,"The official university website for the University of California, Irvine is uci.edu.","The Computer Science and Engineering program is accredited by the Engineering Accreditation Commission of ABET, under the commission's General Criteria and Program Criteria for Electrical, Computer, Communication, Telecommunication(s), and Similarly Named Engineering Programs. The Computer Science and Engineering program is also accredited by the Computing Accreditation Commission of ABET under the commission's General Criteria and Program Criteria for Computer Science and Similarly Named Computing Programs. [5, 9]",,,FALSE,False,,,,,,,,,,,,,,,,,,,,,False,False,,,115.0,,,,6.5,,,,,80.0,,,,,,,,,,,,,,FALSE,,,FALSE,FALSE,,,False
,Minor in Creative Writing,,,,,Undergraduate,Fall 2026,,,,Not Required,Not Required,Not Required,Not Required,"To declare a minor in the School of Humanities, which would include any writing-related minor, current UCI students must submit a DegreeWorks Update Request form if they are a Humanities major, or contact an academic counselor in the school of their major to request adding the minor. A minimum overall GPA of 2.0 is required in all courses for the minor program. There are no application requirements such as a resume or statement of purpose for the declaration of a minor.",Not Required,,True,False,False,False,False,False,,False,False,False,False,False,False,False,True,False,,,,School of Humanities,,,,,,,,,"The Department of English offers a minor in Creative Writing open to undergraduates across the UCI campus, giving them the opportunity to receive instruction and practice in the craft of prose fiction and poetry, and to learn the literary tradition of these art forms in English. [2] The minor consists of workshop courses, writing courses, and literature courses, which serve to provide a foundation for students who wish to pursue creative writing professionally, as well as for those who have an amateur interest in the art. [2]",,"The official university website for the University of California, Irvine is uci.edu.",,,,FALSE,False,,4.0,2.0,,,,,,,,,,,,,,,,,,False,False,,,,,,,,,,,,,,,,,,,,,,,"Each year the Program in Creative Writing offers over $20,000 in prize money to undergraduate and graduate students. [24]",,"Prizes for poetry, fiction, and creative nonfiction.",FALSE,,,FALSE,FALSE,,,False
,"Bachelor of Arts in Criminology, Law and Society",,,,,Undergraduate,Fall 2026,,,,Not Required,Not Required,Not Required,Required,"To be considered for admission to UC Irvine as a freshman, applicants must have completed 15 year-long UC-approved 'A-G' college preparatory courses with a letter grade of C or better, with at least 11 of those courses finished before the last year of high school. [8] A minimum GPA of 3.0 for California residents (3.4 for non-residents) is required in these courses. [7, 8] The application review is a comprehensive process that considers academic achievements, activities, talents, and skills, as well as the answers to personal insight questions. [7]",Not Required,,True,False,True,False,False,False,,True,False,False,False,False,True,False,False,False,,,,School of Social Ecology,,,,,,,,,"The major in Criminology, Law and Society is designed to provide students with an overview of the American legal system and in-depth focus on the regulation of behavior, the problem of crime, and responses to crime within this system. [1] Students explore these topics through multiple disciplinary perspectives, including anthropological, economic, historical, political, and sociological approaches to the study of law, behavior, and institutions of social control. [1] The distinctive, interdisciplinary undergraduate major in Criminology, Law & Society (CLS) focuses on the problem of crime and on understanding the social, cultural, political, and economic forces that interact with the law. [2] Basic courses present overviews of legal systems with particular emphasis on criminal and juvenile justice, forms of criminal behavior, the role of law in understanding social and psychological phenomena, and the applications of sociological theory in understanding law and legal systems. [2] In addition to learning to apply social science techniques to analyzing social problems, students in this course of study will be especially well-prepared for careers in criminal justice and regulatory agencies, public policy organizations, and direct service provision to people involved with the legal system as well as for pursuing graduate studies in law, sociology, criminology, and criminal justice. [1]",,"The official university website for the University of California, Irvine is uci.edu.",,,,FALSE,False,,4.0,2.0,,,,,,,,,,,,,,,,,,False,False,,,115.0,,,,6.5,,,,,80.0,,,,,,,,,,,,,"Merit-based, Need-based",FALSE,,,FALSE,FALSE,,,False
,"Minor in Criminology, Law and Society",,,,,Undergraduate,Fall 2026,,,,Not Required,Not Required,Not Required,Not Required,"The minor in Criminology, Law and Society requires the completion of eight courses (32 units). This includes two core courses: CRM/LAW C7 Introduction to Criminology, Law and Society and CRM/LAW C10 Fundamentals of Criminology, Law and Society. Additionally, students must complete six upper-division courses from the range of CRM/LAW C100–C191. [7, 10]",Not Required,,True,False,False,False,False,False,,False,False,False,False,False,False,False,False,False,,,,School of Social Ecology,,,,,,,,,"The minor in Criminology, Law and Society is designed to provide students with an overview of the American legal system and in-depth focus on the regulation of behavior, the problem of crime, and responses to crime within this system. [9] Students explore these topics through multiple disciplinary perspectives, including anthropological, economic, historical, political, and sociological approaches to the study of law, behavior, and institutions of social control. [9] In addition to learning to apply social science techniques to analyzing social problems, students in this course of study will be especially well-prepared for careers in criminal justice and regulatory agencies, public policy organizations, and direct service provision to people involved with the legal system as well as for pursuing graduate studies in law, sociology, criminology, and criminal justice. [9]",,"The official university website for the University of California, Irvine is uci.edu.",,,,FALSE,False,,4.0,2.0,,,,,,,,,,,,,,,,,,False,False,,,,,,,,,,,,,,,,,,,,,,,,,"Merit-based, Need-based",FALSE,,,FALSE,FALSE,,,False
,Bachelor of Science in Data Science,,,,,Undergraduate,Fall 2026,,,,Not Required,Not Required,Not Required,Required,"To be considered for admission to a UC campus, you must complete 15 college-preparatory 'a-g' courses with a letter grade of C or better, with at least 11 of those courses completed before your senior year of high school. A minimum GPA of 3.0 for California residents (3.4 for non-residents) is required in these courses. [19] The application is submitted through the University of California's application portal, which includes personal insight questions.",Not Required,,True,False,True,False,False,False,,True,False,False,False,False,True,True,False,False,,,,Donald Bren School of Information and Computer Sciences,"$14,395.17/Year",,,,,,,,"Die Fachrichtung Data Science bereitet Studierende auf eine Karriere in der Datenanalyse vor und kombiniert grundlegende statistische Konzepte mit computergestützten Prinzipien aus der Informatik. In den ersten beiden Jahren des Programms belegen die Studierenden Kernkurse sowohl in der Statistik als auch in der Informatik und schaffen so eine solide Grundlage in den Prinzipien beider Bereiche. Im 3. und 4. Jahr des Programms belegen die Studierenden spezialisiertere Kurse zu Themen wie dem Entwurf von Algorithmen, maschinellem Lernen, Informationsvisualisierung und Bayes'scher Statistik. Ein Hauptbestandteil dieses Abschlusses ist der Capstone-Projektkurs im letzten Jahr, ein 2-Quartals-Kurs, in dem die Studierenden lernen, wie sie statistische und computergestützte Prinzipien anwenden, um große, reale Datenanalyseprobleme zu lösen.",,"The official university website for the University of California, Irvine is uci.edu.",,,,FALSE,True,,4.0,2,,,,,,,,,,,,,,,,,,False,False,,,115.0,,,,6.5,,,,,80.0,,,,,,,,,,,,,"merit-based, need-based",FALSE,,,FALSE,FALSE,,,False
,Bachelor of Arts in Dance,,,,,Undergraduate,Fall 2026,,,,,,Not Required,Required,,,,False,False,True,False,False,False,,True,False,False,False,False,True,False,False,False,,,,Claire Trevor School of the Arts,"$14,752 for in-state and $46,640 for out-of-state students for the 2025 academic year. [22]",,,,,,,,"The Bachelor of Arts (B.A.) degree is designed for students who want a broad undergraduate background in the arts as preparation for careers or graduate work in related fields. The Department of Dance fosters an educational environment where a student’s creative, intellectual, and communicative powers are challenged and developed. Students in the UCI Dance Department discover that performance opportunities, creative projects and theoretical studies complement and reinforce each other. This is a supportive educational environment for students to create, perform, analyze and study dance from historical, philosophical and scientific perspectives.",,"The official university website for the University of California, Irvine is uci.edu.",,"$21,533 per year",$302.27,FALSE,False,,4.0,2,,,,,,,,,,,,,,,,,,False,False,,,115.0,,,,6.5,,,,,80.0,,,,,,,,,,,,,"Scholarships at UCI can be merit-based and/or need-based. [21] They are awarded for academic achievement, financial need, community activities, work experience, and more. [39]",FALSE,,,FALSE,FALSE,,,False
,Minor in Digital Arts,,,,,Undergraduate,Fall 2026,,,,,,Not Required,Not Required,,,,True,True,False,False,False,False,,False,False,False,False,False,False,False,True,False,,,,,,,,,,,,,"In the studio, students receive hands-on experience with current software tools, creating and sharing digital media art projects, developing an appreciation of digital media aesthetics and conceptual design, and learning the fundamentals of desktop video, audio, and Web authoring software applications. [1]",,"The official university website for the University of California, Irvine is uci.edu.",,,,FALSE,False,,,,,,,,,,,,,,,,,,,,,False,False,,,,,,,,,,,,,,,,,,,,,,,,,,FALSE,,,FALSE,FALSE,,,False
,Bachelor of Arts in Drama,,,,,Undergraduate,Fall 2026,,,,,,Not Required,Required,,,,True,True,True,False,False,False,,True,False,False,False,False,True,True,False,False,,,,Claire Trevor School of the Arts,,,,,,,,"['Honors in Acting', 'Honors in Design', 'Honors in Directing', 'Honors in Stage Management', 'Honors in Drama']","The Bachelor of Arts in Drama program at the University of California, Irvine, provides a comprehensive study of acting, directing, design, music theatre, playwriting, stage management, theatre production, and dramatic theory, criticism, literature, and history. The program also involves hands-on participation in productions throughout a student's course of study.",,"The official university website for the University of California, Irvine is uci.edu.",,,,FALSE,False,,4.0,2,,,,,,,,,,,,,,,,,,False,False,,,115.0,,,,6.5,,,,,80.0,,,,,,,,,,,,,"UC Irvine offers many scholarship opportunities for all current undergraduate students through the Office of Financial Aid and Scholarships' annual online scholarship application. [12] Students may be matched to a wide range of scholarship opportunities based on the information they provide, including school-specific scholarships, campus-wide scholarships based on merit, financial need, or other eligibility criteria. [43]",FALSE,,,FALSE,FALSE,,,False
,Bachelor of Arts in East Asian Cultures,,,,,Associate,Fall 2026,,,,,,Not Required,Required,,,,True,True,True,False,False,False,,True,False,False,False,False,True,True,False,False,,,,School of Humanities,"$14,752 per year (in-state), $46,640 per year (out-of-state) for 2025. [1]",,,,,,,," The curtain focuses in the study of East Asian Cultures focuses on the regional dynamics of cultural and social transformations in East Asia. Students benefit from a multidisciplinary approach to the study of intra-regional relationships between East Asian countries in order to situate them in their broader global contexts. By integrating the study of East Asia with theoretical issues that shape the study of world culture in general, students gain the dual perspectives derived from examining East Asian cultures on their own terms and from recognizing the affinities these civilizations share, and the conflicts they encounter in their interactions with the rest of the world. [1, 2]",,"The official university website for the University of California, Irvine is uci.edu.",,21866,302.27,FALSE,False,,4.0,3,,,,,,,,,,,,,,,,,,False,False,,,115.0,,,,6.5,,,,,80.0,,,,,,,,,,,,,"The Regents' Scholarship, Directors' Scholarship, Chancellor's Excellence Scholarship. [18]",FALSE,,,FALSE,FALSE,,,False
,Bachelor of Science in Earth System Science,,,,,Undergraduate,Fall 2026,,,,Not Required,Not Required,Optional,Required,"To be considered for admission to UC Irvine as a freshman, applicants must have a minimum GPA of 3.0 (3.4 for non-California residents) in the 15 required “A-G” subject courses, with no grade lower than a C. [10, 17] The “A-G” requirements consist of: two years of history/social science, four years of English, three years of mathematics (four recommended), two years of laboratory science (three recommended), two years of a language other than English (three recommended), one year of visual and performing arts, and one year of a college-preparatory elective. [10] For transfer student admission to the Earth System Science, B.S. program, preference is given to junior-level applicants with the highest grades who have completed one year of approved calculus and one year of either general chemistry with a lab or one year of calculus-based physics with a lab. [20, 21]",Not Required,,True,False,False,,False,False,,True,,,,False,True,,False,False,,,,,,,,,,,,"['Atmospheric Science', 'Hydrology and Terrestrial Ecosystems', 'Oceanography']","The Earth System Science (B.S.) program provides students with a fundamental understanding of the oceanographic, atmospheric, and terrestrial sciences. [10] This program of study prepares students for careers in science, research, or technical fields. [10] Students learn to apply basic sciences (physics, chemistry, mathematics, and biology) to understand the major processes and systems governing the Earth's climate, biogeochemical cycles, and global change. [10] Central to the B.S. program is an understanding of relevant scientific literature, methods to collect/analyze data, and interpret results in the context of scientific theory. [10] Students will learn to work collaboratively to understand and address complex problems and communicate scientific knowledge. [10] Through the core course work, students will learn to explain the current and projected future state of the Earth system in the context of past climate change and current human activities. [10] Once the core course work is complete, students are encouraged to focus on a particular area within Earth System Science and to choose electives that build a coherent core of knowledge. [10] Focus areas include but are not limited to climatology, biogeochemical cycles, oceanography, hydrology, terrestrial sciences, and atmospheric sciences. [10] Optional specializations are available in Atmospheric Science, Hydrology and Terrestrial Ecosystems, and Oceanography. [10]",,"The official university website for the University of California, Irvine is uci.edu.",,,,FALSE,True,,,,,,,,,,,,,,,,,,,,,False,False,,,,,,,,,,,,,,,,,,,,,,,,,,FALSE,,,FALSE,FALSE,,,False
,Minor in Earth and Atmospheric Science,,,,,Undergraduate,Fall 2026,,,,,,Not Required,Not Required,,,,True,True,False,False,False,False,,False,False,False,False,False,False,False,False,False,,,,School of Physical Sciences,,,,,,,,,,,"The official university website for the University of California, Irvine is uci.edu.",,,,FALSE,False,,,,,,,,,,,,,,,,,,,,,False,False,,,,,,,,,,,,,,,,,,,,,,,,,,FALSE,,,FALSE,FALSE,,,False
,Bachelor of Science in Ecology and Evolutionary Biology,,,,,Undergraduate,Fall 2026,,,,,,Optional,Required,,,,True,True,False,,False,False,,True,False,False,False,False,True,,False,False,,,,School of Biological Sciences,"$43,001 per year (for California residents) or $75,695 per year (for non-residents)",,,,,,,,"In the 21st century, biologists in fields ranging from medicine to global change biology increasingly incorporate ecological and evolutionary ideas in their research. The major in Ecology and Evolutionary Biology encourages students to understand and appreciate important linkages between biological disciplines. [4, 8] The major is very broad, including components of evolutionary biology, ecology, and physiology. [4, 8] Faculty interests are also broad and include molecular evolution, population genetics, the evolution of aging, conservation biology, restoration ecology, biogeography, plant and animal population and community ecology, the evolution of infectious disease, experimental evolution, evolutionary ecology, population and community ecology, conservation and restoration ecology, global change, microbial ecology, behavioral ecology, ecophysiology, and evolutionary physiology. [4, 8] Following graduation, students will be especially well prepared to enter graduate programs in either ecology or evolution for advanced study. The major also provides the foundation to pursue careers in governmental and non-governmental environmental organizations, in industry, and in professional schools. [4]",,"The official university website for the University of California, Irvine is uci.edu.",,,,FALSE,False,,4.0,3.0,,,,,,,,,,,,,,,,,,False,False,,,,,,,,,,,,,,,,,,,,,,,,,Merit-based and need-based scholarships,FALSE,,,FALSE,FALSE,,,False
,Bachelor of Arts in Economics,,,,,Undergraduate,Fall 2026,,,,,,,,,,,True,True,,,,,,,,,,,,,,,,,,School of Social Sciences,,,,,,,,,"The Bachelor of Arts in Economics helps students examine how society produces and consumes goods, and it analyzes many real-world issues such as international trade, poverty, taxes, crime, and education. The curriculum provides students with thorough training in both theoretical and empirical approaches to real world problems, and it provides a framework in which to analyze human behavior. In doing so, students graduate with the skills needed for successful careers in a wide range of fields including finance, consulting, accounting, and government.",,"The official university website for the University of California, Irvine is uci.edu.",,,,FALSE,False,,4.0,3.0,,,,,,,,,,,,,,,,,,False,False,,,,,,,,,,,,,,,,,,,,,,,,,"Merit-based, Need-based, Athletic, Activity-based, Military",FALSE,,,FALSE,FALSE,,,
,Minor in Economics,,,,,Undergraduate,Fall 2026,,,,,,,,,,,True,True,False,False,False,False,,False,False,False,False,False,False,False,False,False,,,,School of Social Sciences,,,,,,,,,"The minor introduces students to the fundamentals of economic theory and builds basic economic literacy. Students apply economic theory in two upper-division electives of their choosing. The minor is ideal for anyone seeking careers in business, government, law, or non-profits or who simply has interest in economic issues.",,"The official university website for the University of California, Irvine is uci.edu.",,,,FALSE,False,,,,,,,,,,,,,,,,,,,,,False,False,,,,,,,,,,,,,,,,,,,,,,,,,"Merit-based, Need-based",FALSE,,,FALSE,FALSE,,,False
,Bachelor of Arts in Education Sciences,,,,,Undergraduate,Fall 2026,,,,,,Not Required,Required,,,,True,True,True,False,False,False,,True,False,False,False,False,True,False,False,False,,,,School of Education,,,,,,,,"['Early Childhood Learning and Development', ""Children's Learning and Development"", 'After-School Learning and Development', 'Digital Media and Learning', 'English Language Learning', 'Research and Evaluation']",,,"The official university website for the University of California, Irvine is uci.edu.",,,,FALSE,False,,4.0,3.0,,,,,,,,,,,,,,,,,,False,False,,,115.0,,,,6.5,,,,,80.0,,,,,,,,,,,,,"Merit-based, Need-based, Academic, Athletic, Community service",FALSE,,,FALSE,FALSE,,,False
,Minor in Education,,,,,Undergraduate,Fall 2026,,,,,,Not Required,Not Required,,,,False,False,False,False,False,False,,False,False,False,False,False,False,False,False,False,,,,School of Education,"For the 2025-2026 academic year, the estimated undergraduate tuition and fees for California residents are approximately $13,602. [20] There is no separate tuition fee for a minor program.",,,,,,,,"The minor in Education is designed to facilitate exploration of a broad range of issues in the field of education. [2, 3, 4] Graduates with the Education minor may be employed in schools, government, private industry, and non-profit organizations. [2, 3, 4] Many graduates will pursue advanced training leading to teaching careers or administrative leadership. [2, 3, 4] The minor requires the completion of a minimum of eight courses, which includes five core courses and three electives, totaling 32 units. [2, 3, 4] No more than two non-Education courses from the student's major area of study may be used to satisfy the minor requirements. [2, 3, 4]",,"The official university website for the University of California, Irvine is uci.edu.",,,The cost per unit for undergraduates in the 2025-2026 academic year is $302.27. [20],FALSE,False,,4.0,2,,,,,,,,,,,,,,,,,,False,False,,,,,,,,,,,,,,,,,,,,,,,,,"UC Irvine offers a variety of scholarships, which can be merit-based or need-based. [12]",FALSE,,,FALSE,FALSE,,,False
,Bachelor of Science in Electrical Engineering,,,,,Undergraduate,Fall 2026,,,,,,Not Required,Required,,,,True,True,True,False,False,False,,True,False,False,False,False,True,False,False,False,,,,The Henry Samueli School of Engineering,,,,,,,,"['Electro-optics and Solid-State Devices', 'Systems and Signal Processing']","The undergraduate Electrical Engineering curriculum is built around a basic core of humanities, mathematics, and natural and engineering science courses. It is arranged to provide the fundamentals of synthesis and design that will enable graduates to begin careers in industry or to go on to graduate study. UCI Electrical Engineering students take courses in network analysis, electronics, electronic system design, signal processing, electromagnetics, and computer engineering. They learn to design circuits and systems to meet specific needs and to use modern computers in problem analysis and solution.",,"The official university website for the University of California, Irvine is uci.edu.",,,,FALSE,False,,4.0,2.0,,,,,,,,,,,,,,,,,,False,False,,,115.0,,,,6.5,,,,,80.0,,,,,,,,,,,,,,FALSE,,,FALSE,FALSE,,,False
,Bachelor of Arts in English,,,,,Undergraduate,Fall 2026,,,,,,,,,,,True,True,,,,,,,,,,,,,,,,,,,,,,,,,,,,,"The official university website for the University of California, Irvine is uci.edu.",,,,FALSE,False,,,,,,,,,,,,,,,,,,,,,False,False,,,,,,,,,,,,,,,,,,,,,,,,,,FALSE,,,FALSE,FALSE,,,
,Minor in English,,,,,Undergraduate,Fall 2026,,,,,,Not Required,Not Required,,,,True,True,False,False,False,False,,False,False,False,False,False,False,False,True,False,,,,,,,,,,,,,"All college level degrees require advanced levels of literacy within their specific subject. But only one discipline, English, zeroes in on the skills of advanced literacy itself—the ability to read critically and write analytically. Because an English minor directly trains you in the skills of advanced reading and writing, it will necessarily enhance your success in literally any other college degree. [2]",,"The official university website for the University of California, Irvine is uci.edu.",,,,FALSE,False,,,,,,,,,,,,,,,,,,,,,False,False,,,,,,,,,,,,,,,,,,,,,,,,,,FALSE,,,FALSE,FALSE,,,False
,Bachelor of Science in Environmental Engineering,,,,,Undergraduate,Fall 2026,,,,,,Not Required,Required,,,,True,True,False,False,False,False,,True,False,False,False,False,True,True,False,False,,,,The Henry Samueli School of Engineering,"$18,038/Year",,,,,,,,"Environmental Engineering is an interdisciplinary degree-granting program engaging faculty from departments in both engineering and the physical sciences, and managed by the Department of Civil and Environmental Engineering. Environmental Engineering addresses the development of strategies to control anthropogenic emissions of pollutants to the atmosphere, waterways, and aaaaaaaaaaaaaaaa
The curriculum includes a core of mathematics, physics, chemistry, and biology, as well as engineering mechanics and methods courses. [4] The curriculum aims to provide graduates with a strong basic science background, particularly in chemistry and biology, and a broad exposure to several environmental engineering science disciplines. [13] Courses relating to transport processes, water quality control, air quality control, and process design are included in the core. [13] Students can choose from various environmental engineering courses to focus their training in areas like water supply and resources, wastewater management, or atmospheric systems and air pollution control. [4] Design experiences are integrated into these courses, and a capstone design course is required for seniors. [4]",,"The official university website for the University of California, Irvine is uci.edu.","The Environmental Engineering program is accredited by the Engineering Accreditation Commission of ABET, under the commission's General Criteria and Program Criteria for Environmental and Similarly Named Engineering Programs. [5, 11]",,$359 per unit,FALSE,False,,4.0,2.0,,,,,,,,,,,,,,,,,,False,False,,,115.0,,,,6.5,,,,,80.0,,,,,,,,,,,,,"Merit-based, Need-based, college/major specific, career interests, geographic origin",FALSE,,,FALSE,FALSE,,,False
,Bachelor of Arts in Environmental Science and Policy,,,,,Undergraduate,Fall 2026,,,,,,Not Required,Required,,,,True,True,True,False,False,False,,True,False,False,False,False,True,False,False,False,,,,School of Physical Sciences and School of Social Ecology,,,,,,,,"While the program does not have formal concentrations, students are encouraged to focus on a particular area within Environmental Science and Policy. Focus areas include, but are not limited to, urban planning, public policy, sociology, economics, climatology, water resources, water quality, agriculture, air pollution, resource management, and atmospheric sciences. [1]","The Environmental Science and Policy B.A. degree program prepares students interested in environmental problem solving by linking an understanding of natural science with socioeconomic factors and public policy. The curriculum combines a quantitative understanding of environmental science, chemistry, and biology with law, policy, and economics to provide a foundation for careers in environmental policy, resource management, education, environmental law, urban and environmental design and related fields. [1] The Environmental Science and Policy program provides students with a solid foundation to recognize the impacts of human activities on the environment, and in turn the impacts of environmental change on society. Students will understand the mechanisms by which key institutions, policies, and regulations impact ecosystems and the physical environment. [1]",,"The official university website for the University of California, Irvine is uci.edu.",,,$302.27/unit,FALSE,False,,4.0,2,,,,,,,,,,,,,,,,,,False,False,,,115.0,,,,6.5,,,,,80.0,,,,,,,,,,,,,"Scholarships are awarded for academic achievement, financial need, community activities, work experience, and more. [26]",FALSE,,,FALSE,FALSE,,,False
,Bachelor of Arts in European Studies,,,,,Undergraduate,Fall 2026,,,,,,Not Required,Required,,,,True,True,True,False,False,False,,True,False,False,False,False,True,False,False,False,,,,School of Humanities,"$13,602/Year",,,,,,,,,,"The official university website for the University of California, Irvine is uci.edu.",,,$302.27/unit,FALSE,False,,4.0,2.0,,,,,,,,,,,,,,,,,,False,False,,,115.0,,,,6.5,,,,,80.0,,,,,,,,,,,,,"Grants, Scholarships, Loans, Work-Study",FALSE,,,FALSE,FALSE,,,False
,Bachelor of Arts in Film and Media Studies,,,,,Undergraduate,Fall 2026,,,,,,Not Required,Required,,,,True,True,True,False,False,False,,True,False,False,False,False,True,False,False,False,,,,School of Humanities,,,,,,,,,"The UCI Department of Film and Media Studies provides students with a strong liberal arts background by combining theory and practice, giving our majors the tools necessary to navigate the complex film, broadcast, and digital media landscape. [8] Led by award-winning faculty who are leaders in areas like TV and broadcast media, gaming, and new media, students gain skills in theoretical, visual, historical, and cultural analysis and broad knowledge of the history of moving image studies, broadcast policy, popular culture, and social media. [8] Film and Media Studies focuses on nurturing our diverse student body and our students' varied backgrounds and interests. [3] Courses reflect an interdisciplinary and historically grounded approach to the study of moving images, on big and small screens alike. From parsing the history of television policy to writing for video games, our students get a unique interdisciplinary education in the historical and social background of the study of film, television, and new media. [3] In our production and screenwriting courses, students get hands-on experience creating short films, television pilots, webisodes, computer games, and other visual media. [3]",,"The official university website for the University of California, Irvine is uci.edu.",,,,FALSE,False,,4.0,,,,,,,,,,,,,,,,,,,False,False,,,115.0,,,,6.5,,,,,80.0,,,,,,,,,,,,,"Scholarships at UCI are awarded for academic achievement, financial need, community activities, work experience, and more. [6]",FALSE,,,FALSE,FALSE,,,False
,Minor in Film and Media Studies,,,,,Undergraduate,Fall 2026,,,,,,Not Required,Required,,,,True,True,True,False,False,False,,True,False,False,False,False,True,False,False,False,,,,School of Humanities,,,,,,,,,"The Minor in film and media studies focuses on nurturing our diverse student body and our students' varied backgrounds and interests. Courses reflect an interdisciplinary and historically grounded approach to the study of moving images, on big and small screens alike. [9] From parsing the history of television policy to writing for video games, our students get a unique interdisciplinary education in the historical and social background of the study of film, television, and new media. [9, 10] Our outstanding faculty are engaged in innovative research on topics like globalization, gender studies, queer theory, broadcast studies, intellectual history, new media and critical game studies, history of photography, and national cinema approaches to the analysis of Film and Media Studies, and our courses give our students access to this cutting-edge research. [9, 10] In our production and screenwriting courses, students get hands-on experience creating short films, television pilots, webisodes, computer games, and other visual media. [9, 10]",,"The official university website for the University of California, Irvine is uci.edu.",,,,FALSE,False,,4.0,2.0,,,,,,,,,,,,,,,,,,False,False,,,115.0,,,,6.5,,,,,80.0,,,,,,,,,,,,,"The University of California, Irvine offers various types of scholarships to undergraduate students, including merit-based and need-based awards. Specific scholarships may be available through the School of Humanities, and students are encouraged to search for opportunities upon admission.",FALSE,,,FALSE,FALSE,,,False
,Bachelor of Arts in French,,,,,Undergraduate,Fall 2026,,,,Not Required,Not Required,Not Required,Required,"Application to the Bachelor of Arts in French at the University of California, Irvine is done through the general UC application for undergraduate admission. There are no additional application requirements specified for this major. Applicants must meet the general freshman admission requirements of the University of California system, which include completing a set of 15 college-preparatory courses (A-G courses) with a grade of C or better.",Not Required,,True,False,True,False,False,False,,True,False,False,False,True,True,False,False,False,,,,School of Humanities,"$13,753 (in-state); $46,507 (out-of-state) for tuition. Total estimated cost including housing, food, and other expenses is higher.",,,,,,,,"The Undergraduate Program in French offers a broad humanistic course of study designed for students with many interests. The orientation of the program is multidisciplinary, where the study of literature, film, and media is linked to critical, historical, and political concerns. [3] Courses reflect the faculty's interest in the related disciplines of history, philosophy, anthropology, visual studies, film and media studies, gender and sexuality studies, political science, postcolonial studies, and comparative literature. [3] Students should consult with the faculty to plan a coherent program of courses to fulfill the major requirements. [3] Students also should consult with faculty members concerning career plans in areas such as teaching, business, journalism, law, public service, as well as social justice and international non-governmental organization (NGO) work. [3] Lower-division language courses encourage students to participate in the creative process of language, to think in French as they learn to understand, speak, read, and write. [3] These courses are taught entirely in French, and the approach to teaching stresses the interdependence of the four basic language skills and makes them mutually reinforcing. [3] At the intermediate lower-division level, texts of contemporary literary and social interest provide the focus for advanced conversation, reading, and composition. [3] A series of more advanced grammar and composition courses are generally taken in the third year of language study. [3] Upper-division offerings are taught either in the seminar mode or in small group settings. [3] Because classes are limited in size, they promote and encourage participation and discussion and facilitate direct contact with professors. [3]",,"The official university website for the University of California, Irvine is uci.edu.",,,,FALSE,False,,4.0,2.0,,,,,,,,,,,,,,,,,,False,False,,,115.0,,,,6.5,,,53.0,,80.0,,,,,,,,,,,,,"Merit-based, Need-based, and scholarships for various specific criteria such as area of study or personal background.",FALSE,,,FALSE,FALSE,,,False
,Minor in French,,,,,Undergraduate,Fall 2026,,,,,,Not Required,Not Required,,,,True,True,False,False,False,False,,False,False,False,False,False,False,False,True,False,,,,,,,,,,,,," The  The  The Undergraduate Program in French offers a broad humanistic course of study designed for students with many interests. The orientation of the program is multidisciplinary, where the study of literature, film, and media is linked to critical, historical, and political concerns. Courses reflect the faculty's interest in the related disciplines of history, philosophy, anthropology, visual studies, film and media studies, gender and sexuality studies, political science, postcolonial studies, and comparative literature.",,"The official university website for the University of California, Irvine is uci.edu.","UC Irvine is accredited by the Western Association of Schools and Colleges, Senior College and University Commission (WSCUC), a regional accrediting body. [8] However, no discipline-specific accreditation for the Minor in French program is mentioned on the University of California, Irvine's website.",,,FALSE,False,,,,,,,,,,,,,,,,,,,,,False,False,,,,,,,,,,,,,,,,,,,,,,,,,,FALSE,,,FALSE,FALSE,,,False
,Bachelor of Arts in Gender and Sexuality Studies,,,,,Undergraduate,Fall 2026,,,,,,,,,,,True,True,,,,,,,,,,,,,,,,,,,,,,,,,,,"The field sweatshirts and sexuality sweatshirts grew out of Women’s sweatshirts, an interdisciplinary field that developed at a phenomenal rate from a handful of student-initiated courses in the early 1970s to more than 600 programs in colleges and universities across the United States offering degrees at the B.A., M.A., and Ph.D. levels. UCI's Department of Women's sweatshirts was founded as a program in 1975 and has grown significantly since that time. To reflect its expanding scope of inquiry, the department changed its name in 2014 to the Department of Gender and Sexuality sweatshirts. The Department offers a B.A. in Gender and Sexuality sweatshirts, a minor in Gender and Sexuality sweatshirts, a minor in Queer sweatshirts, and a graduate emphasis in Feminist sweatshirts. Gender and Sexuality sweatshirts provides a unique intellectual community for undergraduate and graduate students, where faculty and students share a commitment to interactive teaching and learning. [9] Students work closely with faculty to plan a coherent program of study and to anticipate work toward advanced degrees and a wide variety of career options. [9, 13]",,"The official university website for the University of California, Irvine is uci.edu.",,,,FALSE,False,,,,,,,,,,,,,,,,,,,,,False,False,,,,,,,,,,,,,,,,,,,,,,,,,,FALSE,,,FALSE,FALSE,,,
,Minor in Gender and Sexuality Studies,,,,,Undergraduate,Fall 2026,,,,,,Optional,Required,,,,True,True,False,,False,False,,True,False,False,False,False,True,False,False,False,,,,School of Humanities,"$13,753 (for the 2024-25 academic year, not specific to the minor)",,,,,,,,"A komolyzenei előadók számára kiírt Virtuózok tehetségkutató műsor ötletgazdája és producere Peller Mariann, a közmédia klasszikus zenei tehetséggondozásért felelős volt vezérigazgató-helyettese. [2] Peller Mariann magyar televíziós és rádiós műsorvezető, producer, a Virtuózok komolyzenei tehetségkutató megálmodója és létrehozója férjével, Juni Györggyel. [1, 2] A Virtuózok célja a klasszikus zene népszerűsítése és új tehetségek felfedezése. [3] A műsor egyedülálló formátummal rendelkezik, amely a tehetségkutatók izgalmát ötvözi a klasszikus zene szépségével. [4] A zsűri neves hazai és nemzetközi zeneművészekből áll, akik segítik a fiatal tehetségek fejlődését. [5, 6]",,"The official university website for the University of California, Irvine is uci.edu.","The University of California, Irvine (UCI) is accredited by the WSCUC (Western Association of Schools and Colleges, Senior College and University Commission). [7] Specific accreditation for the Minor in Gender and Sexuality Studies program is not mentioned on the official website. [7, 8]",,,FALSE,False,,4.0,,,,,,,,,,,,,,,,,,,False,False,,,,,,,7.0,,,,,80.0,,,,,,,,,,,,,,FALSE,,,FALSE,FALSE,,,False
,Bachelor of Science in Genetics,,,,,Undergraduate,Fall 2026,,,,Not Required,Not Required,Not Required,Required,"UC Irvine utilizes a comprehensive review process for first-year applications. This includes a review of the completion of required college-preparatory coursework ('A-G' courses), demonstrated academic achievements, activities, talents, and skills, all considered within the context of the applicant's circumstances and experiences. The university considers all information provided in the application, including answers to the personal insight questions. A minimum GPA of 3.0 for California residents and 3.4 for non-California residents is required in the 'A-G' subject courses. [12]",Not Required,,True,False,True,False,False,False,,True,False,False,False,False,True,False,False,False,,,,Charlie Dunlop School of Biological Sciences,,,,,,,,,"Genetics pervades every aspect of modern society, from newspaper articles to talk shows, from discussions on health care to discussions on cloning. With the sequencing of the human genome, it is more important than ever for biology students to have a broad background in the study of heredity and evolution. The Genetics major is designed to benefit motivated undergraduates who have a particular interest in learning about developmental genetics, evolutionary genetics, and molecular genetics and to allow them to explore how our knowledge of genetic mechanisms contributes to our understanding of human development and disease. The Genetics major will accommodate students interested in the study of inheritance either as a basic discipline or in terms of its applied aspects in biotechnology, medicine, and agriculture, but will be especially attractive to those students desiring focused study and preparation for graduate training. Genetics majors begin their study in the junior year with three required major courses (BIO SCI D103 , BIO SCI D104 and BIO SCI D113 ). In addition to these required major courses, students will choose six additional upper-division Biology Elective courses. Certain courses are designed to give students an understanding of genetic mechanisms and teach them how to define and answer fundamental questions in biomedical research. Additionally, students choose at least two electives that deal with videos of ufc on espn 58 as the molecular biology of cancer, human genetic diseases, developmental genetics, and the genetics of aging. Finally, Genetics majors are encouraged to explore laboratory research by enrolling in BIO SCI 199 . Laboratory research not only expands a student's technical skills, but is also designed to allow faculty members to mentor Genetics majors. All students majoring in Genetics have a faculty advisor with whom they meet at least quarterly. The faculty advisor helps students plan their curriculum and select appropriate Biological Sciences 199 research projects. [7]",,"The official university website for the University of California, Irvine is uci.edu.",,,,FALSE,False,,4.0,,,,,,,,,,,,,,,,,,,False,False,,,115.0,,,,6.5,,,,,80.0,,,,,,,,,,,,,"Merit-based, Need-based, Athletic",FALSE,,,FALSE,FALSE,,,False
,Bachelor of Arts in German Studies,,,,,Undergraduate,Fall 2026,,,,,,Not Required,Required,,,,True,True,True,False,False,False,,True,False,False,False,False,True,True,False,False,,,,,,,,,,,,,,,"The official university website for the University of California, Irvine is uci.edu.",,,,FALSE,False,,,,,,,,,,,,,,,,,,,,,False,False,,,115.0,,,,6.5,,,,,80.0,,,,,,,,,,,,,,FALSE,,,FALSE,FALSE,,,False
,Minor in German,,,,,Undergraduate,Fall 2026,,,,Not Required,Not Required,Not Required,Required,"Seven courses (28 units) are required for the minor. Four upper-division courses required for the minor must be completed successfully at UCI. By petition, two of the four may be taken through the UC Education Abroad Program, provided that course content is approved in advance by the German Undergraduate Director and the Humanities Office of Undergraduate Study. [8, 9]",Not Required,,True,False,True,False,False,False,,True,False,False,False,False,True,True,False,False,,,,School of Humanities,,,,,,,,," The undergraduate programs in European Languages and Studies focus on Europe in its linguistic, historical, literary, artistic, and cultural diversity. Students pursuing studies in the Department build knowledge about a region of the world that has had a defining influence on U.S. cultural and political traditions and continues to exert profound effects on global politics, economies, and cultures. Through the comparative lens of studying European languages and cultures, students foster an awareness of their own position in the world and develop critical and analytical skills applicable to many career paths. Students may earn a Bachelor's degree in European Studies, French, or German Studies. When taking a smaller number of courses, they may complete a minor in European Studies, French, German Studies, Italian Studies, or Russian Studies. Language students in the Department become proficient in French, German, Italian, or Russian and develop deep communicative and interpretive skills. Learning a foreign language allows students to view in a new light their own linguistic situation, which can be enhanced further by studying abroad. The Department encourages study abroad as a vital component of the student's experience.",,"The official university website for the University of California, Irvine is uci.edu.",,,,FALSE,False,,4.0,2.0,,,,,,,,,,,,,,,,,,False,False,,,115.0,,,,6.5,,,,,80.0,,,,,,,,,,,,,"Merit-based, Need-based, and travel-study awards. [24]",FALSE,,,FALSE,FALSE,,,False
,Bachelor of Arts in Global Cultures,,,,,Undergraduate,Fall 2026,,,,,,Not Required,Required,,,,True,True,False,False,False,False,,True,False,False,False,False,True,False,False,False,,,,School of Humanities,,,,,,,,"['Primary Emphasis', 'Secondary Emphasis']","Global Cultures is an innovative undergraduate major in the School of Humanities with an exciting mission: to explore the problems and processes of globalization from a humanistic perspective. [2] The major provides students with 21st century analytical skills and knowledge that is critical to understanding the complexities of the diverse world in which we live. In the process, Global Cultures equips students with the knowledge and tools that lead to successful careers in a wide range of professions and fields. [2] Global Cultures faculty offer high-quality lectures and, in advanced courses, interactive small group seminars. The major favors a multidisciplinary approach that draws on multiple departments and programs, housed in both the Humanities (including Art History, English, Film and Media Studies, History, Philosophy, Religious Studies, Spanish and Portuguese, and many more) and the Social Sciences (Anthropology, Chicano/Latino Studies, Political Science, Sociology, among others). The curricular offerings of Global Cultures are extraordinarily broad. With this intellectually stimulating learning environment, the major attracts students from a wide range of backgrounds. Global Cultures faculty provide these students with a critical understanding and a strong foundation for practice in a variety of occupations, both domestic and international. [2] Students majoring in Global Cultures must choose a primary emphasis and a secondary emphasis from the list that can be found by clicking the major tab. Each emphasis essentially consists of a geographic focus. Students may also design their own emphasis in consultation with a program advisor and with the approval of the Global Cultures Committee.",,https://catalogue.uci.edu/schoolofhumanities/undergraduateprograminglobalcultures/globalcultures_ba/globalcultures_ba.pdf,,,,FALSE,False,,4.0,3.4,,,,,,,,,,,,,,,,,,False,False,,,115.0,,,,6.5,,,,,80.0,,,,,,,,,,,,,"Merit-based, Need-based, Student-specific (e.g., military families, first-generation), Athletic, Employer-sponsored",FALSE,,,FALSE,FALSE,,,False
,Bachelor of Arts in Global Middle East Studies,,,,,Associate,Fall 2026,,,,Not Required,Not Required,Not Required,Required,"NOTE: The UCI Catalogue states that the Bachelor of Arts in Global Middle East Studies is not currently admitting students. [10] The following are the general freshman application requirements for the University of California, Irvine. Applicants must complete 15 A-G subject courses with a grade of C or better, with a minimum GPA of 3.0 for California residents and 3.4 for non-residents. [3] UC Irvine utilizes a comprehensive review process that considers academic GPA, performance in courses beyond the minimum A-G requirements, number of UC-approved honors and AP/IB courses, and other personal attributes and experiences as demonstrated in the Personal Insight Questions. [3]",Not Required,,True,False,True,False,False,False,,True,False,False,False,False,True,False,False,False,,,,School of Humanities,"$13,602/Year",,,,,,,"['Environment, Economies and Conflicts', 'Histories, Cultures and Identities', 'Geographies, Migrations and Politics']","The Global Middle East Studies (GMES) major was created to meet the needs of the growing number of students on campus who wish to gain an in-depth, interdisciplinary grounding in the histories and present-day realities of the Middle East in a global context. [2] Our goal is to ensure students have a well-developed and competitive foundation to continue their studies at the best graduate programs in the US and globally, and/or begin a career in fields such as law, business, consulting, foreign affairs, humanitarian affairs, medicine, science, or security studies, in which both theoretical and practical/first-hand knowledge of the regions we study are equally important. [2] The Global Middle East Studies major thus situates the countries of the MENA both vis-a-vis their relationships with neighboring regions, such as Sahelian and sub-Saharan Africa, the Northern Mediterranean, and Central, South and Southeast Asia, and with the broader global Muslim Diaspora in Europe and the Americas. [2] The Global Middle East Studies major is defined by its core “Problems & Methods” course series, including humanities and the arts (GLBL ME 60A), the social sciences (GLBL ME 60B), and social ecology, peace and conflict and physical sciences approaches (GLBL ME 60C). [2] In addition, majors will take a writing (GLBL ME100W) seminar, and have the choice of several dozen upper division courses from departments in half a dozen schools from which to choose eight elective courses, divided 4 each among two of three thematic concentrations: “Environment, Economies and Conflicts,” “Histories, Cultures and Identities,” or “Geographies, Migrations and Politics.” [2] NOTE: This program is currently not admitting students. [8]",,"The official university website for the University of California, Irvine is uci.edu.",,,,FALSE,False,,4.0,2.0,,,,,,,,,,,,,,,,,,False,False,,,115.0,,,,6.5,,,,,80.0,,,,,,,,,,,,,"Merit-based, financial need, major, special skills, leadership positions, campus and community activities, work experience.",FALSE,,,FALSE,FALSE,,,False
,Minor in Global Middle East Studies,,,,,Associate,Fall 2026,,,,Not Required,Not Required,Not Required,Not Required,"Information about application requirements is not available on the official website. The program is currently not admitting students. [2, 5] The requirements listed are for completing the minor, which include taking specific courses. [2, 5]",Not Required,,True,False,False,False,False,False,,False,False,False,False,False,False,False,True,False,,,,,,,,,,,,,,,"The official university website for the University of California, Irvine is uci.edu.",,,,FALSE,False,,,,,,,,,,,,,,,,,,,,,False,False,,,,,,,,,,,,,,,,,,,,,,,,,,FALSE,,,FALSE,FALSE,,,False
,Minor in Global Sustainability,,,,,Undergraduate,Fall 2026,,,,Not Required,Not Required,,,"The interdisciplinary minor in Global Sustainability is open to all UCI students. Students are required to complete three introductory courses (12 units), three electives (12 units), one methods course (4 units), and three quarters of a senior capstone sequence (8 units). [4, 6]",Not Required,,True,False,,,,,,,,,,,,,,,,,,The minor is interdisciplinary and co-chaired by faculty from the Department of Anthropology and the Department of Ecology and Evolutionary Biology. [15],,,,,,,,,,,"The official university website for the University of California, Irvine is uci.edu.",,"$21,866 is the average aid amount for enrolled students who have received grants or scholarships. [11]",,FALSE,False,"Undergraduates may repeat courses in which they received grades of C- or below for a maximum of 16 units where the new grade replaces the old one in GPA calculation. [26, 32] A student is subject to disqualification if their GPA falls below 1.5 for any quarter, or if they do not achieve a cumulative GPA of 2.0 after two consecutive quarters on academic notice. [6]",4.0,2,,,,,,,,,,,,,,,,,,False,False,,,,,,,,,,,,,,,,,,,,,,,"The University of California, Irvine offers various scholarships, but specific amounts are not detailed. [3, 5]",72% of undergraduate students receive grants and scholarships. [3],Scholarships at UC Irvine can be merit-based or need-based. [5],FALSE,,,FALSE,FALSE,,,
,Minor in Greek,,,,,Undergraduate,Fall 2026,,,,Not Required,Not Required,Not Required,Not Required,"To declare a minor in Greek, students must notify their academic counselor to add the minor to their degree audit and then complete the required courses. [7, 14, 15] A minimum overall grade point average of at least 2.0 in all courses required for the minor is necessary to have it officially posted to the academic transcript. [15] The coursework consists of seven courses (28 units). Students must complete Greek 1A, 1B, and 1C, or provide proof of equivalent proficiency. They must also complete six upper-division courses from GREEK 100-104, with the option to substitute one of these with GREEK 120. Students exempted from Greek 1C must take an additional upper-division Classics or Greek course.",Not Required,,True,False,False,False,False,False,,False,False,False,False,False,False,False,True,False,,,,School of Humanities,"$14,752 per year for in-state students and $46,640 per year for out-of-state students for the 2025-2026 academic year. [4, 5]",,,,,,,,"The Department offers Minors in Classical Civilization, Greek, and Latin for students who plan to follow a shorter but formally recognized program of study in Classics. The Minor program in Greek enables an-in-depth knowledge of the ancient Greek language, literature, and culture. Students who minor in Greek have many of the same advantages as our majors, and benefit from being part of our inclusive community as they develop their study of classical civilization with emphasis on the Greek language and culture. Students further benefit from enhancing their critical thinking and their creative and historically informed problem solving, which can successfully complement their majors and studies in other areas, including the Humanities, Social Sciences, STEM or other professional fields.",,"The official university website for the University of California, Irvine is uci.edu.",,21866,,FALSE,False,,4.0,2,,,,,,,,,,,,,,,,,,False,False,,,,,,,,,,,,,,,,,,,,,,,,,"['Merit-based', 'Need-based', 'Brunner and Berkowitz Award in Classics']",FALSE,,,FALSE,FALSE,,,False
,Minor in Health Informatics,,,,,Undergraduate,Fall 2026,,,,Not Required,Not Required,Not Required,Not Required,"To declare the Minor in Health Informatics, a student must be a current UCI undergraduate. The process involves reviewing the course requirements, which include completing IN4MATX 171 and selecting four other courses from specified lists, and then adding the minor to the student's DegreeWorks. There are no specific application documents like a resume or statement of purpose required to declare the minor. A grade of C or better is required in all courses for the minor.",Not Required,,True,False,False,False,False,False,,False,False,False,False,False,False,False,True,False,,,,,,,,,,,,,,,"The official university website for the University of California, Irvine is uci.edu.",,,"The university calculates a per-unit cost for specific programs like the U.S. Department of Defense Tuition Assistance (TA) Program. For the 2025-2026 academic year, this was calculated as $302.27 per unit. [4] However, undergraduate tuition is typically charged as a flat amount per term. [4]",FALSE,True,,4.0,2,,,,,,,,,,,,,,,,,,False,False,,,,,,,,,,,,,,,,,,,,,,,,,Merit-based and need-based,FALSE,,,FALSE,FALSE,,,False
,Minor in Hearing and Speech Sciences,,,,,Undergraduate,Fall 2026,,,,Not Required,Not Required,Not Required,Not Required,"For undergraduate admission, applicants must complete 15 A-G courses with a grade of C or better, and earn a minimum GPA of 3.0 for California residents or 3.4 for non-residents. Instead of a traditional statement of purpose, applicants must answer four Personal Insight Questions. The University of California system is test-free, meaning ACT/SAT scores are not considered for admission. [1, 48] For graduate admission, general requirements include holding a bachelor's degree from an accredited institution. Specific requirements such as a statement of purpose, resume/CV, and writing samples are determined by individual graduate programs. [42]",Not Required,,True,False,False,False,False,False,,False,False,False,False,False,False,False,True,False,,,,School of Social Sciences,,,,,,,,,"A minor in Hearing and Speech Sciences will provide in-depth training for undergraduates interested in in becoming scientists and/or clinicians in health-related fields. [8] This minor will help stimulate students' interest in hearing and speech as well as increase their opportunities to be admitted to postgraduate programs in audiology, speech-language pathology, biomedical engineering, psychology, neuroscience, medicine and other allied areas. [8] This minor draws on the strength of hearing and speech sciences across campus, and is designed to assist students preparing for graduate studies through a coherent plan of study. [10]",,"The official university website for the University of California, Irvine is uci.edu.",,,,FALSE,False,,4.0,3.0,,,,,,,,,,,,,,,,,,False,False,,,,,,,,,,,,,,,,,,,,,,,,,,FALSE,,,FALSE,FALSE,,,False
,Minor in History,,,,,Undergraduate,Fall 2026,,,,Not Required,Not Required,Not Required,Required,"To add the Minor in History, students should contact their academic counselor to have the minor added to their degree audit. [12] The departmental requirements for completing the minor are seven courses (28 units), consisting of three lower-division History courses and four upper-division History courses. [9] All four upper-division courses must be completed at UCI. [9]",Not Required,,True,False,True,False,False,False,,True,False,False,False,False,True,True,False,False,,,,,,,,,,,,,"Students who are interested in the study of history but are majoring in other disciplines may minor in History. The minor incorporates elements of the Department's program for majors but allows students enough flexibility to pursue programs in other departments and schools. [2] Upper-division courses range from the examination of individual nation-states (e.g., Chinese history), to studies of the relations among nation-states (e.g., Emergence of the Modern Middle East), to historical analyses of political, socio-economic, and cultural factors (e.g., Women in the United States). [2] Students are also provided the opportunity for small-group learning experiences through colloquia. [2] The colloquia are conducted as discussion groups, involve close reading and analysis of primary and secondary texts, and require writing. [2]",,"The official university website for the University of California, Irvine is uci.edu.",,,,FALSE,False,,,,,,,,,,,,,,,,,,,,,False,False,,,115.0,,,,6.5,,,,,80.0,,,,,,,,,,,,,,FALSE,,,FALSE,FALSE,,,False
,Bachelor of Arts in History,,,,,Undergraduate,Fall 2026,,,,,,Not Required,Required,,,,True,True,True,False,False,False,,True,False,False,False,False,True,False,False,False,,,,School of Humanities,"$14,584.47/Year (In-state); $48,642.47/Year (Out-of-state)",,,,,,,Specialization in History for Future Teachers. [9],"The undergraduate program in History is designed to develop critical intelligence and to foster an awareness of ourselves and our world through the study of the past. The Department presents a variety of approaches to history, and each emphasizes basic disciplinary skills: weighing évidence, constructing logical arguments, and exploring the role of theory in historical analysis and human action. [9] The Department offers a number of lower-division courses open to majors as well as non-majors, most of which fulfill part of the UCI general education requirements. [8] Upper-division courses range from the examination of individual nation-states (e.g., Chinese history), to studies of the relations among nation-states (e.g., Emergence of the Modern Middle East), to historical analyses of political, socio-economic, and cultural factors (e.g., Women in the United States). [9] Students are also provided the opportunity for small-group learning experiences through colloquia. The colloquia are conducted as discussion groups, involve close reading and analysis of primary and secondary texts, and require writing. [9]",,"The official university website for the University of California, Irvine is uci.edu.",,,,FALSE,False,,4.0,2.0,,,,,,,,,,,,,,,,,,False,False,,,115.0,,,,6.5,,,,,80.0,,,,,,,,,,,,,"Grants, Scholarships, Loans, Work-Study",FALSE,,,FALSE,FALSE,,,False
,Bachelor of Science in Human Biology,,,,,Undergraduate,Fall 2026,,,,Not Required,Not Required,,,"Applicants to the Biological Sciences major at the University of California, Irvine must complete a series of preparatory courses. For transfer students, this includes one year of general chemistry with laboratory, one year of organic chemistry with laboratory, and one year of introductory biology courses (equivalent to UCI's BIO SCI 93 and BIO SCI 94), all with a grade of C or better. A cumulative GPA of 3.0 or higher is also required. [4] Freshman applicants apply to the broader university and then declare a major. The application is submitted through the University of California application system, which includes personal insight questions.",Not Required,,True,False,False,False,False,False,,False,False,False,False,False,False,False,False,False,,,,,,,,,,,,,,,"The official university website for the University of California, Irvine is uci.edu.",,,,FALSE,True,,,,,,,,,,,,,,,,,,,,,False,False,,,,,,,,,,,,,,,,,,,,,,,,,,FALSE,,,FALSE,FALSE,,,False
,Minor in Humanities and Law,,,,,Undergraduate,Fall 2026,,,,Not Required,Not Required,Not Required,Not Required,"The minor in Humanities and Law is open to all UCI undergraduate students. [2] To declare the minor, students should notify their academic counselor to add the minor to their degree audit and then complete the required courses. [2] There is no separate, formal application process mentioned for admission to the minor. The requirements consist of completing a minimum of eight courses (32 units). [1, 3] This includes a choice between PHILOS 22 or ENGLISH 11, one of two specified course options, and five approved upper-division elective courses, with at least one course from philosophy, history, and either literature or classics. [1, 3]",Not Required,,True,False,False,False,False,False,,False,False,False,False,False,False,False,True,False,,,,,,,,,,,,,"TThe he m inor i nH umanities a ndL aw i nvolves c ourses i nt he S chool o fH umanities t hat U CI g raduates h ave f ound u seful i na cquiring t he s kills a nd k nowledge t hat p repare t hem f or l aw-related c areers. O ne s et o f c ourses d evelops s kills i nc ritical r eading, w riting, a nd a nalysis t hat a re e ssential t o t he s tudy a nd p ractice o f l aw. A nother s et p resents t heoretical a nd a nalytical p erspectives o ne thical, p olitical, a nd s ocial i ssues r elevant t ot he l aw. Af inal s et f ocuses o ns pecific l aw-related t opics f rom a h umanistic p erspective. L ower-division r equirements p rimarily d evelop f oundational s kills i nt he f irst s et, w hereas u pper-division r equirements a re d rawn p rimarily f rom t he o ther s ets.",,"The official university website for the University of California, Irvine is uci.edu.",,,,FALSE,False,,,,,,,,,,,,,,,,,,,,,False,False,,,,,,,,,,,,,,,,,,,,,,,,,,FALSE,,,FALSE,FALSE,,,False
,Bachelor of Science in Informatics,,,,,Undergraduate,Fall 2026,,,,Not Required,Not Required,Not Required,Required,"Applicants must meet the general freshman admission requirements of the University of California, Irvine. This includes the completion of the 'A-G' subject requirements with a minimum GPA of 3.0 for California residents and 3.4 for non-residents, with no grade lower than a C. [8] All applicants must complete the UC application, which includes responding to four out of eight Personal Insight Questions. [19]",Not Required,,True,False,False,False,False,False,,True,False,False,False,False,True,True,False,False,,,,Donald Bren School of Information and Computer Sciences,"$14,550 / Year",,,,,,,"['Human Computer Interaction [HCI]', 'Organizations & Information Technology [OIT]', 'Health Informatics', 'Individual Studies']","Do you want to learn how to design better user interfaces? Are you curious to learn how to observe people when they use information technology and how to turn your findings into innovative products? Do you wonder how data privacy laws affect the design of software worldwide? Do you care about helping people in need with mobile apps? Are you interested in learning how organizations apply AI to their problems? If you answered yes to one or more of these questions, UC Irvine's Informatics major fragmentation be a good choice for you. The B.S. in Informatics is designed around a small set of core courses that introduce the fundamentals of Informatics (human computer interaction, design), software (programming, requirements analysis), and human behavior (social analysis of computerization). From there, students can pick clusters of classes in different advanced topics like human-computer interaction, health informatics, and organizations and information technology to advance their skills and develop their interests. The major is inherently interdisciplinary, with courses drawing on areas from sociology and psychology to management and public health, depending on the direction you choose. Throughout the major, project courses offer students hands-on experiences in creative design practices, app development, ethnography, information management, business IT, and other topics. You learn how to apply your skills in different domains and work in different teams, culminating in a two-quarter capstone course in which you engage in a real-world project sponsored by a company or organization outside the university. Overall, the major emphasizes people and design. It teaches you how existing technologies shape human behavior, society, and culture, and explores how we can design future technologies that better fit human and organizational practices. Given the fluid nature of people's expectations for information technology and what tomorrow's technology can offer, students learn how to adapt to the evolving nature of the profession — whether it is a new client and their habits, an emerging new device or software capability, or a new team and its practices. More information about the major and its opportunities is available at the Department of Informatics website.",,"The official university website for the University of California, Irvine is uci.edu.",,,,FALSE,True,,4.0,,,,,,,,,,,,,,,,,,,False,False,,,,,,,6.5,,,,,80.0,,,,,,,,,,,,,"Merit-based, Need-based, Athletic, and more",FALSE,,,FALSE,FALSE,,,False
,Minor in Informatics,,,,,Undergraduate,Fall 2026,,,,Not Required,Not Required,Not Required,Not Required,"The minor in informatics prepares students to understand the relationship between information technology and people. [8] The process to add the minor involves reviewing the requirements, meeting with an advisor if needed, and adding the minor to your DegreeWorks. [11] There are no prerequisites required to declare an ICS minor. [11] The minor includes course work covering a variety of topics, including programming, software engineering, human computer interaction, and social analysis of computerization. [8] It does not require prior programming experience, though it does have core courses that teach programming. [8] A maximum of two courses can be taken Pass/Not Pass toward the minor. [8]",Not Required,,True,False,False,False,False,False,,False,False,False,False,False,False,False,True,False,,,,Donald Bren School of Information and Computer Sciences,"$13,602.00/Year",,,,,,,,,,"The official university website for the University of California, Irvine is uci.edu.",,,$302.27,FALSE,True,,,,,,,,,,,,,,,,,,,,,False,False,,,,,,,,,,,,,,,,,,,,,,,,,Merit-based and need-based scholarships are available.,FALSE,,,FALSE,FALSE,,,False
,Minor in Innovation and Entrepreneurship,,,,,Undergraduate,Fall 2026,,,,Not Required,Not Required,Optional,Required,"The Minor in Innovation and Entrepreneurship is open to undergraduate students from any UCI major outside of the Merage School. Students in the B.A. in Business Administration and B.S. in Business Information Management programs are not eligible. To add the minor, students must contact their home school's advising unit to have it added to their DegreeWorks. [19]",Not Required,,True,False,False,,False,False,,True,False,False,False,False,True,,False,False,,,,,,,,,,,,,"The minor in Innovation and Entrepreneurship provides extensive academic and practical training for students to embark on careers as entrepreneurs (innovating to form new companies) and intrapreneurs (innovating within existing companies). The program provides students with knowledge and practical experience on certain core topics on the process of innovation and entrepreneurship, i.e., planning a new venture, lean startup methodology, venture capital, private equity, etc. Students are strongly encouraged to apply the associated business skills in the New Venture Competition and in internships. [4, 5]",,"The official university website for the University of California, Irvine is uci.edu.",,,,FALSE,False,,,,,,,,,,,,,,,,,,,,,False,False,,,,,,,7.0,,,,,80.0,,,,,,,,,,,,,,FALSE,,,FALSE,FALSE,,,False
,Bachelor of Arts in International Studies,,,,,Undergraduate,Fall 2026,,,,Not Required,Not Required,Not Required,Required,"To be considered for admission to UC Irvine as a freshman, you must complete the University of California's required A-G high school coursework with a grade of C or better in each course. For California residents, the minimum GPA is 3.0, while for non-residents, it is 3.4. All applicants must respond to four out of eight Personal Insight Questions, with each response limited to 350 words.",Not Required,,True,False,False,False,False,False,,False,False,False,False,False,False,False,False,False,,,,School of Social Sciences,,,,,,,,Students choose both a geographic focus and a global focus. [3],"TThe Bachelor of Arts in International Studies prepares students for careers in international public policy, international business and finance, international organizations, non-governmental organizations, and academic research and teaching. [3] Key courses include Introduction to Global Studies, Global Cultures and Society, Global Political Ideologies, Global Political Economy, Human Rights and Global Governance, and Global Environmental Issues. [3] In addition to a lower-division social science course and the Global and International Studies Forum, students are required to choose a geographic and a global focus to deepen their knowledge in specific areas. [3] The program also mandates competency in a language other than English and an international experience or approved internship. [3]",,"The official university website for the University of California, Irvine is uci.edu.",,,,FALSE,False,,,2,,,,,,,,,,,,,,,,,,False,False,,,115.0,,,,6.5,,,,,80.0,,,,,,,,,,,,,,FALSE,,,FALSE,FALSE,,,False
,Minor in International Studies,,,,,Undergraduate,Fall 2026,,,,Not Required,Not Required,Not Required,Required,"The minor in International Studies is something that current UCI students can declare and does not have a formal application process requiring documents like a resume or statement of purpose. The requirements are course-based. Students must complete ""INTL ST 1: Introduction to Global Studies"" and select one course from a list of foundational courses such as ""INTL ST 11: Global Cultures and Society"" or ""INTL ST 15: Global Political Economy"". Additionally, students must complete two upper-division courses in one geographic area and three upper-division courses in a global focus area, with at least one from ""Module A"". The final requirement is one quarter of the Global and International Studies Forum.",Not Required,,True,False,True,False,False,False,,True,False,False,False,False,True,True,False,False,,,,,,,,,,,,,"The minor in International Studies provides an interdisciplinary perspective on contemporary global issues, societies, and cultures. [4, 13] International studies minors acquire knowledge that will enable them to understand and contribute to shaping the rapidly evolving global community. [2, 13] The minor helps prepare students for graduate study or professional careers in a variety of fields in the national and international job markets such as international affairs and public policy, international business and finance, international organizations, non-governmental organizations, and academic research and teaching. [2, 13] Requirements for the minor include a core set of courses: Introduction to Global Studies, Global Cultures and Society, Global Political Ideologies, Global Political Economy, Human Rights and Global Governance, and Global Environmental Issues. [2, 4, 13] Students also choose both a geographic focus and a global focus to enable them to broaden and deepen areas of knowledge and topics of particular interest. [2, 4, 13] The final requirement is one quarter of the Global and International Studies Forum. [2, 4, 13]",,"The official university website for the University of California, Irvine is uci.edu.",,,,FALSE,False,,,,,,,,,,,,,,,,,,,,,False,False,,,115.0,,,,6.5,,,,,80.0,,,,,,,,,,,,,,FALSE,,,FALSE,FALSE,,,False
,Minor in Iranian Studies,,,,,Undergraduate,Fall 2026,,,,,Required,Not Required,,"For graduate admissions, applicants must submit an online application and pay a non-refundable application fee ($135 for U.S. Citizens and lawful U.S. Permanent Residents, and $155 for all other applicants). [11] Applicants are required to upload unofficial transcripts from all institutions attended after high school. [11] For undergraduate admissions, applicants must use the UC application, and the submission period is from October 1 to December 1. [24] A nonrefundable application fee of $80 for domestic applicants or $95 for international applicants is required. [24] Transcripts and letters of recommendation are not to be sent when applying. [24]",,,True,False,False,False,False,False,,False,False,False,False,False,False,False,False,True,,,,,,,,,,,,,"The interdisciplinary minor in Persian Studies offers undergraduate students an opportunity to study the Iranian and the Persianate world through the study of language, literature, history, and culture. [10] Students who complete the minor will acquire command of the Persian language and have a grasp of the history, literature, art and architecture, cinema, and/or music of the Iranian and the Persianate world. [10] With a minor in Persian Studies, students will learn how to study Persian literary and historical texts and selected cultural art forms as well as the history of Iran, Afghanistan, Tajikestan, and beyond. [10] Reflecting the diversity of Persian culture as it developed in close contact with many different civilizations, Persian Studies is international and interdisciplinary by definition. [12] At UCI, students can explore Persian life in past and present in an intellectual journey that can lead them to places as diverse as ancient Persia, the poetry of Rumi in the medieval period, to contemporary Persian and Afghan music. [12]",,"The official university website for the University of California, Irvine is uci.edu.",,,,FALSE,False,,,,,,,,,,,,,,,,,,,,,False,False,,,,,,,,,,,,,,,,,,,,,,,,,,FALSE,,,FALSE,FALSE,,,False
,Minor in Italian Studies,,,,,Undergraduate,Fall 2026,,,,Not Required,Not Required,Not Required,Required,"The minor in Italian Studies is an interdisciplinary curriculum that allows students to go beyond second-year Italian and engage in various aspects of Italian culture by taking courses in Italian literature and other courses related to Italian history and culture in the Departments of Art History, Comparative Literature, English, Film and Media Studies, History, and Philosophy. Eight courses (32 units) are required for the minor. [6]",Not Required,,True,False,True,False,False,False,,True,False,False,False,False,True,True,False,False,,,,School of Humanities,"A minor does not have a separate tuition fee. For the 2024-2025 academic year, the estimated annual tuition and fees for a full-time undergraduate California resident living on campus is approximately $37,602.74, and for a non-resident, it is approximately $70,176.74. This includes tuition, fees, housing, and other estimated costs. These figures are subject to change for the 2026-2027 academic year.",,,,,,,,"The Italian Program at the University of California, Irvine offers a minor in Italian Studies with courses both in Italian language from introductory through intermediate, and in English on a variety of literary and cultural subjects, such as Dante, Boccaccio, Italian theater, Italian cinema, and contemporary migration. [9] Taking an interdisciplinary approach, students study Italian culture through film, music, theater, history and literature. [9] Beyond the Department of European Languages and Studies, Italian Studies students also take courses in history, art history, classics, and other areas. [9]",,"The official university website for the University of California, Irvine is uci.edu.",,,,FALSE,False,,4.0,2,,,,,,,,,,,,,,,,,,False,False,,,115.0,,,,6.5,,,,,80.0,,,,,,,,,,,,,"The UCI Scholarship portal lists a variety of scholarships, including those based on merit, financial need, specific fields of study, and diverse backgrounds.",FALSE,,,FALSE,FALSE,,,False
,Bachelor of Arts in Japanese Language and Literature,,,,,Undergraduate,Fall 2026,,,,Not Required,Required,Optional,Required,"To be eligible for admission to UC San Diego, you must complete UC College preparatory courses (A-G courses) in the subjects below and earn a ""C"" grade or better. Complete at least 11 of the 15 courses before your senior year of high school. a. History/social science, 2 years. b. English, 4 years. c. Mathematics, 3 (4 recommended). d. Laboratory science, 2 (3 recommended). e. Language other than English (or other second language), 2 (3 recommended). f. Visual and performing arts, 1 year. g. College preparatory elective, 1 year. California residents must earn a GPA of 3.0 (or better) with no grade lower than ""C."" Non-California residents, including International applicants, must earn a GPA of 3.4 (or better) with no grade lower than a ""C.""",Not Required,,True,False,False,,False,False,,True,False,False,False,False,True,False,False,False,,,,School of Humanities,,,,,,,,,"The curriculum for Japanese Language and Literature enables students to understand the extensive and rich literary, historical, social, and aesthetic achievements of Japan by studying its language, literature, film, religion, and other cultural accomplishments in depth. [3, 5, 12]",,"The official university website for the University of California, Irvine is uci.edu.",,,,FALSE,False,,4.0,2.0,,,,,,,,,,,,,,,,,,False,False,,,,,,,7.0,,,,,80.0,,,,,,,,,,,,,"UCI offers various scholarships based on academic achievement, financial need, community activities, work experience, and more. [17]",FALSE,,,FALSE,FALSE,,,False
,Minor in Japanese Language and Literature,,,,,Undergraduate,Fall 2026,,,,Not Required,Not Required,,,"To declare a minor in the School of Humanities, non-Humanities majors should contact an academic counselor in the School of their major and request to add the minor to their DegreeWorks audit. To officially receive a minor, a student must complete all required courses with a minimum overall grade point average of at least 2.0 in all courses required for the minor program, and ensure the minor is listed on their Application for Graduation. [14]",Not Required,,True,False,,,,,,,,,,,,,,,,,,School of Humanities,"For the 2025-26 academic year, estimated tuition for undergraduates is $13,602.00 (in-state) and $44,628.00 (out-of-state, including non-resident supplemental tuition).",,,,,,,,"Minoring in the Japanese program will give students foundational knowledge needed to pursue a career involving this important Pacific Rim nation. Students will be equipped with linguistic and cultural skills and be prepared in a variety of endeavors, such as international business, law, government service, journalism, teaching, and other careers involved with public affairs. [10, 12]",,"The official university website for the University of California, Irvine is uci.edu.",,,,FALSE,False,,4.0,,,,,,,,,,,,,,,,,,,False,False,,,,,,,,,,,,,,,,,,,,,,,,72% of undergraduates receive grants or scholarships.,"Scholarships at UC Irvine are awarded for academic achievement, financial need, community activities, work experience, and more. [32]",FALSE,,,FALSE,FALSE,,,
,Minor in Japanese Studies,,,,,Undergraduate,Fall 2026,,,,Not Required,Not Required,,,"To declare a minor in Japanese Studies, a student must be a currently enrolled undergraduate at UCI. The requirements for the minor are course-based, consisting of eight courses (32 units). These include completing JAPANSE 2C (or equivalent), EAS 55, one upper-division course in Japanese history, one upper-division course from a specified list of social science and political science courses, one upper-division course from a specified list of East Asian Studies and Japanese courses, and three additional courses from East Asian Studies offerings on Japanese topics. A minimum of four upper-division courses for the minor must be completed at UCI. [2]",Not Required,,True,False,,,,,,,,,,,,,,,,,,School of Humanities,"$15,722 (in-state); $49,922 (out-of-state) for the 2024-2025 academic year. [19]",,,,,,,,"Minoring in the Japanese program will give students foundational knowledge needed to pursue a career involving this important Pacific Rim nation. Students will be equipped with linguistic and cultural skills and be prepared in a variety of endeavors, such as international business, law, government service, journalism, teaching, and other careers involved with public affairs.",,"The official university website for the University of California, Irvine is uci.edu.",,,,FALSE,False,,4.0,2.0,,,,,,,,,,,,,,,,,,False,False,,,,,,,,,,,,,,,,,,,,,,,,,"Merit-based, Need-based, and specific scholarships for areas of study are available. [33, 37, 38]",FALSE,,,FALSE,FALSE,,,
,Minor in Jewish Studies,,,,,Undergraduate,Fall 2026,,,,,,Not Required,Not Required,,,,False,False,False,False,False,False,,False,False,False,False,False,False,False,True,False,,,,,,,,,,,,,"TThe hebrew Studies minor is an interdisciplinary program designed for students who wish to augment their major with a supplementary focus on Hebrew language and Jewish culture, literature and history. Students in this program are required to take courses in Hebrew language and literature, as well as a range of courses in Jewish and Israeli culture and history. Students are strongly encouraged to take courses in both modern and biblical Hebrew.",,"The official university website for the University of California, Irvine is uci.edu.",,,,FALSE,False,,4.0,,,,,,,,,,,,,,,,,,,False,False,,,,,,,,,,,,,,,,,,,,,,,,,,FALSE,,,FALSE,FALSE,,,False
,Bachelor of Arts in Korean Literature and Culture,,,,,Undergraduate,Fall 2026,,,,Not Required,Not Required,,Required,"Prospective students for the Bachelor of Arts in Korean Literature and Culture at the University of California, Irvine are subject to the general first-year application requirements of the University of California system. These requirements include the completion of 15 A-G college-preparatory courses with a grade of C or better, with 11 of these courses needing to be completed by the end of the junior year of high school. A minimum GPA of 3.0 for California residents (3.4 for non-residents) is required in these courses, with no grade lower than a C. [1]",Not Required,,True,False,True,False,,,,True,False,False,False,False,True,False,False,False,,,,School of Humanities,45014,,,,,,,,"The curriculum for Korean Literature and Culture enables students to understand the extensive and rich literary, historical, social, and aesthetic achievements of Korea by studying its language, literature, film, religion, and other cultural accomplishments in depth.",,"The official university website for the University of California, Irvine is uci.edu.",,,,FALSE,False,,,2.7,,,,,,,,,,,,,,,,,,False,False,,,115.0,,,,6.5,,,,,80.0,,,,,,,,,,,,,,FALSE,,,FALSE,FALSE,,,
,Minor in Korean Studies,,,,,Undergraduate,Fall 2026,,,,,,,,,,,True,True,False,False,False,False,,False,False,False,False,False,False,False,False,False,,,,"School of Humanities, Department of East Asian Studies",,,,,,,,,"Minoring in the Korean program will give students foundational knowledge needed to pursue a career involving this important Pacific Rim nation. Students will be equipped with linguistic and cultural skills and be prepared in a variety of endeavors, such as international business, law, government service, journalism, teaching, and other careers involved with public affairs.",,"The official university website for the University of California, Irvine is uci.edu.",,"72% of UCI undergraduate students receive grants and scholarships, with an average award size of $18,824 for full-time students.",$302.27 per unit (for the 2025-2026 academic year),FALSE,False,,4.0,2,,,,,,,,,,,,,,,,,,False,False,,,,,,,,,,,,,,,,,,,,,,,,,Merit-based and need-based scholarships are available. [11],FALSE,,,FALSE,FALSE,,,False
,Bachelor of Arts in Language Science,,,,,Undergraduate,Fall 2026,,,,Not Required,Not Required,Not Required,Required,"Admissions requirements for new students at the freshman level: Students must meet all the basic UC admission requirements with a minimum 3.0 GPA or better. [16] First-year applicants are reviewed for completion of required college-preparatory coursework (""A-G""), demonstrated academic achievements, activities, talents, and skills — all in the context of your circumstances and experiences. We consider all information provided in your application, including your answers to the personal insight questions. [4]",Not Required,,True,False,True,False,False,False,,True,False,False,False,False,True,False,False,False,,,,School of Social Sciences,,,,,,,,"['theoretical', 'behavioral', 'computational', 'applied approaches to language science']","Language is a system of communication with an extraordinarily intricate structure. The scientific study of the mental representations and biological basis of language involves many questions, including what the nature of this system is, how humans master it so early in their cognitive development, how humans use it to communicate, and how it is implemented in human biology. The Department offers a B.A. in Language Science, an undergraduate minor, and undergraduate courses.",,"The official university website for the University of California, Irvine is uci.edu.",,21866,,FALSE,False,,4.0,2,,,,,,,,,,,,,,,,,,False,False,,,115.0,,,,6.5,,,,,80.0,,,,,,,,,,,,,"Merit-based, Need-based",FALSE,,,FALSE,FALSE,,,False
,Minor in Latin,,,,,Undergraduate,Fall 2026,,,,Not Required,Not Required,Not Required,Required,"Seven courses (28 units) are required for the minor. [8]

A. One course from LATIN 1A-LATIN 1B-LATIN 1C or LATIN 100.
B. Select six upper-division courses from LATIN 100-104. [8]",Not Required,,True,False,True,False,False,False,,True,False,False,False,False,True,False,False,False,,,,School of Humanities,,,,,,,,,"The Department offers minors in Classical Civilization, Greek, and Latin for students wholpan a to follow a shorter but formally recognized program of study in Classics. The minor program in Latin enables students to gain an in-depth knowledge of Latin, both the language and literature, and ancient Roman culture. Students who minor in Latin have many of the same advantages as our majors, and they benefit from being part of our inclusive community as they develop their study of classical civilization with emphasis on the Latin language and Roman culture. Students further benefit from enhancing their critical thinking and their creative and historically informed problem solving, which can effectively complement their majors and studies in other areas, including the Humanities, Social Sciences, STEM or other professional fields.",,"The official university website for the University of California, Irvine is uci.edu.",,"~$19,000",$302.27/unit,FALSE,False,"A student is subject to academic disqualification if their grade point average falls below a 1.5 for any quarter, or who after two consecutive quarters on academic notice has not achieved a cumulative grade point average of 2.0. [11]",4.0,2.0,,,,,,,,,,,,,,,,,,False,False,,,115.0,,,,6.5,,,,,80.0,,,,,,,,,,,,72%,"Merit-based, Need-based",FALSE,,,FALSE,FALSE,,,False
,Minor in Latin American Studies,,,,,Undergraduate,Fall 2026,,,,,,,,,,,False,False,,,,,,,,,,,,,,,,,,,,,,,,,,,,,"The official university website for the University of California, Irvine is uci.edu.",,,,FALSE,False,,,,,,,,,,,,,,,,,,,,,False,False,,,,,,,,,,,,,,,,,,,,,,,,,,FALSE,,,FALSE,FALSE,,,
,Minor in LGBTQ Studies,,,,,Undergraduate,Fall 2026,,,,Not Required,Not Required,,,"To declare the Minor in Gender & Sexuality Studies, students should contact the department or join the Gender & Sexuality Studies minor mailing list. [17] The departmental requirements for the minor involve completing seven courses (28 units). [10] For the Minor in Queer Studies, which is also offered by the Department of Gender and Sexuality Studies, the requirement is the completion of seven courses (28 units). [11, 15]",Not Required,,True,False,,,,,,,,,,,,,,,,,,School of Humanities,,,,,,,,,"The Department of Gender & Sexuality Studies offers a minor in Queer Studies, providing students with an opportunity to study sexuality as a complex historical and cultural formation, rather than merely a feature of intimacy or an outcome of universal and unchanging biological forces. [9] Taking as a point of departure that sexuality is a complex historical and cultural phenomenon, Queer Studies examines this complexity, drawing upon methods from anthropology, art, art history, biology, history, literature, philosophy, psychology, and sociology. [10, 11] Interdisciplinary insights from area studies, cultural studies, critical legal studies, ethnic studies, gender studies, religious studies, science and technology studies, visual studies, and women's studies also enrich this area of study. [10, 11] Queer Studies scholarship addresses a number of central questions: What constitutes the history of sexuality? How is gender related to sexuality? How are cultural norms of sexuality linked to assumptions about the proper desires and capacities of bodies? How is sexuality linked to processes of racialization? By what means and to what ends is sexuality policed? [9] Queer Studies is a relatively new field, emerging in the 1990s. [9] It draws upon concepts and methods from anthropology, history, geography, psychology, sociology, literature, philosophy, political theory, biology, art, and art history, religious studies, science and technology studies, performance studies, and visual studies. [9] Queer Studies focuses on the study of how norms are produced and come to be taken for granted, and, conversely how they are destabilized either through their own internal contradictions or through the interventions of activists seeking social justice. [9]",,"The official university website for the University of California, Irvine is uci.edu.",,,302.27,FALSE,False,,4.0,2,,,,,,,,,,,,,,,,,,False,False,,,,,,,,,,,,,,,,,,,,,,,Up to $3000,,Merit-based,FALSE,,,FALSE,FALSE,,,
,Minor in Linguistics,,,,,Undergraduate,Fall 2026,,,,Not Required,Not Required,Not Required,Not Required,"Requirements for the minor in Linguistics are met by taking seven linguistics courses (28 units) as specified below:

A. Complete the following:

LSCI 3. Introduction to Linguistics
LSCI 10. Introduction to Phonology
LSCI 20. Introduction to Syntax

B. Four additional language sciences courses, three of which must be upper-division. Students may select research courses, whose numbering varies by department. Individual study may count for up to two of the additional language science courses if taken for multiple quarters or with multiple faculty members affiliated with Language Science.

Residence Requirement: At least three upper-division courses required for the minor must be completed successfully at UCI. [14, 15]",Not Required,,True,False,False,False,False,False,,False,False,False,False,False,False,False,True,False,,,,School of Social Sciences,,,,,,,,,"Linguistics is the scientific study of language. Students use scientific principles–collecting data, making observations, and developing and testing hypotheses–to study the structure, acquisition, and use of language. They apply this rigged approach to all different levels of linguistic structure, with the opportunity to join faculty on research projects. As language is an intrinsically and exclusively human characteristic, the study of linguistics cuts to the heart of human cognition and social interaction. Students majoring in a variety of STEM, liberal arts, and pre-professional fields find a linguistics minor further strengthens their analytical and communication skills, providing an advantage to their careers and graduate studies.",,"The official university website for the University of California, Irvine is uci.edu.",,"$21,866",$302.27,FALSE,False,,4.0,,,,,,,,,,,,,,,,,,,False,False,,,,,,,,,,,,,,,,,,,,,,,,,UCI offers many scholarship opportunities for all current undergraduate students. [19],FALSE,,,FALSE,FALSE,,,False
,Bachelor of Arts in Literary Journalism,,,,,Undergraduate,Fall 2026,,,,Not Required,Not Required,Not Required,Required,"Applicants to the University of California, Irvine, as part of the general UC application, must respond to four out of eight ""Personal Insight Questions."" Each response is limited to a maximum of 350 words. These questions are used in place of a traditional statement of purpose to get to know the applicant's life experience, interests, and accomplishments.",Not Required,,True,False,False,False,False,False,,True,False,False,False,False,True,True,False,False,,,,School of Humanities,,,,,,,,,,,"The official university website for the University of California, Irvine is uci.edu.",,,,FALSE,False,,4.0,2,,,,,,,,,,,,,,,,,,False,False,,,,,,,6.5,,,,,80.0,,,,,,,,,,,,,,FALSE,,,FALSE,FALSE,,,False
,Bachelor of Science in Materials Science and Engineering,,,,,Undergraduate,Fall 2026,,,,Not Required,Required,Not Required,Required,"UC Irvine, as part of the University of California system, requires freshman applicants to complete 15 'a-g' college-preparatory courses with a grade of C or better. At least 11 of these courses must be completed before the final year of high school. There is a minimum GPA requirement of 3.0 for California residents and 3.4 for non-residents in these 'a-g' courses. Additionally, applicants must respond to four out of eight Personal Insight Questions, with each response limited to 350 words.",Not Required,,True,False,True,False,False,False,,True,False,False,False,False,True,False,False,False,,,,The Henry Samueli School of Engineering,,,,,,,,,"The undergraduate major in Materials Science and Engineering (MSE) provides students with a thorough knowledge of basic engineering and scientific principles. The undergraduate curriculum in MSE includes (a) a core of Chemistry, Physics, and Mathematics; (b) basic Engineering courses; (c) Materials and Engineering core; and (d) technical courses in Materials Science, Engineering, and Sciences.",,"The official university website for the University of California, Irvine is uci.edu.",The Material Science and Engineering program is accredited by the Engineering Accreditation Commission of ABET. [10],,,FALSE,False,,4.0,2.0,,,,,,,,,,,,,,,,,,False,False,,,115.0,,,,6.5,,,,,80.0,,,,,,,,,,,,,,FALSE,,,FALSE,FALSE,,,False
,Minor in Materials Science and Engineering,,,,,Undergraduate,Fall 2026,,,,,,,,,,,False,False,,,,,,,,,,,,,,,,,,,"$14,242.44/Year",,,,,,,,"The interdisciplinary field of materials science and engineering has become critical to many emerging areas of advanced technology and their applications. As a result, there are ihtiyaçlar and opportunities for engineers and scientists with education and training in materials science and engineering. The goal of the minor in Materials Science and Engineering (MSE) is to provide students at UCI with such education and training that will enable them, upon graduation, to not only participate in projects or programs of an interdisciplinary nature but also address challenging societal ihtiyaçlar and complex technological advances.",,"The official university website for the University of California, Irvine is uci.edu.",,,,FALSE,False,,4.0,2.0,,,,,,,,,,,,,,,,,,False,False,,,,,,,,,,,,,,,,,,,,,,,,,"Regents Scholarships, Chancellor's Excellence Scholarships, Director's Scholarships, Campuswide Scholarships, Engineering Scholarships",FALSE,,,FALSE,FALSE,,,
,Bachelor of Science in Mathematics,,,,,Undergraduate,Fall 2026,,,,,,,,,,,True,True,,,,,,,,,,,,,,,,,,School of Physical Sciences,,,,,,,,"['Mathematics for Education', 'Mathematics for Education/Secondary Teaching certification']","The Department offers a B.S. in Mathematics. Within this program there are three tracks; besides the pure track, there is a specialization in Mathematics for Education and a Concentration in Mathematics for Education/Secondary Teaching certification. In addition, the Department offers a B.S. in Applied and Computational Mathematics (with concentrations in Data Science and Mathematical Finance and a specialization in Mathematical Biology) and a minor in Mathematics and Mathematics for Biology. [8] Undergraduate mathematics courses are of several kinds: courses preparatory to advanced work in mathematics, the exact sciences, and engineering; courses for students of the social and biological sciences; and courses for liberal arts students and those planning to enter the teaching field. [8] Students may be admitted to the Mathematics major upon entering the University as freshmen, via change of major, or as transfer students from other colleges and universities. [8]",,"The official university website for the University of California, Irvine is uci.edu.",,,,FALSE,False,,4.0,2,,,,,,,,,,,,,,,,,,False,False,,,,,,,,,,,,,,,,,,,,,,,,,"Merit-based, Need-based",FALSE,,,FALSE,FALSE,,,
,Minor in Mathematics,,,,,Undergraduate,Fall 2026,,,,Not Required,Required,,,"UC Irvine's selection criteria for first-year admission includes a comprehensive review of a student's completion of 'A-G' college-preparatory coursework, demonstrated academic achievements, activities, talents, and skills, all considered in the context of the applicant's circumstances and experiences. [9] The University of California application includes responses to four Personal Insight Questions, which applicants choose from a set of eight. [19] Each response is limited to 350 words. [19]",Not Required,,True,False,,,,,,,,,,,,,,,,,,School of Physical Sciences,"$13,602 per year for in-state students and $51,204 per year for out-of-state students for the 2025-2026 academic year. [7, 42]",,,,,,,,"The Mathematics Minor is an excellent complement to many majors; including physics, chemistry, engineering, computer science, business, economics, biology, and more. [9] The curriculum is designed to provide students with the opportunity to widen their background and skills in mathematics in order to gain a deeper understanding of the role that mathematics can play in their major coursework. [9]",,"The official university website for the University of California, Irvine is uci.edu.",,"$21,533","The University of California, Irvine does not charge tuition on a per-credit basis for full-time undergraduate students. A flat tuition rate is charged per quarter. However, for specific programs like the U.S. Department of Defense Tuition Assistance (TA) Program, a per-unit cost is calculated, which for 2025-2026 is $302.27. [5]",FALSE,False,,4.0,2.0,,,,,,,,,,,,,,,,,,False,False,,,,,,,,,,,,,,,,,,,,,,,,71%,"UCI offers various scholarships including need-based and merit-based awards. These include UC Irvine Distinguished Scholarships (Regents', Directors', and Chancellor's Excellence Scholarships) and Campuswide Scholarships. [4, 21]",FALSE,,,FALSE,FALSE,,,
,Minor in Mathematics for Biology,,,,,Undergraduate,Fall 2026,,,,,,Not Required,Required,,,,True,True,False,,False,False,,True,False,False,False,False,True,,False,False,,,,"School of Physical Sciences, Department of Mathematics","$13,602.00/Year",,,,,,,,"The Mathematics for Biology Minor is an excellent complement to many majors; including physics, chemistry, engineering, computer science, biology, and more. The curriculum is designed to provide students with the opportunity to widen their background and skills in mathematics in order to gain a deeper understanding of the role that mathematics can play in their major coursework, with an emphasis on mathematical modeling in biology. [8, 9]",,"The official university website for the University of California, Irvine is uci.edu.",,,$302.27/unit,FALSE,False,,4.0,2,,,,,,,,,,,,,,,,,,False,False,,,,,,,7.0,,,,,80.0,,,,,,,,,,,,,"Merit-based, financial need, and other eligibility criteria not tied to a specific school or major.",FALSE,,,FALSE,FALSE,,,False
,Bachelor of Science in Mechanical Engineering,,,,,Undergraduate,Fall 2026,,,,,,Not Required,Required,,,,True,True,True,False,False,False,,True,False,False,False,False,True,True,False,False,,,,The Henry Samueli School of Engineering,"$19,268.00/Year",,,,,,,"['Aerospace Engineering', 'Energy Systems and Environmental Engineering', 'Flow Physics and Propulsion Systems', 'Design of Mechanical Systems']","Graduates of the program will have the professional and scientific education that allows them to be successful as career engineers and in graduate programs. Specifically, they will be able to (1) function in professional environments in industry, government, and academia applying and building upon engineering science knowledge, problem-solving skills, and communication skills; (2) function as members of teams and in leadership roles applying ethical and inclusive standards including the ASME code of ethics within and beyond traditional Mechanical Engineering disciplines; and (3) remain current with technology and contemporary scientific, environmental and societal issues, and consequently improve skills and knowledge through a lifelong process of learning. (Program educational objectives are those aspects of engineering that help shape the curriculum; achievement of these objectives is a shared responsibility between the student and UCI.) The undergraduate Mechanical Engineering curriculum includes a foundation of mathematics, physics, and chemistry. Engineering courses in fundamental areas constitute much of the remaining curriculum. A few technical electives allow undergraduate students to specialize in Aerospace Engineering, Energy Systems and Environmental Engineering, Flow Physics and Propulsion Systems, and Design of Mechanical Systems or to pursue broader understanding in these areas. A senior capstone design experience culminates the curriculum. [14]",,"The official university website for the University of California, Irvine is uci.edu.","The Mechanical Engineering program is accredited by the Engineering Accreditation Commission of ABET, under the commission's General Criteria and Program Criteria for Mechanical and Similarly Named Engineering Programs. [19]",21866,,FALSE,False,,4.0,2.0,,,,,,,,,,,,,,,,,,False,False,,,115.0,,,,6.5,,,,,80.0,,,,,,,,,,,,,"['Merit-based', 'Need-based']",FALSE,,,FALSE,FALSE,,,False
,Minor in Medical Anthropology,,,,,Undergraduate,Fall 2026,,,,,,,,,,,True,True,,,,,,,,,,,,,,,,,,School of Social Sciences,"$13,602/Year",,,,,,,,,,"The official university website for the University of California, Irvine is uci.edu.",,"around $19,000 per year",$302.27/unit,FALSE,False,,4.0,2,,,,,,,,,,,,,,,,,,False,False,,,,,,,,,,,,,,,,,,,,,,,,,Need-based and merit-based,FALSE,,,FALSE,FALSE,,,
,Minor in Medical Humanities,,,,,Undergraduate,Fall 2026,,,,,,,,,,,True,True,,,,,,,,,,,,,,,,,,,,,,,,,,,,,"The official university website for the University of California, Irvine is uci.edu.",,,,FALSE,False,,,,,,,,,,,,,,,,,,,,,False,False,,,,,,,,,,,,,,,,,,,,,,,,,,FALSE,,,FALSE,FALSE,,,
,Bachelor of Science in Microbiology and Immunology,,,,,Undergraduate,Fall 2026,,,,,,Not Required,Required,,,,True,True,True,False,False,False,,True,False,False,False,False,True,False,False,False,,,,Charlie Dunlop School of Biological Sciences,,,,,,,,,,,"The official university website for the University of California, Irvine is uci.edu.",,,,FALSE,False,,4.0,2,,,,,,,,,,,,,,,,,,False,False,,,115.0,,,,6.5,,,,,80.0,,,,,,,,,,,,,,FALSE,,,FALSE,FALSE,,,False
,Minor in Modern Middle East,,,,,Associate,Fall 2026,,,,,,Not Required,Not Required,,,,True,True,False,False,False,False,,False,False,False,False,False,False,False,True,False,,,,,,,,,,,,,,,"The official university website for the University of California, Irvine is uci.edu.",,,,FALSE,False,,4.0,,,,,,,,,,,,,,,,,,,False,False,,,,,,,,,,,,,,,,,,,,,,,,,,FALSE,,,FALSE,FALSE,,,False
,Bachelor of Arts in Music,,,,,Undergraduate,Fall 2026,,,,,,Not Required,Required,,,,True,True,False,False,False,False,,True,False,False,False,False,True,True,False,False,,,,,,,,,,,,,,,"The official university website for the University of California, Irvine is uci.edu.",,,,FALSE,False,,,,,,,,,,,,,,,,,,,,,False,False,,,,,,,6.5,,,,,80.0,,,,,,,,,,,,,,FALSE,,,FALSE,FALSE,,,False
,Bachelor of Music in Music,,,,,Undergraduate,Fall 2026,,,,,,Not Required,Required,,,,True,True,True,False,False,False,,True,False,False,False,False,True,False,False,False,,,,Claire Trevor School of the Arts,"$13,602 per year (systemwide tuition for California residents for the 2025-26 cohort), not including campus fees, housing, or other expenses. [3, 28]",,,,,,,,,,"The official university website for the University of California, Irvine is uci.edu.",,"72% of UCI undergraduate students receive grants or scholarships. [17] The average aid package, which may include grants, scholarships, loans, and work-study, is around $19,000. [24]","The calculated per-unit cost for the 2025-2026 academic year is $302.27, based on the annual tuition of $13,602 divided by 180 quarter hours. [12]",FALSE,False,,4.0,"A minimum GPA of 3.0 for California residents (3.4 for non-residents) is required for admission consideration in the required “A-G” subject courses, with no grade lower than a C. [4] A cumulative GPA of at least 2.0 is required to remain in good academic standing and for graduation. [9]",,,,,,,,,,,,,,,,,,False,False,,,115.0,,,,6.5,,,,,80.0,,,,,,,,,,,Scholarship opportunities are varied and students are matched based on a single application. [13] The Claire Trevor School of the Arts offers specific scholarships such as the Edna Helen Beach Scholarship and the Claire Trevor Society Scholarships. [19],72% of undergraduate students receive grants and scholarships. [17],"UCI offers a variety of scholarships based on merit and financial need, including school-specific scholarships. [13, 17]",FALSE,,,FALSE,FALSE,,,False
,Minor in Music,,,,,Undergraduate,Fall 2026,,,,Not Required,Required,Optional,Required,"For first-year admission, UC Irvine uses a comprehensive review process that considers completion of required college-preparatory coursework (""A-G""), demonstrated academic achievements, activities, talents, and skills, all within the context of an applicant's circumstances and experiences. All information provided in the application, including answers to the personal insight questions, is considered. [10] The university seeks to select students who have a demonstrated record of academic and personal achievement. [12]",Not Required,,True,False,True,,,,,True,False,False,False,False,True,,False,False,,,,,,,,,,,,,,,"The official university website for the University of California, Irvine is uci.edu.",,,,FALSE,False,,,,,,,,,,,,,,,,,,,,,False,False,,,115.0,,,,7.0,,,,,80.0,,,,,,,,,,,,,,FALSE,,,FALSE,FALSE,,,
,Bachelor of Fine Arts in Music Theatre,,,,,Undergraduate,Fall 2026,,,,,,Not Required,Required,,,,True,True,True,False,False,False,,True,False,False,False,False,True,False,False,False,,,,Claire Trevor School of the Arts,"$13,753 per year for California residents, $43,007 per year for non-residents",,,,,,,,,,"The official university website for the University of California, Irvine is uci.edu.",,,,FALSE,False,,4.0,2,,,,,,,,,,,,,,,,,,False,False,,,115.0,,,,6.5,,,,,80.0,,,,,,,,,,,,,Merit-based,FALSE,,,FALSE,FALSE,,,False
,Bachelor of Science in Neurobiology,,,,,Undergraduate,Fall 2026,,,,,,Not Required,Required,,,,True,True,True,False,False,False,,True,False,False,False,False,True,False,False,False,,,,School of Biological Sciences,"$13,602/Year",,,,,,,,,,"The official university website for the University of California, Irvine is uci.edu.",,,,FALSE,False,,4.0,2.0,,,,,,,,,,,,,,,,,,False,False,,,115.0,,,,6.5,,,,,80.0,,,,,,,,,,,,72%,"Merit-based, Need-based",FALSE,,,FALSE,FALSE,,,False
,Bachelor of Science in Nursing Science,,,,,Undergraduate,Fall 2026,,,,Not Required,Required,,Required,Freshman applicants to the BS in Nursing Science program will apply by completing the online UC Application by November 30th. [4] A cumulative high school GPA of 3.0 or higher and the completion of two years of high school laboratory science (biology & chemistry) with a minimum grade of C in each course are required. [4] The undergraduate admissions process is handled centrally within UC Irvine's Office of Undergraduate Admissions. [4],Not Required,,True,False,False,,,False,,True,False,False,False,False,True,True,False,False,,,,Sue & Bill Gross School of Nursing,,,,,,,,,,,"The official university website for the University of California, Irvine is uci.edu.",,,302.27,FALSE,True,,4.0,3,,,,,,,,,,,,,,,,,,False,False,,,,,,,7.0,,,,,80.0,,,,,,,,,,,,,"Merit-based, Need-based",FALSE,,,FALSE,FALSE,,,False
,Bachelor of Science in Pharmaceutical Sciences,,,,,Undergraduate,Fall 2026,,,,Not Required,Required,Not Required,Required,Prospective students apply to the B.S. in Pharmaceutical Sciences through the general University of California undergraduate application. This includes responding to four out of eight Personal Insight Questions. One of these questions must address the applicant's intended major.,Not Required,,True,False,True,False,False,False,,True,False,False,False,False,True,False,False,False,,,,School of Pharmacy & Pharmaceutical Sciences,,,,,,,,,,,"The official university website for the University of California, Irvine is uci.edu.",,,$302.27 per unit,FALSE,True,,4.0,2,,,,,,,,,,,,,,,,,,False,False,,,115.0,,,,6.5,,,,,80.0,,,,,,,,,,,,,"UCI Scholarships are awarded for outstanding academic achievement, financial need, your major, special skills, leadership positions you hold, campus and community activities, and work experience.",FALSE,,,FALSE,FALSE,,,False
,Bachelor of Arts in Philosophy,,,,,Undergraduate,Fall 2026,,,,,,Not Required,Required,,,,True,True,False,False,False,False,,True,False,False,False,False,True,True,False,False,,,,School of Humanities,"$14,253.00/Year",,,,,,,,,,"The official university website for the University of California, Irvine is uci.edu.",,,,FALSE,False,,4.0,2.0,,,,,,,,,,,,,,,,,,False,False,,,115.0,,,,6.5,,,,,80.0,,,,,,,,,,,,,"Merit-based, Need-based, and various other criteria.",FALSE,,,FALSE,FALSE,,,False
,Minor in Philosophy,,,,,Undergraduate,Fall 2026,,,,Not Required,Not Required,Optional,Required,"To declare the minor, an enrolled student must notify their academic counselor to add the minor to their degree audit and then complete the required courses. [14] The coursework requirements consist of seven courses in Philosophy: three introductory courses and four upper-division courses. [11] Four of the upper-division courses must be completed at UCI. [11]",Not Required,,True,False,False,,False,False,,True,,,,False,True,True,False,False,,,,School of Humanities,,,,,,,,,,,"The official university website for the University of California, Irvine is uci.edu.",,,302.27,FALSE,False,,4.0,2,,,,,,,,,,,,,,,,,,False,False,,,,,,There is no minimum required GRE score.,7.0,,,,,80.0,,,,,,,,,,,,,Merit-based,FALSE,,,FALSE,FALSE,,,False
,Bachelor of Science in Physics,,,,,Undergraduate,Fall 2026,,,,,,,,,,,True,True,,,,,,,,,,,,,,,,,,School of Physical Sciences,,,,,,,,,,,"The official university website for the University of California, Irvine is uci.edu.",,,,FALSE,False,,4.0,2.0,,,,,,,,,,,,,,,,,,False,False,,,,,,,,,,,,,,,,,,,,,,,,,"Merit-based, Need-based",FALSE,,,FALSE,FALSE,,,
,Bachelor of Arts in Political Science,,,,,Undergraduate,Fall 2026,,,,,,Not Required,Required,,,,True,True,True,False,False,False,,True,False,False,False,False,True,True,False,False,,,,,,,,,,,,,,,"The official university website for the University of California, Irvine is uci.edu.",,,,FALSE,False,,,,,,,,,,,,,,,,,,,,,False,False,,,115.0,,,,6.5,,,,,80.0,,,,,,,,,,,,,,FALSE,,,FALSE,FALSE,,,False
,Minor in Political Science,,,,,Undergraduate,Fall 2026,,,,Not Required,Not Required,Optional,Required,"Requirements for the minor in Political Science are met by taking seven political science courses (28 units) as specified below:

A. Select one of the following: POL SCI 11A, POL SCI 21A, POL SCI 31A, POL SCI 41A, POL SCI 51A, POL SCI 61A, POL SCI 71A.
B. Select six additional Political Science courses, four of which must be upper-division.",Not Required,,True,False,False,,False,False,,True,False,False,False,False,True,False,False,False,,,,School of Social Sciences. [2],,,,,,,,,,,"The official university website for the University of California, Irvine is uci.edu.",,,,FALSE,False,,,2,,,,,,,,,,,,,,,,,,False,False,,,,,,,7.0,,,,,80.0,,,,,,,,,,,,,"UCI offers a variety of scholarships for undergraduate students, including merit-based and need-based scholarships. [15]",FALSE,,,FALSE,FALSE,,,False
,Minor in Portuguese,,,,,Undergraduate,Fall 2026,,,,,,,,"The University of California, Irvine does not offer a specific 'Minor in Portuguese.' However, students pursuing a B.A. in European Studies can fulfill a language requirement by completing two years of study in Portuguese. There are no distinct application requirements for studying Portuguese within this framework, nor for a standalone minor.",,,True,False,False,False,False,False,,False,False,False,False,False,False,False,False,False,,,,School of Humanities,"$13,602/Year",,,,,,,,,,"The official university website for the University of California, Irvine is uci.edu.",,,,FALSE,False,,4.0,2,,,,,,,,,,,,,,,,,,False,False,,,,,,,,,,,,,,,,,,,,,,,,,,FALSE,,,FALSE,FALSE,,,False
,Bachelor of Arts in Psychology,,,,,Undergraduate,Fall 2026,,,,,,Not Required,Required,,,,False,False,False,False,False,False,,True,False,False,False,False,True,True,False,False,,,,,,,,,,,,,,,"The official university website for the University of California, Irvine is uci.edu.",,,,FALSE,False,,,,,,,,,,,,,,,,,,,,,False,False,,,,,,,6.5,,,,,80.0,,,,,,,,,,,,,,FALSE,,,FALSE,FALSE,,,False
,Bachelor of Science in Psychology,,,,,Undergraduate,Fall 2026,,,,Not Required,Required,Not Required,Required,"UC Irvine uses a comprehensive review process for first-year applications, which are evaluated based on the completion of required college-preparatory coursework ('A-G'), academic achievements, activities, talents, and skills. [8] All information in the application is considered, including responses to the personal insight questions. [8] The minimum GPA to be considered is 3.0 for California residents and 3.4 for non-residents in all 'A-G' courses, with no grade lower than a C. [7]",Not Required,,True,False,True,False,False,False,,True,False,False,False,False,True,True,False,False,,,,"School of Social Sciences. [10, 27]","$14,934.00/Year (Systemwide Fees). [3]",,,,,,,,,,"The official university website for the University of California, Irvine is uci.edu.",,"An average of $22,000 for California undergraduates. [33]",$302.27/Unit. [18],FALSE,True,,4.0,2.0,,,,,,,,,,,,,,,,,,False,False,,,115.0,,,,6.5,,,,,80.0,,,,,,,,,,,,67% of California undergraduates receive grants and scholarships. [2],"Scholarships are awarded for academic achievement, financial need, community activities, and work experience. [4]",FALSE,,,FALSE,FALSE,,,False
,Minor in Psychology,,,,,Undergraduate,Fall 2026,,,,Not Required,Not Required,Not Required,Required,"Requirements for the minor in psychology are met by taking seven or eight psychology courses (28 or 32 units) as specified in the UCI General Catalogue. [2, 3] Students can choose between completing COGS 7A Introduction to Psychology or the COGS 9A-9B-9C Psychology Fundamentals series. [2, 3] They must also select three upper-division psychology courses from a provided list and complete additional psychology courses to meet the unit requirement. [2, 3] The school mathematics and computer science requirement must also be satisfied. [2, 3] The process to declare a minor is handled through the academic advising office of a student's major. [11]",Not Required,,True,False,True,False,False,False,,True,False,False,False,False,True,True,False,False,,,,,,,,,,,,,"Students with a variety of interests (e.g., business, education, health care, and criminology) may seek a wider exposure to psychology. The flexibility of the minor in psychology offers the opportunity to pursue deeper understanding areas of psychology relevant to an individual's field. [5]",,"The official university website for the University of California, Irvine is uci.edu.",,,,FALSE,False,,,,,,,,,,,,,,,,,,,,,False,False,,,115.0,,,,6.5,,,,,80.0,,,,,,,,,,,,,,FALSE,,,FALSE,FALSE,,,False
,Bachelor of Arts in Public Health Policy,,,,,Undergraduate,Fall 2026,,,,Not Required,Not Required,Optional,Required,"All students interested in applying to the UCI Sue & Bill Gross School of Nursing must meet the First Year Student admission requirements. There are no additional admission requirements for our undergraduate programs. The UC application for admission opens August 1, and the submission period is from October 1 to November 30. UC Irvine does not consider SAT or ACT scores for admission or scholarship purposes. Applicants are required to answer four out of eight Personal Insight Questions.",Not Required,,True,False,False,,,False,,True,,,,False,True,,False,False,,,,,,,,,,,,,,,"The official university website for the University of California, Irvine is uci.edu.",,,,FALSE,True,,,,,,,,,,,,,,,,,,,,,False,False,,,,,,,7.0,,,,,80.0,,,,,,,,,,,,,,FALSE,,,FALSE,FALSE,,,False
,Bachelor of Science in Public Health Sciences,,,,,Undergraduate,Fall 2026,,,,Not Required,Not Required,Not Required,Required,"Prospective first-year students interested in the B.S. in Public Health Sciences must meet the general admission requirements for freshman students at the University of California, Irvine. There are no additional admission requirements specific to this program for freshman applicants.",Not Required,,True,False,True,False,False,False,,True,False,False,False,False,True,False,False,False,,,,,,,,,,,,,"The B.S. in Public Health Sciences and the B.A. in Public Health Policy degree programs train students in multidisciplinary approaches to public health practice and research. The degrees explore both quantitative and qualitative aspects of public health at all levels of analysis. Graduates will advance, through selective employment or further education, to become the new generation of public health professionals prepared to face the emerging challenges to human health from a population perspective using cutting-edge approaches for preventing diseases. Students who are interested in pursuing a premedical program should note that additional routes خواهد بود needed to fulfill requirements for medical school. Students considering the public health degrees should carefully evaluate their academic preparation and career goals before enrolling in either the B.S. or B.A. degree program. Changing from one degree program to the other is possible but will require completion of the required lower- and upper-division courses specified for each degree. It is also possible for a student to enroll in both the B.S. and B.A. degree programs (double major), provided the student completes all the requirements outlined under each degree.",,"The official university website for the University of California, Irvine is uci.edu.",The Council on Education for Public Health (CEPH) includes undergraduate public health degrees in the accreditation review of public health programs and schools. [9] UCI's Program in Public Health earned accreditation from the Council on Education for Public Health in 2012. [14],,,FALSE,True,,,,,,,,,,,,,,,,,,,,,False,False,,,115.0,,,,6.5,,,,,80.0,,,,,,,,,,,,,,FALSE,,,FALSE,FALSE,,,False
,Minor in Public Health,,,,,Undergraduate,Fall 2026,,,,,,Not Required,Not Required,,,,True,True,False,False,False,False,,False,False,False,False,False,False,False,True,False,,,,Joe C. Wen School of Population & Public Health,,,,,,,,,"The Minor in Public Health provides students with the fundamental knowledge of principles, applications, and skills needed to develop a firm appreciation of health and disease prevention at the population level, and to use this special knowledge to transform the experience of their major education into innovative approaches for solving problems in health care and assessment. [8, 18] Public health education demands interdisciplinary engagement and the minor curriculum is intended to engage students from majors across the campus by introducing them to the main concepts and branches of public health, while also giving them the skills and values needed to translate their major education into meaningful projects in population health assessment and disease prevention. [18] In concert with the major degrees in public health, the minor emphasizes learning through the ecological model of public health where the linkages and relationships among multiple determinants affecting health are examined to identify critical nodes of opportunities to improve the health of populations at various scales of analysis. [18]",,"The official university website for the University of California, Irvine is uci.edu.",,,$302.27 per unit for undergraduates in 2025-2026. [9],FALSE,False,,4.0,2.0,,,,,,,,,,,,,,,,,,False,False,,,,,,,,,,,,,,,,,,,,,,,,,"Scholarships are awarded based on academic achievement, financial need, major, special skills, leadership positions, campus and community activities, and work experience. [15]",FALSE,,,FALSE,FALSE,,,False
,Bachelor of Arts in Quantitative Economics,,,,,Undergraduate,Fall 2026,,,,Not Required,Required,Not Required,Required,"As part of the University of California system, general freshman admission requirements include graduating from high school and completing a specific set of 15 college-preparatory courses known as the 'a-g' subject requirements. The university conducts a holistic review of applications.",Not Required,,True,False,True,False,False,False,,True,False,False,False,False,True,False,False,False,,,,,,,,,,,,,"The major in quantitative economics prepares students for quantitative careers in finance, business, and law and for graduate studies in the social sciences. Students considering graduate school in economics should complete this major.",,"The official university website for the University of California, Irvine is uci.edu.",,,,FALSE,False,,,,,,,,,,,,,,,,,,,,,False,False,,,115.0,,,,6.5,,,,,80.0,,,,,,,,,,,,,,FALSE,,,FALSE,FALSE,,,False
,Bachelor of Arts in Religious Studies,,,,,Undergraduate,Fall 2026,,,,Not Required,Not Required,Not Required,Required,"UCI does not consider SAT or ACT scores for admission or scholarship purposes. After enrollment, exams may be used for class placement or some graduation requirements. [11] UC Irvine does not accept letters of recommendation. [11]",Not Required,,True,False,True,False,False,False,,True,False,False,False,False,True,False,False,False,,,,,,,,,,,,,,,"The official university website for the University of California, Irvine is uci.edu.",,,,FALSE,False,,,,,,,,,,,,,,,,,,,,,False,False,,,115.0,,,,6.5,,,,,80.0,,,,,,,,,,,,,,FALSE,,,FALSE,FALSE,,,False
,Minor in Religious Studies,,,,,Undergraduate,Fall 2026,,,,Not Required,Not Required,Not Required,Required,"Seven courses (28 units) are required for the minor. This includes four required lower-division courses (REL ST 5A, 5B, 5C, and 110) and three upper-division electives selected from two specific categories. [9, 15] Four of the upper-division courses for the minor must be completed at UCI. [9]",Not Required,,True,False,True,False,False,False,,True,False,False,False,False,True,False,False,False,,,,School of Humanities,,,,,,,,,"UCI's Religious Studies program offers a critical multidisciplinary lens into world religions, history, global philosophies, and culture. Students critically analyze multiple global traditions using diverse interdisciplinary theories and methods. These traditions include, but are not limited to, internally diverse communities of Atheism, Buddhism, Christianity, Hinduism, Indigenous and Native traditions, Islam, Jainism, Judaism, New Religious Movements, Sikhism, and Zoroastrianism. Far from dismissing religion as an irrelevant factor in society, students develop skills in writing, speaking, cross-cultural dialog, and/or research to effectively communicate the value of a global study of religions for public life and global citizenship.",,"The official university website for the University of California, Irvine is uci.edu.",,,,FALSE,False,,4.0,2.0,,,,,,,,,,,,,,,,,,False,False,,,115.0,,,,6.5,,,,,80.0,,,,,,,,,,,,,"UCI offers a variety of scholarships, including those based on academic merit, financial need, specific majors, and for students from particular backgrounds or with unique talents.",FALSE,,,FALSE,FALSE,,,False
,Minor in Russian Studies,,,,,Undergraduate,Fall 2026,,,,Not Required,Not Required,Not Required,Not Required,The Russian Studies Minor is an interdisciplinary program designed to introduce students to the rich history and culture of Russia. Eight courses (32 units) are required for the minor. At least four upper-division courses required for the minor must be completed successfully at UCI. [9],Not Required,,True,False,False,False,False,False,,False,False,False,False,False,False,False,True,False,,,,School of Humanities,,,,,,,,,"The Russian Studies Minor is an interdisciplinary program designed to introduce students to the rich history and culture of Russia and provide them with the intellectual and linguistic tools necessary for sustained engagement with this area of the world. Students can select courses in Political Science, History and Russian Literature and Culture. Students who minor in Russian begin with an in-depth study of the Russian language.",,"The official university website for the University of California, Irvine is uci.edu.",,,,FALSE,False,,4.0,,,,,,,,,,,,,,,,,,,False,False,,,,,,,,,,,,,,,,,,,,,,,,,"Merit-based, Need-based",FALSE,,,FALSE,FALSE,,,False
,Bachelor of Arts in Social Ecology,,,,,Undergraduate,Fall 2026,,,,Not Required,Not Required,Not Required,Required,"To be eligible for admission to the University of California, Irvine, freshman applicants must complete 15 college-preparatory courses, known as A-G courses, with a grade of C or better. At least 11 of these courses must be completed prior to the senior year of high school. The university uses a holistic review process to evaluate applicants, considering not only academic achievements but also personal qualities, accomplishments, and life experiences as detailed in the responses to the Personal Insight Questions.",Not Required,,True,False,True,False,False,False,,True,False,False,False,False,True,True,False,False,,,,School of Social Ecology,,,,,,,,,"The major blouses Social blouses the unique and interdisciplinary spirit of the School of Social Ecology. Students take courses from all three of the school's departments: Criminology, Law & Society, Psychological Science, and Urban Planning and Public Policy. Students graduate with a well-rounded understanding of how these disciplines intersect and inform an understanding of social, psychological, environmental, and legal problems. Students also learn how research can address these problems with the intent of finding solutions.",,"The official university website for the University of California, Irvine is uci.edu.",,,,FALSE,False,,4.0,2,,,,,,,,,,,,,,,,,,False,False,,,115.0,,,,6.5,,,,,80.0,,,,,,,,,,,"$10,000 for the 4+1 Social Ecology + Business: Pathway Program",,"Merit-based, Need-based, Identity-based, Government, Athletic, Activity-based, Military, Employer-sponsored",FALSE,,,FALSE,FALSE,,,False
,Minor in Social Ecology,,,,,Undergraduate,Fall 2026,,,,,,,,,,,True,True,,,,,,,,,,,,,,,,,,School of Social Ecology,,,,,,,,,"An interdisciplinary minor that provides an introduction to the field of social ecology. The minor is for students who have an interest in a multidisciplinary approach to the study of social, psychological, environmental, and legal problems. Students take courses in all three of the school's departments: Criminology, Law and Society; Psychological Science; and Urban Planning and Public Policy. The minor culminates in a well-rounded understanding of how these disciplines intersect and inform an understanding of social, psychological, environmental, and legal problems. Students also learn how research can address these problems with the intent of finding solutions.",,"The official university website for the University of California, Irvine is uci.edu.",,,,FALSE,False,,4.0,2.0,,,,,,,,,,,,,,,,,,False,False,,,,,,,,,,,,,,,,,,,,,,,,,"Scholarships at UCI are awarded for academic achievement, financial need, community activities, work experience, and more. Other forms of aid include grants, loans, and work-study. [19]",FALSE,,,FALSE,FALSE,,,
,Bachelor of Arts in Social Policy and Public Service,,,,,Undergraduate,Fall 2026,,,,Not Required,Not Required,Not Required,Required,"To be considered for admission as a freshman, applicants must complete the 15 required ""A-G"" subject courses with a GPA of 3.0 or higher (3.4 for non-California residents), with no grade lower than a C. [24] UC Irvine uses a comprehensive review process that considers academic achievement, as well as activities, talents, and skills, all within the context of a student's circumstances and experiences. [24] The application is submitted through the University of California application system, which includes personal insight questions. [8]",Not Required,,True,False,True,False,False,False,,True,False,False,False,False,True,False,False,False,,,,School of Social Ecology,"$14,646 per year for California residents (2025-2026). $47,400 per year for non-residents (2025-2026).",,,,,,,"['Education', 'Governance', 'Health']","The major in Social Policy and Public Service (SPPS) provides an interdisciplinary perspective on the study of policies and society. Using the knowledge and methods of various social science discipline, SPPS majors analyze the influence of social inequalities, policies, and the role of social institutions. [3] A degree in this major prepares students for careers in government organizations, public policy, non-profit organizations, public administration or public health, academic research, social work, and education. [3] The curriculum for the major covers various research methods and statistics, contemporary social policy issues, public and social policy, and leadership. [3] Requiring students to conduct action research at a local non-profit or a government agency, the curriculum involves the examination of societal inequalities across groups and systems. [3] With three concentrations (governance, education, and health), the program is designed to help students engage questions about economic inequality, educational access and quality, poverty, family structures, health access, and civic participation to cultivate analytic and research skills when addressing social issues. [1] Through a selective curriculum and research training, students are guided to create a strong academic portfolio in preparation for graduate studies or the job force. [1]",,"The official university website for the University of California, Irvine is uci.edu.","The University of California, Irvine is accredited by the WASC Senior College and University Commission (WSCUC). [12, 19] There is no mention of a separate, programmatic accreditation for the Bachelor of Arts in Social Policy and Public Service on the official university website.",,"For students under the U.S. Department of Defense Tuition Assistance Program, the 2024-2025 per-unit cost is $292.13. Other students are typically charged a flat rate per quarter.",FALSE,False,,4.0,"3.0 for California residents, 3.4 for non-residents",,,,,,,,,,,,,,,,,,False,False,,,115.0,,,,6.5,,,,,80.0,,,,,,,,,,,,,"UCI offers a variety of scholarships including those based on academic merit, financial need, and specific criteria for continuing and transfer students, including Regents, Chancellor's Excellence, and various donor-funded scholarships.",FALSE,,,FALSE,FALSE,,,False
,Bachelor of Arts in Sociology,,,,,Undergraduate,Fall 2026,,,,Not Required,Required,Optional,Required,"Applicants must complete 15 A-G courses with a letter grade of C or better, with at least 11 of these courses finished before the senior year of high school. A minimum Grade Point Average (GPA) of 3.0 is required for California residents (3.4 for non-residents) in these courses, with no grade lower than a C. As part of the application, prospective students must answer four out of eight Personal Insight Questions, with each response limited to 350 words.",Not Required,,True,False,False,,False,False,,True,True,False,True,False,True,False,False,False,,,,School of Social Sciences,"For California residents living on campus, the estimated total cost of attendance for 2024-2025 is $37,453. For out-of-state residents, the estimated total cost is $70,145.",,,,,,,"['Business, Economy, and Organizations', 'Diversity and Inequality', 'Global and International Sociology', 'Social Problems and Public Policy']","Sociology at UCI involves the study of societies and human groups, examining social conflict and cooperation, inequality, and the social organization of families, communities, workplaces, and nations. The program covers the breadth of the discipline while providing students with opportunities for independent research and participation in an Honors Program. Students are introduced to the most important ideas, methods, and findings in sociology through introductory courses, explore basic subareas in lower-division courses, and pursue specialized study in upper-division courses. The curriculum includes courses on social institutions, theory, and methods, as well as more specialized topics like race and ethnicity, social psychology, sociology of gender, and political sociology. The department's faculty focus on empirical sociological research in areas such as small groups, organizations, work, art, world systems, gender, family, and social networks.",,"The official university website for the University of California, Irvine is uci.edu.","UC Irvine is accredited by the Western Association of Schools and Colleges, Senior College and University Commission (WSCUC). [21]",,,FALSE,False,,4.0,2,,,,,,,,,,,,,,,,,,False,False,,,,,,,7.0,,,,,80.0,,,,,,,,,,,,,"Merit-based, Need-based",FALSE,,,FALSE,FALSE,,,False
,Minor in Sociology,,,,,Undergraduate,Fall 2026,,,,Not Required,Not Required,Not Required,Not Required,"Requirements for the minor are met by taking seven Sociology courses (28 units) as specified below:

A. One of the following: SOCIOL 1, SOCIOL 2, or SOCIOL 3.

B. One of the following: SOCIOL 110, SOCIOL 120, SOCIOL 130, or SOCIOL 140.

C. Five additional SOCIOL courses, of which no more than two may be lower-division. [10]",Not Required,,True,False,False,False,False,False,,False,False,False,False,False,False,False,True,False,,,,School of Social Sciences,,,,,,,,,"Sociology studies patterns of relationships among people, how behavior is shaped by these patterns of relationships, and how conflicts and cooperation among groups affect social structure and effect social change. [9]",,"The official university website for the University of California, Irvine is uci.edu.",,"$20,868",$302.27/unit,FALSE,False,"Students can repeat a class if they receive a grade of C- or below. For the first 16 units of repeated courses, the new grade replaces the old one in the GPA calculation. [10]",4.0,2.0,,,,,,,,,,,,,,,,,,False,False,,,,,,,,,,,,,,,,,,,,,,,,64%,"Merit-based, financial need, or other eligibility criteria not tied to a specific school or major. [11]",FALSE,,,FALSE,FALSE,,,False
,Bachelor of Science in Software Engineering,,,,,Undergraduate,Fall 2026,,,,Optional,Optional,Not Required,Required,"For undergraduate admission, applicants must complete the University of California application, which includes responses to Personal Insight Questions and a section for activities and awards. Applicants must meet the 'A-G' subject requirements with a grade of C or better in each course. These requirements include specific years of study in history/social science, English, mathematics, science, a language other than English, visual and performing arts, and a college-preparatory elective. [4] For graduate admission, general requirements include a bachelor's degree from an accredited institution. Specific requirements for the statement of purpose, personal history statement, letters of recommendation, and standardized tests are determined by individual graduate programs.",Not Required,,True,True,True,False,False,False,,True,False,False,False,False,True,False,False,False,,,,Donald Bren School of Information and Computer Sciences,"The estimated cost of attendance for 2025-2026 is $43,690 for California residents and $81,292 for non-residents, which includes tuition, room, board, and fees. [42]",,,,,,,,"The Software Engineering major provides students with a strong foundation in all aspects of software development, from the initial conception of ideas, to envisioning those ideas in designs for new systems and features, to implementing those designs in modern technology stacks and frameworks, to ensuring the overall quality of the systems throughout. [4] The major is designed to prepare students to be productive members of software engineering teams in all kinds of application domains. [4] Graduates of the program can expect to work in industries ranging from startups to the largest technology corporations, in virtually any application domain, including healthcare, finance, entertainment, energy, technology platform providers, social media, virtual reality, education, internet search, and more. [4] A particular feature of the Software Engineering major is that it is hands-on: students continuously design and build new software, from the first courses in which they might be learning how to program to the final capstone in which they work with an outside organization for two quarters to create a substantial software system. [4] Courses in the major frequently embrace the newest trends and technologies, offering students an up-to-date education that prepares them not just for today's computing landscape, but also teaches them the skills necessary to quickly adopt ever-emerging new technologies. [4]",,"The official university website for the University of California, Irvine is uci.edu.",,"The average need-based financial aid award is $23,806 and the average merit-based award is $8,166. [42]",,FALSE,False,,4.0,3.0,,,,,,,,,,,,,,,,,,False,False,,,115.0,,,,6.5,,,,,80.0,,,,,,,,,,,,,"Grants, scholarships, loans, and work-study are available, awarded for academic achievement, financial need, community activities, and work experience. [30]",FALSE,,,FALSE,FALSE,,,False
,Bachelor of Arts in Spanish,,,,,Undergraduate,Fall 2026,,,,Not Required,Not Required,Not Required,Required,"Application requirements for first-year students at the University of California, Irvine include the completion of the 'A-G' subject courses with a GPA of 3.0 or higher for California residents (3.4 for non-residents). [6] Applicants must submit the University of California application, which includes responses to four out of eight personal insight questions. [4] An application fee is also required. [9] UCI does not consider SAT or ACT scores for admission purposes and does not accept letters of recommendation. [6, 9]",Not Required,,True,False,True,False,False,False,,True,False,False,False,False,True,True,False,False,,,,School of Humanities,,,,,,,,,"The academic mission of the Department of Latin American and Iberian Cultures at UCI  

is to broaden the intellectual and cultural horizon of our students by familiarizing  

them with the rich traditions and cultural diversity amassed by Spanish speaking  

communities. Students receive a well rounded education with special emphasis on  

understanding of cultural differences and the development of independent critical  

thinking. Our courses cover a wide range of subjects: from literature, linguistics and  

arts to film and popular culture. While the study of the Spanish language is central  

to the organization of our curriculum, our students also become aware of the  

importance of the indigenous cultures of Latin America, the significant contributions  

made by people of African descent to Latin America and the different traditions and  

languages that have shaped the history of modern Spain, such as Catalan.",,"The official university website for the University of California, Irvine is uci.edu.",,,,FALSE,False,,4.0,,,,,,,,,,,,,,,,,,,False,False,,,115.0,,,,6.5,,,,,80.0,,,,,,,,,,,,,,FALSE,,,FALSE,FALSE,,,False
,Minor in Spanish,,,,,Undergraduate,Fall 2026,,,,Not Required,Not Required,Not Required,Required,"Seven courses (28 units) are required for the minor. This includes completing either SPANISH 3 (US Latino Communities) or SPANISH 3H (Heritage Spanish: Latinidades en California), and six upper-division departmental Spanish courses, one of which may be taught in English (excluding SPANISH 150). [13, 17, 20] At least four of the upper-division courses required for the minor must be completed at UCI. [13, 17, 20] To declare the minor, students must contact the Undergraduate Studies Office in their home school. [14]",Not Required,,True,False,False,False,False,False,,True,False,False,False,False,True,True,False,False,,,,School of Humanities,"$13,602.00/Year",,,,,,,,"The Spanish minor provides the opportunity to develop language proficiency while expanding knowledge of Hispanic cultures, literature, and linguistics. Many Spanish minors combine their studies with fields such as political science (pre-law), pre-med, communications, psychology, and economics. [14, 15] The Department of Spanish and Portuguese offers a minor in Spanish and a minor in Spanish/English Bilingual Education. [14] The goal of the minor in Spanish/English Bilingual Education is to create a pathway to better prepare students who wish to become future bilingual teachers. [14]",,"The official university website for the University of California, Irvine is uci.edu.",,,$302.27/unit,FALSE,False,,4.0,2.0,,,,,,,,,,,,,,,,,,False,False,,,,,,,6.5,,,,,80.0,,,,,,,,,,,,,Merit-based and need-based,FALSE,,,FALSE,FALSE,,,False
,Minor in Statistics,,,,,Undergraduate,Fall 2026,,,,Not Required,Not Required,Not Required,Not Required,"The Minor in Statistics is for current UCI students. The process to declare the minor involves reviewing the course requirements and adding the minor to your DegreeWorks. [17] There are no specific application documents like a resume or statement of purpose required to declare the minor. The requirements are a set of seven courses, including a mathematics course, five core statistics courses, and one elective. [11, 16] Students are advised to meet with an academic counselor to plan their coursework. [11, 16]",Not Required,,True,False,False,False,False,False,,False,False,False,False,False,False,False,True,False,,,,Donald Bren School of Information and Computer Sciences,,,,,,,,,"TThe he m-inor i-n S-tatistics i-s d-esigned t-o p-rovide s-tudents w-ith e-xposure t-o b-oth s-tatistical t-heory a-nd p-ractice. T-he m-inor r-equires a t-otal o-f s-even c-ourses. T-hese i-nclude a m-athematics c-ourse, f-ive c-ore s-tatistics c-ourses, a-nd a-n e-lective t-hat m-ay b-e t-aken f-rom a-mong s-everal d-epartments. S-ome o-f t-he c-ourses u-sed t-o c-omplete t-he m-inor m-ay i-nclude p-rerequisites t-hat m-ay o-r m-ay n-ot b-e p-art o-f a s-tudent's c-ourse r-equirements f-or t-heir m-ajor. B-ecause o-f t-his, t-he m-inor i-s s-omewhat i-ntensive, b-ut i-t i-s a u-seful c-omplement t-o a v-ariety o-f u-ndergraduate f-ields f-or m-athematically i-nclined s-tudents. T-he m-inor, s-upplemented w-ith a f-ew a-dditional c-ourses (m-athematics a-nd c-omputing), w-ould p-rovide s-ufficient b-ackground f-or g-raduate s-tudy i-n s-tatistics.. [10]",,"The official university website for the University of California, Irvine is uci.edu.",,,$302.27/unit,FALSE,True,,4.0,2.0,,,,,,,,,,,,,,,,,,False,False,,,,,,,,,,,,,,,,,,,,,,,,72%,"merit, financial need, or other eligibility criteria",FALSE,,,FALSE,FALSE,,,False
,Bachelor of Arts in Urban Studies,,,,,Undergraduate,Fall 2026,,,,Not Required,Not Required,Not Required,Required,"To be considered for admission to UC Irvine as a freshman, applicants must complete the University of California application. This includes providing high school transcripts to input grades into the online application. UCI no longer considers SAT or ACT scores in the application review process. Applicants are required to answer four out of eight personal insight questions, with each response limited to 350 words. Letters of recommendation are not part of the UCI admissions process. [3, 9]",Not Required,,True,False,True,False,False,False,,True,False,False,False,False,True,False,False,False,,,,School of Social Ecology,,,,,,,,Geographic Information Systems (GIS) Specialization,"Urban Studies provides interdisciplinary training for students who want to foster sustainable and equitable communities. [9] The major integrates theories and analytical tools from the fields of urban planning and public policy to investigate the causes and consequences of city and regional challenges and to develop strategies to address them. [9] Undergraduate students who major in Urban Studies will become acquainted with the global challenges of urbanization and the analytical skills needed for addressing them. [10, 11] Students will acquire the background for entering graduate study in related fields, including urban planning, community and economic development, and transportation, to name only a few, or for seeking entry-level positions in fields that address urban problems, including urban planning, community development, transportation, and housing. [10, 11]",,"The official university website for the University of California, Irvine is uci.edu.",,,,FALSE,False,,4.0,2.8,,,,,,,,,,,,,,,,,,False,False,,,115.0,,,,6.5,,,,,80.0,,,,,,,,,,,,,"Merit-based, Need-based, Field-specific",FALSE,,,FALSE,FALSE,,,False
,Minor in Urban and Regional Planning,,,,,Undergraduate,Fall 2026,,,,Not Required,Not Required,Not Required,Required,"To declare the Minor in Urban and Regional Planning, a student must be a currently enrolled UCI undergraduate. The process involves contacting the academic advising office of the student's major to have the minor added to their DegreeWorks. The primary requirement is the completion of nine specified courses (36 units). For certification, a student must achieve a minimum overall GPA of 2.0 in all courses required for the minor, and no more than two of these courses may be taken on a Pass/Not Pass basis.",Not Required,,True,False,True,False,False,False,,True,False,False,False,False,True,False,False,False,,,,"School of Social Ecology. [7, 13]","$13,602/Year (for California residents, 2025-2026). [10]",,,,,,,,"The Urban and Regional Planning minor focuses on urban planning issues and offers opportunities to students to learn about the planning and development problems in our cities that we already face and those that we are likely to face in the next few decades. [8, 13] Students explore a number of ways to make our cities more equitable, inclusive, sustainable, and livable. [8, 13] Courses in the department provide important insights into the social, political, economic, historical, and cultural forces shaping urban areas. [8, 13] In addition, these courses offer students an excellent opportunity to prepare for graduate programs in related fields, including architecture, landscape architecture, urban and regional planning, public policy, law, business, public administration, public health, and social services. [8, 13] You can learn more about the design and development of urban areas including the planning and design of sustainable neighborhoods, urban environmental problems, inequities in access to urban amenities, housing affordability crisis and transportation, climate change. [8, 13] Students could draw their own conclusions on how to address different types of urban problems from a variety of themes and perspectives including those that involve class, gender, and race. [8, 13]",,"The official university website for the University of California, Irvine is uci.edu.",,,$302.27. [2],FALSE,False,,4.0,2,,,,,,,,,,,,,,,,,,False,False,,,115.0,,,,6.5,,,,,80.0,,,,,,,,,,,,,"Merit-based, financial need. [12, 23]",FALSE,,,FALSE,FALSE,,,False
