Id,ProgramName,ProgramCode,Status,CreatedDate,UpdatedDate,Level,Term,TermCode,LiveDate,DeadlineDate,Resume,StatementOfPurpose,GreOrGmat,EnglishScore,Requirements,WritingSample,CollegeId,IsAnalyticalNotRequired,IsAnalyticalOptional,IsDuoLingoRequired,IsELSRequired,IsGMATOrGreRequired,IsGMATRequired,IsGreRequired,IsIELTSRequired,IsLSATRequired,IsMATRequired,IsMCATRequired,IsPTERequired,IsTOEFLIBRequired,IsTOEFLPBTRequired,IsEnglishNotRequired,IsEnglishOptional,AcademicYear,AlternateProgram,ApplicationType,Department,Fees,Fees.1,IsAvailable,ProgramType,AdmissionDepartmentId,CreatedBy,UpdatedBy,Concentration,Description,OtherConcentrations,ProgramWebsiteURL,Accredidation,AverageScholarshipAmount,CostPerCredit,IsRecommendationSystemOpted,IsStemProgram,MaxFails,MaxGPA,MinGPA,PreviousYearAcceptanceRates,QsWorldRanking,TotalAccepetedApplications,TotalCredits,TotalDeniedApplications,TotalI20sIssued,TotalScholarshipsAwarded,TotalSubmittedApplications,TotalVisasSecured,UsNewsRanking,CollegeApplicationFee,IsCollegePaying,MEContractNegotiatedFee,MyGradAppFee,ProgramCategory,IsCollegeApplicationFree,IsCouponAllowed,IsACTRequired,IsSATRequired,SftpDestinationId,MinimumACTScore,MinimumDuoLingoScore,MinimumELSScore,MinimumGMATScore,MinimumGreScore,MinimumIELTSScore,MinimumMATScore,MinimumMCATScore,MinimumPTEScore,MinimumSATScore,MinimumTOEFLScore,MLModelName,MinimumAnalyticalScore,MinimumEnglishScore,MinimumExperience,MinimumSopRating,WeightAnalytical,WeightEnglish,WeightExperience,WeightGPA,WeightSop,ScholarshipAmount,ScholarshipPercentage,ScholarshipType,IsNewlyLaunched,BatchId,IsImported,IsImportVerified,Is_Recommendation_Sponser,AnalyticalScore,MinimumLSATScore,IsGRERequired
,Master of Arts in Anthropology,,,,,Graduate,Fall 2026,,,,,,,,,,,False,False,False,False,False,False,,False,False,False,False,False,False,False,False,False,,,,,,,,,,,,"['Archaeology', 'Biological Anthropology', 'Sociocultural Anthropology']","The University of Cincinnati offers a comprehensive Master of Arts degree in Anthropology, which includes preparation in archaeology, cultural anthropology, and biological anthropology. [2, 3] The Department of Anthropology has a strong tradition of graduate training at the Master's level with diverse opportunities for graduate student involvement in research in and near Cincinnati, and abroad. [2, 6] The MA is a professional program that provides graduate training in the concepts, research skills, and knowledge base of anthropology. [2] An MA degree provides preparation for application to a PhD program in Anthropology (not offered at UC). [2, 6] The PhD is required for a career in academic research and four-year college teaching, and for many nonacademic positions at the professional level. [2] The MA degree in anthropology may also be appropriate preparation for further study or careers in such fields as law, medicine, or business, where the student expects to work in a multicultural or international environment. [2, 6] Students who have completed their education at the MA level have found employment in cultural resource management (archaeology), museums, education, and related public service fields. [2, 3] The Master of Arts (M.A.) degree in Anthropology focuses on delivering advanced training and research opportunities in applied, interdisciplinary, archaeological, biological, and sociocultural anthropology. [4] Students choose to specialize in Archaeology, Biological Anthropology, or Sociocultural Anthropology. [4]",,https://www.uc.edu/,"The University of Cincinnati and all regional campuses are accredited by the Higher Learning Commission. [2, 10]",,,FALSE,False,,,,,,,,,,,,,,,,,,,,,False,False,,,,,,,,,,,,,,,,,,,,,,,,,,FALSE,,,FALSE,FALSE,,,
,Master of Arts in Applied Economics,,,,,Graduate,Fall 2026,,,,,,,REQUIRED,,,,False,False,True,False,False,False,,True,False,False,False,True,True,False,False,False,,,,Lindner College of Business,"$33,320/Year",,,,,,,,,,https://www.uc.edu/,,,,FALSE,False,,4.0,3.0,,,,,,,,,,,,,,,,,,False,False,,,110.0,,,,6.5,,,47.0,,80,,,,,,,,,,,,,"Merit-based scholarships, fellowships, and assistantships. [26, 22]",FALSE,,,FALSE,FALSE,,,
,Master of Arts in Classics,,,,,Graduate,Fall 2026,,,,Not Required,Required,Optional,REQUIRED,"An undergraduate major in Classics, Classical Studies, Greek or Latin, Ancient History, or Archaeology or its equivalent is necessary for admission. [2] The Classics Department will judge candidates partly on their competence in Classical Greek and Latin. [2] At least two year's study in both languages is ordinarily required for students applying to the masters programs intended to lead to the doctorate. [2] A completed application must include three letters of reference, official transcripts, and for international students, TOEFL scores. [2]",Required,,True,True,True,True,False,False,,True,False,False,False,True,True,False,False,False,,,,College of Arts and Sciences,,,,,,,,"['Greek and Latin language and literature', 'classical and pre-classical archaeology', 'Greek and Roman history']","Die Abteilung für Klassische Philologie bietet Studiengänge an, die zum Master of Arts in Classics führen, mit Möglichkeiten zur Spezialisierung in griechischer und lateinischer Sprache und Literatur, klassischer und vorklassischer Archäologie sowie griechischer und römischer Geschichte. Die einzelnen klassischen Disziplinen sind voneinander abhängig. Von den Studierenden wird daher erwartet, dass sie in jedem Hauptfach ein angemessenes Maß an Arbeit leisten. Das Kursangebot ist umfangreich. Normalerweise werden jedes Semester mindestens acht Kurse angeboten. Die Themen reichen vom bronzezeitlichen Griechenland bis zur späten römischen Geschichte, von Homer bis zur späteren lateinischen Literatur.",,https://www.uc.edu/,Die University of Cincinnati und alle regionalen Campus sind von der Higher Learning Commission akkreditiert. [15],,,FALSE,False,,4.0,,,,,,,,,,,,,,,,,,,False,False,,,110.0,,,,6.5,,,54.0,,80,,,,,,,,,,,,,"University Graduate Scholarship (UGS), Graduate Assistantships (GA)",FALSE,,,FALSE,FALSE,,,
,Master of Arts in Communication,,,,,Graduate,Fall 2026,,,,,,Not Required,REQUIRED,,,,True,False,True,True,False,False,,True,False,False,False,True,True,False,False,False,,,,College of Arts and Sciences,,,,,,,,,,,https://www.uc.edu/,,,,FALSE,False,,4.0,3,,,,,,,,,,,,,,,,,,False,False,,,105.0,112.0,,,6.5,,,47.0,,80,,,,,,,,,,,,,,FALSE,,,FALSE,FALSE,,,
,Master of Arts in English and Comparative Literature,,,,,Graduate,Fall 2026,,,,,,Not Required,REQUIRED,,,,False,False,True,True,False,False,,True,False,False,False,True,True,False,False,False,,,,,,,,,,,,,,,https://www.uc.edu/,,,,FALSE,False,,,,,,,,,,,,,,,,,,,,,False,False,,,105.0,112.0,,,6.5,,,,,,,,,,,,,,,,,,,FALSE,,,FALSE,FALSE,,,
,Master of Arts in French,,,,,Graduate,Fall 2026,,,,Required,Required,Not Required,REQUIRED,"Admission requirements for the Master of Arts in French at the University of Cincinnati include a bachelor's degree (preferably in French or literature), a minimum GPA of 3.0, three letters of recommendation (preferably from recent language or literature professors), official transcripts from all colleges and universities attended, a 500-word statement of purpose (preferably in French), and a writing sample in French. [4] For non-native English speakers, TOEFL scores are required. [4]",Required,,True,False,True,False,False,False,,True,False,False,False,True,True,True,False,False,,,,College of Arts and Sciences,,,,,,,,,"Please note: We are NOT accepting applications for the Masters of French program for the 2025-2026 or 2026-2027 academic years. 

OurMaster of Arts in French isdesigned for students with expansive and interdisciplinary academic interests, who would like to complement their work in French with coursework in other departments as part of a coherent academic plan. Our MA students pursue non-traditional outcomes reflecting the methodologies and scholarly expertise of our core faculty. Particular departmental strengths lie in Translation Studies; Francophone Studies and French as a Global Language; Cultural History of the Francophone World; Textual Studies, Book History and Digital Humanities; Gender Studies; Pedagogy and Second Language Acquisition. MA projects therefore lead to such outcomes as a translation, a publishable academic research article, the creation of a digital edition or archive, a public humanities project, an online dictionary, or a bank of teaching resources. Students are strongly encouraged to complete a Graduate Certificate in conjunction with their French MA, as part of their interdisciplinary work. Popular certificates include Textual and Digital Studies (housed in French and Italian Studies), Secondary and Foreign Language Teaching; Cinema and Media Studies; Public Humanities; Feminist Studies; and Sexuality and Queer Studies. Almost all of our MA students support themselves with a Teaching Assistantship, through which they gain valuable experience teaching language courses under close supervision of our Second Language Acquisition faculty. Classified as Academic Student Employees, our teaching assistants enjoy generous benefits, union representation, and a tuition waiver. Incoming MA students are also automatically considered for a one-time Top Scholar Research Assistant award, payable over one year. In their second year, they are eligible for a Taft Graduate Enhancement Fellowship, to support their project work.",,https://www.uc.edu/,,,,FALSE,False,,,3.0,,,,,,,,,,,,,,,,,,False,False,,,110.0,,,,6.5,,,47.0,,"80 (iBT), 550 (PBT)",,,,,,,,,,,,,Teaching Assistantships,FALSE,,,FALSE,FALSE,,,
,Master of Arts in German Studies,,,,,Graduate,Fall 2026,,,,,,Not Required,REQUIRED,,,,False,False,True,False,False,False,,True,False,False,False,True,True,False,False,False,,,,College of Arts and Sciences,"{'in-state': '$14,902/Year', 'out-of-state': '$26,674/Year'}","{'in-state': '$14,902/Year', 'out-of-state': '$26,674/Year'}",,,,,,,"The graduate program in German Studies at the University of Cincinnati enjoys a national and international reputation. The faculty members are active scholars and innovative, dedicated teachers. The course offerings of the department span the entire spectrum of German literature with an emphasis on 20th and 21st-century literary culture and film. [4] The program is strongly student-oriented, providing both theoretical and practical experience in the teaching of German language, literature, and culture. [4] German is an interdisciplinary program that focuses on the language, culture, history, politics and literature of Germany and other German-speaking countries, as well as their influence on other cultures in Europe and beyond. [2] The Department of German Studies at UC specializes in contemporary Germany, which boasts one of the world's most powerful economies and holds a central leadership role within the European Union. [2]",,https://www.uc.edu/,"The University of Cincinnati and all regional campuses are accredited by the Higher Learning Commission. [4, 12]",,"{'in-state': '$746/Credit Hour', 'out-of-state': '$1,408/Credit Hour'}",FALSE,False,,4.0,3.0,,,,,,,,,,,,,,,,,,False,False,,,110.0,,,,6.5,,,54.0,,80,,,,,,,,,,,,,"Teaching assistantships, graduate fellowships, tuition remission.",FALSE,,,FALSE,FALSE,,,
,Master of Arts in History,,,,,Graduate,Fall 2026,,,,Required,Required,Not Required,REQUIRED,"Required application materials: academic transcripts, CV, statement of purpose, writing sample, and (for international students, as relevant) English proficiency scores. [8] Applicants to the MA program must have a Bachelor's degree before matriculating. [8] The degrees are typically in History although they are sometimes in 'sister' disciplines like art history, political science, sociology, literature, or law. [8]",Required,,True,False,True,False,False,False,,True,False,False,False,True,True,False,False,False,,,,College of Arts and Sciences,,,,,,,,,,,https://www.uc.edu/,,,,FALSE,False,,,3.0,,,,,,,,,,,,,,,,,,False,False,,,110.0,,,,6.5,,,59.0,,79,,,,,,,,,,,,,Merit-based,FALSE,,,FALSE,FALSE,,,
,Master of Arts in Human Resources,,,,,Graduate,Fall 2026,,,,Required,Required,,,"Applicants are required to submit an online application, a resume, a personal statement addressing their career goals and qualifications, unofficial transcripts from all institutions attended, and one letter of recommendation. International applicants may need to provide proof of English proficiency.",Not Required,,False,True,False,False,False,False,,False,False,False,False,False,False,False,False,False,,,,,,,,,,,,"The program does not have formal concentrations, but students can specialize by adding a graduate certificate in fields such as information systems, data analytics or AI in business. [12]","Ranked No. 7 in the nation by Fortune Online, the Master of Science (MS) in Human Resources degree program at the University of Cincinnati's Lindner College of Business prepares students at any professional level to advance in careers in HR through hands-on projects and flexible course schedules. [12] A comprehensive curriculum equips HR professionals to tackle increasingly complex challenges in managing human resources functions such as compensation, benefits, innovation and business development. This practical approach includes a research capstone, foundational business courses, core courses and optional electives. The master's program requirements ensure that whether you are new to the HR field or have years of experience, you gain valuable insights through faculty guidance and the latest research. [12]",,https://www.uc.edu/,The Lindner College of Business is accredited by the Association to Advance Collegiate Schools of Business (AACSB). [2],,,FALSE,False,,,,,,,,,,,,,,,,,,,,,False,False,,,,,,,,,,,,,,,,,,,,,,,,,,FALSE,,,FALSE,FALSE,,,
,Master of Arts in Political Science,,,,,Graduate,Fall 2026,,,,,,GRE,REQUIRED,,,,False,False,True,False,True,False,,True,False,False,False,True,True,False,False,False,,,,,,,,,,,,"['American Government and Politics', 'Comparative Politics', 'International Relations', 'Public Policy', 'Security Studies']","The Master of Arts program focuses on the core scholarly Areas of Political Science. Courses in the MA program serve as foundation for work in doctoral program or as preparation for careers in government, nonprofit organizations, or related work in the private sector. Students specialize in one of the five concentration areas.",,https://www.uc.edu/,,,,FALSE,False,,,,,,,,,,,,,,,,,,,,,False,False,,,110.0,,,,6.5,,,54.0,,80,,,,,,,,,,,,,,FALSE,,,FALSE,FALSE,,,
,Master of Arts in Professional Writing,,,,,Graduate,Fall 2026,,,,Required,Required,Not Required,REQUIRED,"All applications are given careful and individual review. Applicants must have a Bachelor's degree from an accredited university or college with a minimum undergraduate GPA of 3.5. Required materials for the online application include a Letter of Intent stating academic goals and professional objective, a Curriculum Vitae, and two letters of recommendation. [10]",Required,,False,False,True,False,False,False,,True,False,False,False,True,True,False,False,False,,,,College of Arts and Sciences,,,,,,,,,"Careers are changing, and the master of arts in professional writing program has a curriculum that evolves with the times. Students write and edit promotional material, grant proposals and reports. They create digital and social media, interact with various specializations and research methods, and develop competencies in appropriate software. The curriculum emphasizes the theory and practice of communication processes bridging disciplines and industries. An innovative approach to service-learning in the classes stresses students’ roles as professional consultants and collaborative team members. The internship requirement affords students the chance to put classroom work into practice. Individualized attention to students’ interests and changes in related fields ensures students’ success in a variety of careers.",,https://www.uc.edu/,The University of Cincinnati and all regional campuses are accredited by the Higher Learning Commission. [1],,,FALSE,False,,4.0,3.0,,,,,,,,,,,,,,,,,,False,False,,,110.0,,,,6.5,,,54.0,,80,,,,,,,,,,,,,,FALSE,,,FALSE,FALSE,,,
,Master of Arts in Sociology,,,,,Graduate,Fall 2026,,,,Required,Required,Not Required,REQUIRED,"Unofficial or official transcripts from all undergraduate work and from M.A. or M.S. degree program(s); Resume or curriculum vitae; A statement of purpose explaining why you wish to pursue graduate education in sociology, specifically addressing how your interests fit with those of department faculty; A sample of your best academic writing; Three letters of recommendation; Evidence of English language proficiency (TOEFL, IELTS, PTE, Duolingo) for all applicants who were educated in a country where the official national language is not English.",Required,,True,False,True,True,False,False,,True,False,False,False,True,True,False,False,False,,,,College of Arts and Sciences,,,,,,,,,,,https://www.uc.edu/,,,,FALSE,False,,,,,,,,,,,,,,,,,,,,,False,False,,,110.0,112.0,,,6.5,,,54.0,,80,,,,,,,,,,,,,The department does not offer any scholarship funding for the Master's program.,FALSE,,,FALSE,FALSE,,,
,Master of Arts in Spanish,,,,,Graduate,Fall 2026,,,,,,Not Required,REQUIRED,,,,False,True,True,True,False,False,,True,False,False,False,True,True,False,False,False,,,,College of Arts and Sciences,,,,,,,,"At the MA level, we offer tracks in Literature (Spanish), Creative Writing (Spanish), Pedagogy (French and Spanish).","The Department of Romance and Arabic Languages and Literatures offers an MA in Spanish. At the MA level, we offer tracks in Literature (Spanish), Creative Writing (Spanish), and Pedagogy (French and Spanish). The department is committed to fostering interdisciplinary and cross-cultural exchanges and conversations on current European, Francophone and Latin American issues. We offer classes toward the A&S Interdisciplinary Graduate Certificate in Translation and Translation Studies. Every year we organize the Cincinnati Conference on Romance and Arabic Languages and Literatures, the oldest graduate student conference in the United States. Our department also publishes the Cincinnati Romance Review.",,https://www.uc.edu/,,,,FALSE,False,,4.0,3.0,,,,,,,,,,,,,,,,,,False,False,,,110.0,112.0,,,6.5,,,54.0,,80,,,,,,,,,,,,,Teaching Assistantship,FALSE,,,FALSE,FALSE,,,
,"Master of Arts in Women's, Gender, and Sexuality Studies",,,,,Graduate,Fall 2026,,,,Not Required,Required,Optional,REQUIRED,"Your application should include the following information: a personal essay (approx. 1-2 double-spaced pages), in which you demonstrate your personal and intellectual commitment to women's, gender, and sexuality studies, your potential to succeed in a research-oriented graduate program, and your professional goals consistent with advanced work in the field; three letters of recommendation from individuals who can address your work in women's, gender, and sexuality studies and/or your research-oriented work; and a writing sample. In most cases, this will be an essay or research paper about women, gender, and/or sexuality-related issues written for a prior college course. Applicants returning to university after a period of absence should confer with the Graduate Director about the possibility of submitting another type of writing sample, such as a grant proposal, a professional report, or a portfolio of journalistic or creative work. [9]",Required,,True,False,False,False,False,False,,True,True,False,True,False,True,False,False,False,,,,College of Arts and Sciences,,,,,,,,"['Sexuality Studies', 'Transnational Feminisms']","The MA program in Women's, Gender, and Sexuality Studies (WGSS), one of the oldest programs of its kind in the country, provides intensive academic training in feminist theory, women's and gender issues, and sexuality studies. [2] The MA core curriculum focuses on foundational, intersectional, and transnational feminist theories. [2] Students may also choose from a range of electives in areas such as literature, geography, history, sociology, politics, and art, as well as legal, development, cross-cultural and sexuality studies. [2] We also offer a joint MA/JD degree program with UC's Law School, a program which is part of the Law School's Nathaniel R. Jones Center for Race, Gender, and Social Justice. [2] Both the MA and MA/JD programs culminate in an original research or creative project supervised by a faculty committee. [2]",,https://www.uc.edu/,,,,FALSE,False,,,,,,,,,,,,,,,,,,,,,False,False,,,110.0,,,,6.5,,,,,79,,,,,,,,,,,,,Graduate Assistantship,FALSE,,,FALSE,FALSE,,,
,Master of Business Administration in Master of Business Administration,,,,,Graduate,Fall 2026,,,,Required,Required,Optional,REQUIRED,"Application requirements include a resume (no more than two pages), one essay, and unofficial transcripts from each institution attended. One letter of recommendation is also required and must be received for the application to be reviewed. [2, 4] We recommend two years of work experience by the time you enter the MBA program. [4] The GMAT and GRE are currently optional. [2, 4] International applicants must have a U.S. bachelor's degree from a regionally accredited institution or an international equivalent. [4]",Not Required,,True,True,True,True,False,False,,True,False,False,False,True,True,False,False,False,,,,Carl H. Lindner College of Business,,,,,,,,"['Health Care Administration', 'Health Care Finance', 'Health Care Operations', 'Health Care Policy & Regulation', 'Marketing', 'Digital Marketing', 'Data Analytics', 'Corporate Taxation', 'Individual Taxation', 'Investment Management', 'Entrepreneurship', 'International Business']","The University of Cincinnati Lindner College of Business' online MBA program is a unique and comprehensive program that blends academic, research-intensive learning with real-world experiences that prepare you with the skills necessary to tackle today's business challenges. In the Lindner MBA, you'll gain strategic leadership and decision-making skills as well as core skills in accounting, economics, finance, leadership, operations management, business analytics, information technology, and marketing. The full-time Master of Business Administration (MBA) degree program at the University of Cincinnati Carl H. Lindner College of Business is tailored for driven early-career or seasoned professionals seeking career growth or a transition. It offers an accelerated, one-year degree in business domains while ensuring flexibility to align with goals and life commitments. Students in the full-time MBA program immerse themselves in a blend of intensive coursework, global exposure, innovative specializations and robust career support. [3, 8]",,https://www.uc.edu/,"The Carl H. Lindner College of Business is accredited by the Association to Advance Collegiate Schools of Business (AACSB). [8, 10]",,,FALSE,False,,4.0,,,,,,,,,,,,,,,,,,,False,False,,,110.0,112.0,,,6.5,,,54.0,,90,,,,,,,,,,,"Scholarships are available, with some awards valued at $7,000, $17,500, and $26,250. [11] Other scholarships of up to $24,000 are also mentioned. [14]",,"Merit-based scholarships, Graduate Incentive Award (GIA), and Graduate Assistance Scholarship (GAS). [12, 14]",FALSE,,,FALSE,FALSE,,,
,Master of Community Planning,,,,,Graduate,Fall 2026,,,,Required,Required,Not Required,REQUIRED,"The application for the Master of Community Planning program requires: UC Graduate Admissions Application, Two letters of recommendation (3 preferred), Professional résumé, Unofficial Transcripts (to be uploaded with online application). Upon acceptance to the program, official transcripts, stating an undergraduate degree was conferred, must be submitted to complete the enrollment process. For International Students: Official transcript evaluations from a NACES member organization are required. [2]",Optional,,True,False,True,True,False,False,,True,False,False,False,False,True,False,False,False,,,,"College of Design, Architecture, Art, and Planning","$14,902/Year (in-state) or $26,674/Year (out-of-state) for graduate students.","$14,902/Year (in-state) or $26,674/Year (out-of-state) for graduate students.",,,,,,,"The Master of Community Planning (MCP) program is dedicated to developing innovative approaches to managing cities and planning their development. The constructive management of change is at the heart of this program. [3] Planners often work in local governments and communities, but their concerns are issues that affect the world - land use, social policy, historic preservation, transportation, housing, economic development, policy planning, environmental protection, urban design and international development. [2] Planners are visionaries working for a better future through improvements in the quality of life in one or more of these areas. [2]",,https://www.uc.edu/,"The Master of Community Planning program is fully accredited by the Planning Accreditation Board, an organization formed jointly with the American Institute of Certified Planners and the Association of Collegiate Schools of Planning. [2] The accreditation is valid through December 31, 2028. [4]",,"$662 for Ohio residents and $1,408 for out-of-state students.",FALSE,True,,4.0,,,,,,,,,,,,,,,,,,,False,False,,,110.0,112.0,,,6.5,,,,,87,,,,,,,,,,,,,Merit-based,FALSE,,,FALSE,FALSE,,,
,Master of Design,,,,,Graduate,Fall 2026,,,,Required,Required,Not Required,REQUIRED,"A bachelor's degree in design or a related discipline from an accredited institution is required. A minimum undergraduate GPA of 3.0 on a 4.0 scale is expected. Applicants must submit unofficial transcript(s) from all colleges/universities attended, a resume or curriculum vitae (CV), a portfolio of 12-15 works, a statement of intent, and three letters of recommendation. [5]",Not Required,,True,False,True,True,False,False,,True,False,False,False,True,True,False,False,False,,,,"Ullman School of Design, College of Design, Architecture, Art, and Planning (DAAP)",,,,,,,,,,,https://www.uc.edu/,,,,FALSE,True,,4.0,3,,,,,,,,,,,,,,,,,,False,False,,,110.0,112.0,,,6.5,,,54.0,,80,,,,,,,,,,,,,University-funded scholarships and assistantships [10],FALSE,,,FALSE,FALSE,,,
,Master of Education in Curriculum and Instruction,,,,,Graduate,Fall 2026,,,,Required,Required,Not Required,REQUIRED,"A complete application to the Master of Education in Curriculum and Instruction requires a baccalaureate degree from an accredited college or university with a minimum cumulative GPA of 3.0. [2, 9] Applicants who already hold a Master's degree must have an average of at least 3.0 in their graduate work. [2, 9] A statement of academic and professional goals, a résumé, and at least two letters of recommendation are also required. [2] Official transcripts of all undergraduate and graduate work must be submitted. [2]",Not Required,,True,False,True,True,False,False,,True,False,False,False,True,True,True,False,False,,,,"College of Education, Criminal Justice, and Human Services",,,,,,,,"['Gifted Education', 'STEM and Sustainability Education', 'Teaching and Learning: General Studies', 'Secondary Education']","The Master of Education in Curriculum and Instruction (C&I) program at the University of Cincinnati is designed for educational leaders to advance in various settings by generating, using, and critically analyzing research in teaching and learning to improve educational practices. [3] The program equips students with the skills to lead and manage change in the evolving field of education. [4] It is intended for practicing teachers and other professionals interested in the planning, development, implementation, and evaluation of instructional programs in both school and non-school environments. [4] The mission is to develop educational leaders who can enhance educational practices for learners across all ages in formal and informal settings. The online program is 100% online and is a multidisciplinary, nationally-ranked program. [4]",,https://www.uc.edu/,The program is accredited by the Council for the Accreditation of Educator Preparation (CAEP).,,,FALSE,False,,,,,,,,,,,,,,,,,,,,,False,False,,,110.0,112.0,,,6.5,,,47.0,,,,,,,,,,,,,,,"Merit-based, Need-based",FALSE,,,FALSE,FALSE,,,
,Master of Education in Educational Leadership,,,,,Graduate,Fall 2026,,,,Not Required,Required,Not Required,REQUIRED,"Candidates who wish to apply to the EDLD Master's program must meet the following requirements: A Baccalaureate degree from an accredited college or university. The applicant must have a minimum cumulative grade point average of 3.0 at the undergraduate level. An applicant who possesses a Master's Degree or has undertaken any graduate level work before applying must have an average of at least 3.0 in their graduate work. All applicants must submit three letters of recommendation; one of the three letters must be from an immediate supervisor that can address the applicant's formal teaching evaluations. A goal statement indicating career goals and area of concentration of interest is also required. Some concentrations may require a current, valid professional teaching license. [3, 4]",Not Required,,True,False,True,False,False,False,,True,False,False,False,True,True,False,False,False,,,,,,,,,,,,"['Principal Leadership', 'Special Education Leadership', 'General Administration & Policy']","The Master of Educational Leadership online program at the University of Cincinnatiwillprovideyouwith real-world skills and knowledge to help you on your path to pursue an educational administrative or leadership role. This program prepares licensed educators to become strong leaders within educational organizations. Concentrations for this program include Principal Leadership, Special Education Leadership, and General Administration & Policy. The online Master of Education in Educational Leadership program is committed to serving the needs of schools throughout Ohio and the nation. Our program is ideal for licensed educators looking to further develop their knowledge and skills to enhance learning and to expand their earning potential through higher-level academic administration or leadership education roles.",,https://www.uc.edu/,,,,FALSE,False,,,,,,,,,,,,,,,,,,,,,False,False,,,110.0,,,,6.5,,,54.0,,80,,,,,,,,,,,,,,FALSE,,,FALSE,FALSE,,,
,Master of Education in Literacy and Second Language Studies,,,,,Graduate,Fall 2026,,,,Required,Required,Optional,REQUIRED,"Admission into the University of Cincinnati's Master of Education in Literacy and Second Language Studies online program is selective and is based on meeting the requirements outlined. Applicants must possess a Baccalaureate degree from an accredited college or university and have a minimum cumulative grade point average of 3.0 on a 4.0 scale. [1, 2, 3] Admission materials include two letters of recommendation, a goal statement, a resume or CV, and unofficial transcripts. [1] For students applying to the PreK-16 Literacy Learning Instruction concentration, it is highly recommended to have at least 2 years of teaching experience. [1, 2]",Not Required,,False,True,True,False,False,False,,True,False,False,False,True,True,True,False,False,,,,"College of Education, Criminal Justice, and Human Services","Full Time Total Tuition Cost per Semester (Resident): $7,451.00, Full Time Total Tuition Cost per Semester (Non-Resident): $7,601.00. [22]","Full Time Total Tuition Cost per Semester (Resident): $7,451.00, Full Time Total Tuition Cost per Semester (Non-Resident): $7,601.00. [22]",,,,,,"['PreK-16 Literacy and Learning Instruction', 'PreK-12 Teaching English to Speakers of Other Languages (TESOL) Focus', 'International/ Adult Teaching English as a Second Language (TESL) Focus', 'Postsecondary Literacy Instruction']","The University of Cincinnati's Master of Education in Literacy and Second Language Studies is fully online and focuses on reading, writing, and speaking as language processes. [1] A M.Ed LSLS degree will train you in the strategies needed to devise the tailored curriculum, interventions, and assessments for your students. [1] Our program takes students on a journey to broaden and deepen their understanding of the social, cultural, linguistic and institutional factors that contribute to a learner's ability to use reading, writing, and speaking in their first or second language. [1] Our program is practitioner-based and students are paired with a faculty mentor throughout their program tenure. [1] The M.Ed program and Endorsement Graduate Certificates in Literacy and Second Language Studies importantly offers students flexibility in selecting the disciplinary concentration that applies most directly to his/her individual educational and professional goals. [1]",,https://www.uc.edu/,"The PreK-12 Reading Instruction and TESOL Graduate Endorsements are Council for the Accreditation of Educator Preparation (CAEP) accredited. [1] The University of Cincinnati and all regional campuses are accredited by the Higher Learning Commission. [4, 10]",,"Ohio residents: $746 per credit hour, Non-residents: $761 per credit hour. [27]",FALSE,False,,4.0,3,,,,,,,,,,,,,,,,,,False,False,,,110.0,,,,6.5,,,47.0,,80,,,,,,,,,,,"Up to $4,000 per year. [28]",30% off instructional fees. [26],"Graduate Incentive Award, TEACH Grant. [26, 28]",FALSE,,,FALSE,FALSE,,,
,Master of Education in Special Education,,,,,Graduate,Fall 2026,,,,,,Optional,REQUIRED,,,,True,False,True,True,False,False,,True,False,False,False,True,True,False,False,False,,,,,,,,,,,,,"Information regarding a comprehensive description of the program, its objectives, and what students will learn for the Master of Education in Special Education was not found on the official University of Cincinnati website.",,https://www.uc.edu/,,,,FALSE,False,,4.0,,,,,,,,,,,,,,,,,,,False,False,,,110.0,112.0,,,6.5,,,54.0,,80,,,,,,,,,,,,,,FALSE,,,FALSE,FALSE,,,
,Master of Engineering in Aerospace Engineering,,,,,Graduate,Fall 2026,,,,Not Required,Required,Optional,REQUIRED,"The admission requirements for the Master of Engineering in Aerospace Engineering include a minimum GPA of 3.0 or equivalent, official transcript(s) and degree certificates, a Statement of Purpose, and two letters of recommendation. [2] For international students, an English Proficiency Test is required, with a minimum TOEFL score of 92 or an IELTS score of 6.5. [2] The GRE is required for all international students; however, it is waived for students who have earned a degree from an ABET-accredited university in the USA with a GPA of 3.0 or higher. [2]",Not Required,,False,False,True,False,False,False,,True,False,False,False,True,True,True,False,False,,,,College of Engineering and Applied Science,,,,,,,,"['Autonomous and Intelligent Systems', 'Hypersonics', 'Multi-Functional and Extreme Environment Materials', 'Optical, Remote, and Quantum Sensing', 'Reacting Flows and Propulsion', 'Space Domain Awareness', 'Space Flight and Operations (both Human and Robotic)']","The self-funded non-thesis aerospace engineering degree program is designed for students seeking an applied engineering career, focusing solely on coursework. Students have the flexibility to specialize in one or more areas, such as Autonomous and Intelligent Systems, Hypersonics, Multi-Functional and Extreme Environment Materials, Optical, Remote, and Quantum Sensing, Reacting Flows and Propulsion, Space Domain Awareness, and Space Flight and Operations (both Human and Robotic).",,https://www.uc.edu/,,,"$1,590 per credit for the 2024-2025 academic year. [7]",FALSE,True,,4.0,3,,,,,,,,,,,,,,,,,,False,False,,,110.0,,,,6.5,,,47.0,,80,,,,,,,,,,,,~50% - ~90% of the tuition costs. [36],"Merit-based, Graduate Incentive Scholarship. [36]",FALSE,,,FALSE,FALSE,,,
,Master of Engineering in Artificial Intelligence,,,,,Graduate,Fall 2026,,,,,,Optional,REQUIRED,"A bachelor's in engineering/engineering tech/computer science (or closely related), 3.0+ GPA; international applicants submit English proficiency scores. GRE scores are required only if a student has a below 3.0 GPA; if the student's bachelor's degree is not in engineering or computer science; or if the student's degree was earned outside of the United States. [2]",Not Required,,False,False,True,False,True,False,,True,False,False,False,True,True,False,False,False,,,,,"$27,902/Year","$27,902",,,,,,,"The Master of Engineering (MEng) in Artificial Intelligence program is designed for practitioners who want to build and deploy real AI systems. It is a practice-oriented, 30-credit, non-thesis curriculum that can be completed in 12 months. The program combines advanced coursework with a hands-on capstone project aligned to various sectors such as consumer goods, retail, banking/insurance, healthcare, aerospace, and advanced manufacturing. [3] Students will learn about production-grade machine learning, deployment, deep learning, generative AI, intelligent/decision systems, information retrieval, and building responsible AI. [3] The program focuses on enhancing a student's ability to contribute to the technical workforce, and unlike a traditional Master of Science degree, it does not culminate in a research thesis. [2] The curriculum is designed for engineers and computer scientists aiming to upskill quickly for impact roles across industries. [3]",,https://www.uc.edu/,The University of Cincinnati and all regional campuses are accredited by the Higher Learning Commission. [3],,1200,FALSE,True,,4.0,3,,,,,,,,,,,,,,,,,,False,False,,,110.0,,,"Required only if GPA is below 3.0, degree is not in engineering/computer science, or degree is from outside the U.S.",6.5,,,47.0,,80,,,,,,,,,,,,,,FALSE,,,FALSE,FALSE,,,
,Master of Engineering in Biomedical Engineering,,,,,Graduate,Fall 2026,,,,,,Optional,REQUIRED,,,,True,False,False,False,False,False,,True,False,False,False,True,True,False,False,False,,,,College of Engineering and Applied Science,,,,,,,,,,,https://www.uc.edu/,,,,FALSE,False,,4.0,3.0,,,,,,,,,,,,,,,,,,False,False,,,110.0,,,,6.5,,,54.0,,80,,,,,,,,,,,,,"The College of Engineering and Applied Science offers academic scholarships, including the University Graduate Scholarship and Grad Incentive Scholarship.",FALSE,,,FALSE,FALSE,,,
,Master of Engineering in Civil Engineering,,,,,Graduate,Fall 2026,,,,Not Required,Required,Optional,REQUIRED,"Applicants must hold a BS degree from an ABET accredited program (or equivalent) with a GPA minimum 3.0 or equivalent. Applicants without a degree in civil engineering may be accepted if they have completed prerequisite coursework including Calculus I & II, Linear Algebra, Differential Equations, Physics I, Statics, Mechanics of Materials, Theory of Structures, and Soil Mechanics. [2] International students must provide an English Proficiency Test score (TOEFL minimum 92 or IELTS minimum 6.5). [5]",Not Required,,False,True,True,False,False,False,,True,False,False,False,True,True,True,False,False,,,,,,,,,,,,,,,https://www.uc.edu/,,,,FALSE,True,,,,,,,,,,,,,,,,,,,,,False,False,,,110.0,,,,6.5,,,53.0,,80,,,,,,,,,,,,,,FALSE,,,FALSE,FALSE,,,
,Master of Engineering in Computer Science,,,,,Graduate,Fall 2026,,,,Required,Required,GRE,REQUIRED,"General application requirements include an online application form, a non-refundable application fee, a resume/CV, a statement of purpose, and college transcripts. Two letters of recommendation are required. For international students, English proficiency test scores (TOEFL or IELTS) are also necessary. [1] A minimum GPA of 3.0 on a 4.0 scale is required. GRE scores are required for all international students, unless they have earned a degree from an ABET-accredited university in the USA with a GPA of 3.0 or higher.",Not Required,,False,True,True,False,True,False,,True,False,False,False,True,True,False,False,False,,,,,,,,,,,,,,,https://www.uc.edu/,,,,FALSE,False,,,,,,,,,,,,,,,,,,,,,False,False,,,110.0,,,,6.5,,,54.0,,92,,,,,,,,,,,,,,FALSE,,,FALSE,FALSE,,,
,Master of Engineering in Electrical Engineering,,,,,Graduate,Fall 2026,,,,Required,Required,GRE,REQUIRED,"Admission into the University of Cincinnati's Master of Engineering in Electrical Engineering Studies online program is selective and based on meeting the requirements outlined below. Applicants must possess an engineering bachelors' degree from a regionally and ABET accredited college/university. A bachelor's degree preferably in the area of Electrical/Mechanical/Robotics Engineering. Applicants with a background in the following areas may also be considered: Similar Engineering Disciplines, Physical Science. An overall minimum undergraduate GPA of 3.0 on a 4.0 scale is recommended. GRE scores are required to be submitted if: Applicant's bachelor's degree is from a non-ABET accredited program, or the applicant's bachelor's GPA is below a 3.0 on a 4.0 scale. International students are required to provide specific information about their transcripts and requirements for applicants whose native language is not English. Transcripts must have an evaluation completed from a member of the National Association of Credential Evaluation Services (NACES). GRE scores are required for international students. English Proficiency Test: TOEFL (minimum 92) or IELTS (minimum 6.5). One Letter of Recommendation is also required. [1]",Not Required,,False,True,True,True,True,False,,True,False,False,False,True,True,False,False,False,,,,,,,,,,,,,"The Master of Engineering (MEng) program in Electrical Engineering provides a graduate degree that focuses on the practice of engineering in order to better serve working professionals. Rather than culminate in a research experience and a thesis, the Master of Engineering curriculum an provides an individual with skills and expertise that enhance the individual's ability to contribute to the technical workforce. The difference between the traditional Master of Science degree and the MEng degree is not on the rigor of the coursework or a lack of competencies, but rather on the focus of the curriculum. The program provides advanced training to students interested in expanding their knowledge and expertise. Depending on a student's interest, the degree could add significant depth to an individual's understanding of the practice of engineering or the program could be constructed to focus on greater inter-disciplinary breadth if that is the educational objective of the student. In today's competitive technology environment, industries need to have highly skilled practicing engineers who are flexible in their professional capabilities. The MEng program is a practice oriented, focused degree and caters to this need.",,https://www.uc.edu/,"The University of Cincinnati and all regional campuses are accredited by the Higher Learning Commission. [3, 9] The College of Engineering and Applied Science (CEAS) programs are accredited by ABET. [9]",,,FALSE,True,,,,,,,,,,,,,,,,,,,,,False,False,,,110.0,112.0,,,6.5,,,54.0,,92,,,,,,,,,,,,,,FALSE,,,FALSE,FALSE,,,
,Master of Engineering in Environmental Engineering,,,,,Graduate,Fall 2026,,,,Not Required,Required,,,"Admission Requirements for the Master of Engineering in Environmental Engineering include: GRE (can be waived if appropriae undergrad degree from ABET accredited institution and GPA above 3.0), Transcript(s) & Degree Certificate(s), a GPA minimum of 3.0 or equilivant, a Personal Statement, and Two Letters of Recommendation. [3]",Not Required,,False,True,,,,,,,,,,,,,,,,,,,,,,,,,,,"The Master of Engineering (MEng) program in Environmental Engineering provides a graduate degree that focuses on the practice of engineering in order to better serve working professionals. [2, 3] Depending on a student's interest, the degree could add significant depth to an individual's understanding of the practice of engineering or the program could be constructed to focus on greater inter-disciplinary breadth if that is the educational objective of the student. [2] The MEng program is a practice oriented, focused degree and caters to this need. [2] Rather than culminate in a research experience and a thesis, the Master of Engineering curriculum provides skills and expertise that enhance the individual's ability to contribute to the technical workforce. [2, 3] The difference between the traditional Master of Science degree and the MEng degree is not on the rigor of the coursework or a lack of competencies, but rather on the focus of the curriculum. [2, 3] The program provides advanced training to students interested in expanding their knowledge and expertise. [2, 3]",,https://www.uc.edu/,"The University of Cincinnati and all regional campuses are accredited by the Higher Learning Commission. [2, 6]",,,FALSE,True,,,,,,,,,,,,,,,,,,,,,False,False,,,,,,,,,,,,,,,,,,,,,,,,,,FALSE,,,FALSE,FALSE,,,
,Master of Engineering in Materials Science and Engineering,,,,,Graduate,Fall 2026,,,,,,,,,,,True,True,False,False,False,False,,False,False,False,False,False,False,False,False,False,,,,,,,,,,,,"['Materials Science and Engineering', 'Materials Technology for Energy and Sustainability', 'Nanotechnology (interdisciplinary)']","The Master of Engineering in Materials Science and Engineering degree provides high-quality education and ample exposure to cutting-edge materials-related research activities to students with strong disciplinary fundamentals and broad interdisciplinary and societal perspectives. It prepares them as technical leaders and innovators for a wide range of career options where materials play a critical and enabling role. [1]

Program Objectives. [1]
The program prepares students to:
* apply core Materials knowledge in design, control, and assessment of materials processing and products. [1]
* interact effectively with other professionals based on the interdisciplinary education in the Materials discipline to advance their careers. [1]
* engage in lifelong learning through professional activities and continuing education. [1]
* participate in technology innovation through novel processes and products, intellectual property, and enterprises. [1]

Program Outcomes. [1]
By the time of graduation, students will be able to:
* demonstrate advanced understanding of the foundations of materials science and engineering including multi-scale structure, mass transport, thermodynamics, and mathematical basics in the processing-structure-properties-performance paradigm. [1]
* take an interdisciplinary approach to predicting, designing, fabricating, and characterizing materials of desired functionality and performance characteristics at multi-length scales using fundamental scientific and engineering principles and with modern experimental and analytical tools. [1]
* evaluate the quality of their own work and others for problem solving and for research and development in the broad materials field. [1]
* communicate orally and in writing the technical, scientific, and societal importance of research results. [1]
* adapt to changing technological and...",,https://www.uc.edu/,,,,FALSE,False,,,,,,,,,,,,,,,,,,,,,False,False,,,,,,,,,,,,,,,,,,,,,,,,,,FALSE,,,FALSE,FALSE,,,
,Master of Engineering in Mechanical Engineering,,,,,Graduate,Fall 2026,,,,,,Optional,REQUIRED,,,,True,True,True,False,False,False,,True,,,,True,True,True,False,False,,,,,,,,,,,,,"Our online Master of Engineering (MEng) in Mechanical Engineering program will give you the skills to be successful in your engineering career. [6] Our pragmatic, practical, non-research degree enables you to make a more significant contribution to your business team and/or move into a leadership position. [6] Engineers who complete this degree are prepared to solve the complex problems of today and manage tasks and projects successfully. [6] For registered engineers, our program is an academically based way to meet the continuing education requirements to maintain licensure. [6] Mechanical Engineering is one of the broadest branches of engineering. [6] Mechanical Engineering combines physics and mathematics principles with material science to design, create and maintain mechanical systems. [6] Mechanical Engineers work to solve problems and create solutions for many different fields including Aerospace, Automotive, Health Care, Energy, and many more. [6] From research and development of new products to solving global problems like climate change, every modern device and system you use today need to have the input of a mechanical engineer. [6]",,https://www.uc.edu/,Accredited by the Higher Learning Commission. [6],,,FALSE,False,,,,,,,,,,,,,,,,,,,,,False,False,,,110.0,,,,6.5,,,47.0,,80,,,,,,,,,,,,,,FALSE,,,FALSE,FALSE,,,
,Master of Engineering in Robotics and Intelligent Autonomous Systems,,,,,Graduate,Fall 2026,,,,Required,Required,Optional,REQUIRED,"Applicants must possess an engineering bachelors' degree from a regionally and ABET accredited college/university, preferably in the area of Electrical/Mechanical/Robotics Engineering. Applicants with a background in the following areas may also be considered: Similar Engineering Disciplines, Physical Science. An overall minimum undergraduate GPA of 3.0 on a 4.0 scale is recommended. One Letter of Recommendation, a Statement of Purpose, a Resume, and Unofficial Transcripts are required. [3]",Not Required,,True,False,False,False,False,False,,True,,False,,True,True,False,False,False,,,,,,,,,,,,,,,https://www.uc.edu/,,,,FALSE,True,,,,,,,,,,,,,,,,,,,,,False,False,,,110.0,,,,6.5,,,47.0,,79,,,,,,,,,,,,,,FALSE,,,FALSE,FALSE,,,
,Master of Engineering in Software Engineering,,,,,Graduate,Fall 2026,,,,Optional,Required,Optional,REQUIRED,"A Bachelor of Science or a Bachelor of Arts degree in mathematics, computer science, engineering, or information systems. An overall undergraduate grade point average of 3.0 (on a scale of 4.0; awarded within the past five years) or minimum 148 GRE (required only if GPA for the Bachelor's degree is below 3.0), quantitative portion. It is recommended that the applicant have two years experience with commercial, industrial or government software development or maintenance. A completed online application, including all required supporting documentation.",,,False,False,True,False,False,False,,True,False,False,False,True,True,False,False,False,,,,,,,,,,,,,"The Master of Engineering in Software Engineering will provide graduate students with a deeper understanding of software engineering and a familiarity with major software engineering areas such as requirements engineering, software testing, large-scale software development, and embedded and cyber-physical systems engineering. [1]",,https://www.uc.edu/,The University of Cincinnati and all regional campuses are accredited by the Higher Learning Commission. [1],,,FALSE,True,,,,,,,,,,,,,,,,,,,,,False,False,,,110.0,,,"148 (quantitative portion, required only if GPA is below 3.0)",6.5,,,54.0,,80,,,,,,,,,,,,,,FALSE,,,FALSE,FALSE,,,
,Master of Fine Arts in Art,,,,,Graduate,Fall 2026,,,,Required,Required,Not Required,REQUIRED,Application Requirements: UC Graduate Admissions Application; Application Fee of $65 for domestic applicants / $70 for international applicants; Unofficial transcript(s) from all colleges/universities attended; Resume or CV; 3 letters of recommendation; Artist's Statement (up to 500 words); Portfolio: Your portfolio should contain 20 works as a single pdf file. [8],,,False,False,True,True,False,False,,True,False,False,False,True,True,False,False,False,,,,,,,,,,,,,"The Master of Fine Arts (MFA) is a two-year interdisciplinary studio program that supports all forms of contemporary art practice and research. Our students develop multi-disciplinary practices essential for a career as an artist, or as an educator. [18] Our Master of Fine Arts (MFA) program is an accredited degree crucial for developing complex and mature studio practices – like those expected of practicing artists by critics, curators, museums, and galleries. [18] It is the 'terminal' Fine Art degree in the United States, necessary for teaching at the college level. [18] All students utilize our vast resources, our internationally recognized faculty, and our state-of-the-art equipment to develop multi-disciplinary studio work that is groundbreaking and affirmative for each unique student, an innovative research framework art practice, conceptual and technical skills, and lasting professional connections within the city and region. [18] While there are faculty with areas of specialization that include two-dimensional work (painting, drawing, printmaking), object-making (sculpture, installation, ceramic sculpture), and electronic media (photography, video, animation, web-based art), many of our faculty also have extensive experience in conceptual art, performance, sound, social practices, public art, and art writing. [20] Many of our MFA students use the university's resources to develop multi-disciplinary practices that take advantage of different equipment and expertise across campus. [20]",,https://www.uc.edu/,"As part of the College of Design, Architecture, Art, and Planning, the Art History program and Fine Arts program are accredited by the National Association of Schools of Arts and Design (NASAD). [20, 21] The University of Cincinnati and all regional campuses are accredited by the Higher Learning Commission. [19]",,,FALSE,False,,,,,,,,,,,,,,,,,,,,,False,False,,,110.0,112.0,,,6.5,,,54.0,,80,,,,,,,,,,,,,,FALSE,,,FALSE,FALSE,,,
,Master of Fine Arts in Creative Writing,,,,,Graduate,Fall 2026,,,,,,,,,,,False,False,False,False,False,False,,False,False,False,False,False,False,False,False,False,,,,,,,,,,,,,,,https://www.uc.edu/,,,,FALSE,False,,,,,,,,,,,,,,,,,,,,,False,False,,,,,,,,,,,,,,,,,,,,,,,,,,FALSE,,,FALSE,FALSE,,,
,Master of Health Administration,,,,,Graduate,Fall 2026,,,,Required,Required,Not Required,REQUIRED,"All applicants to the Master of Health Administration must have a bachelor's degree from an accredited university or college, show evidence of satisfactory preparation in math and computer skills, and have an acceptable academic record. [5] Admissions Criteria also include: a Baccalaureate degree from an accredited university or college with an expected grade point average of 3.0 (official transcript), a Personal statement, a Résumé or CV, Three letters of recommendation, and Required prerequisites. [5]",Not Required,,True,False,True,True,False,False,,True,False,False,False,True,True,True,False,False,,,,,,,,,,,,,,,https://www.uc.edu/,,,,FALSE,False,,,,,,,,,,,,,,,,,,,,,False,False,,,110.0,112.0,,,6.5,,,54.0,,93,,,,,,,,,,,,,,FALSE,,,FALSE,FALSE,,,
,Master of Health Informatics,,,,,Graduate,Fall 2026,,,,Required,Required,Not Required,REQUIRED,"Qualified applicants must hold a bachelor's degree with at least a 3.0 GPA. To be eligible for admissions review, applicants must submit all of the following materials: Unofficial transcripts of all undergraduate and graduate (if applicable) coursework, Two professional or academic references to provide letters of recommendation, a Resume/CV, and a Letter of Intent. The Master of Health Informatics program does not require any healthcare or IT experience.",Not Required,,True,False,True,False,False,False,,True,False,False,False,False,True,False,False,False,,,,College of Allied Health Sciences,"In addition to tuition, there is a College of Allied Health Sciences - Distance Learning program fee of $7 per credit hour, with a maximum of $75 per term. [18]","$25,377",,,,,,Students enrolled in the Master of Health Informatics program will have the opportunity to earn the Health Information Security Certificate. [7],"The Master of Health Informatics (MHI) Degree Program totals 33 credit hours and can be completed in as little as 24 months. UC Online takes an interdisciplinary, multi-faceted approach with courses focused on healthcare, information technology, data analytics and leadership development. Program faculty includes world-renowned professors from UC's top-ranked Analytics Program at the Carl H. Lindner College of Business and award-winning, leading industry experts. As the field of informatics continues to expand, healthcare networks and professionals around the world are embracing innovation in health care and transitioning to more data-driven, technology-based roles. MHI graduates are highly skilled at managing complex projects and data systems and leveraging data to improve patient care delivery and population health. [7]",,https://www.uc.edu/,The Health Informatics accreditor of University of Cincinnati is the Commission on Accreditation for Health Informatics and Information Management Education (CAHIIM). The College's accreditation for the Master degree in Health Informatics has been reaffirmed through 2029. The University of Cincinnati's Master of Health Informatics program is also proud to be recognized as an Approved Education Partner (AEP) by the Healthcare Information and Management Systems Society (HIMSS). [7],,$769,FALSE,False,,4.0,3,,,,,,,,,,,,,,,,,,False,False,,,,,,,,,,,,80,,,,,,,,,,,,,,FALSE,,,FALSE,FALSE,,,
,Master of Health Science in Physician Assistant Studies,,,,,Graduate,Fall 2026,,,,,,Optional,REQUIRED,,,,False,False,True,False,False,False,,True,,,,True,True,False,False,False,,,,,,,,,,,,,,,https://www.uc.edu/,,,,FALSE,False,,,,,,,,,,,,,,,,,,,,,False,False,,,115.0,,,,6.5,,,56.0,,80,,,,,,,,,,,,,,FALSE,,,FALSE,FALSE,,,
,Master of Landscape Architecture,,,,,Graduate,Fall 2026,,,,,,,,Announcement: The Master of Landscape Architecture and the Master of Science in Landscape Architecture have paused admissions to the programs. [1],,,False,False,False,False,False,False,,,,,,,,,False,False,,,,"College of Design, Architecture, Art, and Planning",,"An important announcement on the official program webpage states that admissions for the Master of Landscape Architecture program have been paused. [6, 10] Therefore, application-related information for the Fall 2026 intake is not available. For general reference, the university's graduate tuition rates were found on pages not specific to this program.",,,,,,,"In an ever-changing world with complex social and environmental challenges, the Master of Landscape Architecture (MLA) program at the University of Cincinnati (UC) empowers you to become a leader in creative, design-based problem-solving. [2] The program's mission is to cultivate and ready the next wave of landscape architects to craft environments that enrich people, places, and the planet, thereby advancing innovative professional practice with both local and global significance. [2] This STEM-designated, three-year program utilizes real-world learning experiences to equip you to tackle the most critical design challenges of the built environment. [2, 9] A distinctive feature of UC's MLA program is the mandatory full-semester co-op study, making it the only one of its kind in the nation. [9] This cooperative education component provides students with hands-on experience and a practical edge upon graduation. [9] The curriculum is founded on the contemporary practice of landscape architecture, emphasizing regenerative planning, design, and stewardship, and the integration of art and science to harmonize human activities with natural systems. [9]",,https://www.uc.edu/,The Master of Landscape Architecture (MLA) degree is an accredited program recognized by the Landscape Architecture Accreditation Board (LAAB). [7] The program's next scheduled accreditation review is in Spring 2027. [7],,,FALSE,True,,4.0,3.0,,,,,,,,,,,,,,,,,,False,False,,,,,,,,,,,,,,,,,,,,,,,,,Need-based,FALSE,,,FALSE,FALSE,,,
,Master of Laws (LLM) in the US Legal System,,,,,Graduate,Fall 2026,,,,,,,,,,,False,False,,,,,,,,,,,,,,,,,,College of Law,,"~$15,000",,,,,,"['Business Law Concentration', 'Concentration in International Legal Studies']","The Master of Laws program is designed to introduce internationally trained lawyers to the U.S. legal system while providing students with the opportunity to design a course of study at Cincinnati Law that best advances their unique professional agendas. Graduates of the LLM program are better able to represent U.S. clients and are more prepared for negotiations and litigation with U.S. parties. By-choosing courses from among the range of those offered to all law students, LLM students are able to design a course of study that best advances their own professional agendas. Students may select courses in areas of study, called professional pathways, such as Business and Entrepreneurship; Criminal; International; Innovation, Technology and Intellectual Property; Science, Health, and Environment; Public Interest; Litigation and Alternative Dispute Resolution; General and Small Practice.",,https://www.uc.edu/,,,,FALSE,False,,,,,,,,,,,,,,,,,,,,,False,False,,,,,,,,,,,,,,,,,,,,,,,,50%,Merit-based,FALSE,,,FALSE,FALSE,,,
,Master of Legal Studies,,,,,Graduate,Fall 2026,,,,,,Optional,REQUIRED,,,,True,True,True,True,False,False,,True,True,False,True,True,True,True,False,False,,,,College of Law,,,,,,,,,,,https://www.uc.edu/,,,,FALSE,False,,,,,,,,,,,,,,,,,,,,,False,False,,,110.0,112.0,,,6.5,,,54.0,,80,,,,,,,,,,,,,,FALSE,,,FALSE,FALSE,,,
,Master of Music in Composition,,,,,Graduate,Fall 2026,,,,,,Not Required,REQUIRED,,,,True,True,False,False,False,False,,True,False,False,False,False,True,False,False,False,,,,College-Conservatory of Music,,"For the 2025-2026 academic year, the graduate tuition for the College-Conservatory of Music is not explicitly detailed as a single flat rate. However, general graduate tuition is listed, along with a specific CCM program fee. Full-time per term fee for the College-Conservatory of Music is $750. [16] This is in addition to the general graduate tuition.",,,,,,,"The master's program is designed to provide a comprehensive course of study in the composition of music in both acoustic and electro acoustic mediums. A candidate is expected to compile a portfolio of compositions in the course of their studies in the master's program, culminating in a solo composition recital given towards the end of their degree program. To accomplish these goals, a candidate will need to develop the requisite skills associated with the technique of musical composition as well as familiarize themselves with the literature and aesthetic issues pertaining to the field. [7]",,https://www.uc.edu/,CCM's founding schools (the Cincinnati Conservatory of Music and the College of Music of Cincinnati) were both charter members of the National Association of Schools of Music (NASM). The requirements for entrance and graduation in all music programs are in accordance with the published regulations of NASM. [2],,"Graduate per credit hour: $662 for Ohio residents and $1,408 for out-of-state students.",FALSE,False,,,3.0,,,,,,,,,,,,,,,,,,False,False,,,,,,,6.5,,,,,85,,,,,,,,,,,The Graduate Incentive Scholarship amount may range up to full tuition.,,Talent and merit-based,FALSE,,,FALSE,FALSE,,,
,Master of Music in Conducting,,,,,Graduate,Fall 2026,,,,,,,REQUIRED,,,,True,True,True,False,False,False,,True,False,False,False,True,True,False,False,False,,,,,,,,,,,,"['Choral Conducting', 'Orchestral Conducting', 'Wind Conducting']","The Master of Music in Conducting program at the University of Cincinnati College-Conservatory of Music (CCM) provides extensive hands-on experience with a variety of CCM's world-class student ensembles. Conducting majors are led by distinguished conductors in their respective fields. Graduates of the program often go on to lead and manage successful professional, collegiate, community, and children's ensembles globally. CCM, described as ""one of this country's leading conservatories"" by The New York Times, offers students significant opportunities for performance and learning within a vibrant city known for its commitment to the performing and media arts. The program aims to educate and inspire the whole artist and scholar for positions on the world's stage.",,https://www.uc.edu/,"The University of Cincinnati and all its regional campuses are accredited by the Higher Learning Commission. The College-Conservatory of Music's founding schools were charter members of the National Association of Schools of Music (NASM), and the program's requirements align with NASM's published regulations.",,,FALSE,False,,,,,,,,,,,,,,,,,,,,,False,False,,,110.0,,,,6.5,,,54.0,,80,,,,,,,,,,,,,,FALSE,,,FALSE,FALSE,,,
,Master of Music in Music Education,,,,,Graduate,Fall 2026,,,,Optional,Required,Not Required,REQUIRED,"A bachelor's degree in Music Education from an accredited U.S. institution and/or certification to teach music in the U.S. public schools is required for admission to the Master of Music in Music Education program. Evidence of the applicant's musicianship, a teaching philosophy, and submission of a writing example are also required. References accompanying the application must contain an evaluation of the applicant's teaching ability. Three years of prior teaching experience is also listed as a requirement. [7, 8]",Required,,True,False,True,False,False,False,,True,False,False,False,True,True,True,False,False,,,,,,,,,,,,"['Choral Music', 'Conducting', 'Classroom Music (K-12)', 'Instrumental (Band, Orchestra, Jazz)', 'Pedagogy', 'Strings', 'Technology for Music Teaching', 'Urban Music Education']","CCM's Master of Music in Music Education offers pre-K–12 music teachers the opportunity to advance their knowledge and practice of their discipline. Prestigious faculty, performance opportunities and location in one of the country's premier cities for the arts make this program the perfect choice for music education students looking to maximize their talents and gain an incomparable musical and academic education. [10] Students in the Master of Music in Music Education program benefit from the high quality of music training and experience offered in CCM's conservatory environment as well as strong pedagogical preparation. [10] Cincinnati offers students diverse music teaching settings (i.e., urban and suburban, school-based and community-based), and specialization options including arts administration, choral, orchestral and wind conducting, dance, music theater, early childhood education, educational administration, jazz studies, Orff-Schulwerk, performance, and instrumental music education. [10, 12] There is also a three-summer Master of Music Education (MME) which is a practice-oriented degree featuring core courses in music pedagogy, music theory, musicianship, and musicology. [6] The MME degree is designed for practicing teachers who already have a Bachelor of Music or Bachelor of Music Education degree and a minimum of two years of teaching experience. [6]",,https://www.uc.edu/,The University of Cincinnati and all regional campuses are accredited by the Higher Learning Commission. [6] CCM’s founding schools (the Cincinnati Conservatory of Music and the College of Music of Cincinnati) were both charter members of the National Association of Schools of Music (NASM). [6] The requirements for entrance and graduation in all music programs are in accordance with the published regulations of NASM. [6],,,FALSE,False,,,,,,,,,,,,,,,,,,,,,False,False,,,110.0,,,,6.5,,,47.0,,80,,,,,,,,,,,,,,FALSE,,,FALSE,FALSE,,,
,Master of Music in Music Performance,,,,,Graduate,Fall 2026,,,,Required,Required,Not Required,REQUIRED,"In addition to the online application, applicants to the Master of Music in Performance must submit a prescreening recording, a repertoire list, a resume, a statement of purpose, and three letters of recommendation. An audition is also required for admission.",Not Required,,True,False,False,False,False,False,,True,False,False,False,False,True,,False,False,,,,College-Conservatory of Music,"$9,407/Semester or $18,814/Year",,,,,,,,The synergy created by housing CCM within a comprehensive public university gives the college its unique character and defines its objective: to educate and inspire the whole artist and scholar for positions on the world's stage. [2],,https://www.uc.edu/,The University of Cincinnati College-Conservatory of Music is an accredited institution of the National Association of Schools of Music (NASM). [2],,$913/Credit Hour,FALSE,False,,4.0,3,,,,,,,,,,,,,,,,,,False,False,,,,,,,,,,,,80,,,,,,,,,,,"Up to full tuition. [18, 31]",,"Talent and merit-based scholarships, and the CCM Opportunity Fund. [18]",FALSE,,,FALSE,FALSE,,,
,Master of Public Administration,,,,,Graduate,Fall 2026,,,,Required,Required,Not Required,REQUIRED,"A bachelor's degree from an accredited institution is required. Applicants should have a minimum undergraduate GPA of 3.0. Applicants are required to submit a completed online application, a current resume, a statement of purpose, three letters of recommendation, and official transcripts from all institutions attended.",Not Required,,True,False,True,True,False,False,,True,False,False,False,True,True,True,False,False,,,,School of Public and International Affairs,,,,,,,,,"The Master of Public Administration (MPA) uses a social justice outlook to develop students to be transformative and ethical leaders in the public and non-profit sectors. Students are able to pursue their passion for public policy and social innovation, and prepare themselves to meet the increasing need for leaders in the public sector. In addition to the traditional core competencies, this program centers justice in all levels of government and nonprofit organizations. As a part of the School of Public and International Affairs, the MPA offers students the opportunity to: study with renowned faculty, gain skills necessary to become effective agents for change, learn through interdisciplinary curricula in areas including community psychology and the School of Information Technology. The program also offers students the unique opportunity to connect with a network of professionals currently at work in the fields of public and non-profit administration.",,https://www.uc.edu/,"The MPA program entered candidacy for Network of Schools of Public Policy, Affairs, and Administration (NASPAA) accreditation in Fall 2023 and submitted its first self-study in August of 2025. [3]",,,FALSE,False,,,3.0,,,,,,,,,,,,,,,,,,False,False,,,110.0,112.0,,,6.5,,,54.0,,80,,,,,,,,,,,,,,FALSE,,,FALSE,FALSE,,,
,Master of Public Health,,,,,Graduate,Fall 2026,,,,Required,Required,Not Required,REQUIRED,We welcome applications from students who hold a baccalaureate degree (or higher) from a college or university regarded as standard by a regional or general accrediting agency and have at least a B average (3.0 GPA) in undergraduate coursework. The University of Cincinnati MPH Program accepts applications through the Schools of Public Health Application Service (SOPHAS). [4],Optional,,True,False,True,True,False,False,,True,False,False,False,True,True,True,False,False,,,,College of Medicine,,,,,,,,"['Biostatistics', 'Epidemiology', 'Environmental Public Health', 'Global Health', 'Health Education and Promotion', 'Health Services Management', 'Occupational Public Health']","The Master of Public Health (MPH) Program in the University of Cincinnati (UC) College of Medicine is one of the largest Programs of Public Health in the tri-state region. [3] Its mission is to promote health, prevent disease, and protect the environment of our communities, locally and beyond, through evidence-based interdisciplinary approaches in education, research, practice, and community engagement. [3] The program prepares students to prevent disease and promote and advance health in communities. [4] It offers robust training in the classroom and in the field, providing students with experience in policy and research opportunities. [3]",,https://www.uc.edu/,"The UC MPH program is accredited by the Council on Education for Public Health (CEPH), the nationally recognized accrediting body for both schools of public health and public health programs. [4]",,,FALSE,False,,,3,,,,,,,,,,,,,,,,,,False,False,,,110.0,112.0,,,6.5,,,54.0,,80,,,,,,,,,,,,,"Graduate Scholarships (GS), with and without assistantships",FALSE,,,FALSE,FALSE,,,
,Master of Science in Accounting,,,,,Graduate,Fall 2026,,,,Required,Required,Optional,REQUIRED,"To apply for the Master of Science in Accounting program at the University of Cincinnati, applicants must submit an online application which includes unofficial transcripts from each institution attended, a resume, and a personal statement. The personal statement should address how the program will help meet career goals, how the applicant's background prepares them for success in the program, and their short- or long-term career goals. International applicants must also provide proof of English proficiency via TOEFL, IELTS, or Duolingo scores. There is no specific mention of a minimum GPA, but the university's graduate programs generally consider a 3.0 GPA to be competitive.",Not Required,,True,False,True,True,False,False,,True,False,False,False,True,True,False,False,False,,,,,,,,,,,,,"The MS in Accounting prepares students with the technical, analytical, and professional skills needed to succeed in today's accounting profession. Through graduate-level coursework, students develop: Strong problem-solving and critical-thinking skills. The ability to identify and manage risk. Effective communication and teamwork skills. [7] Earning a Master of Science (MS) in Accounting degree is an essential step on the path to Certified Public Accountant (CPA) credentials and career advancement in accounting, auditing, tax preparation and more. [11] Offered both full-time and part-time, the master's in accounting degree program at University of Cincinnati's Lindner College of Business is designed to open the door to additional opportunities and prepare business problem solvers for their future careers at their own pace. [11]",,https://www.uc.edu/,The University of Cincinnati and all regional campuses are accredited by the Higher Learning Commission. [7] The Carl H. Lindner College of Business has held AACSB accreditation continuously since 1917. [7],,,FALSE,False,,,,,,,,,,,,,,,,,,,,,False,False,,,110.0,112.0,,,6.5,,,54.0,,80,,,,,,,,,,,,,,FALSE,,,FALSE,FALSE,,,
,Master of Science in Aerospace Engineering,,,,,Graduate,Fall 2026,,,,,Required,Optional,REQUIRED,"GRE - Required of all international students; GRE is exempt for students that earned a degree from an ABET accredited university (or equivalent accreditation) in the USA with a GPA of 3.0+
Transcript(s) and Degree Certificates
GPA minimum 3.0 or equivalent
Statement of Purpose
Two letters of recommendation
International students - English Proficiency Test: TOEFL (minimum 92) or IELTS (minimum 6.5)",Not Required,,False,False,True,True,False,False,,True,False,False,False,True,True,True,False,False,,,,,,,,,,,,,,,https://www.uc.edu/,,,,FALSE,True,,,,,,,,,,,,,,,,,,,,,False,False,,,110.0,112.0,,,6.5,,,54.0,,92,,,,,,,,,,,,,,FALSE,,,FALSE,FALSE,,,
,Master of Science in Applied Behavior Analysis,,,,,Graduate,Fall 2026,,,,,,Not Required,REQUIRED,,,,False,False,True,True,False,False,,True,False,False,False,True,True,False,False,False,,,,,,,,,,,,,,,https://www.uc.edu/,,,,FALSE,False,,,,,,,,,,,,,,,,,,,,,False,False,,,110.0,112.0,,,6.5,,,54.0,,80,,,,,,,,,,,,,,FALSE,,,FALSE,FALSE,,,
,Master of Science in Architectural Engineering,,,,,Graduate,Fall 2026,,,,,,Optional,REQUIRED,,,,False,False,False,False,False,False,,True,,,,True,True,,False,False,,,,,,,,,,,,,,,https://www.uc.edu/,,,,FALSE,False,,,,,,,,,,,,,,,,,,,,,False,False,,,110.0,,,,6.5,,,47.0,,80,,,,,,,,,,,,,,FALSE,,,FALSE,FALSE,,,
,Master of Science in Artificial Intelligence Management,,,,,Graduate,Fall 2026,,,,,,,,"The Master of Science in Artificial Intelligence Management is a 30 credit hour, post-bachelor's degree that will be offered on-ground and online from the university's main campus. [8]",,,False,False,False,False,False,False,,False,False,False,False,False,False,False,False,False,,,,,,,,,,,,,"The Lindner Master of Science in Artificial Intelligence Management (MS AIM) empowers professionals to lead the future of AI-driven business. Designed for those who want to harness the power of large language models (LLMs) to solve real organizational challenges, this program blends technical insight with strategic, ethical, and managerial expertise. Students learn to design responsible AI solutions, guide cross-functional teams and translate complex AI capabilities into meaningful business results. The program focuses on the business applications of AI as well as AI governance and strategy, with courses such as Machine Learning Design for Business, Generative AI for Business and AI Strategy, and Operational Transformation. Students can then customize their journeys through electives in a variety of fields and intersections of AI like Data Mining, Algorithmic Trading, AI in Marketing and more.",,https://www.uc.edu/,The University of Cincinnati and all regional campuses are accredited by the Higher Learning Commission. The Carl H. Lindner College of Business has held AACSB accreditation continuously since 1917. [10],,,FALSE,False,,,,,,,,,,,,,,,,,,,,,False,False,,,,,,,,,,,,,,,,,,,,,,,,,,FALSE,,,FALSE,FALSE,,,
,Master of Science in Audiology,,,,,Graduate,Fall 2026,,,,Required,Required,,,"Applicants must meet the following admission requirements: A bachelor's degree, a 3.0 minimum overall undergraduate grade point average, completion of required prerequisites, and the complete submission of an application in CSDCAS. [5] For students whose native language is not English, a minimum score of 100 IBT on the TOEFL is required. [5]",Not Required,,True,False,False,False,False,False,,False,False,False,False,False,False,False,False,False,,,,College of Allied Health Sciences,"$22,998/Year (Ohio Resident)","$40,611/Year (Non-Resident)",,,,,,,,,https://www.uc.edu/,,,,FALSE,False,,4.0,3.0,,,,,,,,,,,,,,,,,,False,False,,,,,,,,,,,,,,,,,,,,,,,,65%-80% of students receive funding,Merit-based,FALSE,,,FALSE,FALSE,,,
,Master of Science in Biological Sciences,,,,,Graduate,Fall 2026,,,,,,Not Required,REQUIRED,,,,True,True,True,True,False,False,,True,False,False,False,True,True,False,False,False,,,,,,,,,,,,"['Sensory Biology & Behavior (SBB)', 'Ecology, Evolution & Conservation (EEC)', 'Molecular Biology, Genetics, & Physiology (MBGP)']","The goals of the Department of Biological Sciences graduate program at the University of Cincinnati are to support and encourage students in their preparation for careers as research scientists and/or educators. Programs within the department encompass all levels of biological organization, ranging from molecules to cells, systems, organisms, populations, and ecosystems. Our research strengths are in ecology, evolution, behavior, and organismal biology. We use comparative approaches to study both the evolutionary history and ecological consequences of biodiversity. These strengths complement and expand upon programs in Medicine and Engineering, and students of the Biological Sciences program at the University of Cincinnati are encouraged to draw upon the offerings of these academic units as part of their program of study.",,https://www.uc.edu/,,,,FALSE,False,,,,,,,,,,,,,,,,,,,,,False,False,,,110.0,112.0,,,6.5,,,54.0,,80,,,,,,,,,,,,,,FALSE,,,FALSE,FALSE,,,
,Master of Science in Biomedical Engineering,,,,,Graduate,Fall 2026,,,,,Required,Not Required,REQUIRED,"Admission Requirements for the Master of Science in Biomedical Engineering include a GPA minimum of 3.0 or equivalent, GRE scores, official transcript(s) and degree certificates, a Statement of Purpose, and two letters of recommendation. International students are also required to submit English Proficiency Test scores (TOEFL with a minimum of 92 or IELTS with a minimum of 6.5). [3]",,,False,False,True,True,False,False,,True,False,False,False,True,True,False,False,False,,,,College of Engineering and Applied Science,,,,,,,,"['Biomechanics', 'Biomedical Imaging', 'Cell, Tissue, and Biomaterials Engineering', 'Neuroengineering']","Our master's program in biomedical engineering offers a transformative graduate experience that blends cutting-edge research, clinical immersion, and real-world industry collaboration. Students tackle complex biomedical challenges through hands-on learning and innovation. Enter the workforce prepared to make a meaningful impact in healthcare.",,https://www.uc.edu/,,,,FALSE,False,,4.0,3.0,,,,,,,,,,,,,,,,,,False,False,,,110.0,112.0,,,6.5,,,54.0,,80,,,,,,,,,,,,,Merit-based,FALSE,,,FALSE,FALSE,,,
,Master of Science in Business Analytics,,,,,Graduate,Fall 2026,,,,,,Optional,REQUIRED,,,,True,True,True,True,False,False,,True,False,False,False,True,True,False,False,False,,,,,,,,,,,,,,,https://www.uc.edu/,,,,FALSE,False,,,,,,,,,,,,,,,,,,,,,False,False,,,110.0,112.0,,,6.5,,,54.0,,80,,,,,,,,,,,,,,FALSE,,,FALSE,FALSE,,,
,Master of Science in Chemical Engineering,,,,,Graduate,Fall 2026,,,,,,Not Required,REQUIRED,,,,True,True,True,True,False,False,,True,False,False,False,True,True,False,False,False,,,,College of Engineering and Applied Science,,,,,,,,," The Master of Science in Chemical Engineering program at the University of Cincinnati has a goal to produce master-level chemical engineers who are well-equipped for a successful professional career. Graduates have the option to work in the chemical, petrochemical, or biochemical industries, pursue further graduate studies, or join consulting/contracting firms. The program seeks motivated students who are committed to lifelong learning and professional growth and have the potential to become leaders in the global chemical, petrochemical, and biochemical sectors. The program requires a total of 30 credit hours, which includes 9 credit hours of thesis work.",,https://www.uc.edu/,,,,FALSE,False,,4.0,3.0,,,,,,,,,,,,,,,,,,False,False,,,110.0,112.0,,,6.5,,,47.0,,80,,,,,,,,,,,,,,FALSE,,,FALSE,FALSE,,,
,Master of Science in Chemistry,,,,,Graduate,Fall 2026,,,,,,,,,,,True,True,False,False,False,False,,False,False,False,False,False,False,False,False,False,,,,,,,,,,,,"['Analytical chemistry', 'Inorganic chemistry', 'Organic chemistry', 'Biochemistry', 'Physical chemistry', 'Polymer chemistry']","The Department of Chemistry at the University of Cincinnati offers a Master of Science (M.S.) degree. The program provides a 4:1 student-to-faculty ratio, ensuring individual guidance. The department has research opportunities in biochemistry, analytical, inorganic, organic, physical, and theoretical/computational chemistry. First-year students select a research adviser before taking Introduction to Research, which facilitates a smooth transition into the research phase of the graduate program. The program includes regular departmental colloquia with speakers from other universities and industrial and government laboratories discussing current research in chemistry.",,https://www.uc.edu/,The University of Cincinnati (UC) and all regional campuses are accredited by the Higher Learning Commission (HLC).,,,FALSE,False,,,,,,,,,,,,,,,,,,,,,False,False,,,,,,,,,,,,,,,,,,,,,,,,,,FALSE,,,FALSE,FALSE,,,
,Master of Science in Civil Engineering,,,,,Graduate,Fall 2026,,,,Required,Required,GRE,REQUIRED,"GRE - Required of all international students; GRE is exempt for students that earned a degree from an ABET accredited university (or equivalent accreditation) in the USA with a GPA of 3.0+; Transcript(s) and Degree Certificates (unofficial transcripts are used for admissions review, only admitted applicants submit official transcripts); GPA minimum 3.0 or equivalent; Statement of Purpose; Two letters of recommendation; International students - English Proficiency Test: TOEFL (minimum 92) or IELTS (minimun 6.5). [2]",Not Required,,False,False,False,False,True,False,,True,False,False,False,False,True,False,False,False,,,,,,,,,,,,,,,https://www.uc.edu/,,,,FALSE,True,,,,,,,,,,,,,,,,,,,,,False,False,,,,,,,6.5,,,,,92,,,,,,,,,,,,,,FALSE,,,FALSE,FALSE,,,
,Master of Science in Computer Engineering,,,,,Graduate,Fall 2026,,,,,,,,,,,False,False,False,False,False,False,,False,False,False,False,False,False,False,False,False,,,,College of Engineering and Applied Science,,,,,,,,,"The Department of Electrical Engineering and Computing Systems offers two graduate degree programs leading to the Master of Science in Computer Engineering and Electrical Engineering. [2] The Computer Engineering Master of Science graduate research environment provides excellent opportunities to work on exciting and challenging projects. [2] We have an excellent research and teaching facilities with 32 faculty members including research laboratories with state-of-the-art equipment in the areas of hardware and software systems, artificial intelligence, neural networks, image processing, electronic design automation, MEMS, microsensors, millimeter waves and photonics, nanoelectronics, and optoelectronics. [2] Funding comes from national and state research agencies such as NSF, NIH, NASA, Army Research Office, Wright Patterson Air Force Base, Office of Naval Research, and Ohio Department of Transportation. [2]",,https://www.uc.edu/,The University of Cincinnati and all regional campuses are accredited by the Higher Learning Commission. [2],,,FALSE,False,,,3.0,,,,,,,,,,,,,,,,,,False,False,,,,,,,,,,,,,,,,,,,,,,,,50% - 90%,Graduate Incentive Scholarship,FALSE,,,FALSE,FALSE,,,
,Master of Science in Computer Science,,,,,Graduate,Fall 2026,,,,,,,REQUIRED,,,,False,False,True,True,False,False,,True,False,False,False,True,True,False,False,False,,,,,,,,,,,,"['Data and Knowledge Management', 'Experimental Computer Systems', 'Intelligent Systems', 'Internet Computing and Information Science', 'Quantum Computing']","In the Master of Science in Computer Science program at the University of Cincinnati, there are five possible research groups. [4] The Data and Knowledge Management Group studies the storage, retrieval, and mining of data in databases. [4] The Experimental Computer Systems Group studies computer systems perspective, including operation systems, compilers, computer architecture, networking, and wireless communications. [4] The Intelligent Systems Group focuses on designing and analyzing an intelligent algorithm or system using any of the theoretical formalisms. [4] The Internet Computing and Information Science Group examines technologies for computing and communication across the Internet or any other networked system, and the Quantum Computing Group studies the growing field of Quantum Computing. [4]",,https://www.uc.edu/,The University of Cincinnati and all regional campuses are accredited by the Higher Learning Commission. [4],,,FALSE,False,,,,,,,,,,,,,,,,,,,,,False,False,,,110.0,112.0,,,6.5,,,47.0,,79,,,,,,,,,,,,,,FALSE,,,FALSE,FALSE,,,
,Master of Science in Criminal Justice,,,,,Graduate,Fall 2026,,,,,,Not Required,REQUIRED,,,,True,False,True,True,False,False,,True,False,False,False,True,True,False,False,False,,,,"College of Education, Criminal Justice, and Human Services",,,,,,,,"['corrections', 'crime, law, and justice', 'law enforcement/crime prevention']","The Criminal Justice master's program at the University of Cincinnati offers a unique and interdisciplinary approach to the study of criminal justice by combining insights from sociology, psychology, law, public administration and criminal justice. Graduates emerge equipped with the skills to generate, apply and critically assess research, applicable in roles spanning teaching and leadership, and driving positive change in policies, methodologies and practices within the field. [9] Whether you currently work in or strive to enter law enforcement, crime prevention, corrections, or criminal justice, the Master of Science in Criminal Justice graduate program at the University of Cincinnati can help you advance. [6] You will gain research-based knowledge from an interdisciplinary perspective, drawing insights from sociology, law, public administration and criminal justice fields. The program emphasizes the role of research in policy-making and practice as well as theoretical and research skills. [6]",,https://www.uc.edu/,The University of Cincinnati and all regional campuses are accredited by the Higher Learning Commission. [6],,,FALSE,False,,4.0,3,,,,,,,,,,,,,,,,,,False,False,,,110.0,112.0,,,6.5,,,54.0,,80,,,,,,,,,,,The Counseling Program offers graduate research assistantships that provide tuition remission and a stipend. The amount for other scholarships varies.,,Graduate research assistantships and scholarships are available.,FALSE,,,FALSE,FALSE,,,
,Master of Science in Customer Analytics,,,,,Graduate,Fall 2026,,,,,,Not Required,REQUIRED,,,,False,True,True,False,False,False,,True,False,False,False,True,True,False,False,False,,,,Carl H. Lindner College of Business,"$14,902/Year (In-State), $26,644/Year (Out-of-State)","$14,902/Year (In-State), $26,644/Year (Out-of-State)",,,,,,,"The Master of Science (MS) in Business Analytics degree program at the University of Cincinnati's Carl H. Lindner College of Business is consistently ranked among the top data science programs in the country. That's because graduates of the program are trained in the most in-demand data analytics and business intelligence skills that place them with successful and high-profile employers in various industries. Students earning a Master's in Business Analytics degree at Lindner develop advanced skills and expertise in many areas of the field, including descriptive, predictive and prescriptive analytics. [3] With just a few informed course selections, MS in Business Analytics students can attach a data science or AI in business certificate to their degree. [3] Lindner's Master of Science in Business Analytics and Master of Science in Information Systems are two of the preeminent data science programs in the United States. Our curriculum prioritizes experiential learning, meaning students learn through action — real-world projects with real partner companies, hands-on career preparation and opportunities to connect within the industry as you launch your career. [5] The online Master of Science in Business Analytics program is tailored to meet the needs of working professionals and offers expertise in descriptive, predictive, and prescriptive analytics through 100% online, asynchronous courses. [6]",,https://www.uc.edu/,,,,FALSE,False,2,4.0,3.0,,,,,,,,,,,,,,,,,,False,False,,,110.0,,,,6.5,,,54.0,,80,,,,,,,,,,,"up to $24,000",,"Merit-based, Graduate Incentive Award (GIA), Graduate Assistance Scholarship (GAS)",FALSE,,,FALSE,FALSE,,,
,Master of Science in Electrical Engineering,,,,,Graduate,Fall 2026,,,,Optional,Required,GRE,REQUIRED,"Graduate school applicants are evaluated on multiple factors, including academic performance, test scores, letters of recommendation, and personal statements. While specific requirements vary by program, a general application checklist includes a bachelor's degree from an accredited institution, completion of any program-specific prerequisites, and meeting GPA requirements, which are often a minimum of 3.0. [15]",,,True,True,True,False,True,False,,True,False,False,False,True,True,False,False,False,,,,College of Engineering and Applied Science,,,,,,,,,,,https://www.uc.edu/,,,,FALSE,False,,,,,,,,,,,,,,,,,,,,,False,False,,,110.0,,,,6.5,,,54.0,,92,,,,,,,,,,,"Up to the maximum for a full scholarship of $30,000. [29]",,"The Luchen Scholarship is available to students in STEM-related disciplines, with a preference for those in the College of Engineering and Applied Science. [29]",FALSE,,,FALSE,FALSE,,,
,Master of Science in Engineering Education,,,,,Graduate,Fall 2026,,,,Not Required,Required,Not Required,REQUIRED,Applicants must have the following: a four-year bachelor's degree (or equivalent) from a regionally accredited college or university in engineering or other calculus-based degree that requires a minimum of 3 semesters of calculus and 2 semesters of physics. A GPA of at least 2.8 (on a 4.00 scale) in their undergraduate degrees. [3],Not Required,,True,False,True,False,False,False,,True,False,False,False,True,True,False,False,False,,,,"College of Engineering and Applied Science and College of Education, Criminal Justice, and Human Services",,,,,,,,,"The Master of Science in Engineering Education prepares students to bridge engineering and educational practice. Through training in educational research, evidence-based pedagogy, and engineering learning, students gain the skills to teach, design curriculum, and conduct scholarly research in engineering education. The program offers both thesis and non-thesis pathways. [3] The M.S. in Engineering Education brings two colleges together to administer a joint degree program. Students who have a degree (or equivalent hours of coursework) in engineering (or related field) are eligible to enroll in the program, which will equip them to engage in a variety of roles: engineering higher education adviser, community college instructor, engineering outreach services director, or entrepreneurship. [1]",,https://www.uc.edu/,,,,FALSE,False,,4.0,2.8,,,,,,,,,,,,,,,,,,False,False,,,110.0,,,,6.5,,,54.0,,80,,,,,,,,,,,"The College of Education, Criminal Justice, and Human Services (CECH) awards over $800,000 in scholarships annually. [22] A scholarship of $2,500 per semester is available for new full-time military, veteran, and National Guard graduate students, and a $1,500 per semester scholarship is available for part-time students. [35] The TEACH Grant provides up to $4,000 per year for graduate students who intend to teach in high-need fields. [35]",,Merit-based and need-based scholarships are available. [22],FALSE,,,FALSE,FALSE,,,
,Master of Science in Engineering Mechanics,,,,,Graduate,Fall 2026,,,,Not Required,Required,,,"The admission requirements for the Master of Science in Engineering Mechanics, which is offered through the Department of Aerospace Engineering & Engineering Mechanics, are as follows: a minimum GPA of 3.0 or its equivalent, official transcript(s) and degree certificates, a Statement of Purpose, and two letters of recommendation. [1, 2] For international students, an English Proficiency Test is also required, with a minimum TOEFL score of 92 or an IELTS score of 6.5. [1, 2]",Not Required,,False,True,False,False,False,False,,False,False,False,False,False,False,False,False,False,,,,,,,,,,,,Engineering Simulation and Applied Mechanics," The  M.S. in Mechanical Engineering Degree at the University of Cincinnati requires the completion of a thesis. Graduate level courses in core Mechanical Engineering areas as well as in emerging areas are offered. [3] The program is grouped into several research foci, including Structural Dynamics and Acoustics; PHM, Intelligent Systems and Reliability Engineering; Advanced Manufacturing; Engineering Simulation and Applied Mechanics; Nano-Technology and Bio-Medical Engineering; Thermal-Fluid and Enhanced Heat Transfer; and Advanced Materials Research. [3, 10] The Department of Mechanical and Materials Engineering has state-of-the-art research laboratories in areas such as Vibrations and Acoustics, Computational Mechanics, Nanotechnology, Manufacturing, Computational Fluid Dynamics, and more. [3, 10] The department also houses several major research centers, providing students and faculty with opportunities for scholarly research and knowledge creation. [3]",,https://www.uc.edu/,,,,FALSE,True,,,,,,,,,,,,,,,,,,,,,False,False,,,,,,,,,,,,,,,,,,,,,,,,,,FALSE,,,FALSE,FALSE,,,
,Master of Science in Environmental Engineering,,,,,Graduate,Fall 2026,,,,Not Required,Required,Optional,REQUIRED,"Admission requirements for the Master of Science in Environmental Engineering program include a minimum GPA of 3.0 or its equivalent, a Statement of Purpose, and two letters of recommendation. International applicants are also required to submit proof of English proficiency through a TOEFL score of at least 92 or an IELTS score of at least 6.5. [4]",Not Required,,False,True,False,False,True,False,,True,False,False,False,False,True,False,False,False,,,,College of Engineering and Applied Science,,,,,,,,,,,https://www.uc.edu/,,,,FALSE,True,,,,,,,,,,,,,,,,,,,,,False,False,,,,,,,6.5,,,,,92,,,,,,,,,,,,,,FALSE,,,FALSE,FALSE,,,
,Master of Science in Environmental Science,,,,,Graduate,Fall 2026,,,,Required,Required,,,"While the University of Cincinnati's official website confirms the existence of the Master of Science in Environmental Science program within the Department of Biomedical, Chemical, and Environmental Engineering, a dedicated page with specific application requirements for this program is not available. The closely related M.S. in Environmental Engineering program, offered by the same department, requires a Statement of Purpose, two letters of recommendation, and transcripts. [13] GRE scores are required for all international students, but are waived for students who earned a degree from an ABET-accredited university in the USA with a GPA of 3.0 or higher. [13] It is implied that the Environmental Science program is a STEM-designated program.",Not Required,,False,False,False,False,False,False,,False,False,False,False,False,False,False,False,False,,,,,,,,,,,,,,,https://www.uc.edu/,,,,FALSE,True,,,,,,,,,,,,,,,,,,,,,False,False,,,,,,,,,,,,,,,,,,,,,,,,,,FALSE,,,FALSE,FALSE,,,
,Master of Science in Finance,,,,,Graduate,Fall 2026,,,,,,Optional,REQUIRED,,,,False,False,True,True,False,False,,True,True,False,True,True,True,False,False,False,,,,Carl H. Lindner College of Business,,,,,,,,"['Corporate Finance', 'Investments', 'Financial Planning', 'Risk Management', 'Real Estate']","The Master of Science in Finance program at the University of Cincinnati's Carl H. Lindner College of Business is a STEM-designated program designed to provide students with the analytical skills necessary for a successful career in today's global financial markets. [2] The curriculum blends theoretical knowledge with practical, real-world applications, incorporating hands-on research and project-based learning. [4] Students can customize their study plan with a focus on areas such as investments, corporate finance, financial planning, risk management, or real estate. [4] The program is flexible, offering full-time, part-time, and fully online options, and can be completed in as little as two semesters. [4] It prepares students for various professional certifications, including the Chartered Financial Analyst® (CFA), Certified Financial Planner™ (CFP), and Financial Risk Manager (FRM) exams. [6]",,https://www.uc.edu/,"The Carl H. Lindner College of Business, which houses the Master of Science in Finance program, holds accreditation from the Association to Advance Collegiate Schools of Business (AACSB). [2, 3] This accreditation is recognized as a hallmark of excellence in business education, achieved by less than 15% of business school programs worldwide. [2, 3]",,,FALSE,False,,4.0,3.0,,,,,,,,,,,,,,,,,,False,False,,,110.0,112.0,,,6.5,,507.0,54.0,,80,,,,,,,,,,,,,Merit-based,FALSE,,,FALSE,FALSE,,,
,Master of Science in Food and Nutrition,,,,,Graduate,Fall 2026,,,,Required,Required,Not Required,REQUIRED,Applicants interested in the Master of Science in Nutrition Sciences program must meet the following admissions requirements: A baccalaureate degree from an accredited college or university; A cumulative grade point average of at least 3.0 at the undergraduate level based on a 4.0 scale; Prerequisite coursework as listed below; GRE scores or GRE Waiver; Three current letters of recommendation from individuals familiar with your academic and professional ability. [2],Not Required,,False,True,False,True,False,False,,True,False,False,False,False,True,,False,False,,,,,,,,,,,,Clinical Nutrition,"The University of Cincinnati Master of Science (MS) in Nutrition Sciences – Clinical Nutrition concentration was designed exclusively for students wanting to obtain the registered dietitian nutritionist (RDN) credential. [9] To qualify for the Clinical Nutrition concentration, you must either be a student in the Accelerated Dietitian Nutritionist program or have a baccalaureate degree and a verification statement for completion of the Didactic Program in Dietetics (DPD) requirements of a nutrition and dietetics education program accredited by the Accreditation Council for Education in Nutrition and Dietetics (ACEND). [9] The MS in Nutrition Sciences – Clinical Nutrition concentration contains graduate coursework integrated with supervised practice experience (equivalent to the dietetic internship). [9] At the completion of this program, students will be eligible to take the Commission on Dietetic Registration national credentialing exam for RDNs. [9]",,https://www.uc.edu/,"The University of Cincinnati and all regional campuses are accredited by the Higher Learning Commission. University of Cincinnati's didactic program in dietetics and coordinated program in dietetics is accredited by the Accreditation Council for Education in Nutrition and Dietetics (ACEND) of the Academy of Nutrition and Dietetics (AND), 120 South Riverside Plaza, Suite 2190, Chicago, IL 60606-6995, 800/877/1600 ext. 5400.",,,FALSE,False,,,,,,,,,,,,,,,,,,,,,False,False,,,,112.0,,,6.5,,,,,80,,,,,,,,,,,,,,FALSE,,,FALSE,FALSE,,,
,Master of Science in Geographic Information Science,,,,,Graduate,Fall 2026,,,,,,Optional,REQUIRED,,,,True,True,False,False,False,False,,True,True,False,True,True,True,True,False,False,,,,,,,,,,,,,,,https://www.uc.edu/,,,,FALSE,False,,,,,,,,,,,,,,,,,,,,,False,False,,,110.0,,,,6.5,,,54.0,,80,,,,,,,,,,,,,,FALSE,,,FALSE,FALSE,,,
,Master of Science in Geology,,,,,Graduate,Fall 2026,,,,,,Optional,REQUIRED,,,,True,True,True,True,False,False,,True,False,False,False,True,True,False,False,False,,,,,,,,,,,,,,,https://www.uc.edu/,,,,FALSE,False,,,,,,,,,,,,,,,,,,,,,False,False,,,110.0,112.0,,,6.5,,,54.0,,80,,,,,,,,,,,,,,FALSE,,,FALSE,FALSE,,,
,Master of Science in Health Informatics,,,,,Graduate,Fall 2026,,,,,,Not Required,REQUIRED,,,,True,True,True,True,False,False,,True,False,False,False,True,True,False,False,False,,,,,,,,,,,,,"The University of Cincinnati's Online Master of Health Informatics program is a multifaceted program firmly established at the intersection of information technology and health. [9] Graduates from this program are well prepared to improve patient care, quality, efficiency, safety, and population health using information technology and systems, data and artificial intelligence. [2] Integrated into the operations of all modern health care organizations, health informatics practice includes the people, processes, technology, and systems required to acquire, store, retrieve, optimize, and use health information. [2] Health informatics is a natural transition for those in health professions such as nursing, allied health, health information management, medicine, public health, pharmacy, and clinical research, among others. [2] It is a good fit for those looking to enter tech-savvy, data, and technology-focused occupations in the context of healthcare. [2]",,https://www.uc.edu/,The Master's of Health Informatics at the University of Cincinnati is accredited by the Commission on Accreditation for Health Informatics and Information Management Information (CAHIIM). The accreditation has been reaffirmed until 2029. [2] The University of Cincinnati and all regional campuses are also accredited by the Higher Learning Commission. [2],,,FALSE,False,,,,,,,,,,,,,,,,,,,,,False,False,,,110.0,112.0,,,6.5,,,54.0,,80,,,,,,,,,,,,,,FALSE,,,FALSE,FALSE,,,
,Master of Science in Human Resources,,,,,Graduate,Fall 2026,,,,,,Either,REQUIRED,,,,True,True,True,False,True,True,,True,False,False,False,False,True,True,False,False,,,,Carl H. Lindner College of Business,,,,,,,,,"In an increasingly competitive global marketplace, leaders know that people are an organization's most critical resource. Bottom-line business success depends on the quality of its employees and the effectiveness of employee relations. The Lindner Master of Science in Human Resources program prepares students for leadership roles in managing people and building employee capabilities. [2]",,https://www.uc.edu/,"The University of Cincinnati and all regional campuses are accredited by the Higher Learning Commission. The Carl H. Lindner College of Business holds AACSB accreditation. [2, 11]",,,FALSE,False,,4.0,3.0,,,,,,,,,,,,,,,,,,False,False,,,125.0,,,,7.0,,,,,90,,,,,,,,,,,,,Graduate Scholarships (GS) with or without an assistantship are available.,FALSE,,,FALSE,FALSE,,,
,Master of Science in Industrial Engineering,,,,,Graduate,Fall 2026,,,,,,Not Required,REQUIRED,,,,True,True,True,True,False,False,,True,False,False,False,True,True,False,False,False,,,,,,,,,,,,"['data science', 'health and service systems', 'Industry 4.0/5.0']","The Master of Engineering (MEng) track in Industrial and Systems Engineering (ISE) provides a graduate degree that focuses on the practice of engineering in order to better serve working professionals. [5] Rather than culminate in a research experience and a thesis, the Master of Engineering curriculum provides skills and expertise that enhance the individual's ability to contribute to the technical workforce. [5] The UC ISE program aligns well with the new landscape in industries that saw explosive growth in data science, and integrates data science for the core mission of efficiency improvement and system optimization applicable for almost all industries. [5] The program will provide graduate level education that enables graduates to contribute to the field of industrial and systems engineering within a variety of industries and business organizations. [5]",,https://www.uc.edu/,"The University of Cincinnati and all regional campuses are accredited by the Higher Learning Commission. [5, 14]",,,FALSE,False,,,,,,,,,,,,,,,,,,,,,False,False,,,110.0,112.0,,,6.5,,,47.0,,80,,,,,,,,,,,,,,FALSE,,,FALSE,FALSE,,,
,Master of Science in Information Systems,,,,,Graduate,Fall 2026,,,,,,Optional,REQUIRED,,,,True,True,True,True,False,False,,True,False,False,False,True,True,True,False,False,,,,,,,,,,,,,"The Master of Science in Information Systems (MS IS) degree program at the University of Cincinnati Lindner College of Business integrates fundamental business concepts with Information Systems technical courses and practical experience. The program is designed to provide flexible, high-level training for advanced management, technical, and research roles in the rapidly growing field of information systems. The curriculum is particularly strong in areas including Enterprise Resource Planning (ERP), Business Intelligence, Database Design and Modeling, and Project Management. Students in the program gain leadership technology skills that allow them to bridge technology, people, and processes, preparing them to design solutions for data-driven companies.",,https://www.uc.edu/,The Carl H. Lindner College of Business holds AACSB accreditation.,,,FALSE,False,,,,,,,,,,,,,,,,,,,,,False,False,,,,112.0,,,6.5,,,47.0,,68,,,,,,,,,,,,,,FALSE,,,FALSE,FALSE,,,
,Master of Science in Information Technology,,,,,Graduate,Fall 2026,,,,,,GRE,REQUIRED,,,,True,True,True,False,False,False,,True,False,False,False,True,True,False,False,False,,,,School of Information Technology,,,,,,,,"['Applied Machine Learning', 'Cloud Computing', 'Cybersecurity', 'Data Science/Data Mining', 'Game Design/Development', 'Health Informatics', 'Infrastructure', 'Mobile Application Development', 'Network Systems', 'Software Development', 'User Experience (UX) Design', 'Web Development']","The University of Cincinnati's School of Information Technology (SoIT) offers a Master of Science in Information Technology designed to equip you with the hands-on skills needed to tackle real-world challenges. [5] The Information Technology Masters program, at the University of Cincinnati, offers a unique and multidisciplinary approach to solving the latest problems faced by IT industries and government agencies using cutting edge technology and the latest IT research. [6] With our program, students will gain the skills to generate, utilize, and critically examine research that can be applied to teaching, leadership positions, and catalyzing positive change in policies, methods, and practices within the field. [6] The program covers essential areas such as cybersecurity, IT infrastructure, mobile development, and human-computer interaction. [5] Students choose to complete a capstone or a thesis as part of their MSIT program requirements. [5, 6]",,https://www.uc.edu/,"The University of Cincinnati (UC) and all regional campuses are accredited by the Higher Learning Commission (HLC). [15] Additionally, UC is an Ohio Public Institution, and each of its programs are approved by the Ohio Department of Higher Education (ODHE). [15]",,,FALSE,False,,4.0,3.0,,,,,,,,,,,,,,,,,,False,False,,,110.0,,,300,6.5,,,54.0,,80,,,,,,,,,,,"The Graduate Scholarship Award offers up to $1,200 for the first semester. The Military & Veteran Scholarship provides $2,500/semester for full-time students and $1,500/semester for part-time students.",,"Graduate Scholarship Award, Military & Veteran Scholarship, TEACH Grant",FALSE,,,FALSE,FALSE,,,
,Master of Science in Marketing,,,,,Graduate,Fall 2026,,,,,,Not Required,REQUIRED,,,,False,False,True,False,False,False,,True,False,False,False,False,True,False,False,False,,,,,,,,,,,,,"The University of Cincinnati's Master of Science (MS) in Marketing degree program provides aspiring or experienced professionals with the latest tools and practical skills necessary to accelerate or change their careers. [8] This marketing graduate program's proven curriculum allows students with some business experience or education to strengthen broad marketing foundations as well as develop a project-centric specialization, from branding to digital marketing strategy. [8] Students will receive in-depth training in all areas of marketing, including branding, strategy, market research, buyer behavior, product management, and international issues. [3] The program is designed to meet the needs of students having graduate or undergraduate degrees in both business and non-business backgrounds, offering the flexibility to complete it on a full-time or part-time basis, either on-campus or online. [2, 3] Experience-based learning is an integral component of the program, and real-world field-study experiences provide students with the opportunity to acquire practical, hands-on knowledge. [3]",,https://www.uc.edu/,The Carl H. Lindner College of Business holds AACSB accreditation. [3] The University of Cincinnati and all regional campuses are accredited by the Higher Learning Commission. [5],,,FALSE,False,,,,,,,,,,,,,,,,,,,,,False,False,,,,,,,,,,,,,,,,,,,,,,,,,,FALSE,,,FALSE,FALSE,,,
,Master of Science in Materials Science and Engineering,,,,,Graduate,Fall 2026,,,,,,,REQUIRED,,,,True,True,True,False,False,False,,True,False,False,False,True,True,False,False,False,,,,,,,,,,,,,,,https://www.uc.edu/,,,,FALSE,False,,,,,,,,,,,,,,,,,,,,,False,False,,,110.0,,,,6.5,,,54.0,,80,,,,,,,,,,,,,,FALSE,,,FALSE,FALSE,,,
,Master of Science in Mathematics,,,,,Graduate,Fall 2026,,,,,,Optional,REQUIRED,,,,True,True,True,False,False,False,,True,True,False,True,True,True,False,False,False,,,,College of Arts and Sciences,,,,,,,,,,,https://www.uc.edu/,,,,FALSE,False,,,,,,,,,,,,,,,,,,,,,False,False,,,110.0,,,,6.5,,,54.0,,80,,,,,,,,,,,,,"Teaching assistantships, Research assistantships",FALSE,,,FALSE,FALSE,,,
,Master of Science in Mechanical Engineering,,,,,Graduate,Fall 2026,,,,Required,Required,Optional,REQUIRED,Applicants to the Mechanical Engineering master's degree program should have a bachelor's degree in engineering or one of the natural sciences. A grade point average (GPA) in upper-division quantitative coursework of 3.0 or better on a 4.0-point scale is required. Applicants must also submit three letters of recommendation.,Not Required,,True,True,True,True,False,False,,True,False,False,False,True,True,False,False,False,,,,College of Engineering and Applied Science,"In-state: $14,902/Year, Out-of-state: $26,674/Year","The graduate school tuition at University of Cincinnati-Main Campus is $14,902 for in-state and $26,674 for out-of-state students. [19]",,,,,,,"The Master of Science in Mechanical Engineering (MSME) distance education program is designed for professionals with degrees in mechanical or aerospace engineering who wish to study mechanics, biomechanics, combustion, design and manufacture, dynamic systems, fluid dynamics, heat transfer, and vibration and acoustics. [1]",,https://www.uc.edu/,,,"In-state: $662/Credit, Out-of-state: $1,408/Credit",FALSE,True,,4.0,3.0,,,,,,,,,,,,,,,,,,False,False,,,110.0,112.0,,,6.5,,,54.0,,80,,,,,,,,,,,,,Graduate Scholarships (with and without assistantships),FALSE,,,FALSE,FALSE,,,
,Master of Science in Medical Physics,,,,,Graduate,Fall 2026,,,,,,,REQUIRED,"For our graduate programs, we welcome applications from students who hold a bachelor's degree (or higher) from a college or university accredited by accrediting agencies recognized by the U.S. Department of Education for Title IV purposes or the international equivalent. It is recommended that applicants have at least a B average in undergraduate course work (or otherwise give evidence of promise that is judged satisfactory by the admitting program). [3]",,,False,False,True,True,False,False,,True,False,False,False,True,True,False,False,False,,,,,,,,,,,,,,,https://www.uc.edu/,,,,FALSE,False,,,,,,,,,,,,,,,,,,,,,False,False,,,110.0,112.0,,,6.5,,,54.0,,80,,,,,,,,,,,,,,FALSE,,,FALSE,FALSE,,,
,Master of Science in Nursing,,,,,Graduate,Fall 2026,,,,Required,Required,Not Required,REQUIRED,"Graduate schools evaluate applicants based on multiple factors, including academic performance, test scores, letters of recommendation, and personal statements. While specific requirements vary by program, most schools have a general set of criteria you must meet. [12] The general application checklist includes: a completed undergraduate degree, meeting program-specific prerequisites, a minimum GPA (often 3.0), GRE scores (though some programs have waived this), 2-3 letters of recommendation, a personal statement, and a resume or CV. [12]",,,True,True,True,True,False,False,,True,False,False,False,True,True,True,False,False,,,,College of Nursing,,,,,,,,"['Adult-Gerontology Primary Care', 'Family Nurse Practitioner', 'Leadership in Diverse Settings (LeaDs)', 'Nurse Midwifery', 'Nursing Administration', ""Women's Health""]","The Master of Science in Nursing (MSN) programs at UC College of Nursing prepare registered nurses to lead and improve health outcomes in advanced-practice roles across a variety of healthcare settings. [6] The Master of Science in Nursing (MSN) program is designed to provide the opportunity for advanced study in select areas of nursing science, professional foundations, related sciences, and modes of systematic inquiry related to advanced and specialized professional nursing leadership and practice. [1]",,https://www.uc.edu/,,,,FALSE,False,,4.0,3,,,,,,,,,,,,,,,,,,False,False,,,110.0,112.0,,,6.5,,,54.0,,80,,,,,,,,,,,,,"Merit-based, Need-based",FALSE,,,FALSE,FALSE,,,
,Master of Science in Nutritional Sciences,,,,,Graduate,Fall 2026,,,,,,Optional,REQUIRED,,,,False,False,True,True,True,False,,True,False,False,False,True,True,True,False,False,,,,,,,,,,,,Clinical Nutrition,"The University of Cincinnati Master of Science in Nutrition Sciences Is Designed for Students who have completed a baccalaureate degree in nutrition or other science-related discipline (health sciences, chemistry, biology, psychology, and others) and wish to earn credentials to practice nutrition and/or wish to gain further knowledge in nutrition. The program is also open to practicing dietitians, nurses, physicians, or other health professionals seeking to enhance their knowledge and credentials. The goal of the Master of Science (MS) in Nutrition Sciences program is to prepare you to make significant contributions to the field of nutrition in professional research, practice, teaching, and leadership. To fulfill this goal, the program provides you with: a comprehensive knowledge of the biochemical and physiological aspects of human nutrition; knowledge of methodologies used in basic nutrition research, nutrition assessment, and nutrition intervention; skills in research design, implementation, evaluation, and interpretation.",,https://www.uc.edu/,"If you have completed your baccalaureate degree and have a verification statement for completion of the Didactic Program in Dietetics (DPD) requirements from a program accredited by the Accreditation Council for Education in Nutrition and Dietetics (ACEND®), you are eligible to apply to the MS in Nutrition Sciences - Clinical Nutrition concentration. [2]",,,FALSE,False,,,,,,,,,,,,,,,,,,,,,False,False,,,110.0,112.0,,cumulative score of 300 or higher,6.5,,,54.0,,80,,,,,,,,,,,,,,FALSE,,,FALSE,FALSE,,,
,Master of Science in Pharmaceutical Sciences,,,,,Graduate,Fall 2026,,,,Optional,Optional,Not Required,REQUIRED,"For graduate programs, general requirements include an admissions application, application fee, and transcripts from all colleges and universities attended. It is recommended that applicants have at least a B average in undergraduate coursework. [5] For undergraduate admissions, requirements include submission of the Common Application or Transfer Application and an official high school transcript. [4]",,,True,True,True,True,False,False,,True,False,False,False,True,True,False,False,False,,,,,,,,,,,,,,,https://www.uc.edu/,,,,FALSE,False,,,,,,,,,,,,,,,,,,,,,False,False,,,110.0,112.0,,,6.5,,,54.0,,80,,,,,,,,,,,,,,FALSE,,,FALSE,FALSE,,,
,Master of Science in Physics,,,,,Graduate,Fall 2026,,,,,,,,,,,True,True,False,False,False,False,,False,False,False,False,False,False,False,False,False,,,,,,,,,,,,,,,https://www.uc.edu/,,,,FALSE,False,,,,,,,,,,,,,,,,,,,,,False,False,,,,,,,,,,,,,,,,,,,,,,,,,,FALSE,,,FALSE,FALSE,,,
,Master of Science in Speech-Language Pathology,,,,,Graduate,Fall 2026,,,,,,Not Required,REQUIRED,"While specific requirements vary by program, a common checklist for graduate school applications at the University of Cincinnati includes a completed bachelor's degree from an accredited institution. [5] Many programs have minimum GPA requirements, often around 3.0. [5] Applicants are generally expected to submit letters of recommendation and a personal statement. [5] A resume or CV is also a common requirement. [5] Prospective students should check the specific requirements for their program of interest. [5]",,,False,True,False,False,False,False,,False,False,False,False,False,True,False,False,False,,,,,,,,,,,,,"The top-ranked University of Cincinnati Master of Arts in Speech-Language Pathology program provides you with unique aeducation and research opportunities along your path to becoming a speech-language pathologist. The program involves the in-depth study of the various disorders of communication coupled with practicum experience. Students at the Master of Arts level are expected to acquire those skills which would enable them to identify and manage a full range of speech/language and hearing disorders. [3] As a graduate, you will be required to acquire specific skills and knowledge according to the Council on Academic Accreditation in Speech-Language Pathology to be certified by the American Speech-Language and Hearing Association and to be eligible for licensure in the State of Ohio and for Ohio Department of Education (school) licensure. [3] You will complete coursework in areas such as Language and Literacy, Phonology, Aphasia, Motor Speech, Dysphagia, Cognition, Voice, Craniofacial Anomalies, Stuttering, Augmentative and Alternative Communication, and Management of Children with Hearing Impairment. A minimum of two years of study, including two summer terms, is necessary to provide adequate advanced didactic and practicum experience. [3]",,https://www.uc.edu/,"The Master of Arts (M.A.) education program in speech-language pathology (residential) at the University of Cincinnati is accredited by the Council on Academic Accreditation in Audiology and Speech-Language Pathology of the American Speech-Language-Hearing Association, 2200 Research Boulevard, #310, Rockville, MD 20850, 800-498-2071 or 301-296-5700. [3]",,,FALSE,False,,,,,,,,,,,,,,,,,,,,,False,False,,,,,,,,,,,,100,,,,,,,,,,,,,,FALSE,,,FALSE,FALSE,,,
,Master of Science in Sport Administration,,,,,Graduate,Fall 2026,,,,Required,Required,Optional,REQUIRED,"Earned bachelor's degree from a regionally accredited college/university. 3.0 undergraduate GPA or foreign equivalent. In cases where undergraduate GPA is below a 3.0, student must take the GRE and score 297 or higher. Proof of English proficiency if English is not the applicant's native language. In addition to these minimum requirements, applicants will need to submit: Two written letters of recommendation (one professional, one academic), Official transcripts for all undergraduate coursework, Personal statement of goals for graduate study, Resume including sport-related experience. [6]",Not Required,,False,True,False,False,False,False,,False,False,False,False,False,False,False,False,False,,,,,,,,,,,,,"A Master of Science in Sport Administration gives you the skill set needed to work in the field of athletics. Behind the scenes, there are many jobs that make the product on the court or field happen. If you are passionate about sports and interested in launching or advancing your career in the exciting field of sport management and administration, earning your Master's in Sport Administration Online from the University of Cincinnati will help you stay ahead of the competition. [4] Our program is designed for coaches and administrators working at every level in athletics. [4] Each course provides training that is immediately applicable to your current position, whether you are new to the field or have years of experience. [4] The Master of Science (M.S.) in Sport Administration program at the University of Cincinnati is designed for students seeking to advance their career in the sport industry. [2] Our curriculum examines issues and challenges facing sport business professionals through the unique lens of interscholastic and intercollegiate athletic administrators. [2] Within the sports industry, there is a need for skilled sport managers in the areas of sales, development, corporate partnerships, finance, public relations, marketing, facility and event operations, compliance, student-athlete support services, and more. [2] Our one-year program* is built around developing skills in these areas through real-world application of course content, industry partnerships, and research-based best practices. [2] The master's program is available both on-campus and online. [2] * The program can be completed in one year if the student is enrolled full-time. Part-time options also available.",,https://www.uc.edu/,The online Master's in Sport Administration degree is accredited by the Higher Learning Commission. [3] Our program also offers the opportunity to complete the National Interscholastic Athletic Administrators Association (NIAAA) Certification Program while enrolled. [3],,,FALSE,False,,,,,,,,,,,,,,,,,,,,,False,False,,,,,,297,,,,,,,,,,,,,,,,,,,,FALSE,,,FALSE,FALSE,,,
,Master of Science in Statistics,,,,,Graduate,Fall 2026,,,,,,,REQUIRED,,,,True,True,True,True,False,False,,True,False,False,False,True,True,False,False,False,,,,,,,,,,,,,The Master of Science (MS) in Statistics degree program is intended to prepare students for careers as statisticians or for entry into a PhD program in Statistics. [2] A student entering with the minimum requirements should expect to take two years to complete the program. Students entering the program with a stronger background in statistics may be able to complete the program in three or even two semesters. [2] A minimum of 30 graduate credits are required with a GPA of 3.0 or higher. [3],,https://www.uc.edu/,The University of Cincinnati and all regional campuses are accredited by the Higher Learning Commission. [2],,,FALSE,False,,,,,,,,,,,,,,,,,,,,,False,False,,,110.0,112.0,,,6.5,,,54.0,,80,,,,,,,,,,,,,,FALSE,,,FALSE,FALSE,,,
,Master of Science in Taxation,,,,,Graduate,Fall 2026,,,,,,,,,,,True,True,,,,,,,,,,,,,,,,,,Carl H. Lindner College of Business,"$35,320/Year","$35,320/Year",,,,,,,"Whether your future career leads you to work with individuals, small businesses, or large corporations, the online Taxation Master's Degree program at the University of Cincinnati prepares you for a career as a a professional tax adviser, equipping you with a comprehensive and specialized understanding of the complexities of tax law that are applicable to any size firm. [2] The 30-hour curriculum includes 16 semester credit hours of required tax courses that span topics related to corporate, individual, and other entity structures and 14 semester credit hours of electives to satisfy degree requirements. [2] The program is designed to provide students with instruction from award-winning faculty that includes cutting-edge tax experts, CPAs, lawyers, academics, and professionals with Fortune 500 and international accounting experience. [2] Students will have the opportunity to develop research skills in a challenging series of courses such as the Capstone Course, which is intended to showcase mastery of tax research and technical knowledge learned throughout the program. [2] This taxation master's degree can count toward credits to sit for the CPA exam and CEUs for those looking to expand their tax expertise while retaining their credential. [2]",,https://www.uc.edu/,The University of Cincinnati Carl H. Lindner College of Business has been proudly AACSB Accredited since 1919. [2] Less than one-third of U.S. business school programs and only 15% of business school programs worldwide meet the rigorous standards of AACSB International accreditation. [3],,,FALSE,False,,4.0,3,,,,,,,,,,,,,,,,,,False,False,,,,,,,,,,,,,,,,,,,,,,,"up to $35,000",,Merit-based,FALSE,,,FALSE,FALSE,,,
,PhD in Aerospace Engineering & Engineering Mechanics,,,,,Doctoral,Fall 2026,,,,,,,,,,,True,True,,,,,,,,,,,,,,,,,,College of Engineering and Applied Science,,,,,,,,"['Dynamics and Control', 'Fluid Mechanics', 'Propulsion Systems', 'Solids and Structures']","Graduate students in the Aerospace Engineering and Engineering Mechanics doctoral program pursue research in the areas of Dynamics and Control, Fluid Mechanics, Propulsion Systems, and Solids and Structures. [4] These are the four key areas that present challenges and opportunities to shape the future of aerospace engineering and to bring societal benefit at large. [4] Often referred to as the Birthplace of Aviation, the Southwest Ohio area has long played an important role in aerospace history and technology. [4] The UC School of Aerospace Systems, which features the second-oldest Aerospace Engineering program in the country, has been at the forefront of aerospace technology since the early days of air and space travel. [4] The School of Aerospace Systems graduate programs have played pivotal roles in building this success by bringing together outstanding faculty, and the most talented students from around the world. [4] The School has a record of long-standing excellence. Now, more than ever, the School strives to deliver scientific discovery and technological innovation that will drive the future of aerospace engineering and more broadly will impact the related fields of energy, security, and health.",,https://www.uc.edu/,The University of Cincinnati and all regional campuses are accredited by the Higher Learning Commission. [4],,,FALSE,False,,4.0,3.0,,,,,,,,,,,,,,,,,,False,False,,,,,,,,,,,,,,,,,,,,,,,,,,FALSE,,,FALSE,FALSE,,,
,PhD in Anthropology,,,,,Doctoral,Fall 2026,,,,,,Not Required,REQUIRED,"The University of Cincinnati does not offer a PhD program in Anthropology. [4] The university offers a Master of Arts (MA) in Anthropology, which is designed to provide preparation for application to a PhD program at other institutions. [4]",,,False,False,True,True,False,False,,True,False,False,False,True,True,True,False,False,,,,College of Arts and Sciences,,,,,,,,,,,https://www.artsci.uc.edu/programs-degrees/masters/anthropology.html,,,,FALSE,False,,,,,,,,,,,,,,,,,,,,,False,False,,,110.0,112.0,,,6.5,,,54.0,,"80 (iBT), 600 (paper-based)",,,,,,,,,,,,,,FALSE,,,FALSE,FALSE,,,
,PhD in Architecture,,,,,Doctoral,Fall 2026,,,,,,,,,,,False,False,,,,,,,,,,,,,,,,,,"College of Design, Architecture, Art, and Planning",,,,,,,,"['history, theories, and criticism of architecture', 'interior design', 'urban design', 'historic preservation']","University of Cincinnati's Ph. D. Program in Architecture is a post-professional degree program of advanced theoretical studies in architecture with a focus on the acquisition of critical skills related to architectural production, both built and theoretical. [3] It is intended primarily for students already in possession of a graduate degree in architecture or a related field such as interior design, planning, or landscape architecture. [3] The Ph. D. program is an outgrowth of the university's longstanding MS Program in Architecture, whose focus has traditionally been on architectural history, theories, and criticism as they relate to architectural practice. [3] The program exposes students to a range of concepts in the field and fosters the ability to question and assess the built environment and the documents that relate to it. [3] The Ph. D. Program in Architecture prepares researchers, educators, and practitioners for advanced scholarly, pedagogic, and professional work in architecture and related fields. [3]",,https://www.uc.edu/,"University of Cincinnati's Ph. D. program in Architecture is not an accredited professional degree. [3] In the United States, most state registration boards require a degree from an accredited professional degree program as a prerequisite for licensure. [3] The NAAB, which is the sole agency authorized to accredit U.S. professional degree programs in architecture, recognizes three types of degrees: the bachelor of architecture, the master of architecture, and the doctor of architecture. [3]",,,FALSE,False,,,,,,,,,,,,,,,,,,,,,False,False,,,,,,,,,,,,,,,,,,,,,,,,10% to 100% of the tuition fee,"Merit-based, Need-based",FALSE,,,FALSE,FALSE,,,
,PhD in Art History,,,,,Doctoral,Fall 2026,,,,,,Not Required,REQUIRED,,,,False,False,True,True,False,False,,True,False,False,False,True,True,True,False,False,,,,"College of Design, Architecture, Art, and Planning","The graduate school tuition at University of Cincinnati-Main Campus is $14,902 for in-state and $26,674 for out-of-state students. [6]","$14,902/Year (In-State) or $26,674/Year (Out-of-State). [6]",,,,,,,,,https://www.uc.edu/,,,"The graduate tuition per credit hour is $662 for Ohio residents and $1,408 for out-of-state students. [6]",FALSE,False,,4.0,3,,,,,,,,,,,,,,,,,,False,False,,,110.0,112.0,,,6.5,,,54.0,,80,,,,,,,,,,,"Doctoral students receive competitive recruitment packages offering five years of financial support through scholarships, fellowships, and teaching assistantships. [2] The primary form of funding is a graduate assistantship, which includes a stipend and is accompanied by a full tuition scholarship. [29] A research fellowship of $2,000 is also available. [27]",,"Merit-based scholarships, fellowships, and teaching assistantships. [2]",FALSE,,,FALSE,FALSE,,,
,PhD in Biological Sciences,,,,,Doctoral,Fall 2026,,,,Not Required,Required,Optional,REQUIRED,"A completed application consists of: Official College Transcript; Completed online university application form which includes a statement of your Previous Research Experience (if applicable), a statement of your Personal Goals, AND the names of Potential Faculty Mentors. We expect students entering the program to be familiar with the fundamental principles of biological science. Usually students have majored in biology or one of its subdisciplines. Majors in chemistry, mathematics, computer science, or physics are acceptable, with a strong minor or concentration in biology. Students also should have completed the following courses by the time they enter the program: chemistry through organic or biochemistry; one year of physics; one year of mathematics through calculus. [3]",Not Required,,True,False,True,,False,False,,True,True,,True,True,True,False,False,False,,,,College of Arts & Sciences,,,,,,,,,,,https://www.uc.edu/,,,,FALSE,True,,4.0,,,,,,,,,,,,,,,,,,,False,False,,,,,,,,,,,,,,,,,,,,,,,,,Teaching Assistantships,FALSE,,,FALSE,FALSE,,,
,PhD in Biomedical Engineering,,,,,Doctoral,Fall 2026,,,,Optional,Optional,GRE,REQUIRED,"While specific requirements can vary by program, the University of Cincinnati provides a general checklist for graduate school applications. This typically includes a completed bachelor's degree from an accredited institution, any program-specific prerequisite coursework or professional experience, meeting GPA requirements (often a minimum of 3.0), 2-3 letters of recommendation, a personal statement, and a resume or CV. [4]",,,False,True,True,True,True,False,,True,False,False,False,True,True,False,False,False,,,,College of Engineering and Applied Science,"For all programs, there is a non-refundable $80.00 application fee that must be submitted with the University application.",,,,,,,"['Bioinformatics', 'Medical Imaging', 'Tissue Engineering/Biomechanics']","Why study Biomedical Engineering?
The University of Cincinnati's graduate degree in biomedical engineering combines faculty, resources and expertise from its prestigious Colleges of Engineering and Medicine. One of the few such interdisciplinary advanced degree programs in the country, the BME graduate program offers three different areas of specialization: Bioinformatics, Medical Imaging, and Tissue Engineering/Biomechanics. [4]

The field of biomedical engineering is expected to lead engineering employment growth in the next decade. The rate of increase of 26% is projected to be the largest of all engineering professions. [6] A degree in biomedical engineering can lead to a career in academia, industry, or government. [4, 6]",,https://www.uc.edu/,The University of Cincinnati and all regional campuses are accredited by the Higher Learning Commission. [4],,,FALSE,False,,,3.0,,,,,,,,,,,,,,,,,,False,False,,,110.0,,,,6.5,,,54.0,,92,,,,,,,,,,,"Research assistantships can provide a monthly stipend up to $25,000+ annually. Teaching assistantships can provide a bi-weekly stipend up to $25,000+ annually.",,"Graduate Incentive Scholarship (GIA), Research assistantship (RA), Teaching assistantship (TA)",FALSE,,,FALSE,FALSE,,,
,PhD in Business,,,,,Doctoral,Fall 2026,,,,,,Optional,REQUIRED,,,,False,False,True,True,False,False,,True,False,False,False,True,True,False,False,False,,,,Lindner College of Business,,"$26,894",,,,,,"['Accounting', 'Economics', 'Finance', 'Management', 'Marketing', 'Operations, Business Analytics, and Information Systems']","The primary mission of the Lindner PhD program is to train future business school faculty who not only teach in and across the disciplines in which they work, but also advance knowledge in those disciplines through the generation and conduct of original research. [7] That is a key reason why our PhD graduates go on to excel at both public and private business schools across the United States and around the globe. [7] The University of Cincinnati Lindner College of Business PhD Program is an apprenticeship-style model in which our students learn the history and current state of research in their area of concentration and then conduct original research in order to advance knowledge in their field and transfer that knowledge to others via teaching. [11] To ensure our doctoral students achieve these goals, they begin working closely with faculty members their first day in our program. [11]",,https://www.uc.edu/,The Lindner College of Business has been proudly Accredited by the Association to Advance Collegiate Schools of Business (AACSB) since 1919. [2] Less than one-third of U.S. business school programs and only 15% of business school programs worldwide meet the rigorous standards of AACSB accreditation. [2] The University of Cincinnati and all of its regional campuses are accredited by the Higher Learning Commission (HLC). [5],,,FALSE,False,,4.0,3.0,,,,,,,,,,,,,,,,,,False,False,,,110.0,,,,6.5,,,54.0,,80,,,,,,,,,,,,,assistantships and scholarships,FALSE,,,FALSE,FALSE,,,
,PhD in Cancer and Cell Biology,,,,,Doctoral,Fall 2026,,,,Not Required,Required,Optional,REQUIRED,"All required materials must be submitted online to the University of Cincinnati Graduate School. The application requires a completed form through the university's application management system, a $65 application fee ($70 for international applicants), a baccalaureate degree earned by July 1st, and at least one letter of recommendation. [1, 5] The admissions committee gives the greatest emphasis to the candidate's personal statement, research experience, letters of recommendation, and interviews. [2, 5]",Not Required,,True,True,True,True,False,False,,True,False,False,False,True,True,False,False,False,,,,,,,,,,,,,"Graduate training in Cell and Cancer Biology has a long history at UC. For many years, the Program was run by the Department of Cancer and Cell Biology. In 1994, the Program was expanded and is now truly interdisciplinary and interdepartmental, with participation from over 50 faculty members from multiple departments and divisions of UC as well as Cincinnati Children's Hospital Medical Center (CCHMC).",,https://www.uc.edu/,The University of Cincinnati and all regional campuses are accredited by the Higher Learning Commission. [5],,,FALSE,True,,,,,,,,,,,,,,,,,,,,,False,False,,,110.0,112.0,,,6.5,,,54.0,,80,,,,,,,,,,,,,,FALSE,,,FALSE,FALSE,,,
,PhD in Chemical Engineering,,,,,Doctoral,Fall 2026,,,,Optional,Required,Optional,REQUIRED,"For graduate admissions, applicants should generally have a bachelor's degree from a regionally accredited institution with at least a B average (3.0 GPA). [25] Applications are reviewed holistically. [25] For undergraduate admission, a comprehensive review includes grades, classes taken, and an essay. [22, 25] Math preparation is significant for many undergraduate programs. [25]",,,True,True,True,False,False,False,,True,,,,True,True,False,False,False,,,,College of Engineering and Applied Science,,"All students who apply by January 15th are automatically considered for financial aid. If you are accepted and granted financial aid, it will be stated in your offer letter. There is financial aid available for all of our programs (MEng, MS and Ph.D.). Students that apply after January 15th will be considered for financial aid if funds are still available. There are four types of financial aid. GIA – Graduate Incentive Scholarship. This is a scholarship that covers full or partial tuition costs for the student. Generally in the range of ~50% - ~90% of the tuition costs. [39]",,,,,,"['Biomolecular Engineering', 'Nanotechnology', 'Energy and Environment', 'Separations']","The Chemical Engineering program offers an average of 35 graduate courses a year in the four research areas of Biomolecular Engineering, Nanotechnology, Energy and Environment, and Separations. [13] The courses include, but are not limited to Air Pollution Engineering, Biotransformations and Biocatalysis, Bioengineering, Chemical Engineering Design and Green Engineering, Computational Chemistry and Molecular Modeling, Fuel Cells, Membrane Processes, Molecular Engineering and Functional Nanomaterials, Polymer Systems, Process Dynamics, Control and Optimization, Reaction Engineering and Catalysis for Energy and Fuels, Separation Processes, Tissue Engineering, and Transport Phenomena. [13]",,https://www.uc.edu/,"While the Bachelor of Science in Chemical Engineering program is accredited by the Engineering Accreditation Commission of ABET, the official program page for the PhD does not specify accreditation for the doctoral program itself. [2, 9] The University of Cincinnati and all its regional campuses are accredited by the Higher Learning Commission (HLC). [16]",,,FALSE,False,,4.0,3,,,,,,,,,,,,,,,,,,False,False,,,110.0,,,,6.5,,,47.0,,80,,,,,,,,,,,,100%,"Graduate Incentive Scholarship, Teaching Assistantships, Research Assistantships",FALSE,,,FALSE,FALSE,,,
,PhD in Chemistry,,,,,Doctoral,Fall 2026,,,,Required,Required,Not Required,REQUIRED,"Three letters of recommendation; CV/Resume; Personal statement of research interests (including area of proposed study such as organic, physical, etc.) and reason for wanting to attend the University of Cincinnati; International Students Only: Proof of English language proficiency such as TOEFL, IELTS, Duolingo, or PTE score submission; Unofficial transcripts of all colleges/universities attended. [5, 10]",Not Required,,True,False,False,False,False,False,,True,False,False,False,True,True,False,False,False,,,,College of Arts and Sciences,,,,,,,,"['Analytical', 'Biochemistry', 'Inorganic', 'Organic', 'Physical', 'Theoretical/Computational']","The PhD in Chemistry is a research-oriented doctoral program. The curriculum is composed of formal coursework, annual research talks, and research that culminates in a doctoral dissertation. [13] Students begin with qualification courses in the first year covering the core material of chemistry's subdivisions and later take advanced courses on the newest developments in the field. [13] The program emphasizes a balance between formal coursework and research experience, with a focus on preparing students for careers after graduation. [4] A key component of the program is the dissertation research project, where students conduct original research that contributes significantly to the knowledge in the field of chemistry. [13] The department offers a 4:1 student-to-faculty ratio, ensuring individual guidance, and provides excellent research facilities with opportunities for collaborative and interdisciplinary study. [4]",,https://www.uc.edu/,"The University of Cincinnati and all regional campuses are accredited by the Higher Learning Commission. [4, 14]",,,FALSE,True,,,,,,,,,,,,,,,,,,,,,False,False,,,,,,,7.0,,,61.0,,90,,,,,,,,,,,,,"Teaching assistantships, Research assistantships, Fellowships",FALSE,,,FALSE,FALSE,,,
,PhD in Civil Engineering,,,,,Doctoral,Fall 2026,,,,Not Required,Required,GRE,REQUIRED,"GRE - Required of all international students; GRE is exempt for students that earned a degree from an ABET accredited university (or equivalent accreditation) in the USA with a GPA of 3.0+
Transcript(s) and Degree Certificates (unofficial transcripts are used for admissions review, only admitted applicants submit official transcripts)
GPA minimum 3.0 or equivalent.
Statement of Purpose.
Two letters of recommendation.
International students - English Proficiency Test: TOEFL (minimum 92) or IELTS (minimum 6.5)",,,False,False,True,True,True,False,,True,False,False,False,True,True,False,False,False,,,,College of Engineering and Applied Science,,,,,,,,"['Infrastructure Design and Materials', 'Infrastructure System and Management']","These programs stress research and independent study in addition to course work, and lead to the Master of Engineering (MEng), the Master of Science (MS), or Doctor of Philosophy (PhD) degrees in civil engineering. The graduate program focuses on: Infrastructure Design and Materials, and Infrastructure System and Management. The courses and research encompass structural engineering, geotechnical engineering, transportation engineering, and construction engineering.",,https://www.uc.edu/,,,,FALSE,True,,,,,,,,,,,,,,,,,,,,,False,False,,,110.0,112.0,,,6.5,,,54.0,,92,,,,,,,,,,,,,,FALSE,,,FALSE,FALSE,,,
,PhD in Classics,,,,,Doctoral,Fall 2026,,,,,,Optional,REQUIRED,,,,True,True,False,False,False,False,,False,False,False,False,False,True,False,False,False,,,,College of Arts and Sciences,,,,,,,,"['Greek and Latin Language and Literature', 'Ancient History', 'Bronze Age Archaeology', 'Classical Archaeology']","The Department of Classics offers courses of study leading to the degree of Doctor of Philosophy in Classics, with opportunities for specialization in Greek and Latin language and literature, classical and pre-classical archaeology, and Greek and Roman history. [2, 3] Although candidates for the doctorate normally specialize in one of these areas, the individual classical disciplines are interdependent. [2, 3] Students are, therefore, required to complete a reasonable amount of work in every major field. [2, 3] Recipients of the doctoral degree are qualified to teach courses in Classics, western civilization and interdisciplinary courses. [2, 3] The course offerings are extensive. [2] Topics range from Bronze Age Greece to late Roman history, from Homer to later Latin literature. [2, 3] There is also the opportunity to work in other disciplines. [2, 3] Students interested in history or philosophy can take additional courses offered by the History and Philosophy Departments. [2, 3] Students in archaeology are encouraged to take special courses in the Anthropology Department and those in philology may also take courses in Romance or Germanic languages or in the English Department. [2] In addition, students can take courses in Near Eastern studies offered by Hebrew Union College. [2, 3]",,https://www.uc.edu/,The University of Cincinnati and all regional campuses are accredited by the Higher Learning Commission. [2],,,FALSE,False,,,,,,,,,,,,,,,,,,,,,False,False,,,,,,,,,,,,,,,,,,,,,,,,,,FALSE,,,FALSE,FALSE,,,
,PhD in Communication,,,,,Doctoral,Fall 2026,,,,Required,Required,Optional,REQUIRED,"Applicants to the PhD in Communication program at the University of Cincinnati must submit their application materials online. Admission is highly selective, requiring strong intellectual abilities and a dedicated commitment to research and praxis. Minimum qualifications include the completion of a master's degree in Communication or a related major from an accredited institution by the program start date, with a preferred graduate GPA of 3.2. International students for whom English is not their first language must submit an official IELTS score of 6.5 or higher, a TOEFL score of 75 or higher, or a Duolingo English test score of 110 or higher. [3] Preferred qualifications include a TOEFL score of 80 or higher or an IELTS score of 7.0 or higher. [3] The application deadline for full-time and part-time Fall semester admission is January 15th. [3] Spring semester admission is only available for part-time students, with an application deadline of October 15th. [3]",Required,,True,False,False,False,False,False,,True,True,False,True,True,True,False,False,False,,,,"School of Communication, Film, and Media Studies, College of Arts and Sciences",,,,,,,,"The program offers a PhD in Communication with an emphasis on social justice issues and communication solutions. [2, 3] Focus areas include: Organizational Communication and Public Relations, Media and Cultural Studies, Traditional and Digital Media Effects, Health and Environmental Communication, Interpersonal Communication and Leadership, Culture and Globalization, and Rhetorical, Interpretive, Critical, and Quantitative Methods. [4]","The School of Communication, Film, and Media Studies at the University of Cincinnati offers a PhD program in Communication with an emphasis on social justice issues and communication solutions. [3] This is a funded, four-year, full-time program that results in a doctorate in Communication. [2, 3] Students receive academic training in various approaches to communication and have the opportunity to make connections with social justice issues and organizations through built-in research externship experiences. [2] The program is designed for students trained in communication theories, research, and practice who want to apply their expertise to a career in academia, industry, or social work that deals with issues of social justice. [2] The program's vision is to create a community of scholars dedicated to the study and practice of communication, with a deep concern for social justice issues in the local community and their global applications. [2] To complete the program, students need to take 60 credits, which typically takes around four academic years. [2]",,https://www.uc.edu/,,,,FALSE,False,,,A graduate GPA of 3.2 is preferred. [6],,,,,,,,,,,,,,,,,,False,False,,,110.0,,,,6.5,,,54.0,,80,,,,,,,,,,,,,Graduate Assistantship,FALSE,,,FALSE,FALSE,,,
,PhD in Communication Sciences and Disorders,,,,,Doctoral,Fall 2026,,,,,,,,,,,False,False,,,,,,,,,,,,,,,,,,,,,,,,,,"['audiology', 'speech-language pathology', 'speech, language, and hearing science']","The University of Cincinnati Doctor of Philosophy (PhD) in Communication Sciences and Disorders allows students to specialize in audiology, speech-language pathology, or speech, language, and hearing science. [2] The PhD level of study emphasizes preparation for careers in college-level teaching, research and professional service. [2] PhD students are expected to complete course work in a major area of focus and to demonstrate, through a dissertation, contribution to knowledge in the areas of speech, language and hearing science, speech language pathology, or audiology. [2] Students must also complete coursework in pedagogical techniques, supervision and lab management, and grant-writing and are expected to engage in mentored teaching experiences. [2] Students have the opportunity to interact with doctoral-level faculty in Communication Sciences & Disorders, faculty in other departments and adjunct faculty in the community, who provide expertise and research mentoring in a wide variety of scientific and clinical aspects of communication sciences and disorders. [2] During the program, students will create an individualized plan of study in consultation with an advisor and academic committee. [2] This plan will constitute a road map for acquisition of expertise in the major area of focus as well as additional research and pedagogical skills. [2]",,https://www.uc.edu/,"The University of Cincinnati and all regional campuses are accredited by the Higher Learning Commission. [2] Undergraduate, research doctoral, and post-entry level clinical degree programs are not eligible for accreditation by the Council on Academic Accreditation in Audiology and Speech-Language Pathology (CAA). [9]",,,FALSE,False,,,,,,,,,,,,,,,,,,,,,False,False,,,,,,,,,,,,,,,,,,,,,,,,,,FALSE,,,FALSE,FALSE,,,
,PhD in Computer Science & Engineering,,,,,Doctoral,Fall 2026,,,,,,,,,,,False,False,,,,,,,,,,,,,,,,,,,,,,,,,,"['Artificial Intelligence', 'Bioinformatics', 'Computer Engineering', 'Computer Systems & Security', 'Database Systems', 'Graphics & Vision', 'Human-computer Interaction', 'Programming Languages, Compilers, and Software Engineering', 'Robotics', 'Theoretical Computer Science']","CSE offers Doctor of Philosophy degrees in Computer Science and in Computer Engineering, providing a research-oriented education in preparation for a research, industrial, or entrepreneurial career. These programs explore both the fundamental aspects and application of computation, spanning theory, software, hardware, and applications. [1]",,https://www.uc.edu/,,,,FALSE,False,,,,,,,,,,,,,,,,,,,,,False,False,,,,,,,,,,,,,,,,,,,,,,,,,,FALSE,,,FALSE,FALSE,,,
,PhD in Counseling,,,,,Doctoral,Fall 2026,,,,Required,Required,,,"Master's Degree in Counseling (required with a cumulative GPA of a 3.00 or higher from a regionally acredited institution) Master's degree in a Psychology or Social Work related field (an additional year of masters-level counseling coursework and additional clinical requirements are required during PhD program). [2] References (3 preferred, minimum of 1 required). [2] Goal Statement. [2] Unofficial Transcripts, both undergraduate and graduate degree, from all colleges/universities attended. [2] Curriculum Vita (CV). [2] Writing Sample. [2]",Required,,True,False,,,,,,,,,,,,,,,,,,,,,,,,,,"['Substance Abuse', 'School Counseling']","Lead innovation in Counseling by earning a PhD in Counselor Education! The Counselor Education Doctoral program, at the University of Cincinnati, offers a unique and interdisciplinary approach to conducting applied research in human-centered, evidence-based practices. The program is designed for individuals committed to the development of their research and teaching potential, in addition to developing skills that enable them to provide service and leadership for diverse populations, emphasizing underserved groups. Our Comprehensive Doctoral program, provides students with an opportunity to explore a specialization in various areas of interest, such as: Substance Abuse, School Counseling, and more. Graduates of the Counselor Education doctoral program are committed to developing their research and teaching potential, as well as gaining leadership and management skills that allow them to serve diverse populations.",,https://www.uc.edu/,,,,FALSE,False,,,,,,,,,,,,,,,,,,,,,False,False,,,,,,,,,,,,,,,,,,,,,,,,,,FALSE,,,FALSE,FALSE,,,
,PhD in Criminal Justice,,,,,Doctoral,Fall 2026,,,,,,,,,,,False,False,,,,,,,,,,,,,,,,,,"College of Education, Criminal Justice, and Human Services",,,,,,,,"['Criminal Justice', 'Criminology', 'Corrections', 'Policing', 'Crime Prevention']","The Criminal Justice doctoral program offers a unique and interdisciplinary approach by examining research and policies within the criminal justice systems. [8] In this program, students will gain the skills necessary to generate, utilize and critically examine research that can be applied to positions in higher education, leadership and research facilities. [8] Whether you aspire to a career in academia or agency-based research, the University of Cincinnati, as one of the top ranked programs in the nation, can help you reach your goals. [8] Our Doctor of Philosophy in Criminal Justice immerses students in a comprehensive curriculum designed to sharpen your analytical skills, hone your research acumen and foster a deep understanding of the complex issues within criminal justice. [8] The Criminal Justice faculty has devoted considerable time to designing a curriculum that will firmly ground doctoral students in the core of the discipline of criminal justice/criminology. [2] Our goal is to ensure that all University of Cincinnati graduates share a common, rigorous training that will prepare them for criminal justice and criminology research. [2] At the same time, through electives and dissertation research, students have the flexibility to develop expertise consistent with their unique interests. [2] On completion of the Ph. D., doctoral students will be well-versed in criminal justice, criminology, and research methods. [2]",,https://www.uc.edu/,The University of Cincinnati and all regional campuses are accredited by the Higher Learning Commission. [2],,,FALSE,False,,4.0,3.5,,,,,,,,,,,,,,,,,,False,False,,,,,,,,,,,,,,,,,,,,,,,,,"Merit-based, Need-based",FALSE,,,FALSE,FALSE,,,
,PhD in Economics,,,,,Doctoral,Fall 2026,,,,Optional,Optional,Optional,REQUIRED,"General requirements for graduate programs at the University of Cincinnati include holding a bachelor's degree from an accredited institution. [3] It is recommended that applicants have at least a B average in their undergraduate coursework. [3] The application process includes submitting an application, paying a fee, and providing unofficial transcripts from all colleges and universities attended. [3] Other common components, which vary by program, include letters of recommendation, a CV/Resume, a personal statement, and potentially official standardized test scores. [3] Proof of English proficiency is required for most international applicants. [3]",,,False,True,True,False,False,False,,True,False,False,False,True,True,True,False,False,,,,,,,,,,,,Economics,"The PhD in Economics program at the University of Cincinnati's Lindner College of Business provides a thorough grounding in the fundamental principles of economics, statistics, and mathematics. This is achieved through a sequence of core courses and specialized seminars. The program is designed to cultivate students' economic intuition and prepare them for careers in teaching and independent research as university professors. [17, 18] The curriculum is structured around four main components: required coursework, an independent research paper, a comprehensive examination, and a dissertation. [17] The program, which admits new students every other year, features small class sizes to facilitate close interaction with faculty. [18] The Economics concentration includes two semesters of microeconomic theory, two semesters of econometrics, one semester of macroeconomic theory, and one semester of mathematical economics. [17]",,https://www.uc.edu/,,,,FALSE,False,,,,,,,,,,,,,,,,,,,,,False,False,,,115.0,,,,6.5,,,47.0,,80,,,,,,,,,,,,,,FALSE,,,FALSE,FALSE,,,
,PhD in Educational Leadership,,,,,Doctoral,Fall 2026,,,,,,Not Required,REQUIRED,,,,False,False,True,False,False,False,,True,False,False,False,True,True,True,False,False,,,,"College of Education, Criminal Justice, and Human Services (CECH)",,,,,,,,"['Curriculum Studies and Teacher Education', 'Developmental and Learning Sciences', 'Educational and Community-Based Action Research', 'Educational Policy and Higher Education', 'Instructional Design and Technology', 'Literacy', 'Quantitative and Mixed Methods Research Methodologies', 'Second Language Studies', 'Special Education']","The Doctor of Philosophy (PhD) in Educational Studies at the University of Cincinnati is designed to equip students with the knowledge and skills needed to excel in the world of academia and education. [2] Our doctoral degree is specifically tailored to cultivate highly skilled educators who are poised to make a lasting impact in one or more high-demand areas of specialization such as educational policy or instructional design and technology. [2] Our comprehensive PhD in Educational Studies places a strong emphasis on rigorous scholarship, preparing you to conduct and disseminate cutting-edge research or improve school policy and curriculum. [2] The program's courses offer critical training, enabling you to pursue advanced knowledge in educational, social, and behavioral sciences. [2] Graduates will be prepared to research and make impactful change in whichever concentration they choose. [2]",,https://www.uc.edu/,The University of Cincinnati (UC) and all regional campuses are accredited by the Higher Learning Commission (HLC). [9],,,FALSE,False,,,3.2,,,,,,,,,,,,,,,,,,False,False,,,115.0,,,,6.5,,,47.0,,85,,,,,,,,,,,"The TEACH Grant provides up to $4,000 per year for eligible students. [28] Graduate research assistantships provide a stipend, but the amount is not specified. [22]",,The program offers graduate research assistantships and scholarships. [22] The TEACH Grant is also available. [28],FALSE,,,FALSE,FALSE,,,
,PhD in Educational Studies,,,,,Doctoral,Fall 2026,,,,Optional,Optional,Optional,REQUIRED,"Graduate program applicants must hold a bachelor's degree or higher from an accredited college or university. A 'B' average in undergraduate coursework is recommended. [3] The application process is holistic, considering the entire application portfolio. [6] Most programs require an online application, a non-refundable application fee, and unofficial transcripts from all previously attended institutions. [3] Letters of recommendation are also typically required. [2]",,,False,True,True,True,False,False,,True,False,False,False,True,True,True,False,False,,,,"College of Education, Criminal Justice, and Human Services",,,,,,,,"['Instructional Design and Technology', 'Literacy', 'Quantitative and Mixed Methods Research Methodologies', 'Second Language Studies', 'Special Education', 'Curriculum Studies and Teacher Education', 'Developmental and Learning Sciences', 'Educational and Community-Based Action Research', 'Educational Policy and Higher Education']","The Doctor of Philosophy (PhD) in Educational Studies astatine the University of Cincinnati is designed to equip students with the knowledge and skills needed to excel in the world of academia and education. [4] Our doctoral degree is specifically tailored to cultivate highly skilled educators who are poised to make a lasting impact in one or more high-demand areas of specialization such as educational policy or instructional design and technology. [4] Our comprehensive PhD in Educational Studies places a strong emphasis on rigorous scholarship, preparing you to conduct and disseminate cutting-edge research or improve school policy and curriculum. [2] The program's courses offer critical training, enabling you to pursue advanced knowledge in educational, social, and behavioral sciences. [2] Graduates will be prepared to research and make impactful change in whichever concentration they choose. [2]",,https://www.uc.edu/,The University of Cincinnati and all regional campuses are accredited by the Higher Learning Commission. [2],,,FALSE,False,,4.0,3.2,,,,,,,,,,,,,,,,,,False,False,,,110.0,112.0,,,6.5,,,62.0,,92-93 for Internet-based TOEFL; 237 for Computer-based TOEFL; 580 Paper-based TOEFL,,,,,,,,,,,,,"Graduate research assistantships, Scholarships",FALSE,,,FALSE,FALSE,,,
,PhD in Electrical Engineering,,,,,Doctoral,Fall 2026,,,,,Required,Optional,REQUIRED,GRE - Required of all international students; GRE is exempt for students that earned a degree from an ABET accredited university (or equivalent accreditation) in the USA with a GPA of 3.0+. Transcript(s) and Degree Certificates. GPA minimum 3.0 or equivalent. Two letters of recommendation.,,,True,False,False,False,False,False,,True,False,False,False,False,True,False,False,False,,,,,,,,,,,,,,,https://www.uc.edu/,,,,FALSE,True,,,,,,,,,,,,,,,,,,,,,False,False,,,,,,,6.5,,,,,92,,,,,,,,,,,,,,FALSE,,,FALSE,FALSE,,,
,PhD in Engineering Education,,,,,Doctoral,Fall 2026,,,,Required,Required,Not Required,REQUIRED,"Unofficial Transcript(s) and Degree Certificates. GPA of at least 3.0 in a Bachelor's or Graduate degree program in engineering, mathematics, or the physical sciences from a college or university regarded as standard by a regional or general accrediting agency. Research Statement - (1-3 pages) should describe your research interests (see below), with specific reference to the research area(s), engineering education research methodology, and focus area. You may choose to build on or tie in prior research experience. This statement is used by the faculty as an example of your writing, to help gauge your research interests and to identify a potential faculty match.",Required,,False,True,True,True,False,False,,True,False,False,False,True,True,False,False,False,,,,,,,,,,,,"['Higher Education in Engineering', 'Engineering Education in PreK-12', 'Engineering Industry and Workforce Development']","The University of Cincinnati's graduate degree in Engineering Education will prepare students to design and execute a research agenda that advances the knowledge base in engineering education, while in parallel advancing their expertise within a technical engineering discipline of their choice. [2] Students will be introduced to theories related to the teaching and learning of engineering, the applications of pedagogy and assessment, as well as develop advanced knowledge on research methods, including quantitative, qualitative, and mixed methods of inquiry. [2] Each student will specialize in one of three focus area options: higher education in engineering, engineering education in PreK-12 levels (formal and informal environments, for- or non-profit), or engineering industry and workforce development. [2] The program also has a strong emphasis on developing in-depth educational research skills and requires students to advance their level of expertise within their technical engineering discipline. [2]",,https://www.uc.edu/,The University of Cincinnati and all regional campuses are accredited by the Higher Learning Commission. [2],,,FALSE,False,,,,,,,,,,,,,,,,,,,,,False,False,,,110.0,112.0,,,6.5,,,54.0,,80,,,,,,,,,,,,,,FALSE,,,FALSE,FALSE,,,
,PhD in Engineering Mechanics,,,,,Doctoral,Fall 2026,,,,,Required,GRE,REQUIRED,GRE - Required of all international students; GRE is exempt for students that earned a degree from an ABET accredited university (or equivalent accreditation) in the USA with a GPA of 3.0+; Transcript(s) and Degree Certificates; GPA minimum 3.0 or equivalent; Statement of Purpose; Two letters of recommendation; International students - English Proficiency Test: TOEFL (minimum 92) or IELTS (minimum 6.5). [15],Not Required,,False,False,True,False,True,False,,True,False,False,False,True,True,False,False,False,,,,College of Engineering and Applied Science,,,,,,,,Engineering Mechanics,"The University of Cincinnati does not offer a standalone 'PhD in Engineering Mechanics'. However, it offers a 'Doctor of Philosophy (PhD) in Aerospace Engineering & Engineering Mechanics'. Graduate students in this doctoral program pursue research in areas including Dynamics and Control, Fluid Mechanics, Propulsion Systems, and Solids and Structures. The School of Aerospace Systems has a long-standing history and aims to drive the future of aerospace engineering and impact the related fields of energy, security, and health.",,https://www.uc.edu/,,,,FALSE,True,,4.0,3.0,,,,,,,,,,,,,,,,,,False,False,,,,,,310,,,,,,,,,,,,,,,,,"Up to $25,000+ annually",~50% - ~90% of tuition costs,"Graduate Incentive Scholarships (GIA), Research Assistantships (RA), and Teaching Assistantships (TA)",FALSE,,,FALSE,FALSE,,,
,PhD in English and Comparative Literature,,,,,Doctoral,Fall 2026,,,,Required,Required,Optional,REQUIRED,"All Graduate programs at the University of Cincinnati require an online application. You will be required to submit the following materials as part of the Online Application: (1) Letter of Intent: state academic goals and professional objective, recommended length of one to two pages double spaced. (2) Curriculum Vitae (3) Writing samples (4) Three letters of recommendation: Recommenders will submit letters through the Online Application system. (5) Unofficial Transcripts from all universities and/or colleges attended. [4, 1]",Required,,True,False,False,False,False,False,,True,,,,True,True,False,False,False,,,,,,,,,,,,,,,https://www.uc.edu/,,,,FALSE,False,,,,,,,,,,,,,,,,,,,,,False,False,,,110.0,,,,6.5,,,47.0,,80,,,,,,,,,,,,,,FALSE,,,FALSE,FALSE,,,
,PhD in Environmental Engineering,,,,,Doctoral,Fall 2026,,,,Required,Required,Optional,REQUIRED,"GRE is required for all international students, but it is waived for students who obtained a degree from an ABET-accredited university (or equivalent) in the USA with a GPA of 3.0 or higher. Applicants must provide unofficial transcripts from all previously attended colleges and universities for the initial review. The minimum required GPA is 3.0 or its equivalent. Additionally, two letters of recommendation are necessary. For international students, an English proficiency test is mandatory, with a minimum TOEFL score of 92 or an IELTS score of 6.5. [2]",Not Required,,False,False,True,True,False,False,,True,False,False,False,True,True,True,False,False,,,,,,,,,,,,"['air pollution control/air quality', 'water quality processes', 'hazardous waste engineering and management', 'environmental hydrology', 'environmental engineering management']","The Department of Biomedical, Chemical, and Environmental Engineering offers the degrees of Master of Science and Doctor of Philosophy in Environmental Engineering and Environmental Science. [3, 4] The environmental engineering and science programs offer specializations in air pollution control/air quality, water quality processes, hazardous waste engineering and management, environmental hydrology and environmental engineering management. [3, 4, 5] The mission of the Environmental Engineering program at the University of Cincinnati is to prepare our graduates to think critically and develop sustainable, ethical, engineering solutions that address complex environmental challenges faced by humanity. [9] Students in the department work together to create multidisciplinary solutions that address today and tomorrow's most pressing global problems. [11]",,https://www.uc.edu/,"The Environment Engineering graduate program is accredited at the advanced level by ABET. [3, 4, 5] The University of Cincinnati and all regional campuses are accredited by the Higher Learning Commission. [3]",,,FALSE,True,,,,,,,,,,,,,,,,,,,,,False,False,,,110.0,,,,6.5,,,54.0,,80,,,,,,,,,,,,,,FALSE,,,FALSE,FALSE,,,
,PhD in Environmental and Industrial Hygiene,,,,,Doctoral,Fall 2026,,,,Required,Required,Not Required,REQUIRED,You will need the following to complete your application: Contact Information. College(s) attended. Selection of your desired program. CV or resume. Statement of Purpose and objectives. Unofficial Transcripts for ALL higher education institutions attended. Three Letters of Recommendation from individuals familiar with your academic or professional background.,Not Required,,True,False,True,False,False,False,,True,False,False,False,True,True,False,False,False,,,,"Department of Environmental and Public Health Sciences, College of Medicine",,,,,,,,"['Industrial Hygiene', 'Occupational Ergonomics', 'Biomonitoring']","All students learn to anticipate, recognize, evaluate, and design programs and systems to control exposures in the environmental or occupational setting that are causing or may be expected to result in adverse human health effects.",,https://www.uc.edu/,,,,FALSE,True,,,3.0,,,,,,,,,,,,,,,,,,False,False,,,110.0,,,,6.5,,,54.0,,80,,,,,,,,,,,,,"Funding is available from sources including the National Institutes of Health (NIH), the National Institute for Occupational Safety and Health (NIOSH), and the Centers for Disease Control and Prevention (CDC). [22, 24]",FALSE,,,FALSE,FALSE,,,
,PhD in Epidemiology,,,,,Doctoral,Fall 2026,,,,Optional,Optional,Not Required,REQUIRED,"General application requirements for graduate programs at the University of Cincinnati include a bachelor's degree from an accredited institution, with a recommended 'B' average. Applicants must submit an application and pay a fee ($65 for domestic, $70 for international). Unofficial transcripts from all previously attended colleges and universities are required for the initial review process. After acceptance, official transcripts must be submitted. Other required documents vary by program but generally include letters of recommendation and, for international students, proof of English proficiency. [2]",Not Required,,True,True,True,True,False,False,,True,False,False,False,True,True,False,False,False,,,,College of Medicine,,,,,,,,,,,https://www.uc.edu/,,,,FALSE,False,,,,,,,,,,,,,,,,,,,,,False,False,,,110.0,112.0,,,6.5,,,54.0,,80,,,,,,,,,,,,,,FALSE,,,FALSE,FALSE,,,
,PhD in Experimental Medicine,,,,,Doctoral,Fall 2026,,,,,,Not Required,REQUIRED,,,,True,True,True,True,False,False,,True,False,False,False,True,True,False,False,False,,,,"College of Medicine, jointly administered by the Department of Pathology and Internal Medicine",0,Students receive complete tuition remission. [21],,,,,,,"The graduate program in Pathobiology & Molecular Medicine offers a course of study in biomedical research leading to a Ph.D. degree. The program is administered by two clinical departments: Pathology and Internal Medicine. Pathology is a branch of medical science concerning the study of the nature of human disease and its causes, whereas a medicine is concerned with therapeutic strategies to prevent or cure human diseases. Doctoral students in the Pathobiology & Molecular Medicine graduate program are exposed to each of these disciplines in a program of study that unites contemporary investigative research in biomedical sciences with an understanding of human disease and the challenges that face effective treatment.",,https://www.uc.edu/,The University of Cincinnati and all regional campuses are accredited by the Higher Learning Commission.,,,FALSE,False,,,3.0,,,,,,,,,,,,,,,,,,False,False,,,110.0,112.0,,,6.5,,,54.0,,80,,,,,,,,,,,"$30,000/year",,"Stipend, health insurance, and complete tuition remission. Additional fellowships like the Albert J. Ryan Fellowship and Provost Graduate Fellowship are also available.",FALSE,,,FALSE,FALSE,,,
,PhD in French,,,,,Doctoral,Fall 2026,,,,Required,Required,Not Required,REQUIRED,"A recent MA degree or its equivalent from an accredited college or university, preferably an MA in Spanish or French and a strong literary background.
A good foundation in Spanish or French language and literature.
A minimum GPA of 3.50.
GRE not required.
Curriculum Vitae (CV, resume, hoja de vida)
Three letters of recommendation, preferably from recent language or literature professors submitted through the UC online recommendation system.
Official transcripts from all colleges and universities attended.
A 500 word statement of purpose, preferably in the target language.
A writing sample in the target language. [9]",Required,,True,False,True,True,False,False,,True,False,False,False,True,True,True,False,False,,,,College of Arts and Sciences,,,,,,,,,,,https://www.artsci.uc.edu/humanities/romance-arabic-languages-literatures/academic-programs.html,,,,FALSE,False,,,,,,,,,,,,,,,,,,,,,False,False,,,110.0,,,,6.5,,,54.0,,80,,,,,,,,,,,,,,FALSE,,,FALSE,FALSE,,,
,PhD in Geography,,,,,Doctoral,Fall 2026,,,,Required,Required,GRE,REQUIRED,"Applicants to the PhD program should hold an MS or MA degree in geography or a related field. A minimum grade-point average (GPA) of 3.00 or foreign equivalent is required. The application requires the submission of unofficial transcripts from all undergraduate and graduate studies, three letters of recommendation, and official GRE scores. International applicants who do not hold a degree from a university in an English-speaking country are required to submit either TOEFL or IELTS scores. [3, 7, 10]",Optional,,False,False,True,True,True,False,,True,False,False,False,True,True,True,False,False,,,,College of Arts and Sciences,,,,,,,,"['GIScience', 'urban/economic', 'cultural', 'physical and environmental geography']","The Doctor of Philosophy in Geography is a 4-to-5-year graduate program that prepares students in geographic research and teaching. Our program is research-focused, and designed for students seeking a career in academia, and for public, private, and non-profit sector positions that require advanced research skills. [2] The PhD program is designed to prepare students for positions in college and university teaching and positions in the public and private sectors that require advanced research skills. [2] The program of study leads to: Broad knowledge of the discipline of geography; Broad knowledge of a subfield of geography and its literature; Specific expertise (deep knowledge) in the subfield. [2] PhD students must specialize in one of the research areas where the department has in-depth competence. These include GIScience, urban/economic, cultural, and physical and environmental geography. [10] Doctoral students complete required coursework within the department, including a mastery of at least one computer-based geographic technique (e.g. GIS, remote sensing, or computer cartography), quantitative methods, and a series of graduate seminars. [10] PhD students also complete coursework for a minor outside of geography. [10] Students demonstrate proficiency in a foreign language other than English or an approved computer science technique. [10] Students pass written comprehensive examinations demonstrating a broad mastery of the field and in their area of specialization, and pass an oral defense of their dissertation proposal. [10] Student then complete a dissertation embodying original research. [10]",,https://www.uc.edu/,The University of Cincinnati and all regional campuses are accredited by the Higher Learning Commission. [10],,,FALSE,False,,4.0,3,,,,,,,,,,,,,,,,,,False,False,,,105.0,112.0,,300 (verbal + quantitative),6.5,,,54.0,,"88 for internet-based TOEFL test (230 for computer-based test, 570 for paper-based test)",,,,,,,,,,,,,"fellowships, assistantships",FALSE,,,FALSE,FALSE,,,
,PhD in Geology,,,,,Doctoral,Fall 2026,,,,Not Required,Not Required,,,"An application must include: Online application for admission (a fee is required upon application submission), 3 letters of recommendation, and unofficial transcripts from all universities attended. Official transcripts are necessary only if accepted into the program. Official English language testing scores for international students (TOEFL, IELTS, Duolingo, and PTE accepted) are required. [2]",Not Required,,True,True,False,False,False,False,,False,False,False,False,False,False,False,False,False,,,,College of Arts and Sciences,,,,,,,,,"The Geosciences is a branch of the natural sciences that emphasizes the study of Earth systems and how they are connected. The Department of Geosciences has strong research groups in paleontology (paleontology and evolutionary paleoecology), Quaternary geology and geomorphology (glacial geology, flukevial, desert, and tectonic geomorphology), sedimentology and stratigraphy (sequence stratigraphy, geology of shales, and geochemical records of Earth history), tectonics (mountain building and volcanism), environmental geology (groundwater studies and landslide and seismic hazard mitigation), and biogeochemistry and global change (carbon cycling, isotope geochemistry, and impacts of climate change). The goal of the Department of Geosciences is to produce well-rounded graduate students who not only take part in advanced research, but also gain extensive field, laboratory, and teaching experience. [8]",,https://www.uc.edu/,"The University of Cincinnati and all regional campuses are accredited by the Higher Learning Commission. [8, 19]",,,FALSE,True,,,3.0,,,,,,,,,,,,,,,,,,False,False,,,,,,,,,,,,,,,,,,,,,,,,,"Teaching assistantships, research assistantships, tuition scholarships, endowed fellowships, and external grants",FALSE,,,FALSE,FALSE,,,
,PhD in German Studies,,,,,Doctoral,Fall 2026,,,,,,Not Required,REQUIRED,,,,False,False,True,True,False,False,,True,False,False,False,True,True,False,False,False,,,,,,,,,,,,,"The program in German Studies provides a comprehensive introduction to German language, literature, and culture, offering something for students ranging from those new to the study of the language to native speakers. [5] Regularly-taught courses address German culture, cinema, literature, and folk tales. [5] The course offerings of the department span the entire spectrum of German literature with an emphasis on 20th and 21st-century literary culture and film. [3] The department is strongly student-oriented, providing both theoretical and practical experience in the teaching of German language, literature, and culture. [3]",,https://www.uc.edu/,The University of Cincinnati and all regional campuses are accredited by the Higher Learning Commission. [3],,,FALSE,False,,,,,,,,,,,,,,,,,,,,,False,False,,,110.0,112.0,,,6.5,,,54.0,,80,,,,,,,,,,,,,,FALSE,,,FALSE,FALSE,,,
,PhD in Health and Rehabilitation Sciences,,,,,Doctoral,Fall 2026,,,,Required,Required,,,"Applicants must meet the following admission requirements:
- A baccalaureate or graduate degree in a field related to health or rehabilitation science.
- At least a B average (3.0/4.0 system) in all college work, or other evidence of promise that is judged satisfactory by the program and the Graduate School.
- Prior clinical or research experience in a field related to health or rehabilitation science (e.g. completed clinical rotations as an occupational therapy student; or worked as a research assistant in a rehabilitation research lab).
- Evidence of strong research interest, written & verbal communication skills, organization, problem solving, creative thinking and determination.
- Availability of a faculty mentor with expertise in the applicant's area of interest. Please see the roster of program faculty for descriptions of research areas and contact information. Prospective students are encouraged to contact potential faculty mentor(s) before applying.
- Transcripts of undergraduate and graduate course work.
- A current curriculum vitae.
- A statement of purpose (less than 1000 words) describing professional interests, career aspirations and research experience. Importantly, this statement must also describe how applicant research interests align with those of one or more of the program faculty.
- Three letters of recommendation from individuals with knowledge of the applicant's potential for success in a PhD program.
- Qualified applicants will also be required to participate in an interview.",Not Required,,True,False,,,,,,,,,,,,,,,,,,College of Allied Health Sciences,,"The most up-to-date information on Tuition & Program Fees can be found on the Bursar's webpages. [12, 14]",,,,,,,,,https://www.uc.edu/,,,,FALSE,True,,4.0,3,,,,,,,,,,,,,,,,,,False,False,,,,,,,,,,,,,,,,,,,,,,,,,Scholarships and Graduate Assistantships. [18],FALSE,,,FALSE,FALSE,,,
,PhD in History,,,,,Doctoral,Fall 2026,,,,,Required,Not Required,REQUIRED,"Applications for Ph. D. admission include: a 500-word, double-spaced statement of purpose; a substantive sample of work (research papers preferred, maximum of 50 pages; if you are excerpting a larger work, please provide a cover page explaining the selection and larger context); unofficial transcripts from any and all college and universities attended (see note below on unofficial transcripts and international transcripts); GRE General Test scores (optional); TOEFL/IELTS where applicable (see note below on language proficiency); [1]",Required,,True,True,True,True,False,False,,True,False,False,False,True,True,,False,False,,,,,,,,,,,,"['College and university teaching', 'New media and information technology', 'Public and applied history', 'Professional development']","The PhD in history prepares students for careers in college teaching, a wide range of positions in the field of public and applied history (museums, archives, federal government work, preservation, and editing), digital media, and publishing. Students gain expertise in conventional historical methods as well as web-based technologies. Depending on career goals and interests, students can also focus their degrees in one of four areas: college and university teaching, new media and information technology, public and applied history, or professional development.",,https://www.uc.edu/,,,,FALSE,False,,,,,,,,,,,,,,,,,,,,,False,False,,,110.0,112.0,,,6.5,,,54.0,,80,,,,,,,,,,,,,,FALSE,,,FALSE,FALSE,,,
,PhD in Immunology,,,,,Doctoral,Fall 2026,,,,,,,,,,,False,False,,,,,,,,,,,,,,,,,,College of Medicine,,,,,,,,,The Immunology Graduate Program at the University of Cincinnati and Cincinnati Children's Hospital aims to provide unparalleled training for the next generation of forward-thinking and innovative immunologists. Our program offers rigorous coursework and practical training in some of the world's most outstanding immunology laboratories within the U.S. News & World Report #1 ranked Cincinnati Children's Hospital. Our top-notch faculty's extensive experience in teaching and expertise in all areas of immunology provides the student with a well-rounded immunology training experience and preparedness for a future post-graduate career path in immunology.,,https://www.uc.edu/,The University of Cincinnati and all regional campuses are accredited by the Higher Learning Commission.,,,FALSE,False,,,3.0,,,,,,,,,,,,,,,,,,False,False,,,,,,,,,,,,,,,,,,,,,,,Full-tuition scholarship,100%,"Full-tuition scholarship, a nationally competitive stipend, and a health insurance plan",FALSE,,,FALSE,FALSE,,,
,PhD in Materials Science and Engineering,,,,,Doctoral,Fall 2026,,,,,,Not Required,REQUIRED,,,,True,True,True,False,False,False,,True,False,False,False,True,True,False,False,False,,,,College of Engineering and Applied Science,"In-state: $14,902/year, Out-of-state: $26,674/year","In-state: $14,902/year, Out-of-state: $26,674/year",,,,,,,"The Materials Science and Engineering department offers Doctor of Philosophy (PhD), Master of Science (M.S.), and Master of Engineering (MEng) degrees in Materials Science and Engineering (MSE). The PhD program comprises primarily the sub-fields of metals, polymers, and ceramics, together with composites, electronic, photonic, bio and functional materials. [7, 9] The research focus areas of the MSE program are diverse including additive manufacturing; high temperature and lightweight alloys; shape memory alloys; functional thin films, magnetic materials, polymer structures and interfacial properties, scattering theory and experiments; conducting polymers and composites; biomaterials; nano materials and nano photonics, carbon nanotubes and graphene, smart materials; soft matter; energy materials, and nano biomedicine. [7, 9] The Doctor of Philosophy (PhD) degree in the Materials Science and Engineering Program is a four to six-year program that entails two years of coursework and research and the remainder focused on a specific research project. [7] The PhD degree targets a career in research and development and/or teaching. [7]",,https://www.uc.edu/,The University of Cincinnati and all regional campuses are accredited by the Higher Learning Commission. [7],,"In-state: $662, Out-of-state: $1,408",FALSE,False,,4.0,3.0,,,,,,,,,,,,,,,,,,False,False,,,110.0,,,,6.5,,,47.0,,80,,,,,,,,,,,,,"Graduate Incentive Tuition Scholarship (GIA), Assistantships",FALSE,,,FALSE,FALSE,,,
,PhD in Mathematical Sciences,,,,,Doctoral,Fall 2026,,,,,,Not Required,REQUIRED,,,,False,False,True,True,False,False,,True,False,False,False,True,True,False,False,False,,,,,,,,,,,,,"TThe The DDoctorof PhPhDsophy (PhD) program in Mathematical Sciences represents achievement of a broad knowledge of the various branches of mathematics, of the ability to communicate mathematics in both written and oral form, and of a demonstrated creative ability in a particular branch of mathematics. The program prepares students for careers in academia and as professional mathematicians. Students have the opportunity to work with some of the world's leading experts in a variety of research areas. The Department has particular strength in the interrelated fields of analysis, partial differential equations, and probability. [2]",,https://www.uc.edu/,,,,FALSE,False,,,,,,,,,,,,,,,,,,,,,False,False,,,110.0,112.0,,,6.5,,,54.0,,80,,,,,,,,,,,,,,FALSE,,,FALSE,FALSE,,,
,PhD in Mechanical Engineering,,,,,Doctoral,Fall 2026,,,,,,GRE,REQUIRED,,,,True,True,True,True,True,False,,True,False,False,False,True,True,False,False,False,,,,,,,,,,,,"['Structural Dynamics and Acoustics', 'PHM, Intelligent Systems and Reliability Engineering', 'Advanced Manufacturing', 'Engineering Simulation and Applied Mechanics', 'Nano-Technology and Bio-Medical Engineering', 'Therma-Fluid and Enhanced Heat Transfer', 'Advanced Materials Research']",The Mechanical Engineering graduate program in the Department of Mechanical and Materials Engineering (MME) offers both MS and PhD degrees. The PhD degree requires the completion of a dissertation in addition to the course credit hour requirements and qualifying exams. Graduate level courses in core Mechanical Engineering areas as well as in emerging areas are offered. [2],,https://www.uc.edu/,,,,FALSE,False,,,,,,,,,,,,,,,,,,,,,False,False,,,110.0,112.0,,,6.5,,,54.0,,92,,,,,,,,,,,,,,FALSE,,,FALSE,FALSE,,,
,PhD in Medical Physics,,,,,Doctoral,Fall 2026,,,,,,GRE,REQUIRED,,,,True,True,True,True,True,False,,True,False,False,False,True,True,False,False,False,,,,,,,,,,,,,,,https://www.uc.edu/,,,,FALSE,False,,,,,,,,,,,,,,,,,,,,,False,False,,,110.0,112.0,,Not specified,6.5,,,54.0,,80,,,,,,,,,,,,,,FALSE,,,FALSE,FALSE,,,
,"PhD in Molecular, Cellular and Biochemical Pharmacology",,,,,Doctoral,Fall 2026,,,,Required,Required,GRE,REQUIRED,"Prospective students must have a baccalaureate degree from an accredited undergraduate institution and a strong background in the sciences. [2] Students are expected to have an overall GPA of at least 3.0, with particular emphasis placed on having excellent performance in the advanced science courses. [2] Before being considered, applicants must submit: An unofficial transcript of all undergraduate and any graduate training, a CV/resume, a personal statement, and one letter of reference (three are preferred). [2]",Optional,,True,False,True,True,True,False,,True,False,False,False,True,True,False,False,False,,,,,,,,,,,,,"Pharmacology is the study of the aphysical and chemical properties and mechanism of action of the biochemical substances (pharmacological agents) that regulate life processes. [1] Pharmacological agents may be drugs or natural regulatory substances including peptides, chemicals and gene products and transcription factors. The Molecular Pharmacology program is highly integrative and includes research specialization in the areas of molecular biology, biochemistry, cellular and subcellular biology, neurobiology, electrophysiology, cardiovascular biology, physiology, genetics, genomics and proteomics, bioinformatics, biomedical engineering, biophysics and structural biology. [1] Research projects typically employ approaches at the subcellular, cellular, organ and whole animal levels. The program is academically rigorous and students with a high level of achievement in biology, chemistry, pharmacology, biochemistry, physics, engineering or pharmacy are encouraged to apply. The Ph.D. program typically requires 4-5 years of study (no MS necessary). [1] Students primarily take didactic courses and rotate in research lab the first year (3 rotations required). Students participate in departmental and college seminars, journal clubs and begin their dissertation research work the second year, after qualification. [1]",,https://www.uc.edu/,,,,FALSE,True,,,,,,,,,,,,,,,,,,,,,False,False,,,110.0,112.0,,,6.5,,,54.0,,80,,,,,,,,,,,,,,FALSE,,,FALSE,FALSE,,,
,"PhD in Molecular Genetics, Biochemistry and Microbiology",,,,,Doctoral,Fall 2026,,,,Required,Required,Optional,REQUIRED,"Candidates for the doctoral program are expected to have a strong undergraduate background in biology, chemistry, physics and mathematics with an overall GPA of at least 3.2 on a 4.0 scale. [2] GREs are not required, but highly recommended. We will waive the GRE requirement for applicants who demonstrate a strong record in relevant STEM courses such as organic chemistry, biochemistry, physical chemistry, molecular genetics, etc and have attained an overall STEM GPA of >3.5. [2] Your references will be asked via email to submit a recommendation letter for you using the online submission system. [2] You will not need to provide them with any forms, but you WILL need to provide all of their contact information in your online application. [2] Transcripts for all College Level Work. [2]",Not Required,,True,True,False,False,False,False,,True,True,False,True,True,True,True,False,False,,,,College of Medicine,,Full remission of tuition,,,,,,"['Cancer Biology & Regenerative Medicine', 'Cardiovascular Biology and Biochemistry', 'Microbiology and Immunology', 'Structural Biology']","In modulates the Doctoral Program in Molecular Genetics, Biochemistry and Microbiology, academic requirements are divided into two areas: course work and dissertation research studies. [2] Students typically complete all necessary course work during Years 1 and 2 to allow them to focus their time on research during the remainder of their graduate studies. [2] Students should anticipate the completion of their graduate work in about five years of full-time study. [2] The minimum requirement for a doctoral degree from the University of Cincinnati is three years of full-time graduate study. [2] Eligibility for graduation requires a minimum of 90 graduate credits, the last 30 of which must be completed at the University of Cincinnati. [2] The program provides multiple laboratory opportunities in the molecular aspects of modern biomedical research, and is complemented by an extensive choice of courses across the disciplines of molecular genetics, biochemistry, microbiology, immunology, and bioinformatics. [1, 3] The research programs are developed in several focus areas namely: cancer biology and regenerative medicine, cardiovascular biology and biochemistry, microbiology and immunology, and structural biology. [1, 3] Many individual research programs directly impact questions of human biology and disease. [1, 3] Thus, the doctoral program offers diverse opportunities in research while integrating the fundamental knowledge base required for tomorrow's biomedical scientist, providing training and experience that is second-to-none. [1, 3]",,https://www.uc.edu/,,"$35,000 for the academic year 2024/2025",,FALSE,True,,,3.2,,,,,,,,,,,,,,,,,,False,False,,,110.0,,,,6.5,,,54.0,,80,,,,,,,,,,,"$35,000",100%,Stipend (or graduate assistantship),FALSE,,,FALSE,FALSE,,,
,PhD in Music,,,,,Doctoral,Fall 2026,,,,Required,Required,Not Required,REQUIRED,"Applicants to the PhD in Music at the University of Cincinnati's College-Conservatory of Music (CCM) must complete the university's graduate application and then submit pre-screening materials through the CCM's Acceptd portal. A 500-word personal statement is a required component of the university application. This statement should cover your degree objectives, a frank assessment of your professional and personal strengths and weaknesses, and any significant professional experiences or honors. The number of letters of recommendation varies by specific program, with some requiring two to three letters. Unofficial transcripts from all previously attended institutions are also required. Specific requirements for each specialization (Composition, Musicology, and Music Theory) are detailed on the Acceptd portal.",Required,,True,False,True,True,False,False,,True,False,False,False,True,True,False,False,False,,,,College-Conservatory of Music,"$16,258/Year","{'in-state': '$8,129/Term', 'out-of-state': None}",,,,,,Musicology,"The Ph.D. in music with an emphasis in musicology is designed to provide a comprehensive course of study in the history, literature and philosophy of music and related subject areas beyond the level required for the master’s degree. [22] The program trains students to contribute to scholarly and artistic fields as researchers, pedagogues, writers, future educational administrators, and musicians, emphasizing ethnographic, historical, and analytical methods for studying any musical tradition. [24] Students have opportunities to relate ethnomusicological research with performance or approaches from music theory, music education, music therapy, composition, and music production. [24] For Ph.D. students, the development of a ""cognate"" (a secondary area of specialization) is encouraged in disciplines outside of the conservatory. [24]",,https://www.uc.edu/,The University of Cincinnati and all regional campuses are accredited by the Higher Learning Commission. [6],,$813/Credit Hour,FALSE,False,,,3,,,,,,,,,,,,,,,,,,False,False,,,110.0,112.0,,,6.5,,,54.0,,80,,,,,,,,,,,up to full tuition,,"Talent-based, Merit-based",FALSE,,,FALSE,FALSE,,,
,PhD in Music Education,,,,,Doctoral,Fall 2026,,,,,,Not Required,REQUIRED,,,,False,False,True,True,False,False,,True,False,False,False,True,True,False,False,False,,,,College-Conservatory of Music,,,,,,,,,"The Doctor of Philosophy in Music Education is designed to prepare scholars, researchers, and leaders for positions in music teacher education, music education research, P-12 music teaching and leadership, and music education policy. [1] The coursework is interdisciplinary in nature, drawing on the expertise of the faculty at SMTD as well as cross-campus faculty in a wide array of specialties. Designed for students seeking the highest degree in the field, the PhD is a rigorous course of study culminating in a doctoral dissertation. [1] Two years of coursework are required. The core curriculum includes: music education, music theory, musicology. [1] Additional coursework can include theory, musicology, composition, performing arts technology or jazz studies. [1]",,https://www.uc.edu/,,,,FALSE,False,,,,,,,,,,,,,,,,,,,,,False,False,,,110.0,112.0,,,6.5,,,54.0,,80,,,,,,,,,,,,,,FALSE,,,FALSE,FALSE,,,
,PhD in Neuroscience,,,,,Doctoral,Fall 2026,,,,Required,Required,Not Required,REQUIRED,"Prospective students are expected to have a Bachelor's degree or above and have completed a curriculum that includes course work in some or all of these areas: biology, physics, mathematics, chemistry, psychology, neuroscience, and other appropriate scientific disciplines. Applicants are expected to have a minimum 3.0 GPA. The Committee evaluates research experience, past publications, letters of recommendation, personal and educational statements, and grades. [2]",Not Required,,True,False,True,True,False,False,,True,False,False,False,True,True,False,False,False,,,,College of Medicine,,Full tuition scholarships are provided to all admitted students in the PhD in Neuroscience program. [31],,,,,,"['Stress & Neuropsychiatric Disorders', 'Developmental Neurobiology', 'Pain', 'Sensory Neuroscience', 'Stroke & Neural Trauma', 'Metabolism & Obesity', 'Epilepsy', 'Cognitive Development', 'Motivation & Drugs of Abuse']","The Neuroscience Graduate Program at the University of Cincinnati was established in 1988 as an interdisciplinary program offering the PhD degree and now has more than 80 participating faculty members from 22 departments in the Colleges of Medicine, Pharmacy, and Arts & Sciences. [2] The program supports study in a wide range of Neuroscience-related research areas, including but not limited to neural development; neurobiology of addiction; biology of neurological diseases and neurodegeneration; neuroimaging; neuroendocrinology of stress, obesity and diabetes; and cognitive neuroscience. [10] Ph.D. Neuroscience students take lecture and laboratory courses; learn to read, understand, and present current scientific literature; develop and carry out substantial original research, and present their research at meetings and conferences, including the annual Neuroscience retreat each Spring. [3] During the first year, all students participate in a unique year-long Core Course that surveys current neuroscience. The subjects covered in lectures are accompanied by direct experience in the lab. [3] In addition to scholarship and laboratory training in high impact research within state-of-the-art facilities, the Neuroscience Graduate Program offers guidance and support for a wide range of professional careers. [2] Competitive stipends, tuition scholarships, and health insurance are provided to all admitted students. [2]",,https://www.uc.edu/,The University of Cincinnati and all regional campuses are accredited by the Higher Learning Commission. [10],,,FALSE,True,,,3.0,,,,,,,,,,,,,,,,,,False,False,,,110.0,112.0,,,6.5,,,54.0,,100,,,,,,,,,,,,,"Tuition scholarships, competitive stipends, and health insurance are provided to all admitted students. [31] Distinguished graduate fellowships are also available. [31]",FALSE,,,FALSE,FALSE,,,
,PhD in Nursing,,,,,Doctoral,Fall 2026,,,,,,Not Required,REQUIRED,"Applicants must have a bachelor's degree in nursing or a master's degree in nursing, or a master's degree in a health care-related field, and demonstrate the potential to develop new scientific knowledge related to nursing and/or health care.",,,True,False,True,True,False,False,,True,False,False,False,False,True,False,False,False,,,,College of Nursing,,,,,,,,,"The PhD in Nursing at the University of Cincinnati is a research-based doctoral program designed to prepare nurses for careers in research and higher education. The program's courses are structured to provide the foundation for a nursing research career, where students partner with faculty mentors in their area of research interest to develop a program of research that contributes to the creation of nursing knowledge. The curriculum focuses on scholarship and nursing research, with coursework heavily geared toward advanced scientific research principles, data analysis, and statistics. For full-time students, the initial two years are dedicated to coursework, while the third year is focused on independent research. The program can be completed on a full- or part-time basis.",,https://www.uc.edu/,"The baccalaureate, Master of Science in Nursing, Doctor of Nursing Practice, and post-graduate APRN certificate programs at the University of Cincinnati College of Nursing are accredited by the Commission on Collegiate Nursing Education (CCNE).",,,FALSE,False,,,,,,,,,,,,,,,,,,,,,False,False,,,110.0,112.0,,,6.5,,,,,80,,,,,,,,,,,35000,,Loan,FALSE,,,FALSE,FALSE,,,
,PhD in Pathobiology and Molecular Medicine,,,,,Doctoral,Fall 2026,,,,Not Required,Required,Not Required,REQUIRED,"Complete the UC Graduate Admissions Application, including: Personal Statement Essay; Transcript from an accredited college or university with at least a B average; Three letters of recommendation from people familiar with your academic record; International Applicants only: Proof of English language proficiency. [1]",Not Required,,True,False,True,True,False,False,,True,False,False,False,True,True,False,False,False,,,,College of Medicine,Full tuition remission,,,,,,,,"The graduate program in Pathobiology & Molecular Medicine offers a course of study in biomedical research leading to a Ph.D. degree. The program is administered by two clinical departments: Pathology and Internal Medicine. Pathology is a branch of medical science concerning the study of the nature of human disease and its causes, whereas machine is concerned with therapeutic strategies to prevent or cure human diseases. Doctoral students in the Pathobiology & Molecular Medicine graduate program are exposed to each of these disciplines in a program of study that unites contemporary investigative research in biomedical sciences with an understanding of human disease and the challenges that face effective treatment.",,https://www.uc.edu/,The University of Cincinnati and all regional campuses are accredited by the Higher Learning Commission. [2],,,FALSE,True,,4.0,3.0,,,,,,,,,,,,,,,,,,False,False,,,110.0,112.0,,,6.5,,,54.0,,80,,,,,,,,,,,"$30,000/year stipend",100%,"Fellowship, Stipend",FALSE,,,FALSE,FALSE,,,
,PhD in Pharmacology and Systems Physiology,,,,,Doctoral,Fall 2026,,,,Required,Required,Optional,REQUIRED,"Prospective students must have a baccalaureate degree from an accredited undergraduate institution and a strong background in the sciences. Students are expected to have an overall GPA of at least 3.0, with particular emphasis placed on having excellent performance in the advanced science courses. [1]",Optional,,True,False,True,False,False,False,,True,,,,True,True,False,False,False,,,,"College of Medicine, Department of Pharmacology and Systems Physiology",,Full tuition scholarship,,,,,,,"Our doctoral (PhD) degree program is designed to provide training for the next generation of scientists, innovators and leaders in pharmacology and physiology. [3] Students will engage in a contemporary curriculum including thesis research training in faculty-mentored research programs. [3] Alumni of our training program have advanced to successful careers in academia, industry, and governmental organizations. [3] Faculty research programs offer students a wide array of choices for thesis research projects. [3] These research programs involve mechanistic and quantitative aspects of potential and established drug targets, analysis of normal and pathological physiological processes, and development of new biotechnologies for high-impact disease interventions through the use of state-of-the-art biotechnology and pharmacological methods. [3] Student thesis projects may include mechanistic and computational analyses of: cardiovascular biology; neurobiology; chronobiology; metabolic biology; immunology; membrane transport; molecular pharmacology of proteins/enzymes; molecular biology of hormones, enzymes, ion channels, & regulatory proteins; cancer biology; environmental toxicology; translational approaches; protein chemistry & structural biology; gene therapy; stem cell therapy; etc. [3] A variety of approaches from single molecules to entire organisms are used to study mechanisms in health and disease. [3]",,https://www.uc.edu/,,,,FALSE,True,,,,,,,,,,,,,,,,,,,,,False,False,,,115.0,,,,6.5,,,53.0,,79,,,,,,,,,,,,,Fellowship,FALSE,,,FALSE,FALSE,,,
,PhD in Pharmacy,,,,,Doctoral,Fall 2026,,,,Required,Required,Not Required,REQUIRED,"Applicants with an undergraduate degree in chemistry, biology, engineering, or related fields from a regionally accredited institution are eligible to apply for our full-time, research-intensive PhD program in Pharmaceutical Sciences. [11] Similarly, those with a completed professional degree like PharmD, MD, or DVM also meet eligibility requirements. [11] Interested applicants can directly apply without prior completion of an MS degree. [11] Admission to our competitive program, which offers supervised, full-time research training, is based on a selective process. [11] Three letters of recommendation are required, and we strongly recommend that applicants seek letters from individuals who can provide insights into their research experience. [11]",Not Required,,True,False,True,False,False,False,,True,False,False,False,False,True,False,False,False,,,,College of Pharmacy,,,,,,,,"['Biomembrane Sciences Track', 'Experimental Therapeutics Track', 'Health Outcomes Track']","The PhD in Pharmaceutical Sciences program is designed to inspire and challenge, with a comprehensive curriculum that combines cutting-edge coursework with advanced research. Students can delve into captivating areas such as pioneering drug development, unraveling the intricate impact of medications on the body, exploring breakthrough drug delivery techniques, and maximizing the therapeutic potential of medications for optimal patient outcomes. Flexible scheduling options are available, including online and in-person formats, allowing students to tailor their learning experience. The program aims to train interdisciplinary scholars in pharmaceutical sciences, economics, business, and quantitative analysis. By conducting research in this emerging field, students develop expertise that can improve patient health.",,https://www.uc.edu/,"The University of Cincinnati and all regional campuses are accredited by the Higher Learning Commission. [2, 11]",,,FALSE,True,,,,,,,,,,,,,,,,,,,,,False,False,,,110.0,,,,,,,,,90,,,,,,,,,,,,,,FALSE,,,FALSE,FALSE,,,
,PhD in Philosophy,,,,,Doctoral,Fall 2026,,,,Not Required,Required,,REQUIRED,"Required application materials as part of the online application include the following: A writing sample. A statement of purpose. Three letters of recommendation. Undergraduate (and if applicable, graduate) transcript(s). [6]",Required,,False,True,True,False,False,False,,True,False,False,False,True,True,False,False,False,,,,,,,,,,,,"['Traditional Track', 'Sciences Track']"," The Philosophy Department curriculum covers most areas in contemporary philosophical problems as well as most of the major periods in the history of philosophy. [2] The department is especially strong in philosophy of mind and philosophy of the life sciences. [2] The Ph.D. program in Philosophy offers two tracks, the Traditional Track and the Sciences Track. [2] Students in the Sciences Track do graduate work in a science and write an interdisciplinary dissertation. [2] The graduate program is a relatively small one which allows close working relationships between faculty and graduate students. [2] In recent years, the ratio of faculty to funded graduate students has been nearly one to one. [2] Distinguished visiting speakers are brought to the department on a regular basis. [2] The department hosts an annual colloquium, which brings in up to a dozen scholars focused on a specific theme. [2]",,https://www.uc.edu/,"The University of Cincinnati and all regional campuses are accredited by the Higher Learning Commission. [2, 14]",,,FALSE,False,,,,,,,,,,,,,,,,,,,,,False,False,,,110.0,,,,6.5,,,47.0,,80,,,,,,,,,,,,,,FALSE,,,FALSE,FALSE,,,
,PhD in Physics,,,,,Doctoral,Fall 2026,,,,,,Optional,REQUIRED,,,,False,False,True,True,False,False,,True,False,False,False,True,True,False,False,False,,,,College of Arts and Sciences,,,,,,,,,"The University of Cincinnati has a long and distinguished tradition of research and graduate education – it was the first institution west of the Appalachian Mountains to offer a PhD degree in physics. [2] The physics graduate program emphasizes cutting edge research and education, resulting in orginal published work, and preparing our students for university, national lab, or industrial/corporate employment. [3, 6] The graduate program focuses mainly on the PhD. [7] Graduate students play a key role in the research and teaching missions of the Physics Department, and work closely with faculty advisors. [2] Physics faculty work closely with graduate students, mentoring them in a variety of areas, including condensed matter, high energy, and particle physics, astrophysics, physics education, etc. [3, 6] In addition to the research areas inside the department, interdisciplinary options in chemistry, medical imaging, physics education, and engineering are available. [7]",,https://www.uc.edu/,,,,FALSE,False,,,,,,,,,,,,,,,,,,,,,False,False,,,110.0,112.0,,,6.5,,,54.0,,80,,,,,,,,,,,"$27,000/year",,awards which cover both tuition and living expenses,FALSE,,,FALSE,FALSE,,,
,PhD in Political Science,,,,,Doctoral,Fall 2026,,,,,Required,Not Required,REQUIRED,Transcripts from all undergraduate and graduate work; Three letters of recommendation; A statement of purpose explaining why you have decided to pursue graduate education in political science and specifically addressing how your interests fit with those of the department faculty. [2],,,False,True,True,True,False,False,,True,False,False,False,True,True,False,False,False,,,,School of Public and International Affairs,,"$14,902 per year for Ohio residents, $26,674 per year for out-of-state students.",,,,,,Feminist Comparative and International Politics,"The PhD in Political Science prepares students for careers in education and research at the university level. We make every effort to ensure our doctoral students receive the breadth and depth of training that will enable them to excel as leaders in the discipline. We strive to create a demographically and ideologically diverse student body within our graduate program. [1] Students pursuing the Ph.D. in political science at UC's School of Public and International Affairs select two of the following major fields of study: American Politics, Comparative Politics, International Relations, or Research Methodology. [2] The Political Science Ph.D. program prepares students for careers in research, teaching, public policy, government, or international organizations. [2] Recent graduates work in the US and internationally in colleges and universities, governments, and research firms. [2]",,https://www.uc.edu/,The University of Cincinnati and all regional campuses are accredited by the Higher Learning Commission. [2],,"$662 for Ohio residents, $1,249 for out-of-state students.",FALSE,False,,,3.0,,,,,,,,,,,,,,,,,,False,False,,,110.0,112.0,,,6.5,,,54.0,,80,,,,,,,,,,,,,"Graduate Assistantships, tuition scholarships",FALSE,,,FALSE,FALSE,,,
,PhD in Psychology,,,,,Doctoral,Fall 2026,,,,Required,Required,Not Required,REQUIRED,"To submit an application for the Psychology program, please visit our Admissions Requirements page and complete the UC Graduate Admissions Application. [2] The application deadline for Fall enrollment is December 5th. [2] Required materials include: a Bachelors degree (psychology major preferred), a minimum of 16 semester credit hours (or 24 quarter credit hours) in non-introductory undergraduate psychology courses, at least one course in research methods in the behavioral or social sciences, at least one course in statistical methods, 3 letters of recommendation, a Personal Statement, a current CV or resume, and unofficial transcripts. [2, 3] Previous research experience is strongly recommended. [2]",Not Required,,True,False,True,True,False,False,,True,False,False,False,True,True,True,False,False,,,,College of Arts and Sciences,,,,,,,,"['Clinical Psychology', 'Behavioral Science']","The University of Cincinnati Department of Psychology trains doctoral-level researchers, primarily in the areas of health psychology, behavioral and human factors, and neuropsychology. [2] Additionally, prospective students with interests outside these areas may apply for admission if their interests correspond closely to those of at least one faculty member. [2] Students are admitted to the program to work with a specific faculty mentor. [2] Mentors are responsible for ensuring students are actively engaged in research from the beginning of graduate school and that this work leads successfully to a dissertation. [2] Our goal is to train students to compete effectively for positions in a broad variety of settings. [2] We provide extensive professional development opportunities during doctoral training. [2]  Students in the clinical program are expected to develop expertise in both research and clinical practice. Graduates of the program hold faculty positions in colleges and universities, research positions in hospitals and research institutes, and clinical positions in community mental health centers, industry, and penal systems or have independent practices. [15]",,https://www.uc.edu/,"The University of Cincinnati and all regional campuses are accredited by the Higher Learning Commission. [2] The Clinical Psychology track of our program has been continuously accredited by the Commission on Accreditation of the American Psychological Association, 750 First St. NE, Washington, DC 20002-4242, since 1948. [15]",,,FALSE,False,,,3.0,,,,,,,,,,,,,,,,,,False,False,,,120.0,112.0,,,6.5,,,54.0,,80,,,,,,,,,,,,,,FALSE,,,FALSE,FALSE,,,
,PhD in Public Health,,,,,Doctoral,Fall 2026,,,,Required,Required,Not Required,REQUIRED,"In addition to a completed application and fee, the following are required: CV or resume, a Statement of Purpose, and unofficial transcripts for all higher education institutions attended. Three letters of recommendation are also required. For PhD applicants specifically, information about prior research experience (on average, in hours per week for the past year) is needed. [10]",Optional,,False,False,True,,False,False,,True,False,False,False,True,True,,False,False,,,,College of Medicine,,,,,,,,"['Epidemiology', 'Environmental & Industrial Hygiene', 'Environmental Genetics & Molecular Toxicology', 'Occupational Safety & Ergonomics']","The Department of Environmental & Public Health Sciences offers several doctoral programs. The Epidemiology program focuses on the study of the distribution and determinants of disease and injury in human populations, with an emphasis on environmental, occupational, clinical, quantitative, community, molecular and genetic epidemiology. [2] The Environmental & Industrial Hygiene and Occupational Safety & Ergonomics programs teach students to anticipate, recognize, evaluate, and design programs to control harmful exposures in environmental or occupational settings. [2] The Environmental Genetics & Molecular Toxicology program's curriculum highlights the genetic and molecular mechanisms that underlie diseases related to the environment. [2]",,https://www.uc.edu/,The Council on Education for Public Health (CEPH) accredits the public health programs at the University of Cincinnati. [9] The University of Cincinnati is also accredited by the Higher Learning Commission. [5],,,FALSE,True,,4.0,3.0,,,,,,,,,,,,,,,,,,False,False,,,110.0,,,,6.5,,,54.0,,80,,,,,,,,,,,,,Graduate Assistantship,FALSE,,,FALSE,FALSE,,,
,PhD in Romance Languages and Literatures,,,,,Doctoral,Fall 2026,,,,Required,Required,Not Required,REQUIRED,"Admission Requirements

A- A recent MA degree or its equivalent from an accredited college or university, preferably an MA in Spanish or French and a strong literary background;

- A good foundation in Spanish or French language and literature;

- A minimum GPA of 3.50;

- GRE not required;

- Curriculum Vitae (CV, resume, hoja de vida);

- Three letters of recommendation, preferably from recent language or literature professors submitted through the UC online recommendation system;

- Official transcripts from all colleges and universities attended;

- A 500 word statement of purpose, preferably in the target language;

- A writing sample in the target language;

- For non native English speakers: TOEFL scores, the minimum: 520 (paper),190 (computer), or 80 (internet);

- Oral English Proficiency Test administered by UC before being allowed to teach.",Required,,True,False,True,True,False,False,,True,False,False,False,True,True,True,False,False,,,,College of Arts and Sciences,,,,,,,,Spanish literature & cultural studies and Latin American literature & cultural studies,"Ph. D. students are encouraged to develop their own particular doctoral curriculum according to their fields of interest and to the topic of their dissertation. At the Ph. D. level, we teach and model the complex critical and theoretical skills necessary to conduct literary research. [2] With our nationally recognized language-instructor training and our careful mentoring in research methods, we prepare doctoral students for success in college-level teaching positions; our placement rate is excellent. [2]",,https://www.uc.edu/,The University of Cincinnati and all regional campuses are accredited by the Higher Learning Commission. [2],,,FALSE,False,,,3.5,,,,,,,,,,,,,,,,,,False,False,,,110.0,112.0,,,6.5,,,54.0,,80,,,,,,,,,,,,,"Graduate Assistantships, which include a stipend and a full or partial tuition scholarship.",FALSE,,,FALSE,FALSE,,,
,PhD in Sociology,,,,,Doctoral,Fall 2026,,,,Required,Required,,REQUIRED,"Admission requirements for the PhD in Sociology at the University of Cincinnati include unofficial or official transcripts from all undergraduate and any M.A. or M.S. degree programs, a resume or curriculum vitae, and a statement of purpose. Applicants must also submit a sample of their best academic writing and three letters of recommendation. The university requires a minimum GPA of 3.0, but this can be waived if the Department and Graduate School agree.",Required,,True,False,True,False,False,False,,True,False,False,False,False,True,False,False,False,,,,,,,,,,,,,"The Doctor of Philosophy in Sociology provides training in theory and research methods beyond the MA. The department at UC is a vibrant intellectual space, centered in the multiple research projects of our faculty members and students. We specialize in the study of social inequality, specifically in the areas of community and urban sociology, health and medicine, race and ethnicity, and gender and sexuality. We encourage prospective graduate students interested in these issues to join us! [5] The PhD program provides both teaching and research experience for students in the course of their graduate work. Most graduates get academic jobs, but some choose research-oriented jobs in government or the private sector. [5]",,https://www.uc.edu/,"The University of Cincinnati and all regional campuses are accredited by the Higher Learning Commission. [5, 11]",,,FALSE,False,,,,,,,,,,,,,,,,,,,,,False,False,,,,,,,,,,,,,,,,,,,,,,,,,,FALSE,,,FALSE,FALSE,,,
,PhD in Spanish,,,,,Doctoral,Fall 2026,,,,Required,Required,Not Required,REQUIRED,"A recent MA degree or its equivalent from an accredited college or university, preferably an MA in Spanish or French and a strong literary background.
A good foundation in Spanish or French language and literature.
A minimum GPA of 3.50.
GRE not required.
Curriculum Vitae (CV, resume, hoja de vida)
Three letters of recommendation, preferably from recent language or literature professors submitted through the UC online recommendation system.
Official transcripts from all colleges and universities attended.
A 500 word statement of purpose, preferably in the target language.
A writing sample in the target language.",Required,,True,False,True,False,False,False,,True,False,False,False,False,True,True,False,False,,,,"College of Arts and Sciences, Department of Romance and Arabic Languages and Literatures",,,,,,,,"['Spanish Literature and Cultural Studies', 'Latin American Literature and Cultural Studies']","The PhD program in Romance Languages and Literatures with a specialization in Spanish aims to train versatile scholars and experienced teachers. It is a pioneer in accepting creative dissertations alongside research-based ones and prepares doctoral students for success in college-level teaching or other professional opportunities. The program is committed to fostering interdisciplinary and cross-cultural exchanges and conversations on current European, Francophone, and Latin American issues.",,https://www.uc.edu/,,,,FALSE,False,,,3.5,,,,,,,,,,,,,,,,,,False,False,,,125.0,,,,7.0,,,,,80,,,,,,,,,,,,,Teaching Assistantships,FALSE,,,FALSE,FALSE,,,
,PhD in Special Education,,,,,Doctoral,Fall 2026,,,,,,Optional,REQUIRED,,,,True,True,True,True,False,False,,True,False,False,False,True,True,True,False,False,,,,,,,,,,,,Special Education,"In the Special Education concentration within the Educational Studies Ph.D. program, doctoral students learn via a host of hands-on experiential opportunities, including: Working with students of all ages with mild disabilities in urban, suburban and rural school districts in the K-12 setting and across all academic subjects; Participating in inter-disciplinary research with other fields such as school, cognitive, clinical and community psychology, as well as speech and language pathology; Partnering with organizations like Cincinnati Children's Hospital, Su Casa and the Greater Islamic Center of Cincinnati; Collaborating with researchers focused on behavior interventions in K-12 and post-secondary settings; Assisting students with mild disabilities as they transition to post-secondary settings.",,https://www.uc.edu/,,,,FALSE,False,,,,,,,,,,,,,,,,,,,,,False,False,,,110.0,112.0,,,6.5,,,54.0,,80,,,,,,,,,,,,,,FALSE,,,FALSE,FALSE,,,
,Doctor of Audiology (AuD),,,,,Doctoral,Fall 2026,,,,,,Not Required,REQUIRED,,,,True,True,False,False,False,False,,True,False,False,False,True,True,False,False,False,,,,,,,,,,,,,"TThe Doctor of Audiology (AuD) program at the University of Cincinnati is a three-year (nine-semester), full-time doctoral program designed to prepare students for careers as audiologists. [3, 9] The curriculum involves an in-depth study of hearing and balance disorders, combined with practical clinical experience starting from the first semester. [3] Coursework covers the full professional scope of practice, including topics like anatomy and physiology, assessment of hearing and balance, hearing aids, implantable hearing devices, and habilitative audiology. [3] The program culminates in a one-year, full-time clinical externship. [3] Students also have opportunities for unique experiences, such as international service trips and the option to pursue a certificate in animal audiology through the FETCHLAB. [3] Upon completion, graduates are prepared to work with patients of all ages in various settings, including private practices, hospitals, schools, and governmental agencies. [3]",,https://www.uc.edu/,"The Doctor of Audiology (Au.D.) education program in audiology at the University of Cincinnati is accredited by the Council on Academic Accreditation in Audiology and Speech-Language Pathology (CAA) of the American Speech-Language-Hearing Association. [5] Additionally, the University of Cincinnati and all its regional campuses are accredited by the Higher Learning Commission (HLC). [3, 12]",,,FALSE,False,,,,,,,,,,,,,,,,,,,,,False,False,,,110.0,,,,6.5,,,54.0,,100,,,,,,,,,,,,,,FALSE,,,FALSE,FALSE,,,
,Doctor of Education (EdD) in Urban Educational Leadership,,,,,Doctoral,Fall 2026,,,,,,Not Required,REQUIRED,,,,True,True,True,False,False,False,,True,False,False,False,False,True,True,False,False,,,,"College of Education, Criminal Justice, and Human Services",,,,,,,,"['K-12 Education', 'Higher Education']","The Doctor of Education in Urban Educational Leadership program at the University of Cincinnati is dedicated to nurturing visionary educational leaders who possess the critical thinking and reflective skills needed to address complex issues in educational leadership and policy. [2] Our curriculum delves into these challenges at various levels of education, from local to state to federal, ensuring our students are well-equipped to make a difference. [2] In today's ever-evolving educational landscape, leaders, policymakers and administrators face an increasing array of challenges, many of which are closely tied to issues of equity and social justice. [2] The Urban Educational Leadership Ed. D. is a new online advanced degree at the University of Cincinnati designed for experienced educators and seasoned leaders who are passionate about revolutionizing education leadership. [2] Through the Urban Educational Leadership Ed.D. program, students will not only expand their expertise but can also opt for one of two specialized concentrations: K-12 Education or Higher Education. [2] Graduates will emerge with a profound understanding of best practices that promote equity and diversity in all aspects of education, positioning them as influential leaders in this ever-changing landscape. [2]",,https://www.uc.edu/,CAEP Accreditation [2],,,FALSE,False,,,3.2,,,,,,,,,,,,,,,,,,False,False,,,125.0,,,,7.0,,,,,90,,,,,,,,,,,,,Many students who are accepted into this program receive partial or complete funding towards this program.,FALSE,,,FALSE,FALSE,,,
,Doctor of Medicine (MD),,,,,Doctoral,Fall 2026,,,,Not Required,Required,Not Required,NOT REQUIRED,"To be eligible for admission to the University of Cincinnati College of Medicine, applicants must be a U.S. citizen or permanent resident. A minimum of 90 semester hours from an accredited U.S. four-year institution is required. Applicants should have a strong foundation in the sciences, with coursework typically including one-year courses in biology, general and organic chemistry, physics, and mathematics. Coursework in the social, cultural, and behavioral sciences is also highly recommended. [2] All applications must be submitted through the American Medical College Application Service (AMCAS). [5] A complete application includes the AMCAS application, a UC On-Line Secondary Application, letters of recommendation, and MCAT scores. [5]",Not Required,,False,False,False,False,False,False,,False,False,False,True,False,False,False,True,False,,,,,,,,,,,,,"The University of Cincinnati College of Medicine's website does not provide a centralized, comprehensive description of the Doctor of Medicine (MD) program's objectives and curriculum. While the site mentions that the College of Medicine is dedicated to excellence in education, research, and patient care, a specific, detailed overview of the MD program was not found.",,https://www.uc.edu/,"The Doctor of Medicine (MD) program at the University of Cincinnati College of Medicine is accredited by the Liaison Committee on Medical Education (LCME). [4, 6] The program was granted an eight-year term of accreditation. [4, 6]",,,FALSE,True,,,,,,,,,,,,,,,,,,,,,False,False,,,,,,,,,,,,,,,,,,,,,,,,,,FALSE,,,FALSE,FALSE,,,
,Doctor of Musical Arts (DMA) in Composition,,,,,Doctoral,Fall 2026,,,,,,Optional,REQUIRED,"CCM's Doctoral of Musical Arts in Composition (DMA) degree program is designed to provide a comprehensive course of study in the composition of music at the advanced level in both acoustic and electro acoustic mediums. [2] CCM's admission requirements vary by program. All programs require both the appropriate University application followed by a pre-screening submission via CCM's Acceptd website, which must be completed and uploaded by Dec. 1. [2] The DMA in composition helps students acquire competence in the broad range of endeavors characteristic of composing through the following requirements: Private lessons; Required courses in electronic music, music history, graduate research, and music electives in composition and other areas; DMA Recital; DMA Orals Presentation; DMA Analytical Presentation; DMA Dissertation. [2] For graduate programs, the university welcomes applications from students who hold a baccalaureate degree (or higher) from a college or university regarded as standard by a regional or general accrediting agency, and have at least a B average in undergraduate course work (or otherwise give evidence of promise that is judged satisfactory by the admitting program and the Graduate School). [5]",,,False,False,False,False,False,False,,True,False,False,False,True,True,False,False,False,,,,College-Conservatory of Music,$750/Term,$750/Term,,,,,,,,,https://www.uc.edu/,The University of Cincinnati College-Conservatory of Music is an accredited institution of the National Association of Schools of Music (NASM). The Doctor of Musical Arts in Composition is listed as an accredited program.,,$75/Credit Hour,FALSE,False,,4.0,3.0,,,,,,,,,,,,,,,,,,False,False,,,110.0,,,,6.5,,,54.0,,80,,,,,,,,,,,,,"Talent and merit-based Graduate Incentive Scholarships, Graduate Assistantships",FALSE,,,FALSE,FALSE,,,
,Doctor of Musical Arts (DMA) in Conducting,,,,,Doctoral,Fall 2026,,,,,,Not Required,REQUIRED,,,,False,False,True,True,False,False,,True,False,False,False,True,True,False,False,False,,,,"College-Conservatory of Music. [24, 27]",,"For the 2024-25 academic year, graduate tuition and fees were: In-State: $20,185 per year; Out of State: $31,927 per year; International: $32,177 per year.",,,,,,"['Choral', 'Orchestral', 'Wind']","CCM's Department of Wind Studies offers both the Master of Music and Doctor of Musical Arts in Wind Conducting. The department also offers five ensembles for credit, including the CCM Wind Symphony, CCM Wind Ensemble, CCM Chamber Winds, CCM Musica Nova and CCM Brass Choir. Each ensemble meets two to three times per week and each performs six full programs annually. Each graduate conducting student conducts all five of these ensembles each year, supervised by Director of Wind Studies Kevin Michael Holzman. CCM is a college within the University of Cincinnati, a major undergraduate university and graduate research institution of more than 40,000 students. The synergy created by housing CCM within a comprehensive public university gives the college its unique character and defines its objective: to educate and inspire the whole artist and scholar for positions on the world's stage.",,https://www.uc.edu/,,,,FALSE,False,,,3.0,,,,,,,,,,,,,,,,,,False,False,,,110.0,112.0,,,6.5,,,54.0,,80,,,,,,,,,,,Graduate Incentive Scholarship amounts may range up to full tuition. [7],,"Talent and merit-based Graduate Incentive Scholarships and University Graduate Assistantships are available. [7, 16]",FALSE,,,FALSE,FALSE,,,
,Doctor of Musical Arts (DMA) in Music Performance,,,,,Doctoral,Fall 2026,,,,,,,REQUIRED,,,,False,False,False,False,False,False,,True,False,False,False,False,True,True,False,False,,,,College-Conservatory of Music,"In-state: $14,902/year, Out-of-state: $26,674/year. [3]",,,,,,,,,,https://www.uc.edu/,,,"In-state: $662, Out-of-state: $1,408. [3]",FALSE,False,,,3.0,,,,,,,,,,,,,,,,,,False,False,,,,,,,6.5,,,,,80,,,,,,,,,,,,,"Talent and merit-based awards, assistantships. [1, 30, 31, 33]",FALSE,,,FALSE,FALSE,,,
,Doctor of Nursing Practice (DNP),,,,,Doctoral,Fall 2026,,,,Not Required,Required,Not Required,REQUIRED,"A current, active, unrestricted Registered Nurse (RN) licensure with no disciplinary action. Bachelor of Science in Nursing from an ACEN- (formerly NLNAC) or CCNE-accredited nursing institution. For Post-MSN DNP applicants only: a Master of Science in Nursing from an ACEN- or CCNE-accredited nursing institution. A minimum overall BSN GPA of 3.25 on a 4.0 scale is recommended. A minimum science GPA of 3.0 on a 4.0 scale (not required for Systems Leadership and Nursing Education MSN program applicants). A minimum undergraduate Statistics GPA of 2.0 on a 4.0 scale. [2, 3]",Required,,True,False,True,True,False,False,,True,False,False,False,True,True,False,False,False,,,,,,,,,,,,"['Adult-Gerontology Acute Care Nurse Practitioner', 'Adult-Gerontology Primary Care Nurse Practitioner', 'Family Nurse Practitioner', 'Nurse Anesthesia', 'Occupational Health Nursing', 'Pediatric Acute Care Nurse Practitioner', 'Psychiatric-Mental Health Nurse Practitioner', 'Public Health Nursing', 'Systems Leadership', 'Post-MSN Doctor of Nursing Practice']","The Doctor of Nursing Practice (DNP) programs at UC College of Nursing prepare nurses to lead at the highest level of practice, improving patient outcomes and delivering high-quality, cost-effective care. Graduates learn to translate research into practice, drive quality improvement and lead health care systems, preparing for roles as nurse practitioners, clinical leaders, administrators and faculty. [10]",,https://www.uc.edu/,The Doctor of Nursing Practice program at the University of Cincinnati College of Nursing is accredited by the Commission on Collegiate Nursing Education (CCNE). [8] The Doctor of Nursing Practice in Nurse Anesthesia is also accredited by the Council on Accreditation of Nurse Anesthesia Educational Programs (COA). [8],,,FALSE,False,,,,,,,,,,,,,,,,,,,,,False,False,,,110.0,112.0,,,6.5,,,54.0,,80,,,,,,,,,,,,,,FALSE,,,FALSE,FALSE,,,
,Doctor of Pharmacy (PharmD),,,,,Doctoral,Fall 2026,,,,Not Required,Required,Not Required,REQUIRED,"To be considered a qualified candidate, applicants should have a strong academic background, a demonstrated history of leadership and involvement in community service, and strong essays and personal statements. [3] A preferred GPA is a minimum of 3.0. [3] The application process involves two stages: completing the PharmCAS application and a supplemental UC application. [4] Applicants must also complete the undergraduate pre-pharmacy curriculum with a “C” or better in all required courses. [3] Three letters of recommendation are required. [3]",Not Required,,True,True,True,True,False,False,,True,False,False,False,True,True,True,False,False,,,,James L. Winkle College of Pharmacy,"$27,964/Year (in-state) for P1-P3 students and $34,980/Year (in-state) for P4 students. $29,464/Year (out-of-state) for P1-P3 students and $36,480/Year (out-of-state) for P4 students. [9]",,,,,,,,"Immerse yourself in a comprehensive curriculum combining rigorous didactic coursework with immersive experiential learning. Benefit from our program's distinct advantages, including intimate class sizes, invaluable peer mentoring, seamless access to direct patient care, immersive experiential learning throughout all four years, and a diverse range of rotation sites conveniently located within the vibrant Greater Cincinnati region. Our student pharmacists benefit from unparalleled access to world-class faculty members who are at the forefront of scientific discovery and clinical advancements, contributing to the development of future treatments and the management of complex diseases.",,https://www.uc.edu/,The Pharm. D. program at UC is fully accredited by The Accreditation Council for Pharmacy Education.,,,FALSE,True,,,2.5,,,,,,,,,,,,,,,,,,False,False,,,110.0,112.0,,,6.5,,,54.0,,80,,,,,,,,,,,"The Winkle College of Pharmacy awards more than $500,000 in scholarships each year.",,"Merit-based and need-based scholarships. [11, 19]",FALSE,,,FALSE,FALSE,,,
,Doctor of Physical Therapy (DPT),,,,,Doctoral,Fall 2026,,,,Not Required,Required,Not Required,REQUIRED,"Completion of both the PTCAS application and UC Graduate College supplemental application is required. Applicants must have a completed undergraduate degree from a regionally accredited college or university before the start of the program. A cumulative GPA of at least 3.0 and a science prerequisite GPA of at least 3.0 are necessary. Three recommendation letters, with at least one from a Physical Therapist, must be submitted. A minimum of 40 total observation hours are required, with 16 being inpatient and 24 outpatient/elsewhere. All prerequisite coursework must be completed. After the supplemental fee is paid, applicants will be emailed a Kira Talent Assessment to complete. [11]",Not Required,,True,False,True,True,False,False,,True,False,False,False,True,True,False,False,False,,,,College of Allied Health Sciences,,"$15,221 per semester for Ohio residents, $15,471 per semester for non-Ohio residents",,,,,,,"The top-ranked University of Cincinnati Doctor of Physical Therapy (DPT) program graduates students with a Doctor of Physical Therapy degree while also preparing each student for licensure and practice within the field of physical therapy. [2] Physical therapists are movement experts who optimize quality of life through prescribed exercise, hands-on care, and patient education. [2] The program's well-rounded curriculum is designed to prepare graduates who will be effective entry-level and contemporary practitioners of physical therapy in a wide variety of clinical settings. [2] The program incorporates traditional class work, research, and clinical experiences. [2] Courses may involve lecture, active lab demonstrations, course related field trips and observations at off campus sites. [3] Graduates of the program exceed national averages on board exam pass rates and experience a 100% employability rate. [2] Our clinical and research opportunities, state-of-the-art facilities, and location in Cincinnati's medical hub all add to the value of a degree from this program. [2]",,https://www.uc.edu/,"The Doctor of Physical Therapy program at University of Cincinnati is accredited by the Commission on Accreditation in Physical Therapy Education (CAPTE), 3030 Potomac Ave., Suite 100, Alexandria, Virginia 22305-3085; telephone (703) 706-3245; email: accreditation@apta.org; website: http://www.capteonline.org. [2]",,,FALSE,False,,4.0,3.0,,,,,,,,,,,,,,,,,,False,False,,,110.0,112.0,,,6.5,,,54.0,,80,,,,,,,,,,,,,,FALSE,,,FALSE,FALSE,,,
,Graduate Certificate in Accountancy,,,,,Graduate-Certificate,Fall 2026,,,,,,,,,,,False,False,False,False,False,False,,False,False,False,False,False,False,False,False,False,,,,Carl H. Lindner College of Business,,,,,,,,,,,https://www.uc.edu/,,,,FALSE,False,,,,,,,,,,,,,,,,,,,,,False,False,,,,,,,,,,,,,,,,,,,,,,,,,,FALSE,,,FALSE,FALSE,,,
,Graduate Certificate in Advanced Manufacturing,,,,,Graduate-Certificate,Fall 2026,,,,,,,,,,,False,False,False,False,False,False,,False,False,False,False,False,False,False,False,False,,,,,,,,,,,,,"The Hygienic Manufacturing of Cosmetic Products Certificate courses cover interdisciplinary topics relevant to cosmetic product science and hygienic manufacturing. [2] Specifically, courses included in the program will cover basic formulation science, introductory skin and hair science, microbiology, product preservation, plant engineering and hygiene, product packaging, and quality assurance. [2] This online program is designed to meet the needs of students with baccalaureate undergraduate degrees in the sciences who are currently employed in the cosmetic, personal care companies, engineers and formulators who wish to advance their careers, or those who are interested in pursuing careers in this field. [2] In partnership with the Personal Care Products Council (PCPC), the University of Cincinnati developed the Hygienic Manufacturing of Cosmetic Products Graduate Certificate to prepare professionals to meet today's evolving industry demands. [4]",,https://www.online.uc.edu/degrees-programs/professional-development/graduate-certificates/hygienic-manufacturing-cosmetic-products/curriculum.html,,,,FALSE,False,,,3.0,,,,,,,,,,,,,,,,,,False,False,,,,,,,,,,,,,,,,,,,,,,,,,Graduate Scholarships (GS),FALSE,,,FALSE,FALSE,,,
,Graduate Certificate in Analysis of Criminal Behavior,,,,,Graduate-Certificate,Fall 2026,,,,Required,Required,Optional,REQUIRED,"Admission requirements for the Graduate Certificate in Analysis of Criminal Behavior at the University of Cincinnati include a bachelor's degree from an accredited institution, a minimum undergraduate GPA of 3.0 (though a 2.75 GPA may be considered with other qualifications), and unofficial transcripts for the initial review. [3, 5] Official transcripts are required upon admission. [2] Applicants not already enrolled in the UC Criminal Justice Master of Science program must also submit a resume, a brief statement of purpose, and one letter of recommendation. [3]",Not Required,,True,True,True,True,False,False,,True,False,False,False,True,True,True,False,False,,,,"College of Education, Criminal Justice, and Human Services, School of Criminal Justice",,"$14,902 (in-state) / $26,644 (out-of-state) per year for graduate programs. [14]",,,,,,,"The graduate certificate in Analysis of Criminal Behavior builds on the Crime, Law, and Justice specialization within the School of Criminal Justice Master of Science program. [1] Students are provided with the conceptual knowledge and analytical skills relevant to characterizing patterns of individual criminal behavior and responding to it. [1] This certificate will enhance students' educational experiences by providing a better understanding of the origins and patterns of individual offending, focusing especially on emerging topics of importance like white collar crime and cybercrime. [1] Crime analysis is an emerging subfield within corrections agencies that involves assessing individual behavior and offering empirically-based assessment as to the offender's risks and needs. [1] This requires a degree of basic conceptual knowledge of criminal behavior as well as some understanding of measurement and data analysis. [1]",,https://www.uc.edu/,,,"$662 (in-state), $1,249 (out-of-state) for part-time graduate students.",FALSE,False,,4.0,3,,,,,,,,,,,,,,,,,,False,False,,,110.0,112.0,,300,6.5,,,54.0,,80 (internet-based test) or 550 (paper-based test),,,,,,,,,,,,,Merit-based,FALSE,,,FALSE,FALSE,,,
,Graduate Certificate in Applied Behavior Analysis,,,,,Graduate-Certificate,Fall 2026,,,,Required,Required,,,"Bachelor's degree from a regionally accredited institution in areas related to Applied Behavior Analysis, Education, Psychology, or other related degrees; Undergraduate GPA of at least 3.0 or 3.0 in the last 60 semester hours (or 90 quarter hours); Preference is given to individuals who currently work in an environment where skills in behavior analysis are used. [2]",Not Required,,True,False,,,,,,,,,,,,,,,,,,,,,,,,,,,,,https://www.uc.edu/,,,,FALSE,False,,,,,,,,,,,,,,,,,,,,,False,False,,,,,,,,,,,,,,,,,,,,,,,,,,FALSE,,,FALSE,FALSE,,,
,Graduate Certificate in Artificial Intelligence in Business,,,,,Graduate-Certificate,Fall 2026,,,,Required,Required,Optional,REQUIRED,"Any student with an undergraduate bachelor's degree from a regionally accredited institution, regardless of field of study, is eligible to apply for admission to a Graduate Certificate. [6] A basic background in Python programming and information systems is helpful, although no prior experience with AI tools is required. [3, 6]",Not Required,,True,False,False,False,False,False,,True,False,False,False,True,True,True,False,False,,,,Carl H. Lindner College of Business,,,,,,,,,,,https://www.uc.edu/,,,,FALSE,False,,,3,,,,,,,,,,,,,,,,,,False,False,,,110.0,,,,6.5,,,54.0,,80,,,,,,,,,,,,,Merit-based scholarships,FALSE,,,FALSE,FALSE,,,
,Graduate Certificate in Autism Spectrum Disorders,,,,,Graduate-Certificate,Fall 2026,,,,Not Required,Not Required,Optional,REQUIRED,"To be considered for admission, you must meet the following criteria: A baccalaureate degree from a regionally accredited college or university, and an undergraduate Grade Point Average (GPA) of 3.0 on a 4.0 scale. [9] All applicants are required to complete the online application, pay the application fee, and upload unofficial transcripts during the application process. [9]",Not Required,,True,False,True,True,False,False,,True,True,False,True,True,True,False,False,False,,,,"College of Education, Criminal Justice, and Human Services",,,,,,,,,,,https://www.uc.edu/,,,,FALSE,False,,4.0,3.0,,,,,,,,,,,,,,,,,,False,False,,,110.0,112.0,,,6.5,,,54.0,,80,,,,,,,,,,,,,Professional Development Award,FALSE,,,FALSE,FALSE,,,
,Graduate Certificate in Biostatistics and Epidemiology,,,,,Graduate-Certificate,Fall 2026,,,,,,Either,REQUIRED,,,,False,False,False,False,True,True,,False,False,False,True,False,True,False,False,False,,,,,,,,,,,,,"The 15 credit hours graduate Certificate in Biostatistics and Epidemiology focuses on the development of the qualitative and quantitative knowledge and skills to collect, organize, analyze, and interpret data associated with epidemiologic investigations, health surveys, injury and illness recognition, and human exposure assessment. [1] The Certificate in Biostatistics and Epidemiology provides learners with an expanded scope and depth of quantitative knowledge and skills, as compared to the Certificate in Epidemiology. [1] NOCPH MPH students may not take this certificate concurrently while earning the MPH. [1]",,https://www.uc.edu/,,,,FALSE,False,,,,,,,,,,,,,,,,,,,,,False,False,,,,,,50th percentile or better recommended,,,,,,,,,,,,,,,,,,,,FALSE,,,FALSE,FALSE,,,
,Graduate Certificate in Blended Online Learning and Teaching (BOLT),,,,,Graduate-Certificate,Fall 2026,,,,Required,Required,Optional,REQUIRED,Hold a baccalaureate degree from a college or university regarded as standard by a regional or general accrediting agency and; Have at least a B average (3.0/4.0 system) in relevant undergraduate coursework or otherwise give evidence of promise that is judged satisfactory by the admitting program and the Graduate School. [2] A bachelor's degree from a regionally accredited college/university. [3] Overall minimum GPA of 3.0 on a 4.0 scale (recommended). [3] One (1) Letter of Recommendation. [2],Not Required,,True,True,True,True,False,False,,True,False,False,False,False,True,True,False,False,,,,"College of Education, Criminal Justice, and Human Services (CECH)",,,,,,,,,"In a world where online and blended learning are increasingly vital for higher education, K-12 schools, and corporate training, the ability to effectively create, manage, and facilitate online learning is a crucial skill for educators across numerous fields. The University of Cincinnati Online's Blended Online Learning and Teaching (BOLT) graduate certificate program is designed to equip students with the necessary skills in education, design, and information technology to meet these demands. [1] The curriculum, which draws from the fields of education, design, and information technology, teaches current, technology-based learning modes that require specific skills in facilitation, collaboration, learning design, management, and assessment. [1, 2] Students in the BOLT program gain a solid technological understanding of online and blended learning experiences, how they differ from traditional in-person classrooms, and how to create engaging curriculum for a virtual platform. [1] Upon completion of the program, students will be able to develop strategies for active learning and collaboration in online environments, facilitate effective learning, master contemporary learning technologies, understand the instructional delivery continuum, accommodate student academic needs, and provide varied and aligned assessments. [1]",,https://www.uc.edu/,,,"$746.00 (Ohio Resident), $761.00 (Non-Ohio Resident) [16]",FALSE,False,,4.0,3,,,,,,,,,,,,,,,,,,False,False,,,125.0,112.0,,,6.5,,,,,"550 (PBT), 213 (CBT), 79-80 (iBT)",,,,,,,,,,,$132 off per credit hour. [14],,Professional Development Award [14],FALSE,,,FALSE,FALSE,,,
,Graduate Certificate in Business Foundations,,,,,Graduate-Certificate,Fall 2026,,,,Required,Required,Optional,REQUIRED,"Applicants must hold a baccalaureate degree. Admittance to the Business Foundations Certificate program is highly selective and based on a combination of criteria including academic and professional achievement, communication skills and a proven history of leadership. [2, 12]",Not Required,,True,False,False,False,False,False,,False,False,False,False,False,False,False,False,False,,,,,,,,,,,,,"This certificate provides a foundation in key business disciplines such as accounting, finance, marketing, and management. [6] It is designed for individuals in various professions—such as medicine, pharmacy, music, architecture, and engineering—who can benefit from business knowledge. [6, 10] The program is intended for both current students and professionals who are increasingly encountering business-related issues in their work. [6] The certificate is deliberately designed with maximum flexibility, allowing students to tailor the program to their individual interests and career needs. [6, 7] The courses are offered entirely online and are led by the same faculty as the university's graduate programs, accommodating the schedules of working professionals. [7] The program is designed to help students enhance their skills and knowledge in key business areas and can serve as a pathway to the Lindner College of Business' Master of Business Administration (MBA) program or other specialized master's programs. [7]",,https://www.uc.edu/,"The University of Cincinnati and all regional campuses are accredited by the Higher Learning Commission. [5, 7, 10] The Carl H. Lindner College of Business holds AACSB accreditation, an achievement earned only by programs of the highest caliber. [5, 7, 10]",,,FALSE,False,,,,,,,,,,,,,,,,,,,,,False,False,,,110.0,,,,6.5,,,54.0,,80,,,,,,,,,,,,,,FALSE,,,FALSE,FALSE,,,
,Graduate Certificate in Classical and Traditional Design,,,,,Graduate-Certificate,Fall 2026,,,,Required,Required,,,"A completed online application to the Graduate School.
 Payment of the application fee.
 Submission of one official transcript of all college work.
 A statement of interest in the certificate program (approximately 500 words).
 A current resume or curriculum vitae.
 Two letters of recommendation.
 A portfolio of creative and/or professional work in art, design, or a related field. International applicants whose native language is not English must also submit TOEFL scores. [2]",Not Required,,True,False,False,False,False,False,,False,False,False,False,False,False,False,False,False,,,,,,,,,,,,,,,https://www.daap.uc.edu/academic-programs/school-of-planning/urban-design-graduate-certificate.html,,,,FALSE,False,,4.0,3,,,,,,,,,,,,,,,,,,False,False,,,,,,,,,,,,,,,,,,,,,,,,,,FALSE,,,FALSE,FALSE,,,
,Graduate Certificate in Clinical and Translational Research,,,,,Graduate-Certificate,Fall 2026,,,,Required,Required,,,"The Certificate in Clinical and Translational Research is designed to provide an introduction to clinical and translational research. Interested candidates should possess a baccalaureate degree with a minimum 3.0 or equivalent GPA. Applications can be submitted at any time throughout the year and, upon acceptance, students can begin the program in any term. [5]",Not Required,,True,False,False,False,False,False,,False,False,False,False,False,False,False,False,False,,,,"College of Medicine, Department of Environmental & Public Health Sciences",,,,,,,,,,,https://www.uc.edu/,,,,FALSE,False,,4.0,3.0,,,,,,,,,,,,,,,,,,False,False,,,,,,,,,,,,,,,,,,,,,,,,,,FALSE,,,FALSE,FALSE,,,
,Graduate Certificate in Contemporary Theory of the Built Environment,,,,,Graduate-Certificate,Fall 2026,,,,,,,,,,,False,False,False,False,False,False,,False,False,False,False,False,False,False,False,False,,,,,,,,,,,,,,,https://www.uc.edu/,,,,FALSE,False,,,,,,,,,,,,,,,,,,,,,False,False,,,,,,,,,,,,,,,,,,,,,,,,,,FALSE,,,FALSE,FALSE,,,
,Graduate Certificate in Corporate Taxation,,,,,Graduate-Certificate,Fall 2026,,,,Required,Required,Not Required,REQUIRED,"In order to apply you will be asked to provide the following information: Current résumé, Essay (you can preview the essay for your program by starting an application), Scanned transcripts. Contact information for one or more references may be required. [2]",Not Required,,True,False,True,False,False,False,,True,False,False,False,True,True,False,False,False,,,,Carl H. Lindner College of Business,,,,,,,,,"The Graduate Certificate in Corporate Taxation is a fully online program offered through the Carl H. Lindner College of Business. [2] It consists of a 12-credit curriculum made up of six courses that overlap with the University of Cincinnati's Master of Science (MS) in Taxation program. [2] Credits earned may be transferred to the MS program. [2] Course topics can include Corporate Tax – Formation and Structure; Corporate Tax – Redemption, Liquidations and Spinoffs; Corporate Tax – Attributes & Operational Considerations; Partnership Taxation; Accounting for Income Taxes; and International Taxation. [2]",,https://www.uc.edu/,,,,FALSE,False,,4.0,3,,,,,,,,,,,,,,,,,,False,False,,,110.0,,,,6.5,,,54.0,,80,,,,,,,,,,,"up to $24,000",,Graduate Incentive Award (GIA) and Graduate Assistance Scholarship (GAS),FALSE,,,FALSE,FALSE,,,
,Graduate Certificate in Cosmetic Science,,,,,Graduate-Certificate,Fall 2026,,,,Required,Required,Not Required,REQUIRED,"A U.S. bachelor's degree from a regionally accredited college or university or an equivalent degree from a foreign country in the field of science such as chemistry, chemical engineering, biology, or a similar field is a prerequisite. [2] A grade-point average (GPA) of at least 3.00 or foreign equivalent is required. [2] Applicants must have completed at least one semester of undergraduate coursework in organic chemistry and calculus. [2] For international students, a Test of English as a Foreign Language (TOEFL) of at least 90 (internet-based) or 235 (computer-based), or a Duolingo English Test of at least 110 is accepted. [2] Two letters of reference are required. [2] All applicants need to upload unofficial transcripts during the application process. [2]",Not Required,,True,False,True,True,False,False,,True,False,False,False,True,True,False,False,False,,,,James L. Winkle College of Pharmacy,,,,,,,,,"The University of Cincinnati Online Cosmetic Science Graduate Certificate program is designed for employees in the cosmetics industry who are looking to advance their careers, as well as scientists, chemists, and others interested in the field. [1, 2] The program aims to advance the science of skin care, cosmetic formulation, and hair care, while promoting high ethical standards in product testing and improving the professional practices of cosmetic science professionals. [2] Delivered entirely online, the program offers flexibility for students to learn at their own pace without interrupting their professional roles. [1, 2] All credits from the certificate may be applied toward the MS in Cosmetic Science at the College of Pharmacy. [1]",,https://www.uc.edu/,,,,FALSE,False,,4.0,3.0,,,,,,,,,,,,,,,,,,False,False,,,110.0,112.0,,,6.5,,,54.0,,90,,,,,,,,,,,,,Graduate Scholarships,FALSE,,,FALSE,FALSE,,,
,Graduate Certificate in Data Analytics,,,,,Graduate-Certificate,Fall 2026,,,,Required,Required,Optional,REQUIRED,"Any student with an undergraduate bachelor's degree from a regionally accredited institution, regardless of field of study, is eligible to apply for admission to a Graduate Certificate. Applicants for the data analytics certificate should have at least one course in inferential statistics but may meet this requirement by taking an additional course (BANA7011 Data Analysis) before starting the Data Analytics courses.",Not Required,,True,False,False,False,False,False,,True,False,False,False,True,True,True,False,False,,,,Carl H. Lindner College of Business,,,,,,,,,"The Data Analytics graduate certificate prepares individuals to develop logical data models, construct data warehouses, build visually effective data displays and use sophisticated analytical techniques to glean valuable insights. [2, 4] The use of data analytics is rapidly expanding among organizations worldwide, and this certificate's curriculum provides an understanding of the essential skills that will enable students to effectively process and analyze large datasets. [3] The program includes courses that cover data analysis methods, data management, data warehousing, and business intelligence. [3] Elective options in topics such as data visualization, application development using VBA, data mining, and design allow students to tailor their learning experience. [3] Upon completion, students will have learned the fundamental skills to develop logical analytic models, construct data warehouses, build visually effective data displays, and use sophisticated techniques to provide valuable insights. [3]",,https://www.uc.edu/,"The University of Cincinnati and all regional campuses are accredited by the Higher Learning Commission. [2, 3] The Carl H. Lindner College of Business, which offers this certificate, has held AACSB accreditation continuously since 1917. [2] Less than one-third of U.S. business school programs and only 15% of business school programs worldwide meet the rigorous standards of AACSB International accreditation. [2, 3]",,,FALSE,False,,,3.0,,,,,,,,,,,,,,,,,,False,False,,,110.0,,,,6.5,,,56.0,,80,,,,,,,,,,,,,"Graduate Incentive Award (GIA), Graduate Assistance Scholarship (GAS)",FALSE,,,FALSE,FALSE,,,
,Graduate Certificate in Data Science,,,,,Graduate-Certificate,Fall 2026,,,,,,Optional,REQUIRED,,,,False,False,True,True,False,False,,True,True,False,True,True,True,False,False,False,,,,A collaborative program between the College of Engineering and Applied Science and the Lindner College of Business. [6],,"Based on the per-credit cost for the 2025-2026 academic year, the estimated tuition for the 15-credit hour program is $9,930 for Ohio residents and $21,120 for out-of-state students.",,,,,,,"The graduate certificate in Data Science prepares students to apply analytic techniques and algorithms (including statistical and data mining approaches) to large data sets to extract meaningful insights. [3] Students acquire hands-on experience with relevant software tools, languages, data models, and environments for data processing and visualization. [3] Working in teams, students communicate results of analysis effectively (visually and verbally) to a broad audience. [3] This certificate is a collaborative program between Computer Science and Business Analytics. [3] The data science graduate certificate (fifteen credit hours) is a collaborative program among business analytics, computer science, and information systems. [4] This certificate program prepares students to apply both data management and analytic techniques (including statistical and data/text mining approaches) to extract meaningful insights from both structured and unstructured data. [4]",,https://www.uc.edu/,The University of Cincinnati and all regional campuses are accredited by the Higher Learning Commission. [16] The Carl H. Lindner College of Business has held AACSB accreditation continuously since 1917. [16],,"For the 2025-2026 academic year, the estimated graduate tuition per credit hour is $662 for Ohio residents and $1,408 for out-of-state students. [3]",FALSE,False,"While a specific number of failing grades is not stated, graduate students at the College of Nursing, for example, are placed on academic probation if they earn below a B- in any required course, and a second instance of probation can lead to dismissal; there is no grade replacement at the graduate level. [16]",4.0,Applicants should have a grade of at least 3.0 on a 4.0 scale in their undergraduate coursework. [6] A minimum GPA of 3.0 is also required for graduation. [19],,,,,,,,,,,,,,,,,,False,False,,,110.0,,,,6.5,,,47.0,,80,,,,,,,,,,,,,Merit-based scholarships are available. [10],FALSE,,,FALSE,FALSE,,,
,Graduate Certificate in Deaf Studies,,,,,Graduate-Certificate,Fall 2026,,,,Not Required,Not Required,,,"This professional certificate is for students who have completed a baccalaureate degree in any major. All students interested in the deaf studies certificate must submit an application to the program advisor. [4] Students need to earn no lower than a C in all required courses, and have a final grade point average at UCBA of at least 2.5. [4]",Not Required,,True,False,False,False,False,False,,False,False,False,False,False,False,False,False,False,,,,UC Blue Ash College,"In-State: $7,416 per year, Out-of-State: $16,214 per year for the 2025-26 Cohort. [16]",,,,,,,,,,https://www.uc.edu/,,,,FALSE,False,,,2.5,,,,,,,,,,,,,,,,,,False,False,,,,,,,,,,,,,,,,,,,,,,,,,,FALSE,,,FALSE,FALSE,,,
,Graduate Certificate in Digital Fabrication and Technology,,,,,Graduate-Certificate,Fall 2026,,,,Optional,Optional,Optional,REQUIRED,"While specific requirements vary by program, a grad school application checklist on the University of Cincinnati website includes items like a completed bachelor's degree, meeting program-specific prerequisites and GPA requirements, letters of recommendation, a personal statement, and a resume or CV. [7] For undergraduate admissions, the review process is holistic, considering factors like rigorous course selection, grade trends, and cumulative unweighted GPA. [19]",,,False,True,False,False,False,False,,True,False,False,False,True,True,False,False,False,,,,,,,,,,,,,,,https://www.uc.edu/,,,,FALSE,False,,,,,,,,,,,,,,,,,,,,,False,False,,,,,,,6.5,,,47.0,,80,,,,,,,,,,,,,,FALSE,,,FALSE,FALSE,,,
,Graduate Certificate in Digital Marketing,,,,,Graduate-Certificate,Fall 2026,,,,Required,Required,Not Required,REQUIRED,"In addition to a completed application and fee, applicants should submit transcripts from all colleges/universities attended, a current resume or CV, and a goal statement that clearly states how this certificate program will benefit them and further their career. [8]",Not Required,,True,False,True,False,False,False,,True,False,False,False,True,True,False,False,False,,,,Carl H. Lindner College of Business,,"Based on the 2024-2025 rates, the total estimated tuition for the 12-credit hour certificate is $8,124 for an Ohio resident ($662/credit + $15/credit fee) and $17,076 for an out-of-state student ($1,408/credit + $15/credit fee).",,,,,,,"UC's online Graduate Certificate in Digital Marketing will provide you with the knowledge and skills needed to effectively promote products and services online. [4] Lindner's Digital Marketing Graduate Certificate provides students the opportunity to cultivate a range of digital marketing skills, including developing marketing strategies, engaging target audiences, crafting compelling messages, designing effective campaigns and more. [4, 10] The program is built on four foundations; Consumer Psychology & Strategy, Planning & Design, Build & Execution, and Analytics. [4] Each course is designed and led by renowned faculty and can be completed on campus or online. [4, 10] Graduates are day-one ready for careers at advertising agencies, corporate marketing departments, e-commerce businesses or consulting firms, or may choose to pursue the Master of Science in Marketing degree. [4]",,https://www.uc.edu/,"The University of Cincinnati and all regional campuses are accredited by the Higher Learning Commission. [5, 8]",,"For graduate programs in the 2024-2025 academic year, the tuition per credit hour is $662 for Ohio residents and $1,408 for out-of-state students. There is also a distance learning fee of $15 per credit hour for graduate students.",FALSE,False,1,4.0,3.0,,,,,,,,,,,,,,,,,,False,False,,,110.0,,,,6.5,,,54.0,,80,,,,,,,,,,,,,"The university offers several types of scholarships for graduate students, including Graduate Incentive Awards (GIA), Graduate Assistantships (GAS), and merit-based Graduate Scholarships (GS). [19, 21]",FALSE,,,FALSE,FALSE,,,
,Graduate Certificate in Dyslexia and Language-Based Learning Disabilities,,,,,Graduate-Certificate,Fall 2026,,,,,,Not Required,REQUIRED,,,,False,False,True,False,False,False,,True,False,False,False,True,True,False,False,False,,,,,,,,,,,,,,,https://www.cech.uc.edu/schools/education/certificates-and-endorsements/prek12readinginstructioncertificate/prek12readinginstruction.html,,,,FALSE,False,,,,,,,,,,,,,,,,,,,,,False,False,,,110.0,,,,6.5,,,54.0,,80,,,,,,,,,,,,,,FALSE,,,FALSE,FALSE,,,
,Graduate Certificate in Entrepreneurship,,,,,Graduate-Certificate,Fall 2026,,,,Required,Required,,,"The admission requirements for the Entrepreneurship Graduate Certificate at the University of Cincinnati's Lindner College of Business include unofficial academic transcripts for the initial review, with official transcripts needed upon admission, a letter of recommendation, an essay, a resume, and an undergraduate degree. [7]",Not Required,,True,False,False,False,False,False,,False,False,False,False,False,False,False,False,False,,,,Carl H. Lindner College of Business,"$12,148/Year","$12,148/Year",,,,,,,"Entrepreneurship includes much more than just the “traditional” sole proprietor concept. There's also intrapreneurship (corporate entrepreneurship), social entrepreneurship, and global entrepreneurship. No matter what form your new venture might take, to succeed you need to know how to financially analyze the opportunity, how to secure your competitive advantage, how to market your new venture and ultimately how to manage your new business. [5]",,https://www.uc.edu/,The University of Cincinnati and all regional campuses are accredited by the Higher Learning Commission. The Carl H. Lindner College of Business holds AACSB accreditation. [5],,$1015/credit hour,FALSE,False,,4.0,3.0,,,,,,,,,,,,,,,,,,False,False,,,,,,,,,,,,,,,,,,,,,,,"Up to $24,000 for master's programs.",,"Merit-based, Graduate Incentive Award (GIA), Graduate Assistance Scholarship (GAS)",FALSE,,,FALSE,FALSE,,,
,Graduate Certificate in Family Nurse Practitioner,,,,,Graduate-Certificate,Fall 2026,,,,,Required,Not Required,REQUIRED,"A current, active, unrestricted Registered Nurse (RN) licensure with no disciplinary action. A Master of Science in Nursing degree or a Doctor of Nursing Practice degree conferred from a regionally and nursing accredited institution (ACEN or CCNE). A minimum cumulative GPA of 3.0 on a 4.0 scale for the last degree earned. Completion of an undergraduate statistics course with a 2.0 or higher on 4.0 scale. A science GPA of 3.0 or higher on a 4.0 scale. Three letters of reference are required from previous educators, managers, supervising physicians and Advanced Practice Nurses. [2, 3]",Not Required,,True,False,True,True,False,False,,True,False,False,False,True,True,False,False,False,,,,College of Nursing,,"$746 per credit for residents, $1,333 per credit for non-residents",,,,,,,,,https://www.uc.edu/,,,"$746 for residents, $1,333 for non-residents",FALSE,False,,4.0,3,,,,,,,,,,,,,,,,,,False,False,,,110.0,,,,6.5,,,54.0,,80,,,,,,,,,,,,,"Merit-based, Need-based",FALSE,,,FALSE,FALSE,,,
,Graduate Certificate in Forensic Accounting,,,,,Graduate-Certificate,Fall 2026,,,,Required,Required,,,"Admission requirements for graduate business certificates generally include a bachelor's degree from an accredited college or university, a current resume/CV, a personal statement or essay, and official transcripts from colleges and universities attended demonstrating a minimum 3.0 GPA. [2, 3]",,,True,False,False,False,False,False,,False,False,False,False,False,False,False,False,False,,,,Carl H. Lindner College of Business,,"$33,320/Year",,,,,,,,,https://www.uc.edu/,,,,FALSE,False,,,3.0,,,,,,,,,,,,,,,,,,False,False,,,,,,,,,,,,,,,,,,,,,,,,,,FALSE,,,FALSE,FALSE,,,
,Graduate Certificate in Gerontology,,,,,Graduate-Certificate,Fall 2026,,,,,,Not Required,REQUIRED,,,,False,False,True,True,False,False,,True,False,False,False,True,True,False,False,False,,,,College of Nursing,,,,,,,,,,,https://www.uc.edu/,,,"For the Adult-Gerontology Primary Care NP Post-Graduate Certificate, tuition for Ohio residents is $836 per credit and $851 per credit for non-residents, with an additional $57 per credit online learning fee for part-time students. [17]",FALSE,False,,4.0,3.25,,,,,,,,,,,,,,,,,,False,False,,,110.0,112.0,,,6.5,,,54.0,,80,,,,,,,,,,,"Graduate Assistantships provide a stipend in addition to a tuition scholarship. For the 2026 fiscal year, the minimum bi-weekly stipend for a non-PhD graduate assistant is $762.90. [2] Some assistantships may provide around $15,776 annually for living expenses. [3] The Graduate Incentive Award (GIA) amount varies by program and semester. [14]",,"The university offers the Graduate Incentive Award (GIA) for non-assistantship students and the Graduate Assistant Scholarship (GAS) for graduate assistants, which can cover all or part of tuition and fees. [23] Graduate Assistantships are also available and provide a stipend for services. [2]",FALSE,,,FALSE,FALSE,,,
,Graduate Certificate in Global Health,,,,,Graduate-Certificate,Fall 2026,,,,,,,,,,,False,False,False,False,False,False,,False,False,False,False,False,False,False,False,False,,,,,,,,,,,,,,,https://www.uc.edu/,,,,FALSE,False,,,,,,,,,,,,,,,,,,,,,False,False,,,,,,,,,,,,,,,,,,,,,,,,,,FALSE,,,FALSE,FALSE,,,
,Graduate Certificate in Health Care Administration,,,,,Graduate-Certificate,Fall 2026,,,,Required,Required,Not Required,REQUIRED,"Applicants must have a bachelor's degree from a regionally accredited institution with a cumulative GPA of 3.0 on a 4.0 scale. Official transcripts of all undergraduate and graduate work are required upon admission. Additional requirements include one reference, a resume/CV, and a personal statement detailing academic goals, professional objectives, and motivation for the program.",Not Required,,True,False,True,True,False,False,,True,False,False,False,True,True,True,False,False,,,,,,,,,,,,,"The University of Cincinnati's online Health Care Administration Graduate Certificate is designed for health care professionals seeking a skill set that enables them to lead the health care systems of tomorrow. [4] Combining coursework and instruction from the College of Allied Health Sciences and the Carl H. Lindner College of Business, students can expect a dynamic curriculum created specifically for today's health care leader. [4] The mix of finance, economics and managerial courses coupled with healthcare topics arm health care professionals with skills needed to lead, manage and administer a health care system, hospital or hospital network. [12]",,https://www.uc.edu/,The University of Cincinnati and all regional campuses are accredited by the Higher Learning Commission. [12],,,FALSE,False,,,,,,,,,,,,,,,,,,,,,False,False,,,110.0,112.0,,,6.5,,,54.0,,80,,,,,,,,,,,,,,FALSE,,,FALSE,FALSE,,,
,Graduate Certificate in Health Care Finance,,,,,Graduate-Certificate,Fall 2026,,,,Required,Required,Optional,REQUIRED,"Applicants must have a Bachelor's Degree from a regionally accredited institution with a minimum cumulative GPA of 3.0 on a 4.0 scale. All applicants are required to upload unofficial transcripts during the application process. A Resume/CV of personal, professional and educational background is required, and applicants are strongly encouraged to highlight experience in health care. A letter of intent or brief essay of no more than three double-spaced pages is also required, which must include academic goals, professional objectives, and motivation for the program. [3]",Not Required,,True,False,True,True,False,False,,True,False,False,False,,True,,False,False,,,,College of Allied Health Sciences and Lindner College of Business,,,,,,,,,,,https://www.uc.edu/,,,"Resident: $754.00/credit, Non-Resident: $769.00/credit",FALSE,False,,4.0,3,,,,,,,,,,,,,,,,,,False,False,,,,112.0,,,,,,,,,,,,,,,,,,,,,"Graduate Incentive Award (GIA), Graduate Assistant Scholarship (GAS), Merit-based scholarships",FALSE,,,FALSE,FALSE,,,
,Graduate Certificate in Health Care Operations,,,,,Graduate-Certificate,Fall 2026,,,,Required,Required,,,"Admission Requirements for the Graduate Certificate in Health Care Operations include holding a baccalaureate degree, submission of unofficial transcripts for review (with official transcripts required upon admission), one letter of recommendation, an essay, and a resume.",Not Required,,True,False,,,,,,,,,,,,,,,,,,The health care operations certificate is interdisciplinary and jointly delivered by UC's College of Allied Health and the Lindner College of Business. [24],"The total tuition fee for the program is approximately $9,048 for residents and $9,228 for non-residents, based on the 12 credit hours required for the certificate. [9]",The tuition fee for the Graduate Certificate in Health Care Operations is $754.00 per credit for residents and $769.00 per credit for non-residents. [9],,,,,,,,,https://www.uc.edu/,,,The cost per credit hour is $754.00 for residents and $769.00 for non-residents. [9],FALSE,False,,4.0,3,,,,,,,,,,,,,,,,,,False,False,,,,,,,,,,,,,,,,,,,,,,,,,"While the College of Allied Health Sciences and the Lindner College of Business offer various scholarships, specific types for the Graduate Certificate in Health Care Operations are not detailed. [11, 4]",FALSE,,,FALSE,FALSE,,,
,Graduate Certificate in Health Care Policy & Regulation,,,,,Graduate-Certificate,Fall 2026,,,,Required,Required,,,"Applicants need a Bachelor's degree from a regionally accredited institution with a minimum cumulative GPA of 3.0 on a 4.0 scale. [2, 4, 5] One reference is required that speaks to the applicant's academic readiness, work ethic, and communication skills. [2, 4, 5] A Resume/CV is also necessary, and applicants are encouraged to highlight any experience in health care. [2, 4, 5] Additionally, a personal statement or letter of intent of no more than three double-spaced pages is required, outlining academic goals, professional objectives, a work plan, and motivation for the program. [2, 4]",Not Required,,True,False,,,,,,,,,,,,,,,,,,College of Allied Health Sciences,,,,,,,,,,,https://www.uc.edu/,,,,FALSE,False,1,4.0,3.0,,,,,,,,,,,,,,,,,,False,False,,,,,,,,,,,,,,,,,,,,,,,,,,FALSE,,,FALSE,FALSE,,,
,Graduate Certificate in Healthcare Design,,,,,Graduate-Certificate,Fall 2026,,,,,,,,,,,False,False,,,,,,,,,,,,,,,,,,,,,,,,,,,,,https://www.uc.edu/,,,,FALSE,False,,,,,,,,,,,,,,,,,,,,,False,False,,,,,,,,,,,,,,,,,,,,,,,,,,FALSE,,,FALSE,FALSE,,,
,Graduate Certificate in Higher Education Leadership,,,,,Graduate-Certificate,Fall 2026,,,,Not Required,Not Required,,,Successful applicants will: Hold a bachelors degree from a college or university regarded as standard by a regional or general accrediting agency and; Have at least a B average (3.0/4.0 system) in relevant undergraduate course work or otherwise give evidence of promise that is judged satisfactory by the admitting program. [2],Not Required,,True,False,,,,,,,,,,,,,,,,,,"College of Education, Criminal Justice and Human Services (CECH)",,,,,,,,,,,https://www.uc.edu/,,,,FALSE,False,,4.0,3,,,,,,,,,,,,,,,,,,False,False,,,,,,,,,,,,,,,,,,,,,,,,,,FALSE,,,FALSE,FALSE,,,
,Graduate Certificate in Historic Preservation and Adaptive Reuse,,,,,Graduate-Certificate,Fall 2026,,,,Not Required,Not Required,Not Required,REQUIRED,Most students applying to this program are already matriculated into one of the University's graduate programs. Individuals who wish to apply as a non-matriculated student will need to submit a certified transcript demonstrating their achievement of a baccalaureate degree with a GPA of at least 3.0 and submit one letter of recommendation that discusses the applicant's potential to succeed in a historic preservation program. [1],Not Required,,True,False,True,False,False,False,,True,False,False,False,True,True,False,False,False,,,,,,,,,,,,,,,https://www.uc.edu/,,,,FALSE,False,,,,,,,,,,,,,,,,,,,,,False,False,,,105.0,,,,6.5,,,47.0,,80,,,,,,,,,,,,,,FALSE,,,FALSE,FALSE,,,
,Graduate Certificate in Hospitality Design,,,,,Graduate-Certificate,Fall 2026,,,,,,,NOT REQUIRED,,,,False,False,False,False,False,False,,False,False,False,False,False,False,False,True,False,,,,"College of Design, Architecture, Art, and Planning (DAAP)",,,,,,,,,,,https://www.uc.edu/,,,,FALSE,False,,4.33,3.0,,,,,,,,,,,,,,,,,,False,False,,,,,,,,,,,,,,,,,,,,,,,,,Merit-based,FALSE,,,FALSE,FALSE,,,
,Graduate Certificate in Individual Taxation,,,,,Graduate-Certificate,Fall 2026,,,,Required,Required,Not Required,NOT REQUIRED,"Applicants must hold a baccalaureate degree. [3] An application requires a current resume or CV, a goal statement explaining how the program will benefit the applicant's career, and one letter of recommendation. [2] Applicants need to upload unofficial transcripts from all undergraduate and graduate coursework; official transcripts are only required after an offer of admission is accepted. [2, 3]",Not Required,,True,False,False,False,False,False,,False,False,False,False,False,False,False,True,False,,,,Carl H. Lindner College of Business,,,,,,,,Individual Taxation,"The certificate in individual taxation focuses on a variety of tax compliance issues for individuals. Holders of this specialized certificate will find opportunities in public accounting, small business accounting, and government. The certificate is made up of 12 semester credits, including four core credits. This certificate is only available online. Students may be able to selectively substitute courses to match specific career interests, subject to the approval of the Program Director.",,https://www.uc.edu/,,,,FALSE,False,2,,3.0,,,,,,,,,,,,,,,,,,False,False,,,,,,,,,,,,,,,,,,,,,,,,,,FALSE,,,FALSE,FALSE,,,
,Graduate Certificate in Investment Management,,,,,Graduate-Certificate,Fall 2026,,,,Required,Required,Optional,REQUIRED,Applicants must hold a bachelor's degree from an accredited institution. All applicants are required to upload unofficial transcripts during the application process. Official transcripts are required after an offer of admission is accepted. One letter of recommendation is needed. A goal statement that clearly states how the program will benefit and further the applicant's career is also required.,Not Required,,True,False,True,True,False,False,,True,,False,,True,True,True,False,False,,,,Lindner College of Business,,,,,,,,,"The Online Graduate Certificate in Investment Management at the University of Cincinnati equips its graduates with the expertise and skills needed to make strong financial decisions. Graduates of this program will be prepared to make financial decisions for businesses, individuals and banks. [2] The graduate certificate in investment management is aimed primarily, although not exclusively, at the financial services industry, including such courses as Options and Futures, and Portfolio Management. [3, 4] In this top-ranked program, you'll gain: Knowledge of risk management techniques and tools; Experience in managing a wide range of investments; A solid background in navigating financial decisions to produce positive outcomes. [2] All credits taken as part of this certificate may be applied toward a Master of Business Administration (MBA) at the Lindner College of Business. [2]",,https://www.uc.edu/,The University of Cincinnati and all regional campuses are accredited by the Higher Learning Commission. The Carl H. Lindner College of Business holds AACSB accreditation. [3],,,FALSE,False,,4.0,3,,,,,,,,,,,,,,,,,,False,False,,,110.0,112.0,,,6.5,,,47.0,,80,,,,,,,,,,,,,,FALSE,,,FALSE,FALSE,,,
,Graduate Certificate in Jewish Education,,,,,Graduate-Certificate,Fall 2026,,,,Not Required,Not Required,Not Required,REQUIRED,Application requirements for admission to the Certificate include a Baccalaureate Degree (Master's Degree is recommended but not required) and a GPA of at least a 3.0 out of a 4.0 scale for undergraduate coursework. All applicants are required to upload their unofficial transcripts during the application process.,Not Required,,True,False,True,True,False,False,,True,False,False,False,True,True,False,False,False,,,,"College of Education, Criminal Justice, and Human Services (CECH)","$27,960 for all programs in the College of Education, Criminal Justice and Human Services (academic year).",,,,,,,,"The University of Cincinnati Certificate in Jewish Education immerses students in the theory and practice of Jewish Education. [2, 4] Intended to support teachers and educational leaders from diverse settings, this certificate will assist participants in deepening their subject area expertise, developing their pedagogical stance, and building inquiry approaches to their teaching and learning. [2, 4] Course work will offer investigations of reflective practice and Jewish education content areas (curriculum, leadership, text study). [2, 4] Rooted in an educational action research orientation, this course of study will encourage students to construct questions about their own practice, and design projects within their courses that support these questions. [2, 4] The University of Cincinnati proudly collaborates with the Mandel Teacher Educator Institute (MTEI), offering a unique educational experience culminating in a graduate certificate in Jewish education. [4] All MTEI participants have the option to apply for the Certificate Program. [2]",,https://www.uc.edu/,,,,FALSE,False,,4.0,3,,,,,,,,,,,,,,,,,,False,False,,,110.0,,,,6.5,,,54.0,,80,,,,,,,,,,,"The Military & Veteran Scholarship offers $2,500/semester for full-time graduate students and $1,500/semester for part-time graduate students. [13] The TEACH Grant provides up to $4,000 per year. [13]",,"Military & Veteran Scholarship, TEACH Grant. [13] Scholarships from the Jack, Joseph and Morton Mandel Foundation may also be available for certificate candidates.",FALSE,,,FALSE,FALSE,,,
,Graduate Certificate in Leadership and Management,,,,,Graduate-Certificate,Fall 2026,,,,Required,Required,,,"Admission Requirements for the Graduate Certificate in Leadership and Management include a Baccalaureate degree, a resume, a statement of purpose essay, a letter of recommendation, and unofficial transcripts for the admissions review. [4] Official academic transcripts are required upon an offer of admission. [4]",Not Required,,True,False,False,False,False,False,,False,False,False,False,False,False,False,False,False,,,,Carl H. Lindner College of Business,,,,,,,,,,,https://www.uc.edu/,,,"$662/credit hour (in-state), $1,249/credit hour (out-of-state) for the 2019-2020 academic year. Note: this is general information for part-time graduate students at UC and not specific to this program.",FALSE,False,,4.0,3,,,,,,,,,,,,,,,,,,False,False,,,,,,,,,,,,,,,,,,,,,,,,,Merit-based,FALSE,,,FALSE,FALSE,,,
,Graduate Certificate in Literacy and Second Language Studies,,,,,Graduate-Certificate,Fall 2026,,,,Required,Required,Not Required,REQUIRED,"A complete application includes: a cover letter stating the program strand (K-12 TESOL or Adult/International), a statement of academic and professional goals (approximately two pages), a resume, three letters of recommendation, and transcripts from all undergraduate and graduate coursework. [6]",Not Required,,True,False,True,False,False,False,,True,False,False,False,False,True,False,False,False,,,,"College of Education, Criminal Justice, and Human Services",,,,,,,,"['PreK-16 Literacy and Learning Instruction', 'PreK-12 Teaching English to Speakers of Other Languages (TESOL) Focus', 'Postsecondary Literacy Instruction', 'International/Adult Teaching English as a Second Language (TESL) Focus']","The Literacy and Second Language Studies graduate program at the University of Cincinnati is an online offering designed to encourage professional educators to broaden and deepen their understanding of the social, cultural, linguistic, and institutional factors that contribute to a person's ability to communicate in a first or second language. [2] The program offers a comprehensive study for students interested in exploring literacy and language processes. [2] Key areas of emphasis include the effective design and implementation of literacy curricula, the assessment and evaluation of literacy difficulties, practice with a variety of instructional methods to foster literacy learning for diverse students, and strategies for critically analyzing research in the field. [2] The program is practitioner-based, and students are paired with a faculty mentor. [1]",,https://www.uc.edu/,The PreK-12 Reading Instruction and TESOL Graduate Endorsements are accredited by the Council for the Accreditation of Educator Preparation (CAEP). [1] The University of Cincinnati and all its regional campuses are accredited by the Higher Learning Commission. [4],,,FALSE,False,,,3.0,,,,,,,,,,,,,,,,,,False,False,,,110.0,,,,6.5,,,,,80,,,,,,,,,,,,,,FALSE,,,FALSE,FALSE,,,
,Graduate Certificate in Marketing,,,,,Graduate-Certificate,Fall 2026,,,,Required,Required,Not Required,REQUIRED,"Applicants must have a bachelor's degree from an accredited institution. The application process requires the completion of an online application, payment of an application fee ($20.00 for domestic applicants, $25.00 for international applicants), and submission of unofficial transcripts from all undergraduate and graduate coursework. One letter of recommendation is also required. A current resume or CV and a goal statement outlining how the program will benefit the applicant's career are also necessary application components.",Not Required,,True,False,True,True,False,False,,True,False,False,False,True,True,False,False,False,,,,Carl H. Lindner College of Business,The application fee for the Graduate Certificate is $20 for domestic applicants and $25 for international applicants. [13],,,,,,,,"The Online Graduate Certificate in Marketing at the University of Cincinnati is designed for individuals誰 want to develop the analytical and technical skills needed to work with today's complex marketing issues for making more effective business decisions. [2] From product development to creating a robust communications plan, this online marketing certificate offers training in the tools, technology and tactics needed to successfully build bridges between your organization and its customers. [2] In this top-ranked program, you'll gain: Knowledge of buyer behavior analysis and behavioral science as it relates to product consumption; Insight for developing an integrated marketing communications plan; Knowledge of new product development, including product mix, product development and strategy, and product-market integration. [2]",,https://www.uc.edu/,"The Carl H. Lindner College of Business holds AACSB accreditation. [3] The University of Cincinnati and all regional campuses are accredited by the Higher Learning Commission. [3, 6]",,"For the online Marketing Graduate Certificate, the cost per credit is approximately $1,000 for Ohio residents and $1,015 for out-of-state students.",FALSE,False,,4.0,3,,,,,,,,,,,,,,,,,,False,False,,,110.0,,,,6.5,,,54.0,,80,,,,,,,,,,,,,"Merit-based scholarships are available for students in the Lindner College of Business. [27] Additionally, co-op scholarships are offered to eligible students. [24]",FALSE,,,FALSE,FALSE,,,
,Graduate Certificate in Museum Studies,,,,,Graduate-Certificate,Fall 2026,,,,,,Not Required,NOT REQUIRED,Applicants must apply for admission to a certificate program. Students must hold a baccalaureate degree.,,,False,False,False,False,False,False,,False,False,False,False,False,False,False,True,False,,,,"College of Design, Architecture, Art, and Planning (DAAP)","$750 per term (full-time) or $75 per credit hour (part-time) for the College of Design, Architecture, Art, and Planning. [7]",,,,,,,,,,https://www.uc.edu/,,,,FALSE,False,,4.0,3,,,,,,,,,,,,,,,,,,False,False,,,,,,,,,,,,,,,,,,,,,,,,,"Merit-based, need-based, for students who have overcome substantial educational or economic obstacles, and for first-generation college students.",FALSE,,,FALSE,FALSE,,,
,Graduate Certificate in Nursing Education,,,,,Graduate-Certificate,Fall 2026,,,,Not Required,Not Required,Not Required,REQUIRED,"The University of Cincinnati's Graduate Certificate in Nursing Education is for nurses who already have a Master of Science in Nursing (MSN), Doctor of Nursing Practice (DNP), or PhD. [1] Applicants need a valid registered nurse license in the United States, a GPA of 3.0 or higher in their previous graduate degree, and must complete a pre-admission interview. [1] An online application is also required. [1] It is important to note that the program's website states, ""Applications are no longer being accepted. Curriculum is for currently enrolled students."" [1]",Not Required,,True,False,True,True,False,False,,True,False,False,False,True,True,False,False,False,,,,College of Nursing,,,,,,,,,,,https://www.uc.edu/,,,,FALSE,False,,,,,,,,,,,,,,,,,,,,,False,False,,,110.0,112.0,,,6.5,,,54.0,,80,,,,,,,,,,,,,,FALSE,,,FALSE,FALSE,,,
,Graduate Certificate in Partnership Taxation,,,,,Graduate-Certificate,Fall 2026,,,,,,Not Required,REQUIRED,,,,False,False,True,False,False,False,,True,False,False,False,True,True,True,False,False,,,,Carl H. Lindner College of Business,"In-State: $12,998/year, Out-of-State: $13,148/year",,,,,,,,,,https://www.uc.edu/,,,,FALSE,False,,,3.0,,,,,,,,,,,,,,,,,,False,False,,,110.0,,,,6.5,,,47.0,,80,,,,,,,,,,,,,,FALSE,,,FALSE,FALSE,,,
,Graduate Certificate in Post-Acute Care,,,,,Graduate-Certificate,Fall 2026,,,,,,,NOT REQUIRED,,,,False,False,False,False,False,False,,False,False,False,False,False,False,False,True,False,,,,,,,,,,,,,,,https://www.uc.edu/,,,,FALSE,False,,4.0,3.0,,,,,,,,,,,,,,,,,,False,False,,,,,,,,,,,,,,,,,,,,,,,,,,FALSE,,,FALSE,FALSE,,,
,Graduate Certificate in Pre-Medical Studies,,,,,Graduate-Certificate,Fall 2026,,,,,,Not Required,NOT REQUIRED,,,,False,False,True,True,False,False,,True,False,False,False,True,True,False,False,False,,,,,,,,,,,,,,,https://www.uc.edu/,,,,FALSE,False,,,,,,,,,,,,,,,,,,,,,False,False,,,,,,,,,,,,,,,,,,,,,,,,,,FALSE,,,FALSE,FALSE,,,
,Graduate Certificate in Professional Selling and Sales Management,,,,,Graduate-Certificate,Fall 2026,,,,Required,Required,Not Required,REQUIRED,"Applicants must hold a baccalaureate degree. Unofficial academic transcripts are used for admissions review, and official transcripts are required when offered admission. One letter of recommendation and an essay are also required. [3]",Not Required,,True,True,True,True,False,False,,True,False,False,False,True,True,False,False,False,,,,Carl H. Lindner College of Business,"The official tuition for this specific certificate is not listed. However, for a comparable online graduate certificate from the Lindner College of Business (Business Foundations), the full-time tuition per semester for residents is $12,556 and for non-residents is $12,706. [9] Given the program is 12 credit hours, the total estimated cost would be in this range.","The official tuition for this specific certificate is not listed. However, for a comparable online graduate certificate from the Lindner College of Business (Business Foundations), the full-time tuition per semester for residents is $12,556 and for non-residents is $12,706. [9] Given the program is 12 credit hours, the total estimated cost would be in this range.",,,,,,,,,https://www.uc.edu/,,,"The University of Cincinnati's online program fees page lists the cost for the Business Foundations Graduate Certificate, which is comparable to the Professional Selling and Sales Management certificate. The cost per credit hour is $1,046 for residents and $1,061 for non-residents. [9]",FALSE,False,,4.0,3.0,,,,,,,,,,,,,,,,,,False,False,,,,,,,,,,,,,,,,,,,,,,,,,The Lindner College of Business offers merit-based scholarships for which applicants are automatically evaluated. [16],FALSE,,,FALSE,FALSE,,,
,Graduate Certificate in Public Health,,,,,Graduate-Certificate,Fall 2026,,,,,,,,,,,False,False,False,False,False,False,,False,False,False,False,False,False,False,False,False,,,,College of Medicine,,,,,,,,,,,https://www.uc.edu/,,,,FALSE,False,,,,,,,,,,,,,,,,,,,,,False,False,,,,,,,,,,,,,,,,,,,,,,,,,,FALSE,,,FALSE,FALSE,,,
,Graduate Certificate in Public History,,,,,Graduate-Certificate,Fall 2026,,,,,,,,,,,False,False,False,False,False,False,,False,False,False,False,False,False,False,False,False,,,,,,,,,,,,,,,https://www.uc.edu/,,,,FALSE,False,,,,,,,,,,,,,,,,,,,,,False,False,,,,,,,,,,,,,,,,,,,,,,,,,,FALSE,,,FALSE,FALSE,,,
,Graduate Certificate in Real Estate,,,,,Graduate-Certificate,Fall 2026,,,,Required,Required,Not Required,REQUIRED,"The Real Estate Graduate Certificate is granted to those who satisfactorily complete the required course work, carrying a minimum GPA of 3.0 or more. [5] The certificate must be completed within five years of acceptance into the program. [5] Admission requirements for certificate-only applicants include a bachelor's degree from an accredited college or university, a current resume/CV, a personal statement, and official transcripts from colleges and universities attended, demonstrating a minimum 3.0 GPA. [11] Specifically for the Real Estate Certificate, applicants must hold a baccalaureate degree and submit unofficial academic transcripts for admissions review (official transcripts are required when offered admission), one letter of recommendation, an essay, and a resume. [5]",Not Required,,False,False,True,True,False,False,,True,False,False,False,True,True,False,False,False,,,,Carl H. Lindner College of Business,,,,,,,,,,,https://www.uc.edu/,,,,FALSE,False,,,3.0,,,,,,,,,,,,,,,,,,False,False,,,110.0,,,,6.5,,,54.0,,80,,,,,,,,,,,"The BEARE Fellowships offer $4,000, and the Neyer Properties Scholarship provides $2,500. [14]",,The UC Real Estate Center provides a variety of scholarships for students who show interest in pursuing a career in real estate. [14],FALSE,,,FALSE,FALSE,,,
,Graduate Certificate in Special Education,,,,,Graduate-Certificate,Fall 2026,,,,Required,Not Required,Not Required,REQUIRED,A baccalaureate degree from a college or university regarded as standard by a regional or general accrediting agency. At least a B average (3.0/4.0 system) in relevant undergraduate course work or otherwise give evidence of promise that is judged satisfactory by the admitting program and the Graduate School. 1 letter of recommendation. [5],Not Required,,True,False,True,True,False,False,,True,False,False,False,True,True,False,False,False,,,,"College of Education, Criminal Justice, and Human Services",,,,,,,,,,,https://www.uc.edu/,,,$746,FALSE,False,,4.0,3,,,,,,,,,,,,,,,,,,False,False,,,110.0,112.0,,,6.5,,,54.0,,80,,,,,,,,,,,Eligible students may qualify for the Professional Development Award equating to $132 off per credit hour.,,Professional Development Award,FALSE,,,FALSE,FALSE,,,
,Graduate Certificate in Sport Management,,,,,Graduate-Certificate,Fall 2026,,,,,,,,,,,False,False,False,False,False,False,,False,False,False,False,False,False,False,False,False,,,,,,,,,,,,,,,https://www.cech.uc.edu/schools/human-services/undergraduate-programs/sport-admin.html,,,,FALSE,False,,,,,,,,,,,,,,,,,,,,,False,False,,,,,,,,,,,,,,,,,,,,,,,,,,FALSE,,,FALSE,FALSE,,,
,Graduate Certificate in Substance Abuse Counseling,,,,,Graduate-Certificate,Fall 2026,,,,Not Required,Not Required,,,"This program is open to all students with a high school diploma or GED and the desire to succeed in college. [5] Although admission is open, students accepted into the program must meet the academic standards of the program to advance to upper levels of study. [5] This professional certificate in substance abuse counseling at the University of Cincinnati's College of Education, Criminal Justice, and Human Services (CECH) is designed for students who already possess a baccalaureate degree or who are in the process of pursuing a baccalaureate degree in another discipline and who wish to obtain credentials in substance abuse counseling. [5]",Not Required,,True,False,False,False,False,False,,False,False,False,False,False,False,False,False,False,,,,,,,,,,,,,,,https://www.uc.edu/,,,,FALSE,False,,,,,,,,,,,,,,,,,,,,,False,False,,,,,,,,,,,,,,,,,,,,,,,,,,FALSE,,,FALSE,FALSE,,,
,Graduate Certificate in Taxation,,,,,Graduate-Certificate,Fall 2026,,,,Required,Required,Optional,REQUIRED,"Applicants must hold a baccalaureate degree. A current resume or CV, a goal statement, and one letter of recommendation are required. Unofficial academic transcripts are used for admissions review, and official transcripts are required when an offer of admission is accepted. [8, 9, 11]",Not Required,,True,False,True,False,False,False,,True,,,,True,True,True,False,False,,,,Carl H. Lindner College of Business,"$12,998/Year",,,,,,,,,,https://www.uc.edu/,,,$582 per credit hour for Ohio residents,FALSE,False,2,4.0,3.0,,,,,,,,,,,,,,,,,,False,False,,,115.0,,,,6.5,,,59.0,,79,,,,,,,,,,,,,Merit-based,FALSE,,,FALSE,FALSE,,,
,Graduate Certificate in Teaching English as a Foreign Language,,,,,Graduate-Certificate,Fall 2026,,,,Optional,Optional,Not Required,REQUIRED,"Applicants are expected to have a bachelor's degree from a regionally accredited college or university with a minimum GPA of 3.0. [9] For the TESOL Endorsement program, candidates who do not meet the minimum GPA requirement may need a waiver from the School of Education. [9] While a specific list of documents for the 'Graduate Certificate in Teaching English as a Foreign Language' is not available, general requirements for graduate programs at the University of Cincinnati may include a personal statement and a resume or CV. [9] For the online TESOL Endorsement, a bachelor's degree with a 3.0 GPA is recommended. [9]",Not Required,,False,True,True,True,False,False,,True,False,False,False,True,True,False,False,False,,,,"College of Education, Criminal Justice, and Human Services",,,,,,,,,,,https://www.uc.edu/,,,$132 off per credit hour for the PreK-12 Reading Instruction Endorsement graduate certificate through the Professional Development Award.,FALSE,False,,4.0,3.0,,,,,,,,,,,,,,,,,,False,False,,,110.0,112.0,,,6.5,,,54.0,,80,,,,,,,,,,,"$2,500/semester for eligible new full-time military, veteran, and National Guard students in a CECH degree program.",30% off instructional fees for eligible Literacy and Second Language Studies students through the Graduate Incentive Award.,"Merit-based, Need-based, Professional Development Award, Graduate Incentive Award, CECH Transfer Scholarship, CECH Associate Degree Scholarship, Military, Veteran and National Guard Scholarship",FALSE,,,FALSE,FALSE,,,
,"Graduate Certificate in Women's, Gender, and Sexuality Studies",,,,,Graduate-Certificate,Fall 2026,,,,,,Not Required,NOT REQUIRED,,,,False,False,False,False,False,False,,False,False,False,False,False,False,False,True,False,,,,College of Arts and Sciences,,,,,,,,,,,https://www.uc.edu/,,,"For the 2020-2021 academic year, the Ohio Resident Total per credit hour for the College of Arts & Sciences was $746.00. [23]",FALSE,False,,4.0,3.0,,,,,,,,,,,,,,,,,,False,False,,,,,,,,,,,,,,,,,,,,,,,,,"The university offers various scholarships for graduate students; however, specific types for this certificate are not detailed.",FALSE,,,FALSE,FALSE,,,
,Bachelor of Science in Aerospace Engineering,,,,,Undergraduate,Fall 2026,,,,Optional,Not Required,Not Required,Required,"Admission criteria for this program vary based on a comprehensive review of the relative strength of courses, academic performance, co-curricular activities, and supplemental information provided through the application. First-year students applying to this program should also have completed the following college preparatory subjects: English (4 units); Mathematics, including algebra, geometry and either pre-calculus or calculus (4 units); Science, including Chemistry and Physics (3 units); Social sciences (3 units); Electives (5 units). [5, 8]",Not Required,,True,True,False,False,False,False,,False,False,False,False,False,False,False,False,False,,,,College of Engineering and Applied Science (CEAS),,,,,,,,,"The University of Cincinnati's B.S. in Aerospace Engineering Degree is the country's second oldest program of its kind. Aerospace engineering takes a deep exploration of advanced science and technology in the design and development of flight vehicles; degree study includes the analysis and design of aircraft, spacecraft, missiles, rockets, and satellites. At UC College of Engineering and Applied Science (CEAS), it's all about you – we strive to help develop you into the person employers want to hire.",,https://degrees.apps.asu.edu/bachelors?init=false&nopassive=true,"The Bachelor of Science in Aerospace Engineering program is accredited by the Engineering Accreditation Commission of ABET, https://www.abet.org, under the General Criteria and the Aerospace and Similarly Named Engineering Programs Program Criteria. [2]",,,FALSE,True,,,2.7,,,,,,,,,,,,,,,,,,False,False,,,110.0,112.0,,,6.5,,,54.0,,79,,,,,,,,,,,,,"Merit-based, Need-based",FALSE,,,FALSE,FALSE,,,False
,Bachelor of Science in Architectural Engineering,,,,,Undergraduate,Fall 2026,,,,Optional,Optional,Not Required,Required,"At a general level for undergraduate admissions, the University of Cincinnati requires a completed application (such as the Common Application), an application fee, and an official or unofficial high school transcript. [2, 15] The university conducts a holistic review, considering factors like grades, completion of a core curriculum, the rigor of coursework (AP, honors, etc.), application essays, and extracurricular activities. [4, 5] While not explicitly required for all applicants, a personal essay and letters of recommendation are also listed as common components of a college application. [15]",,,True,True,True,False,False,False,,True,False,False,False,True,True,True,False,False,,,,Ira A. Fulton Schools of Engineering,,,,,,,,,"The Bachelor of Science in Architectural Engineering program is accredited by the Engineering Accreditation Commission of ABET, https://www.abet.org, under the General Criteria and the Architectural and Similarly Named Engineering Programs Program Criteria. [2] As a student in the Architectural Engineering B.S. program at the University of Cincinnati, you'll have the unique opportunity to split your curriculum between the engineering and architecture programs in two different colleges, applying engineering principles to the design, planning, and building of modern and sustainable societies. [2] Architectural engineers pay close attention to the design, construction, operation, maintenance, and renovation of buildings, impact on the surrounding environment, and ensure that systems fit into its overall architectural design. [2] At UC College of Engineering and Applied Science (CEAS), it's all about you – we strive to help develop you into the person employers want to hire. [2]",,https://degrees.apps.asu.edu/bachelors?init=false&nopassive=true,"The Bachelor of Science in Architectural Engineering program is accredited by the Engineering Accreditation Commission of ABET, https://www.abet.org, under the General Criteria and the Architectural and Similarly Named Engineering Programs Program Criteria. [2, 5]",,,FALSE,False,,,,,,,,,,,,,,,,,,,,,False,False,,,110.0,,,,6.0,,,54.0,,550,,,,,,,,,,,,,"Merit-based, Need-based, Academic, Athletic, Community service",FALSE,,,FALSE,FALSE,,,False
,Bachelor of Science in Biomedical Engineering,,,,,Undergraduate,Fall 2026,,,,Not Required,Not Required,Not Required,Required,"Admission criteria for this program vary based on a comprehensive review of the relative strength of courses, academic performance, co-curricular activities, and supplemental information provided through the application. First-year students applying to this program should also have completed the following college preparatory subjects: English (4 units) Mathematics, including algebra, geometry and either pre-calculus or calculus (4 units) Science, including Chemistry and Physics (3 units) Social sciences (3 units) Electives (5 units). [8]",Not Required,,True,False,False,False,False,False,,False,False,False,False,False,True,False,False,False,,,,"Ira A. Fulton Schools of Engineering, School of Biological and Health Systems Engineering",,,,,,,,"['Medical Device Innovation and entrepreneurship', 'Research Translational Innovation and Entrepreneurship']","The B.S. in Biomedical Engineering degree program at the University of Cincinnati focuses on practical, applied learning techniques. Biomedical engineering is an exciting, rapidly growing field that allows graduates to relate their knowledge and skills to the prevention of injury and improvements in the diagnosis and treatment of medical disorders. [2, 11] At UC College of Engineering and Applied Science (CEAS), it's all about you – we strive to help develop you into the person employers want to hire. [2, 11] Students will take courses that cover the forces, motions, shape changes, and biomechanics of biological tissues and organ systems, designing surgical instruments, artificial organs, prosthetics, and care delivery systems. [2, 11]",,https://degrees.apps.asu.edu/bachelors?init=false&nopassive=true,"The Bachelor of Science in Biomedical Engineering program is accredited by the Engineering Accreditation Commission of ABET, https://www.abet.org, under the General Criteria and the Bioengineering and Biomedical and Similarly Named Engineering Programs Program Criteria. [2, 9]",,"Approximately $1,225 for non-residents (derived from annual tuition and standard credit load).",FALSE,True,,4.0,,,,,,,,,,,,,,,,,,,False,False,,,,,,,,,,,,4,,,,,,,,,,,The Ira A. Fulton Schools of Engineering awarded $1.6 million in undergraduate scholarship support in the previous year.,,"Merit-based and need-based awards, fellowships.",FALSE,,,FALSE,FALSE,,,False
,Bachelor of Science in Chemical Engineering,,,,,Undergraduate,Fall 2026,,,,Not Required,Not Required,Not Required,Required,"Admission criteria for the Bachelor of Science in Chemical Engineering program are based on a comprehensive review of the applicant's strength of courses, academic performance, co-curricular activities, and other supplemental information provided in the application. [2] First-year applicants are expected to have completed a college preparatory curriculum including four units of English, four units of mathematics (including algebra, geometry, and either pre-calculus or calculus), three units of science (including Chemistry and Physics), three units of social sciences, and five units of electives. [2, 13]",Not Required,,True,True,False,False,False,False,,False,False,False,False,False,False,False,False,False,,,,,,,,,,,,,"As a student in the Chemical Engineering B.S. program at the University of Cincinnati, you will gain the knowledge and skills to produce, design, transport and transform energy and materials to improve today's society. [5] Chemical engineers use their expertise in chemical reactions and separations to solve environmental problems and produce new materials on a large scale. [5] At UC College of Engineering and Applied Science (CEAS), it's all about you – we strive to help develop you into the person employers want to hire. [5] Throughout your time with us, you will: Gain hands-on training to design and optimize large-scale processes to produce petrochemicals, plastics, fibers, fuel cells, pharmaceuticals, and microelectronics. [5] Take courses that cover the materials, transport phenomena, process dynamics and controls, and systems analysis. [5]",,https://degrees.apps.asu.edu/bachelors?init=false&nopassive=true,"The Bachelor of Science in Chemical Engineering program is accredited by the Engineering Accreditation Commission of ABET, https://www.abet.org, under the General Criteria and the Chemical, Biochemical, Biomolecular and Similarly Named Engineering Programs Program Criteria. [5, 3]",,,FALSE,True,,,,,,,,,,,,,,,,,,,,,False,False,,,,,,,,,,,,,,,,,,,,,,,,,,FALSE,,,FALSE,FALSE,,,False
,Bachelor of Science in Civil Engineering,,,,,Undergraduate,Fall 2026,,,,Not Required,Optional,Not Required,Required,"First-year students applying to this program should have completed the following college preparatory subjects: English (4 units), Mathematics, including algebra, geometry and either pre-calculus or calculus (4 units), Science, including Chemistry and Physics (3 units), Social sciences (3 units), and Electives (5 units). [3] Admission to bachelor's programs at the College of Engineering and Applied Science (CEAS) is based on a holistic review of applicants' grades, test scores (if submitted), classes taken, extracurricular involvement, letters of recommendation, and essay. [9]",Not Required,,True,False,True,False,False,False,,True,False,False,False,True,True,False,False,False,,,,College of Engineering and Applied Science,"For the 2024-2025 academic year, the annual tuition for a full-time undergraduate at the Uptown Campus is $13,976 for Ohio residents and $29,310 for non-residents. [13]",,,,,,,,"As a Civil Engineering B.S. student at the University of Cincinnati, you will master the fundamental skills to design, construct, rehabilitate, and improve the nation's infrastructure. [2] From conception to construction, projects conducted by Civil Engineers include bridges, highways, railways, tunnels, airports, dams, water treatment systems and buildings. [2] At UC College of Engineering and Applied Science (CEAS), it's all about you – we strive to help develop you into the person employers want to hire. [2] Throughout your time with us, you will: Take courses that cover the analysis and design of elements and systems in the areas of structural, geotechnical, transportation, construction, and water resources. [2]",,https://degrees.apps.asu.edu/bachelors?init=false&nopassive=true,"The Bachelor of Science in Civil Engineering program is accredited by the Engineering Accreditation Commission of ABET, https://www.abet.org, under the General Criteria and the Civil and Similarly Named Engineering Programs Program Criteria. [2, 8]",,"For the 2024-2025 academic year, the per-credit-hour cost for undergraduates at the Uptown Campus is $582 for Ohio residents and $1,221 for non-residents. [13]",FALSE,True,,,,,,,,,,,,,,,,,,,,,False,False,,,,,,,6.5,,,53.0,,79,,,,,,,,,,,"The College of Engineering and Applied Science (CEAS) Alumni Scholarship provides a minimum award of $2,000. [8]",,"Scholarships are awarded based on criteria such as leadership, community service, and professional co-op experience. [8]",FALSE,,,FALSE,FALSE,,,False
,Bachelor of Science in Computer Engineering,,,,,Undergraduate,Fall 2026,,,,Not Required,Not Required,Not Required,Required,"First-year students applying to this program should have completed the following college preparatory subjects: English (4 units), Mathematics, including algebra, geometry and either pre-calculus or calculus (4 units), Science, including Chemistry and Physics (3 units), Social sciences (3 units), and Electives (5 units). [5, 7, 12, 14]",Not Required,,True,False,True,False,False,False,,True,False,False,False,True,True,False,False,False,,,,Ira A. Fulton Schools of Engineering,"$35,962/Year",,,,,,,,"The B.S. in Computer Engineering degree program at the University of Cincinnati integrates pertinent science and mathematics courses with electrical engineering and computer courses in order to develop an engineer capable of designing and analyzing all aspects of modern computer systems. [4, 5] Students learn to think outside the box to develop creative solutions to problems including the design and analysis of computer hardware and software. [4, 5]",,https://degrees.apps.asu.edu/bachelors?init=false&nopassive=true,"The Bachelor of Science in Computer Engineering program is accredited by the Engineering Accreditation Commission of ABET, https://www.abet.org, under the General Criteria and the Electrical, Computer, Communications, Telecommunication(s) and Similarly Named Engineering Programs Program Criteria. [3, 4]",,122,FALSE,True,,4.0,3.0,,,,,,,,,,,,,,,,,,False,False,,,110.0,,,,6.5,,,54.0,,80,,,,,,,,,,,1600000,,Merit-based,FALSE,,,FALSE,FALSE,,,False
,Bachelor of Science in Computer Science,,,,,Undergraduate,Fall 2026,,,,Not Required,Not Required,Not Required,,"Admission criteria for this program vary based on a comprehensive review of the relative strength of courses, academic performance, co-curricular activities, and supplemental information provided through the application. [11] First-year students applying to this program should also have completed the following college preparatory subjects: English (4 units), Mathematics (4 units, including algebra, geometry and either pre-calculus or calculus), Science (3 units, including Chemistry and Physics), Social sciences (3 units), and Electives (5 units). [11]",Not Required,,True,False,False,False,False,False,,False,False,False,False,False,False,False,False,False,,,,Ira A. Fulton Schools of Engineering,,,,,,,,,"As a student in the Computer Science B.S. program at the University of Cincinnati, you will gain the skills to design, analyze, and develop technology to improve and modernize life for all. [11] Some important areas of computer science are: the design of more powerful or more easily used computer languages; the design of more powerful compilers, which translate programs written in computer languages into machine-executable code; the design of operating systems; and the design of networks and methodologies for computing over multiple distributed machines. [11] You will gain education and hands-on training on computational information systems, software development, data science, artificial intelligence, and cybersecurity. [2]",,https://degrees.apps.asu.edu/bachelors?init=false&nopassive=true,"The Bachelor of Science in Computer Science program is accredited by the Computing Accreditation Commission of ABET, https://www.abet.org, under the General Criteria and the Computer Science and Similarly Named Computing Programs Program Criteria. [2, 5]",,,FALSE,True,,4.0,2,,,,,,,,,,,,,,,,,,False,False,,,,,,,,,,,,,,,,,,,,,,,,,"['Merit-based', 'Need-based', 'Corporate and industry-sponsored', 'Diversity in tech']",FALSE,,,FALSE,FALSE,,,False
,Bachelor of Science in Construction Management,,,,,Undergraduate,Fall 2026,,,,Not Required,Not Required,Not Required,Required,"Admission to the Bachelor of Science in Construction Management program is based on a holistic review of applicants' grades, test scores (if submitted), classes taken, extracurricular involvement, letters of recommendation, and essay. [8] First-year students should have completed specific college preparatory subjects, including 4 units of English, 4 units of mathematics (pre-calculus is highly recommended), 3 units of science (including Chemistry or Physics), 3 units of social sciences, and 5 units of electives. [3, 4]",Not Required,,True,False,True,False,False,False,,True,False,False,False,True,True,False,False,False,,,,,,,,,,,,,"The University of Cincinnati's B.S. in Construction Management Degree takes a deep exploration of the design-build-construct continuum. [3] As a student in the Construction Management program, you will master the fundamental technical and management principles to lead development's schedule, cost, quality, safety, and scope to improve today's society. [3] At UC College of Engineering and Applied Science (CEAS), it's all about you – we strive to help develop you into the person employers want to hire. [3]",,https://degrees.apps.asu.edu/bachelors?init=false&nopassive=true,"The CEAS Construction Management program is accredited by the American Council for Construction Education, (ACCE), which accredits construction education programs offered by colleges and universities. [2] The Bachelor of Science in Construction Management program is also accredited by the Applied and Natural Science Accreditation Commission of ABET. [3] The University of Cincinnati and all regional campuses are accredited by the Higher Learning Commission (HLC). [2, 9]",,,FALSE,True,,,,,,,,,,,,,,,,,,,,,False,False,,,,,,,6.5,,,53.0,,79,,,,,,,,,,,,,,FALSE,,,FALSE,FALSE,,,False
,Bachelor of Science in Cybersecurity Engineering,,,,,Undergraduate,Fall 2026,,,,Not Required,Not Required,,,"Admission criteria for this program vary based on a comprehensive review of the relative strength of courses, academic performance, co-curricular activities, and supplemental information provided through the application. [8] First-year students applying to this program should also have completed the following college preparatory subjects: English (4 units), Mathematics, including algebra, geometry and either pre-calculus or calculus (4 units), Science, including Chemistry and Physics (3 units), Social sciences (3 units), and Electives (5 units). [8]",Not Required,,True,False,False,False,False,False,,False,False,False,False,False,False,False,False,False,,,,"College of Education, Criminal Justice, and Human Services",,,,,,,,"['Cyber-attack and defense', 'Network and data security', 'Hardware and cyber-physical system security']","The B.S in Cybersecurity Engineering degree program at the University of Cincinnati integrates pertinent science and mathematics courses with electrical engineering, computer engineering, computer science, political science, and ethics courses in order to develop an engineer capable of designing, and analyzing systems that operate with confidentiality, integrity and availability. [5, 7] Coursework will promote your critical thinking skills in cyber security to be able to understand, measure and identify the security vulnerabilities and privacy risks of computer and communication systems. [5, 7] Students will learn how to respond to unknown cyber security threats, test vulnerabilities in software and web application, reverse engineer malware, and how to build secure, robust and reliable computer and communication systems. [5, 7] The program prepares students with advanced technical skills to combat cybercrime, protect critical infrastructure, and ensure data privacy in a connected world. [8] Cybersecurity engineers design and build secure systems that integrate software and hardware, develop new technologies, identify vulnerabilities early in the design process, and create the next generation of secure infrastructure. [8]",,https://degrees.apps.asu.edu/bachelors?init=false&nopassive=true,The Cybersecurity Engineering program will be assessed for accreditation by the Engineering Accreditation Commission of ABET. [5],,,FALSE,True,,4.0,,,,,,,,,,,,,,,,,,,False,False,,,,,,,,,,,,,,,,,,,,,,,,,,FALSE,,,FALSE,FALSE,,,False
,Bachelor of Science in Electrical Engineering,,,,,Undergraduate,Fall 2026,,,,Optional,Required,,,"Admission criteria for this program vary based on a comprehensive review of the relative strength of test scores, class rank and GPA, and co-curricular activities. First-year students applying to this program should also have completed the following college preparatory subjects: English (4 units), Mathematics, including algebra, geometry and either pre-calculus or calculus (4 units), Science, including Chemistry and Physics (3 units), Social sciences (3 units), Electives (5 units). [3]",Not Required,,True,False,False,False,False,False,,False,False,False,False,False,False,False,False,False,,,,Ira A. Fulton Schools of Engineering,"$37,202 per year for non-residents and $12,975 per year for Arizona residents. [50, 49]",,,,,,,,"As a student in the Electrical Engineering B.S. program at the University of Cincinnati, you'll be at the forefront of advances in biomedicine, renewable energy, intelligent systems, and nanotechnologies. Using this knowledge, you'll shape the design and manufacturing processes of technology that improves the quality of our lives. At UC College of Engineering and Applied Science (CEAS), it's all about you – we strive to help develop you into the person employers want to hire. Throughout your time with us, you will: Take courses that cover intelligent systems, information processing, nanoscience and nanotechnology, embedded systems, biomedical electronics and computing, robotics, electrical energy and SmartGrid; Customize your experience with more than 600 organizations, including Institute of Electrical and Electronics Engineering, Association of Computing Machinery, CubeCats, Robotics Club, BattleBots Club, and more; Build an impressive resume and professional network through our nationally-recognized co-op program at companies such as FirstEnergy, Kohrs Lonnemann Heil Engineers (KLH), L-3 Cincinnati Electronics, General Cable Corporation, Northrop Grumman, and General Electric.",,https://degrees.apps.asu.edu/bachelors?init=false&nopassive=true,"The BS in Electrical Engineering (BSEE) program is accredited by the Engineering Accreditation Commission of ABET, https://www.abet.org, under the General Criteria and Program Criteria for Electrical, Computer, Communications, Telecommunication(s) and Similarly Named Engineering Programs. [1]",,,FALSE,True,,4.0,3,,,,,,,,,,,,,,,,,,False,False,,,,,,,,,,,,,,,,,,,,,,,"An average of $1.3 million in scholarships is awarded by the W. P. Carey School of Business annually. [36] The New American University Scholarship offers a maximum of $15,000 per year. [7]",,"Merit-based, Need-based, and specialty scholarships. [7]",FALSE,,,FALSE,FALSE,,,False
,Bachelor of Science in Electrical Engineering Technology,,,,,Undergraduate,Fall 2026,,,,Optional,Optional,Not Required,Required,"Admission criteria for this program vary based on a comprehensive review of the relative strength of courses, academic performance, co-curricular activities, and supplemental information provided through the application. First-year students applying to this program should also have completed the following college preparatory subjects: English (4 units), Mathematics, including algebra, geometry and statistics or trigonometry. Pre-calculus is highly recommended. (4 units), Science, including Chemistry or Physics (3 units), Social sciences (3 units), Electives (5 units). [8]",Not Required,,True,False,True,False,False,False,,True,False,False,False,True,True,False,False,False,,,,College of Engineering and Applied Science,"$29,310 per year",,,,,,,,"as student Electrical Technology program the University Cincinnati, will the to the of electrical to electrical and to and life for all. is robust with in areas electrical and exist: design and of types of electrical as as and their networks. At College of Engineering and Applied Science (CEAS), it's all about you – we strive to help develop you into the person employers want to hire. Throughout your time with us, you will: Gain hands-on training in the fields of analog and digital circuits, electric power systems, and industrial control; Take courses that cover the communications, instrumentation, analog and digital controls, microprocessors and controllers, and digital signal processing; Customize your experience with more than 600 organizations, including Institute of Electrical and Electronics Engineering, the Association of Computing Machinery, CubeCats, and Robotics Club, BattleBots Club, and more; Build an impressive resume and professional network through our nationally-recognized co-op program at companies such as ASIC Corporation, Mitsubishi Electric Automotive America, Cincinnati Test Systems, Kohrs Lonnemann Heil Engineers, and General Electric.",,https://degrees.apps.asu.edu/bachelors?init=false&nopassive=true,"The Bachelor of Science in Electrical Engineering Technology program is accredited by the Engineering Technology Accreditation Commission of ABET, https://www.abet.org, under the General Criteria and the Electrical/Electronic(s) Engineering Technology and Similarly Named Programs Program Criteria. [2]",,"$1,107 per credit hour for out-of-state students",FALSE,True,,4.0,2,,,,,,,,,,,,,,,,,,False,False,,,105.0,,,,6.0,,,53.0,,61,,,,,,,,,,,Up to $22 million in renewable scholarships are available through the Cincinnatus Scholarship Program.,,Merit-based,FALSE,,,FALSE,FALSE,,,False
,Bachelor of Science in Environmental Engineering,,,,,Undergraduate,Fall 2026,,,,,,Not Required,Required,"For general undergraduate admission, the University of Cincinnati requires a completed application (such as the Common App), and high school transcripts. [2, 12] For graduate programs, a bachelor's degree from an accredited institution is required, and applicants generally need to submit unofficial transcripts from all previously attended colleges and universities. [4] A non-refundable application fee is required for both undergraduate and graduate applications. [4, 12] Specific programs may have additional requirements such as letters of recommendation or portfolios. [12, 14]",,,True,True,False,False,False,False,,False,False,False,False,False,False,False,False,False,,,,College of Engineering and Applied Science,"$30,310/Year",,,,,,,,"As a student in the Environmental Engineering B.S. program at the University of Cincinnati, you will develop both the technical and non-technical skills to explore sustainable solutions for controlling pollution and sustaining resources to improve today's society. Students are introduced to cutting edge sustainability research and the tools of green engineering design. [7] Courses cover the analysis and design of water and wastewater treatment systems, water resources, air pollution-control technologies, solid waste and hazardous substance management and regulations, and sustainability. [7] The mission of the Environmental Engineering program at the University of Cincinnati is to prepare its graduates to think critically and develop sustainable, ethical, engineering solutions that address complex environmental challenges faced by humanity. [2]",,https://degrees.apps.asu.edu/bachelors?init=false&nopassive=true,The Bachelor of Science in Environmental Engineering program is accredited by the Engineering Accreditation Commission of ABET. [11],,"$1,107 per credit hour for out-of-state students (2022-2023)",FALSE,False,,4.0,,,,,,,,,,,,,,,,,,,False,False,,,105.0,,,,6.5,,,,,79,,,,,,,,,,,"$1,500 to $5,000",,Merit-based,FALSE,,,FALSE,FALSE,,,False
,Bachelor of Science in Industrial & Systems Engineering,,,,,Undergraduate,Fall 2026,,,,Not Required,Not Required,Not Required,Required,"For first-year admission, applicants must meet one of the following: minimum 1210 SAT combined evidence-based reading and writing plus math score or minimum 24 ACT combined score, or a minimum high school cumulative GPA of 3.00 in ASU competency courses, or class ranking in top 25% of high school class. [2] Additionally, applicants must have no high school math or science competency deficiencies. [2]",Not Required,,True,True,True,False,False,False,,True,False,False,False,True,True,False,False,False,,,,College of Engineering and Applied Science,,,,,,,,"['Data Analytics', 'Healthcare Systems', 'Industry 4.0/5.0 (Digital Transformation)']","Industrial and systems engineers are known as the “people engineers,” solving problems that directly impact organizations in every industry sector while often rising to the top of leadership. The University of Cincinnati's B.S. in Industrial and Systems Engineering Degree will teach you to innovate and improve systems, solve complex problems, and incorporate human interaction within a system. The focus areas include data analytics, healthcare systems, and Industry 4.0/5.0. [2]",,https://degrees.apps.asu.edu/bachelors?init=false&nopassive=true,"The program's website states, ""The Industrial and Systems Engineering program will apply for initial accreditation review with the Engineering Accreditation Commission of ABET."" [2] The University of Cincinnati and all its regional campuses are accredited by the Higher Learning Commission (HLC). [9]",,,FALSE,True,,,,,,,,,,,,,,,,,,,,,False,False,,24.0,100.0,,,,6.5,,,53.0,1210.0,79,,,,,,,,,,,"Up to $5,000",,Merit-based,FALSE,,,FALSE,FALSE,,,False
,Bachelor of Science in Mechanical Engineering,,,,,Undergraduate,Fall 2026,,,,Optional,Required,Not Required,Required,"Admission to bachelor's programs at the College of Engineering and Applied Science (CEAS) is based on a holistic review of applicants' grades, test scores (if submitted), classes taken, extracurricular involvement, letters of recommendation, and essay. First-year students applying to this program should also have completed the following college preparatory subjects: English (4 units), Mathematics, including algebra, geometry and either pre-calculus or calculus (4 units), Science, including Chemistry and Physics (3 units), Social sciences (3 units), and Electives (5 units). [8, 13]",Not Required,,True,True,True,False,False,False,,True,False,False,False,True,True,True,False,False,,,,,,,,,,,,,"As a student in the Mechanical Engineering B.S. program at the University of Cincinnati, you will gain knowledge to design, manufacture, and operate machines and mechanical systems that work in a safe and efficient fashion to advance today's society. Students learn to use the principles of force, energy and motion to design, manufacture and operate machines and mechanical systems that work in a safe, efficient, economical and predictable fashion. At UC College of Engineering and Applied Science (CEAS), it's all about you – we strive to help develop you into the person employers want to hire. Throughout your time with us, you will: Take courses that cover fluid, thermal, structural., motion and analysis design, kinematics and kinetics of machines, system dynamics and vibrations, thermodynamics, fluid mechanics, and heat transfer; Customize your experience with more than 600 organizations, including American Society of Mechanical Engineers, Bearcat Motorsports, Robotics Club, BattleBots Club, Bearcat Baja, and more; Build an impressive resume and professional network through our nationally-recognized co-op program at companies such as Toyota Motor Company, Gulfstream Aerospace, Marathon Petroleum, Beckett Gas, Inc., and General Electric.",,https://degrees.apps.asu.edu/bachelors?init=false&nopassive=true,"The Bachelor of Science in Mechanical Engineering program is accredited by the Engineering Accreditation Commission of ABET, https://www.abet.org, under the General Criteria and the Mechanical and Similarly Named Engineering Programs Program Criteria. [2, 5]",,,FALSE,True,,,,,,,,,,,,,,,,,,,,,False,False,,,110.0,,,,6.0,,,54.0,,79,,,,,,,,,,,,,,FALSE,,,FALSE,FALSE,,,False
,Bachelor of Science in Mechanical Engineering Technology,,,,,Undergraduate,Fall 2026,,,,Not Required,Required,Not Required,Required,"Admission criteria for this program vary based on a comprehensive review of the relative strength of courses, academic performance, co-curricular activities, and supplemental information provided through the application. First-year students applying to this program should also have completed the following college preparatory subjects: English (4 units); Mathematics, including algebra, geometry and statistics or trigonometry. Pre-calculus is highly recommended. (4 units); Science, including Chemistry or Physics (3 units); Social sciences (3 units); Electives (5 units). [4]",Not Required,,True,False,False,False,False,False,,True,False,False,False,True,True,False,False,False,,,,"Ira A. Fulton Schools of Engineering, The Polytechnic School","The estimated tuition for an undergraduate resident in the Fulton Schools of Engineering for the 2025-2026 academic year is $12,975. For non-residents, the estimated tuition is $35,167. [2]",,,,,,,"['design', 'energy', 'manufacturing']","As a student in the Mechanical Engineering Technology B.S. an program at the University of Cincinnati, you will gain the knowledge to apply the principles of mechanical engineering to mechanical components, systems, automation, testing and field service to improve today's society. At UC College of Engineering and Applied Science (CEAS), it's all about you – we strive to help a develope a you into the person employers want to hire. Throughout your time with us, you will: Gain hands-on training in the fields hardware- and computer- oriented aspects of mechanical design, manufacturing, and energy systems; Take courses that cover application and implementation of mechanical design, and incorporates modern computer techniques into mechanical design, automation, testing, and field service; Customize your experience with more than 600 organizations, including American Society of Mechanical Engineers, Bearcat Motorsports, Robotics Club, Engineers Without Border, and more - Build an impressive resume and professional network through our nationally-recognized co-op program at companies such as Mitsubishi Electric Automotive America, General Tool Company, Makino, Inc., Meyer Tool, Inc., and General Electric.",,https://degrees.apps.asu.edu/bachelors?init=false&nopassive=true,"The Bachelor of Science in Mechanical Engineering Technology program is accredited by the Engineering Technology Accreditation Commission of ABET, https://www.abet.org, under the General Criteria and the Mechanical Engineering Technology and Similarly Named Programs Program Criteria. [2, 5]",,"Based on the 2025-2026 estimated annual tuition of $12,975 for a resident undergraduate engineering student, the approximate cost per credit hour would be $432.50 for a standard 30-credit academic year.",FALSE,True,"While a specific maximum number of failing grades is not published, students must maintain Satisfactory Academic Progress (SAP). This includes maintaining a minimum cumulative GPA of 2.00 and passing at least 67% of all attempted credit hours. [2, 5, 6, 7] Failure to meet these standards can result in a loss of financial aid eligibility and academic probation or disqualification. [2]",4.0,2.0,,,,,,,,,,,,,,,,,,False,False,,,,,,,6.5,,,53.0,,79,,,,,,,,,,,,,"ASU offers merit-based and need-based scholarships. [2] Specific to Arizona residents, there are programs like the Arizona Promise Program and the College Attainment Grant Program which can help cover tuition and fees for eligible students. [2]",FALSE,,,FALSE,FALSE,,,False
,Bachelor of Science in Industrial Design,,,,,Undergraduate,Fall 2026,,,,Optional,Not Required,Not Required,Required,"General first-year application requirements include the submission of the Common Application, a non-refundable application fee, and an official or unofficial high school transcript. [4] The University of Cincinnati has a holistic review process that considers grades earned throughout high school, the student's decision to take rigorous coursework such as AP or honors, application essays, and extracurricular activities. [6] Effective for Fall 2025, first-year students applying to the Industrial Design program are no longer able to submit an optional portfolio as part of the admissions process. [2]",Not Required,,True,False,True,False,False,False,,True,False,False,False,True,True,False,False,False,,,,Herberger Institute for Design and the Arts,,,,,,,,"['product design', 'mobility systems design']","Industrial design is concerned with the appearance and usefulness of manufactured goods. Industrial designers work on a wide array of products, from cars to shoes to medical equipment to toys. Product design involves the synthesis of a variety of requirements and values into a coherent creation. Among such requirements and values are functional suitability, aesthetics, technical performace, economis resourses, social and cultural issues, environmental concerns and human comfort. In UC's industrial design program, students learn to emphasize the humanistic qualities of products of mass production with special consideration for comfort, safety and visual satisfaction which they may bring to the users. In a curriculum balanced between academic and studio requirements, students are able to develop creativity, visual communication skills, ands-on experience with technology, and the ability to conduct design research in interdisciplinary collaboration. The program promotes critical thinking and innovative solutions for the future through strategic research with an emphasis and understanding of global impact, sustainability and collaborative partnerships. Industrial design students apply the highest standards of conceptual sophistication, aesthetics and craftsmanship at every level of study. In the third year, students choose to focus on product design or mobility systems design. The Bachelor of Science in Industrial Design program has the approved CIP code 11.0105: Human-Centered Technology Design, which makes the program a recognized STEM degree program. STEM designation makes our students eligible for STEM specific Scholarships, 24-month OPT extension for International Students, and expanded GI benefits for Student Veterans.",,https://degrees.apps.asu.edu/bachelors?init=false&nopassive=true,All programs in UC's School of Design are accredited by the National Association of Schools of Art and Design (NASAD). [2],,,FALSE,True,,4.0,3,,,,,,,,,,,,,,,,,,False,False,,,,,,,,,,,,,,,,,,,,,,,5000 USD,,Merit-based,FALSE,,,FALSE,FALSE,,,False
,Bachelor of Science in Communication Design,,,,,Undergraduate,Fall 2026,,,,Not Required,Not Required,Not Required,Required,"The College of Design, Architecture, Art, and Planning (DAAP) has an admissions review process. Success in the programs is largely dependent upon sound academic preparation. [2] For first-year applicants, effective Fall 2025, an optional portfolio is no longer part of the undergraduate admissions process; only the required application materials are necessary. [2] The university's admissions office website contains detailed information on application materials, requirements, and deadlines. [2] Required high school coursework includes 4 units of English, 4 units of math, 3 units of science, and 3 units of social studies. [8]",Not Required,,True,False,True,False,False,False,,True,False,False,False,False,True,False,False,False,,,,,,,,,,,,,"Communication Design transforms information, ideas, and emotions into visual materials and experiences using typography, photography, drawing/image-making, animation, and more. [2] The nationally ranked Bachelor of Science in Design - Communication Design major at the University of Cincinnati provides a platform for discovery, experimentation, and specialization through strong foundational skills, critical and cultural theory, experiential learning, and technological literacy. [2] Students build a foundation in visual problem-solving through a sequential curriculum that includes graphic, interaction, and motion design studios. [2] All Communication Design majors participate in the UC Co-op Program, which includes five paid, semester-long co-op experiences, providing hands-on professional practice in the field. [2]",,https://degrees.apps.asu.edu/bachelors?init=false&nopassive=true,,,,FALSE,False,,,,,,,,,,,,,,,,,,,,,False,False,,,115.0,,,,6.5,,,,,80,,,,,,,,,,,,,,FALSE,,,FALSE,FALSE,,,False
,Bachelor of Science in Fashion Design,,,,,Associate,Fall 2026,,,,Not Required,Not Required,Not Required,Required,"All students are required to meet general university admission requirements. [12, 15]",Not Required,,True,False,False,False,False,False,,False,False,False,False,False,False,False,False,False,,,,Herberger Institute for Design and the Arts,,,,,,,,,"The Bachelor of Science in Design - Fashion Design Major provides a platform for discovery, experimentation, and specialization by way of a strong foundation in critical and cultural theory, experiential learning, craftsmanship, technological literacy, and sustainable stewardship with opportunities for students to author their individual curricular pathway through elective coursework. [3] The Fashion Design program prepares students with the creative and technical skills necessary to understand the design principles of aesthetic and function. [2] Through foundational course work in fashion communication, drawing, technical pattern drafting, draping, and construction, students are equipped with skills and abilities to pursue personalized interests in fashion. [2] Through elective coursework, students build upon this foundation in specialized areas of emphasis, including fashion theory, advanced craft, digital design and development, and sustainability. [2]",,https://degrees.apps.asu.edu/bachelors?init=false&nopassive=true,All programs in the UC School of Design are accredited by the National Association of Schools of Art and Design (NASAD). [2],,,FALSE,False,,4.0,3.0,,,,,,,,,,,,,,,,,,False,False,,,,,,,6.5,,,,,79,,,,,,,,,,,,,"Need-based, Merit-based",FALSE,,,FALSE,FALSE,,,False
,Bachelor of Science in Interior Design,,,,,Undergraduate,Fall 2026,,,,Not Required,Not Required,Not Required,Required,"Applicants must have passed high school. Prerequisites include 4 units of English, 4 units of math (including pre-calculus), 3 units of science (including physics), and 3 units of social studies. [2, 10] For detailed and current admission requirements, prospective students are encouraged to contact DAAP Student Affairs. [3]",Not Required,,True,False,True,False,False,False,,True,False,False,False,True,True,False,False,False,,,,,,,,,,,,,"The Bachelor of Science in Interior Design program prepares graduates for a critical engagement with practice through an academic and professional grounding in problem-solving, formal design skills and pertinent historical and technical knowledge. [2] The program forms strong links with our Architecture program at DAAP, starting with a common curriculum in the first three semesters. [2] Interior designers execute projects for the whole spectrum of human activities. Examples include business and commercial establishments (offices and shops), places for recreation and hospitality (hotels, restaurants, resorts), health and cultural institutions (hospitals, schools, theaters, museums, places of worship), and residential interiors. [2]",,https://degrees.apps.asu.edu/bachelors?init=false&nopassive=true,"The interior design program leading to the Bachelor of Science in Interior Design is accredited by the Council for Interior Design Accreditation, www.accredit-id.org, 206 Cesar E. Chavez Ave SW, Suite 350, Grand Rapids, MI 49503. [2] The Bachelor of Science in Interior Design program is also accredited by the National Association of Schools of Art and Design (NASAD). [4]",,,FALSE,False,,4.0,3.0,,,,,,,,,,,,,,,,,,False,False,,,110.0,,,,6.5,,,54.0,,80,,,,,,,,,,,,,"Merit-based, Need-based, Athletic",FALSE,,,FALSE,FALSE,,,False
,Bachelor of Science in Architecture,,,,,Undergraduate,Fall 2026,,,,Not Required,Not Required,Not Required,Required,"The College of Design, Architecture, Art, and Planning (DAAP) has an admissions review process. In addition to the general required application materials, there are special course requirements for the Bachelor of Science in Architecture. Applicants are required to have four years of high school math (including pre-calculus or calculus) and one year of physics. [14]",Not Required,,True,False,True,False,False,False,,True,False,False,False,True,True,False,False,False,,,,,,,,,,,,,"The Bachelor of Science in Architecture (BS-Arch) degree is composed of seven academic semesters and three cooperative (co-op) semesters within four years of undergraduate education. [2, 8] Students are educated in design, construction technologies, digital arts, the humanities, social sciences, and aesthetic expression. [2, 8] Architecture is the culturally responsible design and production of buildings that are useful, durable, meaningful, inspiring, and responsive to their physical and social contexts. [2, 8] Architecture is an art, a technical craft and an ethical practice. [2, 8] Students reinforce their skills in the field through several co-op semesters that offer students the opportunity to work full-time in an architecture firm either locally, nationally, or internationally. [2, 8] The pre-professional BS Arch degree creates the foundation in the field of architecture as preparation for continued education in a NAAB accredited degree program. [2, 3, 8]",,https://degrees.apps.asu.edu/bachelors?init=false&nopassive=true,"The architecture program of the University of Cincinnati has been accredited by the National Architectural Accrediting Board (NAAB) continuously since 1948, and its courses satisfy requirements maintained by various state architectural registration boards. [2] The University of Cincinnati and all regional campuses are accredited by the Higher Learning Commission. [2, 7]",,,FALSE,False,,,,,,,,,,,,,,,,,,,,,False,False,,,,,,,6.5,,,53.0,,79,,,,,,,,,,,,,,FALSE,,,FALSE,FALSE,,,False
,Bachelor of Arts in Art History,,,,,Undergraduate,Fall 2026,,,,Not Required,Required,Not Required,Required,"Required application materials for first-year applicants include the Common Application, a non-refundable application fee (or fee waiver), and an official or unofficial high school transcript. [6, 11] The university conducts a holistic review that considers factors such as the completion of a core curriculum, grades earned, rigor of coursework (AP, honors, dual credit), application essays, extracurricular activities, and other achievements. [8, 9]",Not Required,,True,True,False,False,False,False,,True,False,False,False,True,True,False,False,False,,,,,,,,,,,,"An academic concentration must be chosen from the following areas: history, philosophy, classics, language, anthropology, English literature, fine arts, or a suitable substitute agreed to by the student and the advisor. [2]","The Bachelor of Arts in Art History is a four-year critical thinking program that provides students with a comprehensive understanding of the history of art and its impact on society. [4] Art history students in UC's College of Design, Architecture, Art, and Planning (DAAP) have the opportunity to complete internships in local museums, to study a foreign language, and to take a variety of liberal arts electives. [2] Art history majors develop research and writing skills as tools for speaking, writing, and thinking about art and design. [2] Courses are offered in many areas with particular strength in modern and contemporary art, art of the United States, Chinese and Japanese art, African-American art, and museum studies. [2] Courses in ancient art and architecture are taught by members of the UC Classics Department. [2] Art History involves the historical interpretation and visual analysis of painting, sculpture, architecture, and other forms of visual art. [4, 6] Art historians view the work of art as an embodiment of the values of its time and place of origin, and are experts on the lives of artists as well as the forms, traditions, and theoretical context of the visual arts. [4]",,https://degrees.apps.asu.edu/bachelors?init=false&nopassive=true,The University of Cincinnati and all regional campuses are accredited by the Higher Learning Commission. [2] All programs in the School of Art are accredited by the National Association of Schools of Art and Design (NASAD). [2],,,FALSE,False,,,,,,,,,,,,,,,,,,,,,False,False,,,110.0,,,,6.5,,,54.0,,80,,,,,,,,,,,,,,FALSE,,,FALSE,FALSE,,,False
,Bachelor of Arts in Fine Arts,,,,,Undergraduate,Fall 2026,,,,Not Required,Not Required,Not Required,Required,"All students are required to meet general university admission requirements. First-year applicants may apply directly to the art studies program; there is no portfolio review for this major. [5, 6]",Not Required,,True,False,True,True,False,False,,True,False,False,False,True,True,False,False,False,,,,Herberger Institute for Design and the Arts,,,,,,,,"['Art & Technology', 'Ceramics', 'Drawing & Painting', 'Photography', 'Printmaking', 'Sculpture']","The Bachelor of Fine Arts (BFA) is a five-year, strong technical and critical thinking program for the future. Successful students have a passion for creating their art and a heightened intellectual and visual perception. Through the co-op experience, students are introduced to careers in a wide field of art professions. DAAP's BFA program offers a broad curriculum with the ability to specialize in a single media, or work across media, as students develop their artistic paths. We provide instruction in areas that include Art & Technology, Ceramics, Drawing & Painting, Photography, Printmaking, and Sculpture.",,https://degrees.apps.asu.edu/bachelors?init=false&nopassive=true,The University of Cincinnati and all regional campuses are accredited by the Higher Learning Commission (HLC). [6],,,FALSE,False,,4.0,,,,,,,,,,,,,,,,,,,False,False,,,110.0,,,,6.5,,,54.0,,80,,,,,,,,,,,,,,FALSE,,,FALSE,FALSE,,,False
,Bachelor of Arts in Games and Animation,,,,,Undergraduate,Fall 2026,,,,Optional,Optional,Not Required,Required,"General requirements for graduate admission include a bachelor's degree from an accredited institution with a recommended minimum GPA of 3.0. [3, 6] Application materials typically include transcripts and letters of recommendation, while other requirements such as a resume or personal statement can vary by program. [7] For undergraduate first-year students, a completed Common Application, a non-refundable application fee, and an official high school transcript are required. [5]",Not Required,,True,True,False,False,False,False,,False,False,False,False,False,False,False,False,False,,,,,,,,,,,,,"In the University of Cincinnati BFA in Games and Animation, there is no artificial separation between theory and practice, between art and industry, between conception and production. The goals of the BFA-GAA Program at the University are to provide an opportunity for students wanting to pursue a career in Animation, Video Game Designer, or related fields to have a competitive program in Ohio. [3] Taught by industry veterans in games and animation, this program straddles between the production side of media creation and the expressive “auteur” models. [8] Games and Animation (henceforth GAA) students will learn what it takes to be in the production of a television series or feature film, or how to produce their own work for galleries or film festivals. [8] Students can try out many different digital tools of animation and game design as well as long-tested analog techniques, all implemented through cycles of development reliant on playtesting and iteration. [3]",,https://degrees.apps.asu.edu/bachelors?init=false&nopassive=true,The University of Cincinnati and all regional campuses are accredited by the Higher Learning Commission. [9],,,FALSE,False,,,,,,,,,,,,,,,,,,,,,False,False,,,,,,,6.5,,,53.0,,79,,,,,,,,,,,,,,FALSE,,,FALSE,FALSE,,,False
,Bachelor of Science in Horticulture,,,,,Undergraduate,Fall 2026,,,,Not Required,Not Required,Not Required,Required,"First-year applicants are expected to have completed a college preparatory education curriculum and earned a graduation certificate or diploma that would enable them to apply to a university in their home country. This typically includes 4 years of English, 4 years of mathematics, and 3-4 years of science (including Chemistry and/or Physics), as well as 3-4 years of language, history, or social sciences. [8] The Horticulture program is part of the College of Design, Architecture, Art, and Planning (DAAP), and prospective students are encouraged to contact DAAP Student Affairs with questions. [15]",Not Required,,True,False,True,False,False,False,,True,False,False,False,True,True,False,False,False,,,,,,,,,,,,"['Sustainable landscape design', 'Urban agriculture', 'Urban landscapes']","In courses offered by UC's College of Design, Architecture, Art, and Planning (DAAP), students learn the relationship between horticulture and ecological processes and develop a forward-looking approach toward the environment. [2] The horticulture curriculum has been choreographed to support the traditional foundation in plant science, landscape design, and landscape management, with a commitment to advance contemporary and sustainable approaches to all facets of horticulture. The study of horticulture covers the growth, distribution and utilization of ornamental plants, fruits and vegetables. [2, 4, 9]",,https://degrees.apps.asu.edu/bachelors?init=false&nopassive=true,The University of Cincinnati and all regional campuses are accredited by the Higher Learning Commission (HLC). [10],,,FALSE,True,,,,,,,,,,,,,,,,,,,,,False,False,,,,,,,,,,,,,,,,,,,,,,,,,,FALSE,,,FALSE,FALSE,,,False
,Bachelor of Urban Planning,,,,,Undergraduate,Fall 2026,,,,Not Required,Required,Not Required,Required,"General application requirements include submitting the Common Application, an official high school transcript showing graduation from an accredited high school, and a personal essay. [3, 4] Recommended high school coursework includes 4 units of English, 4 units of math, 3 units of science, and 3 units of social studies. [5, 7] The program is part of the College of Design, Architecture, Art, and Planning (DAAP), which has its own admissions review process. [10]",Not Required,,True,False,False,False,False,False,,False,False,False,False,False,False,False,False,False,,,,"College of Design, Architecture, Art, and Planning","$28,972 per year for international students",,,,,,,,"The Bachelor of Urban Planning is a five-year multidisciplinary professional program that combines five semesters of real-world co-op experience with eight semesters of classes to provide essential skills and knowledge for urban planning, development, and design. Students develop foundations to create livable, sustainable, and just communities by shaping the built and natural environment of cities, towns, and suburbs. [2] DAAP's School of Planning is the only urban planning program in the country which requires a cooperative education experience, or co-op. [2]",,https://degrees.apps.asu.edu/bachelors?init=false&nopassive=true,The Bachelor of Urban Planning and Master of Community Planning programs at the University of Cincinnati have been accredited since the 1960's. [3],,,FALSE,False,,,,,,,,,,,,,,,,,,,,,False,False,,,,,,,,,,46.0,,,,,,,,,,,,,,,,FALSE,,,FALSE,FALSE,,,False
,Bachelor of Business Administration in Accounting,,,,,Undergraduate,Fall 2026,,,,Not Required,Not Required,,,"For first-year applicants to the Bachelor of Business Administration programs, the University of Cincinnati's Lindner College of Business requires four units of college preparatory mathematics, which must include algebra I and II, along with two additional units from calculus, pre-calculus, or finite mathematics. [9] Admission to the bachelor's degree programs is determined by a comprehensive review that considers applicants' grades, test scores, classes taken, extracurricular activities, letters of recommendation, and essay. [10] For the online BBA in Accounting, applicants need a minimum cumulative GPA of 2.5 in all college-level coursework and must provide transcripts from all schools attended. [6] Transfer applicants to the Lindner College of Business must have a cumulative collegiate GPA of 2.5 or higher, show progress in required math courses, and have completed at least 30 semester hours. [7]",Not Required,,True,False,False,False,False,False,,False,False,False,False,False,False,False,False,False,,,,Carl H. Lindner College of Business,,,,,,,,,"The accounting program at the UC Carl H. Lindner College of Business (Lindner) is designed to prepare students for careers in public and corporate accounting through a rigorous course of study. This includes general education requirements, as well as basic courses in all business disciplines, accounting and career exploration and development. [4]",,https://degrees.apps.asu.edu/bachelors?init=false&nopassive=true,"The University of Cincinnati and all regional campuses are accredited by the Higher Learning Commission. The UC Lindner College of Business has been accredited continuously since 1919 by AACSB International, the Association to Advance Collegiate Schools of Business, the premier accrediting agency for business colleges. [4, 9]",,,FALSE,False,,4.0,,,,,,,,,,,,,,,,,,,False,False,,,,,,,,,,,,,,,,,,,,,,,,,Merit-based,FALSE,,,FALSE,FALSE,,,False
,Bachelor of Business Administration in Business Economics,,,,,Undergraduate,Fall 2026,,,,Not Required,Not Required,Not Required,Required,"First-year applicants must meet general university admission requirements. For admission to this specific program, applicants must also meet one of the following criteria: an SAT Reasoning score of 1230 or higher, an ACT composite score of 25 or higher, a high school class ranking in the top 8%, or an overall, unweighted high school GPA of 3.40 in competency courses (on a 4.00 = ""A"" scale). [2]",Not Required,,False,True,False,False,False,False,,False,False,False,False,False,False,False,False,False,,,,W. P. Carey School of Business,,,,,,,,,"The business economics program at the UC Carl H. Lindner College of Business combines the study of both economics and business, providing a strong theoretical and professional combination. [12] Traditional economics courses prepare students to collect and analyze data, monitor economic trends and develop forecasts—essential to the ability of business firms to maximize profits and provide the quantity of goods or services that consumers will demand at a certain price. [12] The program includes general education requirements as well as basic courses in all business disciplines, economics and career exploration and development. [12]",,https://degrees.apps.asu.edu/bachelors?init=false&nopassive=true,The University of Cincinnati's Carl H. Lindner College of Business has maintained its business accreditation by AACSB International—The Association to Advance Collegiate Schools of Business. [3] The Lindner College of Business has received continued accreditation for its business degree programs since 1919. [3],,,FALSE,True,,,,,,,,,,,,,,,,,,,,,False,False,,25.0,,112.0,,,6.5,,,,1230.0,79,,,,,,,,,,,The W. P. Carey School of Business awards over $1.3 million in scholarships directly to undergraduate business students each year.,,Merit-based,FALSE,,,FALSE,FALSE,,,False
,Bachelor of Business Administration in Entrepreneurship,,,,,Undergraduate,Fall 2026,,,,Not Required,Not Required,Not Required,Required,"First-year admission requirements: 1230 SAT Reasoning or 25 ACT score, or graduated in the top 8% of high school class, or have an overall high school GPA of 3.40 in ASU competency courses (scale is 4.00 = ""A""). [2, 3]",Not Required,,False,True,True,False,False,False,,True,False,False,False,True,True,False,False,False,,,,W. P. Carey School of Business,,,,,,,,,"Given that 90 percent of all firms are considered small or medium enterprises and that small businesses produce the majority of new jobs, the entrepreneurship major at UC's Carl H. Lindner College of Business provides excellent preparation for the world of business. [2] Emphasis is placed on practical issues and interactions related to individual, social and corporate entrepreneurship. [2] While it is anticipated that entrepreneurship majors are interested in starting their own ventures, majors are also well prepared to work for businesses and organizations that interact with small, entrepreneurial and family ventures on a regular basis. [2]",,https://degrees.apps.asu.edu/bachelors?init=false&nopassive=true,"The University of Cincinnati's Carl H. Lindner College of Business has maintained its business accreditation by AACSB International—The Association to Advance Collegiate Schools of Business. [4] Since 1919, the Lindner College of Business has received continued accreditation for its nationally-ranked business degree programs. [4] AACSB Accreditation is the hallmark of excellence in business education and has been earned by less than five percent of the world's business programs. [4]",,,FALSE,False,,4.0,3,,,,,,,,,,,,,,,,,,False,False,,25.0,100.0,,,,6.5,,,53.0,1230.0,79,,,,,,,,,,,"Awards Worth USD 175,000 for the Fall 2026 intake. [16]",,Merit-based,FALSE,,,FALSE,FALSE,,,False
,Bachelor of Business Administration in Finance,,,,,Undergraduate,Fall 2026,,,,Optional,Required,Not Required,Required,"Admission to bachelor's degree programs at the Lindner College of Business is based on a comprehensive review, which often includes applicants' grades, test scores, classes taken, extracurricular involvement and activities, letters of recommendation, and an essay. [5] Math preparation is significant in the application review process, and for the majority of programs, the university requires students to complete at least pre-calculus to be competitive for admission. [5] Applicants are advised that Lindner requires four units of college preparatory mathematics for admission to all bachelor degree programs, including at least algebra I and II, and two additional units such as calculus, pre-calculus, or finite mathematics. [9]",Not Required,,False,True,True,False,False,False,,True,False,False,False,True,True,False,False,False,,,,Carl H. Lindner College of Business,,,,,,,,,"The Bachelor of Business Administration (BBA) in Finance at the University of Cincinnati is an analytical discipline that focuses on the critical decisions faced by individuals, businesses, and nonprofit organizations. [10, 12] The program integrates economics as the basis of its theory, accounting for understanding information in the decision-making process, and quantitative analysis for analytical work. [10, 12] It is designed to provide students with a core of fundamental skills and modes of analysis that are critical to all careers in finance. [5] Students will learn about financial analysis and markets, and develop the skills necessary to enter the field. [9] The curriculum covers topics such as financial accounting, economics, risk management, and investment analysis. [11] Graduates are prepared for positions in financial institutions, markets, investments, and corporate finance. [5, 12]",,https://degrees.apps.asu.edu/bachelors?init=false&nopassive=true,"The Carl H. Lindner College of Business, which offers the Bachelor of Business Administration in Finance, has maintained its business accreditation by the Association to Advance Collegiate Schools of Business (AACSB) International. [2] The Lindner College of Business has received continued accreditation since 1919. [2] AACSB Accreditation is described as the hallmark of excellence in business education and has been earned by less than five percent of the world's business programs. [2, 7]",,"$1,239 for non-residents and $600 for Ohio residents for the 2025-2026 academic year. [37]",FALSE,False,,4.0,2.8,,,,,,,,,,,,,,,,,,False,False,,,,,,,6.5,,,53.0,,79,,,,,,,,,,,"Scholarship amounts vary. The Lindner Co-op Scholarship offers $750 per co-op rotation, up to $1,500 per school year. [6] Other scholarships, like the Neyer Properties Scholarship, award $2,500. [39]",,"Merit-based, Need-based, Co-op scholarships",FALSE,,,FALSE,FALSE,,,False
,Bachelor of Business Administration in Information Systems,,,,,Undergraduate,Fall 2026,,,,,,Not Required,Required,,,,True,True,False,False,False,False,,False,False,False,False,False,False,False,False,False,,,,Carl H. Lindner College of Business,,,,,,,,,"Today, most organizations cannot function or compete effectively without computer-based information systems. Enterprises often ascribe their productivity, improved customer service or competitive advantage in the market place to their information systems (IS). The UC Carl H. Lindner College of Business (Lindner) prepares students to function at the intersection of business and technology and to design and build the solutions that allow businesses to effectively leverage information technology. [4]",,https://degrees.apps.asu.edu/bachelors?init=false&nopassive=true,"The UC Lindner College of Business has been accredited continuously since 1919 by AACSB International, the Association to Advance Collegiate Schools of Business, the premier accrediting agency for business colleges. [4]",,"$1,239/Credit Hour",FALSE,False,,4.0,3,,,,,,,,,,,,,,,,,,False,False,,,,,,,,,,,,,,,,,,,,,,,22000000,,Merit-based,FALSE,,,FALSE,FALSE,,,False
,Bachelor of Business Administration in Insurance and Risk Management,,,,,Undergraduate,Fall 2026,,,,Not Required,Required,Not Required,Required,"For admission to the Bachelor of Business Administration programs at the Lindner College of Business, first-year applicants must submit the Common Application, a $50 non-refundable application fee (or waiver), and an official high school transcript. [2] Admission is based on a comprehensive review. [11] The college specifically advises that applicants should have four units of college preparatory mathematics, which includes algebra I and II, and two additional units like calculus, pre-calculus, or finite mathematics. [13]",Not Required,,False,False,True,False,False,False,,True,False,False,False,True,True,False,False,False,,,,Carl H. Lindner College of Business,"The estimated tuition for 2026 is $13,836 for Ohio residents and $29,161 for out-of-state students. [11] For the 2025-2026 academic year, full-time undergraduate tuition per term for an in-state student is $7,197, and for an out-of-state student is $14,864. [18]",,,,,,,,"The insurance and risk management major at the University of Cincinnati's Carl H. Lindner College of Business is designed to equip students for careers focused on managing risks, both within corporations as a user of risk management techniques, or within the insurance or financial services industry as a supplier of risk management products and services. [2, 6] The program provides students with skills and techniques to identify, quantify, and manage the evolving risks faced by individuals and businesses. [8] Students will study the economics of risk transfer, the legal and regulatory environment, risk analytics, statistical analysis, and the strategic and operational management of insurance and financial companies. [8]",,https://degrees.apps.asu.edu/bachelors?init=false&nopassive=true,,"$7,878",$600 per credit hour for in-state students in the 2025-26 cohort. [18],FALSE,False,,4.0,2.8,,,,,,,,,,,,,,,,,,False,False,,,,,,,6.5,,,53.0,,79,,,,,,,,,,,"The University of Cincinnati Global Scholarship for international undergraduate applicants ranges from $1,000 to $15,000 per year. [8] The Cincinnatus Scholarship program offers awards at multiple levels. [10]",,"The University of Cincinnati offers merit-based scholarships such as the Cincinnatus Scholarship Program and need-based grants. [4, 8] Scholarships are available for incoming freshmen, transfer students, and international students. [4, 8]",FALSE,,,FALSE,FALSE,,,False
,Bachelor of Business Administration in International Business,,,,,Undergraduate,Fall 2026,,,,Optional,Required,,,"For freshman applicants to the BBA programs, the Lindner College of Business requires four units of college preparatory mathematics, including at least algebra I and II, and two additional units such as calculus, pre-calculus, or finite mathematics. [7] Applicants must complete the Common Application. [4]",Not Required,,True,False,False,False,False,False,,False,False,False,False,False,False,False,False,False,,,,Thunderbird School of Global Management,,,,,,,,,"Formal international management education gives students cultural training, a comprehensive understanding of global and regional economies, and a socio-political analysis of multiple regions. Graduates of the international business program at the UC Carl H. Lindner College of Business are positioned to be highly sought, especially for companies with overseas assignments. [3, 11]",,https://degrees.apps.asu.edu/bachelors?init=false&nopassive=true,"The University of Cincinnati's Carl H. Lindner College of Business has maintained its business accreditation by AACSB International—The Association to Advance Collegiate Schools of Business. [2, 6, 9]",,,FALSE,False,,4.0,3.0,,,,,,,,,,,,,,,,,,False,False,,,,,,,,,,,,,,,,,,,,,,,,,"Merit-based, Need-based",FALSE,,,FALSE,FALSE,,,False
,Bachelor of Business Administration in Marketing,,,,,Undergraduate,Fall 2026,,,,Not Required,Not Required,Not Required,Required,"First-year applicants must submit the Common Application and an official high school transcript. The Lindner College of Business requires applicants to have completed four units of college preparatory mathematics, including algebra I and II, and two additional units such as calculus, pre-calculus, or finite mathematics. [15, 21] The University of Cincinnati has a holistic review process and considers factors like grades, the rigor of coursework, application essays, and extracurricular activities. [4] Standardized test scores (ACT/SAT) are optional. [4, 8]",Not Required,,True,False,False,False,False,False,,True,False,False,False,True,True,False,False,False,,,,W. P. Carey School of Business,,,,,,,,,"The Bachelor of Business Administration in Marketing program, offered online through UC Online by the nationally-ranked Carl H. Lindner College of Business, allows students to study at their convenience from any location. [4] The program provides a comprehensive understanding of marketing's crucial role in ensuring customer satisfaction through various activities. [4] It aims to equip students with the necessary skills to effectively deliver products and services, covering areas from research to strategic messaging. [4] Marketing is presented as a broad and integrated system of activities that enables organizations to offer products and services that meet customer needs. [8, 10] While selling and advertising are the most visible aspects, the field also involves conducting research to understand consumer motivation and behavior, which allows for providing the right products in the right assortment, with the right message, at the right place, price, and time. [8]",,https://degrees.apps.asu.edu/bachelors?init=false&nopassive=true,"The University of Cincinnati Carl H. Lindner College of Business has been accredited by the Association to Advance Collegiate Schools of Business (AACSB) since 1919. [2, 5] This accreditation is considered the hallmark of excellence in business education, achieved by less than five percent of the world's business programs. [5]",,,FALSE,False,,4.0,,,,,,,,,,,,,,,,,,,False,False,,,,,,,6.5,,,46.0,,79,,,,,,,,,,,,,"Merit-based, Need-based, Institutional",FALSE,,,FALSE,FALSE,,,False
,Bachelor of Business Administration in Operations Management,,,,,Undergraduate,Fall 2026,,,,Not Required,Optional,Not Required,Required,"Admission to bachelor's degree programs at Lindner is based on a comprehensive review, often including the applicants' grades, test scores, classes taken, extracurricular involvement and activities, letters of recommendation, and essay. Math preparation is significant in the application review process. For the majority of our programs, we require students to complete at least precalculus to be competitive for admission. [9] Freshman applicants to the BBA programs are advised that Lindner requires four units of college preparatory mathematics for admission to all bachelor degree programs. [2]",Not Required,,True,False,True,False,False,False,,True,False,False,False,True,True,False,False,False,,,,Carl H. Lindner College of Business,,,,,,,,,,,https://degrees.apps.asu.edu/bachelors?init=false&nopassive=true,,,,FALSE,False,,4.0,,,,,,,,,,,,,,,,,,,False,False,,,,,,,6.5,,,46.0,,79,,,,,,,,,,,,,,FALSE,,,FALSE,FALSE,,,False
,Bachelor of Business Administration in Real Estate,,,,,Undergraduate,Fall 2026,,,,Optional,Required,Not Required,Required,"Admission to bachelor's degree programs at the Lindner College of Business is based on a comprehensive review, which often includes the applicant's grades, test scores, classes taken, extracurricular involvement and activities, letters of recommendation, and essay. [8] Math preparation is a significant factor in the application review process. [8] The Lindner College of Business requires four units of college preparatory mathematics for admission to all bachelor degree programs. [13] First-year applicants are to apply through the Common Application. [5]",Not Required,,False,True,True,False,False,False,,True,False,False,False,True,True,False,False,False,,,,W. P. Carey School of Business,,,,,,,,Real Estate,"Those with a desire to shape the communities around them will find their fit with Lindner's BBA in real estate. Through the degree program, students focus on the institutions, legal and economic principles that guide the development and shape of the communities that we live, work and play in. [13] The unique combination of experiential, hands-on and project-based learning students gather in and out of the classroom empowers graduates to seek employment at leading national corporations and financial institutions. [13] The undergraduate program in real estate is flexible and multi-disciplinary, combining a core curriculum covering the functional areas of business (accounting, finance, information systems, management, marketing, and quantitative analysis) with specialized coursework in real estate. [5] Students are also exposed to other disciplines which impact the field of real estate, such as construction, geography, planning, and civil engineering. [5]",,https://degrees.apps.asu.edu/bachelors?init=false&nopassive=true,"The Carl H. Lindner College of Business has maintained its business accreditation by the Association to Advance Collegiate Schools of Business (AACSB) International since 1919. [2, 3] AACSB Accreditation is earned by less than five percent of the world's business programs. [3] The University of Cincinnati and all its regional campuses are also accredited by the Higher Learning Commission (HLC). [6, 8]",,,FALSE,False,,4.0,,,,,,,,,,,,,,,,,,,False,False,,,100.0,,,,6.5,,,53.0,,79,,,,,,,,,,,,,,FALSE,,,FALSE,FALSE,,,False
,Bachelor of Arts in Economics,,,,,Undergraduate,Fall 2026,,,,Not Required,Required,Not Required,Required,"Applicants are advised that Lindner requires four units* of college preparatory mathematics for admission to all bachelor degree programs. *Four units of college preparatory mathematics, to include at least algebra I and II, and two additional units such as calculus, pre-calculus,or finite mathematics. [4]",Not Required,,False,False,False,False,False,False,,False,False,False,False,False,False,False,False,False,,,,,,,,,,,,,"Economics majors at the UC Carl H. Lindner College of Business (Lindner) develop strong research and analytical skills while exploring issues such as the production of goods and services and the distribution of income among people. [8] Economics involves both the investigation of theories to explain economic systems and the application of these theories to areas such as finance and banking, labor relations, poverty reduction, taxation and investment. [8]",,https://degrees.apps.asu.edu/bachelors?init=false&nopassive=true,"The University of Cincinnati and all regional campuses are accredited by the Higher Learning Commission. [8] The UC Lindner College of Business has been accredited continuously since 1919 by AACSB International, the Association to Advance Collegiate Schools of Business, the premier accrediting agency for business colleges. [8]",,,FALSE,False,,,,,,,,,,,,,,,,,,,,,False,False,,,,,,,6.5,,,53.0,,79,,,,,,,,,,,,,,FALSE,,,FALSE,FALSE,,,False
,Bachelor of Science in Business Analytics,,,,,Undergraduate,Fall 2026,,,,Optional,Optional,Not Required,Required,"For first-year applicants, general requirements include the submission of the Common Application with a non-refundable application fee, and an official high school transcript. For graduate programs, general requirements include an online application, application fee, and unofficial transcripts from all colleges and universities attended. [2, 4]",Not Required,,False,True,False,False,False,False,,False,False,False,False,False,False,False,False,False,,,,,,,,,,,,,"Business Analytics is a rapidly expanding business discipline, enabled by explosive growth in data, computing power and software availability. Analytics can be defined as the scientific process of transforming data into insights, and ultimately into better decisions. Graduates from UC's Carl H. Lindner College of Business with a bachelor of science degree in business analytics are well-equipped to apply descriptive, predictive and prescriptive models to data in order to help organizations better analyze data and make better operational and strategic decisions.",,https://degrees.apps.asu.edu/bachelors?init=false&nopassive=true,"The Carl H. Lindner College of Business is accredited by the Association to Advance Collegiate Schools of Business (AACSB). [2, 3]",,,FALSE,False,,,,,,,,,,,,,,,,,,,,,False,False,,,110.0,,,,6.5,,,,,79,,,,,,,,,,,,,,FALSE,,,FALSE,FALSE,,,False
,Bachelor of Science in Industrial Management,,,,,Undergraduate,Fall 2026,,,,Optional,Optional,Not Required,Required,"First-year applicants must have graduated from an accredited high school. [5] For admission to the Bachelor of Science in Industrial Management (BSIM) program, the Lindner College of Business requires four units of college preparatory mathematics, a Physics laboratory science, and recommends a Chemistry laboratory science. [2] For transfer students from other UC colleges, a minimum cumulative GPA of 2.5 and at least 30 completed semester hours are required. [2]",Not Required,,True,False,True,False,False,False,,True,False,False,False,False,True,False,False,False,,,,,,,,,,,,,"Industrial management graduates from UC's Carl H. Lindner College of Business oversee the planning, scheduling and coordination of work flow and processing activities to deliver quality products and services effectively and efficiently. [3] They support other managers in finance and marketing functions to make the overall organization operate effectively. [3] A degree in industrial management positions students for such challenges, through education in subjects pertinent to direct supervision of tasks (line jobs) as well as support activities such as quality management, project planning and materials control (staff jobs). [3]",,https://degrees.apps.asu.edu/bachelors?init=false&nopassive=true,,,,FALSE,False,,,,,,,,,,,,,,,,,,,,,False,False,,,,,,,,,,,,,,,,,,,,,,,,,,FALSE,,,FALSE,FALSE,,,False
,Bachelor of Arts in Africana Studies,,,,,Undergraduate,Fall 2026,,,,Not Required,Not Required,Not Required,Required,"For freshman admission, applicants must submit a Common Application and an official high school transcript from an accredited school. [2] The university conducts a holistic review which considers grades earned, the rigor of coursework (such as AP, honors, or dual credit), application essays, and extracurricular activities. [3, 4] Completion of a college preparatory curriculum is expected, including 4 years of mathematics and 3-4 years of science. [11] Letters of recommendation are preferred but not a requirement to complete an application. [11]",Not Required,,True,False,True,False,False,False,,True,False,False,False,True,True,False,False,False,,,,"School of Social Transformation, The College of Liberal Arts and Sciences","$86,520",,,,,,,,"The Bachelor of Arts in Africana Studies is an interdisciplinary major that employs analytical tools from fields such as sociology, psychology, literature, anthropology, politics, and history to explore important social issues facing people of African descent, from continental Africa and throughout the African Diasporas. [2] In this major, students acquire effective skills in developing an interdisciplinary cultural and social approach to the field; an ability to combine an intersectional theoretical approach with an applied research focus; critical thinking, written and oral communication skills; and knowledge of Africana people of the Diasporas. [2] The Department of Africana Studies was originally named the Department of African and African American Studies and was changed to its current name in 2009 to reflect the growing interest and emphasis on the African Diaspora. [5]",,https://degrees.apps.asu.edu/bachelors?init=false&nopassive=true,"The University of Cincinnati and all regional campuses are accredited by the Higher Learning Commission. [3, 6]",,$721/Credit,FALSE,False,,,,,,,,,,,,,,,,,,,,,False,False,,,100.0,,,,6.5,,,53.0,,79,,,,,,,,,,,,,Merit-based,FALSE,,,FALSE,FALSE,,,False
,Bachelor of Arts in Anthropology,,,,,Undergraduate,Fall 2026,,,,Not Required,Required,Not Required,Required,"To apply, first-year applicants must submit the Common Application and an official high school transcript. For admission to the College of Arts and Sciences, a college-preparatory curriculum is expected, including four years of mathematics and three to four years of science. Submission of ACT or SAT test scores is optional. [6, 10]",Not Required,,True,False,True,False,False,False,,True,False,False,False,True,True,False,False,False,,,,School of Human Evolution and Social Change,,,,,,,,,"Anthropology is the study of what it means to be human, in the broadest possible terms. The Bachelor of Arts program in anthropology helps students recognize and solve problems facing the contemporary world through a broad understanding of humanity. [9] Working alongside leading faculty members, students gain experience as apprentices on research projects. Students also have opportunities for hands-on learning through study abroad programs and field schools. [9] This interdisciplinary program offers training in the main areas of anthropology, including archaeology, bioarchaeology, sociocultural anthropology and evolutionary anthropology. [9]",,https://degrees.apps.asu.edu/bachelors?init=false&nopassive=true,All ASU graduate and undergraduate academic programs are fully accredited by the Higher Learning Commission. [7] Many programs also have additional accreditation through specialized accrediting agencies. [7],,$721 per credit,FALSE,False,,,,,,,,,,,,,,,,,,,,,False,False,,,110.0,,,,6.5,,,54.0,,80,,,,,,,,,,,,,,FALSE,,,FALSE,FALSE,,,False
,Bachelor of Arts in Arabic Language and Culture,,,,,Undergraduate,Fall 2026,,,,,,Optional,Required,,,,False,False,,,False,False,,,False,False,False,,,,False,False,,,,,,,,,,,,,"Events in the Middle East affect our daily lives, and only through the study of Arabic can one gain necessary insights into the cultural, religious, and political forces that motivate the inhabitants of that vital region - insights that our monolingual media seldom provide. Middle East is the birthplace of civilization and the cradle of the three monotheistic religions. It also contains some of the world's greatest archeological and religious sites. It is the locus of two thirds of the world's known oil reserves. Moreover, it is rich with interesting cultures and warm, hospitable people. A good knowledge of Arabic will greatly enhance the enjoyment of travel in the region and the ability to work and interact with Arabic speaking people.",,https://degrees.apps.asu.edu/bachelors?init=false&nopassive=true,The University of Cincinnati (UC) and all regional campuses are accredited by the Higher Learning Commission (HLC). [3],,,FALSE,False,,,,,,,,,,,,,,,,,,,,,False,False,,,,,,,,,,,,,,,,,,,,,,,,,,FALSE,,,FALSE,FALSE,,,False
,Bachelor of Arts in Archaeology,,,,,Undergraduate,Fall 2026,,,,Not Required,Not Required,Not Required,Required,"Freshmen applicants should refer to the general University of Cincinnati admission requirements. For transfer students, admission to the College of Arts and Sciences is generally available if they were admissible directly from high school and have a cumulative 2.0 GPA and a 2.0 at their most recent institution. Students who were not admissible directly from high school must have earned 24 semester (36 quarter) hours and have at least a 2.0 GPA.",Not Required,,True,True,True,True,False,False,,True,False,False,False,True,True,False,False,False,,,,,,,,,,,,"['Environmental and Landscape Archaeology', 'Archaeology of Social Complexity', 'Material Culture, Cultural Heritage, and Museum Studies']","The Archaeology BA program provides students with interdisciplinary training in archaeological methods (for example, how to survey, excavate, document, and interpret archaeological sites and past landscapes), theoretical approaches, laws, and ethics. [2] A core requirement of this program is the completion of an archaeological field school or public archaeological internship where students gain valuable hands-on experience with field and laboratory methods that prepare them for future careers. [2] Archaeology students learn how to examine archaeological sites, landscapes, and material culture to make inferences about people in the past. [2] Archaeology majors develop research skills that enable them to investigate problems, analyze and evaluate data, and infer aspects of ancient human behavior and modes of organization. [2] With its emphasis on research and professional training, the program provides undergraduate students with opportunities to directly participate in scholarly research through hands-on activities. [2] The program also integrates core values of citizenship, cultural diversity, cultural heritage appreciation and historic preservation. [2]",,https://degrees.apps.asu.edu/bachelors?init=false&nopassive=true,"The University of Cincinnati and all regional campuses are accredited by the Higher Learning Commission (HLC). [3, 4, 6]",,,FALSE,False,,,,,,,,,,,,,,,,,,,,,False,False,,,100.0,112.0,,,6.5,,,46.0,,79,,,,,,,,,,,,,,FALSE,,,FALSE,FALSE,,,False
,Bachelor of Arts in Asian Studies,,,,,Associate,Fall 2026,,,,Optional,Required,Not Required,Required,"For freshman applicants, general requirements include a completed application, high school transcript, and an application fee. [24] A personal essay is also required as part of the application. [3] The University of Cincinnati conducts a holistic review, considering factors like the completion of a core curriculum, high school grades, rigorous coursework (AP, honors, dual credit), application essays, and extracurricular activities. [3] The Asian Studies program page directs freshman applicants to the general university Admission Requirements page for more information. [16]",Not Required,,True,False,False,False,False,False,,False,False,False,False,False,False,False,False,False,,,,"School of Historical, Philosophical and Religious Studies",,,,,,,,,"Asia is gaining increasing economic and strategic prominence in the world, and Asian countries have rich and fascinating cultures and heritages. Asian studies is an interdisciplinary major that explores the languages, cultures, economics, history, geography and politics of Asian countries. Students often combine an Asian studies degree or certificate with another major field of study. Students may also study abroad in Asia, pursue internships and apply for fellowships.",,https://degrees.apps.asu.edu/bachelors?init=false&nopassive=true,,,,FALSE,False,,4.0,3.0,,,,,,,,,,,,,,,,,,False,False,,,,,,,,,,,,,,,,,,,,,,,$1000 - $2000,,Merit-based,FALSE,,,FALSE,FALSE,,,False
,Bachelor of Science in Biochemistry,,,,,Undergraduate,Fall 2026,,,,Not Required,Not Required,Optional,Required,"For freshman applicants, the University of Cincinnati conducts a holistic review of applications. This includes assessing the completion of a core curriculum, grades earned throughout high school, and the rigor of coursework taken (such as AP, honors, or dual credit). [2] The university also considers application essays, extracurricular activities, and other achievements. [3] Letters of recommendation are considered but not required for general admission. [10]",Not Required,,True,True,True,,False,False,,True,False,False,False,True,True,False,False,False,,,,,,,,,,,,,"Chemists explore the molecular structure of matter in order to develop theories about how these structures work and to apply those theories to the development of useful new products. [2] Biochemistry applies the ideas and theories of chemistry to the complex realm of biological systems. [2] Biochemists explore the chemical structure and functioning of biological molecules such as proteins, enzymes and DNA. [2] Biochemists also study the chemical reactions that provide energy to cells so that they can carry out their physiological functions. An important goal of biochemistry is to use an understanding of the chemical basis of biological systems to develop new and more effective pharmaceutical agents to prevent or cure serious illnesses. [2]",,https://degrees.apps.asu.edu/bachelors?init=false&nopassive=true,"The University of Cincinnati and all regional campuses are accredited by the Higher Learning Commission. [3, 6]",,,FALSE,True,,,,,,,,,,,,,,,,,,,,,False,False,,,110.0,,,,6.5,,,54.0,,80,,,,,,,,,,,,,,FALSE,,,FALSE,FALSE,,,False
,Bachelor of Arts in Biological Sciences,,,,,Undergraduate,Fall 2026,,,,Not Required,Not Required,,,"First-year applicants must submit a completed Common Application and an official high school transcript. [3] The University of Cincinnati conducts a holistic review of applications, which includes consideration of grades earned, completion of a core curriculum, the student's decision to take rigorous coursework like AP or honors, application essays, and extracurricular activities. [12] For applicants to the College of Arts and Sciences, which houses the Biological Sciences program, it is recommended to have completed the following high school coursework: 4 units of English, 3 units of college-preparatory mathematics, 2 units of science, 2 units of social science, and 2 units of a foreign language. [13]",Not Required,,True,False,False,False,False,False,,False,False,False,False,False,False,False,False,False,,,,,,,,,,,,,"Biolgyisthescientificstudyoflifeandlifeprocesses.Biologistsstudytheorganizationoflifefromthestructuresofmoleculestothebalanceofecosystems.Biologymajorslearntoobservecriticallythedetailsofalllife;theyanalyzedataandapplybiologicalknowledgelearnedintheclassroomtodrawconclusionsabouttheirobservations.Biologistareabletomakesignificantcontributionstomaintainingthehealthandwell-beingofthehumanpopulation,aswellaspreservingandprotectingtheenvironment.Theydevelopaknowledgebaseandscientificwayofthinkingthatwillenablethemtomakeinformedpersonalhealthandpublicpolicydecisions.",,https://degrees.apps.asu.edu/bachelors?init=false&nopassive=true,,,,FALSE,True,,,,,,,,,,,,,,,,,,,,,False,False,,,,,,,,,,,,,,,,,,,,,,,,,,FALSE,,,FALSE,FALSE,,,False
,Bachelor of Science in Biological Sciences,,,,,Undergraduate,Fall 2026,,,,Not Required,Optional,Not Required,Required,"For admission to the College of Arts and Sciences, freshman applicants must complete a required set of college preparatory coursework. The University of Cincinnati has a holistic approach to admissions and considers factors such as completion of a core curriculum, grades earned, participation in rigorous coursework (AP, honors, dual credit), application essays, and extracurricular activities. [2, 8] To graduate with a BS in Biological Sciences, students must earn at least 120 credits, attain a 2.0 GPA for all courses at the university and within the major, and be in good academic standing. [9]",Not Required,,True,False,False,False,False,False,,True,False,False,False,False,False,False,False,False,,,,,,,,,,,,,,,https://degrees.apps.asu.edu/bachelors?init=false&nopassive=true,,,,FALSE,True,,,,,,,,,,,,,,,,,,,,,False,False,,,100.0,112.0,,,6.5,,,53.0,,79,,,,,,,,,,,,,,FALSE,,,FALSE,FALSE,,,False
,Bachelor of Science in Biological Sciences: Biology of Animals,,,,,Undergraduate,Fall 2026,,,,Not Required,Not Required,Not Required,Required,"First-year applicants must complete the UC Common Application. An official high school transcript must be submitted. It is expected that applicants have completed a college preparatory education curriculum including 4 years of Mathematics and 3-4 years of Science. [6, 9] The program is open to all students with a high school diploma or GED. [13, 16]",Not Required,,True,False,False,True,False,False,,True,False,False,False,True,True,False,False,False,,,,,,,,,,,,,"Biolégy je vědecké studium života a životních procesů. Biologové studují organizaci života, od struktur molekul po rovnováhu ekosystémů. Studenti biologie se učí kriticky pozorovat detaily veškerého života; analyzují data a aplikují biologické znalosti získané ve třídě k vyvozování závěrů o svých pozorováních. Biologové jsou schopni významně přispět k udržení zdraví a pohody lidské populace, stejně jako k ochraně a ochraně životního prostředí. Rozvíjejí si znalostní základnu a vědecký způsob myšlení, které jim umožní činit informovaná rozhodnutí v oblasti osobního zdraví a veřejné politiky. [3]",,https://degrees.apps.asu.edu/bachelors?init=false&nopassive=true,,,,FALSE,True,,,,,,,,,,,,,,,,,,,,,False,False,,,100.0,112.0,,,6.5,,,53.0,,79,,,,,,,,,,,,,,FALSE,,,FALSE,FALSE,,,False
,Bachelor of Science in Biological Sciences: Biomedical Studies,,,,,Undergraduate,Fall 2026,,,,Not Required,Not Required,Not Required,Required,"First-year applicants must use the Common Application. General application requirements include the application form, a non-refundable fee, and an official or unofficial high school transcript. While not explicitly stated for this specific program, a personal essay and letters of recommendation are generally part of the holistic review process.",Not Required,,True,False,False,False,False,False,,False,False,False,False,False,False,False,False,False,,,,,,,,,,,,Biomedical Studies,"This concentration within biomedical sciencesasting is an opportunity for students to explore in greater detail the areas of biology that are most relevant to careers in professional biomedical areas, such as medicine, dental, nursing, and other allied health fields. It should provide an excellent preparation for the standardized tests which are required for admission to these professional schools, as well as a background that should prepare students well for the advanced coursework in these professional programs. [2] Students are able to focus their upper level elective courses in areas such as human and comparative anatomy and physiology, medical botany, microbiology, cellular physiology, genetics and related topics. [2] Biology is the scientific study of life and life processes. [2] Biologists study the organization of life, from the structures of molecules to the balance of ecosystems. [2] Biology majors learn to observe critically the details of all life; they analyze data and apply biological knowledge learned in the classroom to draw conclusions about their observations. [2]",,https://degrees.apps.asu.edu/bachelors?init=false&nopassive=true,The University of Cincinnati and all regional campuses are accredited by the Higher Learning Commission. [2],,,FALSE,True,,,,,,,,,,,,,,,,,,,,,False,False,,,100.0,112.0,,,6.5,,,53.0,,79,,,,,,,,,,,,,,FALSE,,,FALSE,FALSE,,,False
,Bachelor of Science in Biological Sciences: Cell & Molecular Biology,,,,,Undergraduate,Fall 2026,,,,,,Not Required,Required,,,,True,True,False,False,False,False,,True,False,False,False,True,True,False,False,False,,,,,,,,,,,,,"The University of Cincinnati does not offer a specific program titled 'Bachelor of Science in Biological Sciences: Cell & Molecular Biology'. It offers a 'Bachelor of Science in Biological Sciences' and a separate 'Bachelor of Science in Molecular Biology'. An official, detailed description for the 'Bachelor of Science in Biological Sciences' program was not available on the specified website.",,https://degrees.apps.asu.edu/bachelors?init=false&nopassive=true,The University of Cincinnati and all regional campuses are accredited by the Higher Learning Commission (HLC). [5],,,FALSE,False,,,,,,,,,,,,,,,,,,,,,False,False,,,115.0,,,,6.5,,,53.0,,80,,,,,,,,,,,,,,FALSE,,,FALSE,FALSE,,,False
,Bachelor of Science in Biological Sciences: Ecology & Evolution,,,,,Undergraduate,Fall 2026,,,,Not Required,Not Required,Not Required,Required,"To be admitted to ASU, you must complete high school competency coursework, which includes 4 years of math, 4 years of English, 3 years of lab sciences, 2 years of social sciences, 2 years of the same second language, and 1 year of fine arts or career and technical education. Additionally, applicants must meet at least one of the following aptitude requirements: be in the top 25% of their high school graduating class, have a 3.00 GPA in competency courses, an ACT score of 22 (24 for nonresidents), or an SAT score of 1120 (1180 for nonresidents).",Not Required,,True,False,True,False,False,False,,True,False,False,False,True,True,False,False,False,,,,The College of Liberal Arts and Sciences,,,,,,,,Ecology & Evolution,"This concentration within the biology major is an opportunity for students to explore, in greater detail, the interactions among living organisms and their environments. [3, 7] It also allows the further exploration of evolutionary processes at molecular, organismal and ecosystem levels. [3, 7] Students are able to focus their upper level elective courses on ecology, evolution and related topics. [3, 7] Biology is the scientific study of life and life processes. [3, 7] Biologists study the organization of life: the structures of molecules to the balance of ecosystems. [3, 7] Biology majors learn to observe critically the details of all life; they analyze data and apply biological knowledge learned in the classroom to draw conclusions about their observations. [3] Biologists are able to make significant contributions to maintaining the health and well-being of the human population, as well as preserving and protecting the environment. [3] They develop a knowledge base and scientific way of thinking that enables them to make informed personal health and public policy decisions. [3]",,https://degrees.apps.asu.edu/bachelors?init=false&nopassive=true,"The University of Cincinnati and all regional campuses are accredited by the Higher Learning Commission. [2, 8]",,,FALSE,True,,4.0,,,,,,,,,,,,,,,,,,,False,False,,,,,,,,,,,,,,,,,,,,,,,,,"Merit-based, Need-based, Academic, Athletic, Community service, Employer",FALSE,,,FALSE,FALSE,,,False
,Bachelor of Arts in Chemistry,,,,,Undergraduate,Fall 2026,,,,Not Required,Not Required,Not Required,Required,"First-year applicants are expected to have completed a college preparatory curriculum. For admission to the College of Arts and Sciences, this includes 4 years of mathematics and 3-4 years of science, including chemistry and/or physics. [10, 15] The university utilizes a holistic review process, which considers factors like the completion of a core curriculum, grades earned, rigorous coursework (AP, honors, dual credit), application essays, and extracurricular activities. [2, 3]",Not Required,,True,True,True,False,False,False,,True,False,False,False,True,True,False,False,False,,,,School of Molecular Sciences,,,,,,,,biological chemistry,The UC College of Arts and Sciences (A&S) BA program in chemistry with a concentration in biological chemistry is well suited for students with a background and interest in science and the health professions. The program provides for extensive laboratory work in addition to formal lecture courses. Either one semester of undergraduate research or biochemistry research is required for the BA program and satisfies the student's capstone requirement. [2] The BA program in chemistry with a concentration in biological chemistry provides a strong foundation in chemistry and biochemistry with sufficient flexibility to allow graduates to pursue a wide range of career options. [2],,https://degrees.apps.asu.edu/bachelors?init=false&nopassive=true,,,,FALSE,True,,4.0,,,,,,,,,,,,,,,,,,,False,False,,,115.0,,,,6.5,,,53.0,,79,,,,,,,,,,,,,,FALSE,,,FALSE,FALSE,,,False
,Bachelor of Science in Chemistry,,,,,Undergraduate,Fall 2026,,,,Not Required,Optional,Not Required,Required,"First-year applicants must submit the Common Application. Admission is based on a holistic review which includes grades earned throughout high school, completion of a core curriculum, the student's decision to take rigorous coursework such as AP or honors, application essays, and extracurricular activities. [3, 4] It is recommended that applicants have 4 years of mathematics and 3-4 years of science, including chemistry and/or physics. [12] A personal essay is part of the application. [3, 4] Letters of recommendation are considered but not required for the general application, though some specific programs within the university may require them. [9, 10]",Not Required,,True,False,True,False,False,False,,True,False,False,False,True,True,False,False,False,,,,College of Arts and Sciences,,,,,,,,,"The UC College of Arts and Sciences (A&S) BS program in chemistry is well suited for students with a background and interest in science. [3] The calculus and physics requirements for the BS program are matched to those required for medical, dental and pharmacy schools, allowing students in this major to pursue a range of professional school options smoothly. [3] The program provides for extensive laboratory work; therefore, the enjoyment of hands-on laboratory work is important. [3] Chemistry explores how the molecular structure of matter interacts, combines or changes over time. [3] At UC College of Arts and Sciences, you'll work alongside internationally renowned experts to conduct experiments and publish your results in respected journals. [3] UC is recognized nationally as a top research university by the Carnegie Foundation. [3] Here, your research matters. That's why you'll have the opportunity to dedicate yourself full time to pursuing your research interests as part of your undergraduate degree. [3] UC's chemistry labs boast millions of dollars in the latest equipment, giving you the resources to follow your passion in a department that promises you personal attention. [3] You will be able to help UC's expert faculty investigate solutions to real-world problems such as lead poisoning or collaborate with researchers in UC's many other fields. [3] UC's chemistry department is at the forefront of new patents for everything from biosensors to drug-delivery methods. [3] And in UC's Chemistry Department, you will get a chance to contribute to meaningful work with the UC Genome Research Institute, the UC College of Medicine, Children's Hospital and UC's College of Engineering and Applied Science on projects that suit your interests and passions. [3] UC also partners with some of the biggest names in chemistry by offering you internships or co-ops at Fortune 500 research partners such as P&G and government institutions such as the U.S. Food and Drug Administration. [3]",,https://degrees.apps.asu.edu/bachelors?init=false&nopassive=true,"The webpage for the Bachelor of Science in Chemistry does not mention specific accreditation for the program. However, a separate Bachelor of Science program, the Chemistry-ACS, is certified by the American Chemical Society (ACS). [9] The University of Cincinnati and all its regional campuses are accredited by the Higher Learning Commission (HLC). [12]",7878,"$600 per credit hour (Ohio resident), $1,239 per credit hour (Non-resident) for the 2025-26 cohort. [18]",FALSE,True,,,2,,,,,,,,,,,,,,,,,,False,False,,,100.0,,,,6.5,,,53.0,,79,,,,,,,,,,,"Awards range from $1,000 to $15,000 each year. [7]",,Merit-based,FALSE,,,FALSE,FALSE,,,False
,Bachelor of Arts in Classical Civilization,,,,,Associate,Fall 2026,,,,,,,,"For undergraduate (first-year) admission, the University of Cincinnati conducts a holistic review that considers the completion of a core curriculum, high school grades, rigor of coursework (such as AP, honors, or dual credit), application essays, and extracurricular activities. [5, 7] For graduate admission, applicants must hold a bachelor's degree from an accredited institution, and it is recommended that applicants have at least a 'B' average in their undergraduate work. [3] Graduate programs are responsible for setting their own specific admission criteria beyond these minimums. [3]",,,True,True,False,False,False,False,,False,False,False,False,False,False,False,False,False,,,,,,,,,,,,,"Classical civilization is the study of the culture, history, language and literature of ancient Greece and Rome. [4, 7] Classical civilization majors develop language skills and enrich their lives through an interdisciplinary exploration of the Greek and Roman worlds. [4, 7] They also study such subjects as mythology, philosophy, religion, politics and other areas where the ancient Greeks and Romans made decisive contributions to world civilization. [2, 4, 7]",,https://degrees.apps.asu.edu/bachelors?init=false&nopassive=true,"The University of Cincinnati and all regional campuses are accredited by the Higher Learning Commission. [2, 3, 6]",,,FALSE,False,,,,,,,,,,,,,,,,,,,,,False,False,,,,,,,,,,,,,,,,,,,,,,,,,,FALSE,,,FALSE,FALSE,,,False
,Bachelor of Arts in Classics,,,,,Associate,Fall 2026,,,,,,Not Required,,,,,True,True,False,False,False,False,,False,False,False,False,False,False,False,False,False,,,,,,,,,,,,,,,https://degrees.apps.asu.edu/bachelors?init=false&nopassive=true,,,,FALSE,False,,,,,,,,,,,,,,,,,,,,,False,False,,,,,,,,,,,,,,,,,,,,,,,,,,FALSE,,,FALSE,FALSE,,,False
,Bachelor of Arts in Communication,,,,,Undergraduate,Fall 2026,,,,Not Required,Not Required,Not Required,Required,"For first-year students applying to the online program, requirements include official high school transcripts with a minimum unweighted GPA of 2.7 or a weighted GPA of 2.9. [4] For transfer students with fewer than 24 semester hours, the same high school GPA requirements apply, along with a minimum cumulative GPA of 2.0 from all prior institutions. [4] For transfer students with 24 or more semester hours, the requirement is a minimum cumulative GPA of 2.0 from all prior institutions. [4] All applicants must submit official transcripts directly to UC Admissions. [4] The on-campus program at UC Clermont is open to all students with a high school diploma or GED. [7]",Not Required,,True,True,False,True,False,False,,True,False,False,False,True,True,False,False,False,,,,The College of Liberal Arts and Sciences,,,,,,,,,"The Bachelor of Arts in Communication at the University of Cincinnati equips students with strong critical-thinking and writing abilities, focusing on understanding society and improving social institutions and the well-being of individuals. [4, 7] The program covers the practice of public speaking, interpersonal communication, public relations, and argument, while integrating the theory and research methods that form the basis for these strategies. [2] Students will study issues of voice, identity, public participation, and advocacy/leadership across various domains including interpersonal, organizational, political, rhetorical, environmental, health, and mediated communication. [3, 7] Graduates are prepared for a wide range of careers in fields like public relations, marketing, business, law, government, and non-profit organizations, or for graduate studies. [2, 4]",,https://degrees.apps.asu.edu/bachelors?init=false&nopassive=true,"The University of Cincinnati and all regional campuses are accredited by the Higher Learning Commission. [3, 6, 9] Additionally, the online Bachelor of Arts in Communication program has received the Quality Matters Certification for several of its courses, including COMM 2004, COMM 3007, and COMM 3039. [2]",,,FALSE,False,,4.0,,,,,,,,,,,,,,,,,,,False,False,,,,112.0,,,6.5,,,46.0,,79,,,,,,,,,,,,,Merit-based,FALSE,,,FALSE,FALSE,,,False
,Bachelor of Arts in English: Rhetoric & Professional Writing,,,,,Undergraduate,Fall 2026,,,,Optional,Optional,Optional,Required,"For first-year admission, the University of Cincinnati requires submission of the Common Application along with a $50 non-refundable application fee (or fee waiver) and an official or unofficial high school transcript. [9] Letters of recommendation and ACT/SAT scores are considered optional. [9] The university conducts a holistic review, considering factors like the completion of a core curriculum, grades, rigorous coursework (AP, honors, dual credit), application essays, extracurricular activities, and other achievements. [5, 6]",Not Required,,True,True,False,,False,False,,True,False,False,False,True,True,False,False,False,,,,,,,,,,,,Rhetoric & Professional Writing,"The Rhetoric<ctrl100> Professional Writing track (RPW) prepares students to write persuasively and effectively in public and professional settings. [3] We emphasize experiential learning opportunities, such as client-based class projects and internships, and offer students interdisciplinary and collaborative experiences that are important for a wide range of professional environments. [3] The track prepares students to be informed, responsible participants in civic affairs and can lead to employment in commercial and non-profit organizations or graduate work in professional writing. [3] Professional writers are the bridge between art and science. [5, 6] They are the artists who bring to life the science of business, technology, discoveries, and world events. [5, 6] They are the storytellers who translate complex phenomena to a target audience, connecting ideas and people. [5, 6] Professional writers do more than just put words on paper. [5, 6] They design. They create. They promote. They edit. They analyze. They construct ideas. They illustrate characters. They deliver results. [5, 6] Undergraduate students pursuing the BA in English — Rhetoric and Professional Writing create an ePortfolio in the Introduction to Professional Writing course and then add to it throughout their required RPW coursework. [6] Many of our courses work with real clients, so RPW undergraduate students graduate with a portfolio of work that showcases their skills in writing, design, and editing. [6]",,https://degrees.apps.asu.edu/bachelors?init=false&nopassive=true,,,,FALSE,False,,,,,,,,,,,,,,,,,,,,,False,False,,,110.0,,,,6.5,,,54.0,,80,,,,,,,,,,,,,,FALSE,,,FALSE,FALSE,,,False
,Bachelor of Arts in English: Creative Writing,,,,,Undergraduate,Fall 2026,,,,Optional,Optional,,,"For undergraduate admission, the University of Cincinnati conducts a holistic review of applications. This process considers factors such as the completion of a core curriculum, grades earned in high school, participation in rigorous coursework like AP or honors classes, application essays, and extracurricular activities. [3, 4] For graduate admissions, applicants are generally expected to hold a bachelor's degree from an accredited institution with a recommended 'B' average or a 3.0 GPA. [2, 7] Graduate applications are also reviewed holistically, considering the entire application portfolio. [7]",Not Required,,False,True,,,,,,,,,,,,,,,,,,College of Arts and Sciences,"The estimated tuition for the 2026 academic year is $13,836 for Ohio residents and $29,161 for out-of-state students. [4]",,,,,,,Creative Writing,"The Creative Writing track within the Bachelor of Arts in English is designed for students who wish to explore writing poetry, fiction, and literary nonfiction, enhance their editorial skills, and analyze literature from a writer's perspective. [3, 4] This top-ranked program pairs undergraduate students with award-winning faculty in intimate workshop settings that focus on the interplay between close reading and creative writing. [2, 4] Students are encouraged to study various forms, including poetry, fiction, creative nonfiction, and hybrid genres, to understand their place in the literary conversation and receive personalized feedback on their work. [2] The curriculum includes introductory and intermediate courses in various creative writing forms, culminating in a senior writing seminar (capstone) where students produce a substantial body of their own work. [3] The program aims to develop students as writers, readers, and thinkers, training them to give and receive criticism, solve problems creatively, and work both independently and collaboratively. [2]",,https://degrees.apps.asu.edu/bachelors?init=false&nopassive=true,,7878,,FALSE,False,,4.0,3,,,,,,,,,,,,,,,,,,False,False,,,,,,,,,,,,,,,,,,,,,,,The Cincinnatus Scholarship Program provides over $22 million in renewable scholarships. [27],,Merit-based and need-based scholarships are available. [3],FALSE,,,FALSE,FALSE,,,
,Bachelor of Arts in English: Literary & Cultural Studies,,,,,Undergraduate,Fall 2026,,,,Not Required,Required,Optional,Required,"For freshman admission, the University of Cincinnati requires submission of the Common Application, an official high school transcript, and an application fee. [4] Some majors may require the submission of pre-screening materials. [4] The university conducts a holistic review process. [3] The BA in English: Literary & Cultural Studies track is designed for students who want to build on their strengths in writing, reading, and critical thinking through the study of literature. [7]",Not Required,,True,True,False,,False,False,,True,,,,True,True,,False,False,,,,,,,,,,,,Literary & Cultural Studies,"The Bachelor of Arts in English offers a Literary & Cultural Studies track where students develop their abilities as careful readers and writers. [5, 8] This track focuses on the analysis of literature, including poems, plays, and various forms of fiction and nonfiction, as well as other media like films, comics, and websites. [5, 8] Students explore literary language, forms, and genres across national, ethnic, and world literatures. [5, 8] They also learn to apply various literary and cultural theories to analyze texts, engaging with issues of culture, identity, language, ethics, race, gender, class, and globalism. [5,8] The program emphasizes critical thinking, close reading, research, and effective written and verbal communication. [5, 8]",,https://degrees.apps.asu.edu/bachelors?init=false&nopassive=true,"The University of Cincinnati and all its regional campuses are accredited by the Higher Learning Commission (HLC). [2, 4, 9] The university's programs are also approved by the Ohio Department of Higher Education (ODHE). [9] No specific accreditation information for the Bachelor of Arts in English program itself is mentioned.",,,FALSE,False,,,,,,,,,,,,,,,,,,,,,False,False,,,110.0,,,,6.5,,,54.0,,80,,,,,,,,,,,,,,FALSE,,,FALSE,FALSE,,,False
,Bachelor of Arts in English: English Education,,,,,Undergraduate,Fall 2026,,,,,,,,,,,False,False,,,,,,,,,,,,,,,,,,The College of Liberal Arts and Sciences,"$34,398/Year",,,,,,,English Education,"This track is designed for two kinds of students: those who wish to double major in English and in Secondary Education with a concentration in English Language Arts; and those further along in their academic careers who major in English and then, following graduation, wish to enter UC's Secondary Education graduate program to receive a Master's degree in Curriculum and Instruction plus licensure to teach. [2] The courses you take provide a thorough knowledge of literature and approaches to literary and cultural analysis, as well as instruction in effective stylistic, analytic, and creative writing. [3] Through the Secondary Education major, students also have opportunities to study drama and/or journalism, because Secondary English teachers are often asked to supervise a school's drama program or to advise the school newspaper or yearbook. [2]",,https://degrees.apps.asu.edu/bachelors?init=false&nopassive=true,"The University of Cincinnati and all regional campuses are accredited by the Higher Learning Commission. [3] The educator preparation programs at the University of Cincinnati are accredited by the Council for the Accreditation of Educator Preparation (CAEP). [4] In addition, the secondary education program is accredited by the National Council for Teachers of English. [4]",,"$1,505/Credit",FALSE,False,,4.0,3.0,,,,,,,,,,,,,,,,,,False,False,,,,,,,,,,,,,,,,,,,,,,,,,"Merit-based, Need-based",FALSE,,,FALSE,FALSE,,,
,Bachelor of Arts in Environmental Studies,,,,,Undergraduate,Fall 2026,,,,Not Required,Optional,Not Required,Required,"For freshman applicants, the University of Cincinnati conducts a holistic review which includes completion of a core curriculum, grades earned throughout high school, the student's decision to take rigorous coursework such as AP or honors, application essays, and extracurricular activities. [3, 4] Submission of the Common Application is required. [7] A resume is not mentioned as a requirement for general admission.",Not Required,,True,False,True,False,False,False,,True,False,False,False,True,True,False,False,False,,,,"College of Arts and Sciences, School of Environment and Sustainability","$11,892 for in-state students and $28,904 for out-of-state students. [10]",,,,,,,,"The Environmental Studies BA program produces professionals who are knowledgeable in the traditional areas of humanities, social sciences, and natural sciences, and have the skills to understand the origins of environmental problems and develop viable environmental solutions. [2] Students are trained to think analytically, reason critically, communicate effectively, and lead responsibly. [2] This program equips students to make positive contributions to their local community, the country, and the world by connecting knowledge and action to solve environmental problems. [2] Environmental Studies students can “speak the language” of the multiple disciplines involved in environmental problem solving and address the problems of climate change, environmental justice, resource depletion, population growth, public health, and hunger using creative and sustainable approaches. [2]",,https://degrees.apps.asu.edu/bachelors?init=false&nopassive=true,The University of Cincinnati and all regional campuses are accredited by the Higher Learning Commission. [2],,,FALSE,False,,4.0,2.0,,,,,,,,,,,,,,,,,,False,False,,,,,,,,,,46.0,,,,,,,,,,,,,"Awards range from $1,000 to full tuition, room, and board. [6, 9]",,"Merit-based scholarships such as the Cincinnatus Scholarship Program and the UC National Outreach Award. [4, 6, 11]",FALSE,,,FALSE,FALSE,,,False
,Bachelor of Science in Environmental Studies,,,,,Undergraduate,Fall 2026,,,,Not Required,Not Required,Optional,Required,"The University of Cincinnati uses a holistic approach to evaluating students for admission. In the absence of a test score, the university considers the completion of a core curriculum, grades earned throughout high school, the student's decision to take rigorous coursework such as AP or honors, application essays, extracurricular activities, and other achievements. [2, 3] An official high school transcript must be submitted. [9]",Not Required,,True,False,True,True,False,False,,True,False,,False,True,True,False,False,False,,,,,,,,,,,,,"The Bachelor of Science in Environmental Studies program at the University of Cincinnati provides an interdisciplinary approach to understanding and addressing complex environmental issues. [2, 7] The curriculum is designed to give students a strong foundation in the natural sciences (like biology, chemistry, and geology), social sciences (such as communication and public policy), and humanities (including history and ethics). [6] The program's goal is to produce professionals who can analyze and respond to dynamic environmental problems by taking a systems approach that considers the interrelationships between natural, built, and social environments. [2] Students will acquire practical skills in field and lab work, data analysis, and computer-based tools like geographic information systems (GIS). [2] The program prepares graduates for a variety of careers in fields such as environmental consulting, land management, and for further studies in graduate or professional schools. [7]",,https://degrees.apps.asu.edu/bachelors?init=false&nopassive=true,"The University of Cincinnati and all regional campuses are accredited by the Higher Learning Commission. [2, 4, 8]",,,FALSE,True,,,,,,,,,,,,,,,,,,,,,False,False,,,110.0,112.0,,,6.5,,,54.0,,80,,,,,,,,,,,,,,FALSE,,,FALSE,FALSE,,,False
,Bachelor of Arts in Film & Media Studies,,,,,Undergraduate,Fall 2026,,,,,,Not Required,Required,,,,False,False,False,False,False,False,,True,False,False,False,False,False,False,False,False,,,,Department of English,"In-State: $11,822/Year, National: $34,014/Year, International: $37,202/Year",,,,,,,,"The interdisciplinary BA program in Film & Media Stories at the University of Cincinnati is designed to equip students with the skills to understand, analyze, and engage with local and global film and screen media cultures and industries. [2] Majors in this program delve into significant issues, theories, movements, and histories of media from around the world. [2] The curriculum covers both traditional and new media and technologies, ranging from film and television to video games and web series, providing students with both theoretical and practical knowledge in the creation and distribution of screen media. [2, 9] This program prepares students for various careers in media and technology, education, journalism, filmmaking, and audio-visual archives, and also serves as a foundation for graduate studies. [2] The program also offers opportunities for experiential learning through internships and international study tours. [2]",,https://degrees.apps.asu.edu/bachelors?init=false&nopassive=true,The University of Cincinnati and all regional campuses are accredited by the Higher Learning Commission. [7],,,FALSE,False,,,3,,,,,,,,,,,,,,,,,,False,False,,,,,,,,,,,,,,,,,,,,,,,,,Merit-based,FALSE,,,FALSE,FALSE,,,False
,Bachelor of Arts in French,,,,,Undergraduate,Fall 2026,,,,Not Required,Not Required,Not Required,Required,"For first-year applicants, the University of Cincinnati requires the submission of the Common Application and an official high school transcript. Graduation from an accredited high school is necessary. [4] For the Bachelor of Arts in French specifically, the university notes that successful students typically have strong verbal skills and an interest in other cultures. [14]",Not Required,,True,False,True,True,False,False,,True,False,False,False,True,True,False,False,False,,,,School of International Letters and Cultures,,,,,,,,,"Fluency in a second language is a valuable skill. French is an official language of 28 countries on five continents, including France, Canada, Belgium, Senegal and Vietnam. Learning French will allow you to converse with and better understand people throughout the world. [8] Along with English, French is the world's most important diplomatic language. [8] It is an official language of such organizations as the United Nations, UNESCO, NATO and the international Red Cross. [8] France, one of the world's largest economies, is a leader in the export of luxury goods and technology. [8] Canada's French-speaking province of Quebec is in itself one of the largest trading partners of the United States. For this reason, French is an important language for conducting business in the United States and elsewhere. [3] Finally, French is unsurpassed as a language of culture. [8] Discussions about literature, art, gastronomy and fashion inevitably start from and return to France. [8] By studying French, you will be able to experience the varied products of French culture firsthand and to travel more easily in the world's top-rated tourist destination. [8]",,https://degrees.apps.asu.edu/bachelors?init=false&nopassive=true,"The University of Cincinnati and all regional campuses are accredited by the Higher Learning Commission. [7, 8, 9, 12, 13]",,,FALSE,False,,4.0,,,,,,,,,,,,,,,,,,,False,False,,,100.0,112.0,,,6.5,,,53.0,,79,,,,,,,,,,,,,"Merit-based, financial need-based, study abroad, first-generation",FALSE,,,FALSE,FALSE,,,False
,Bachelor of Arts in Geography: Human-Urban Economic,,,,,Undergraduate,Fall 2026,,,,Not Required,Required,Not Required,Required,"Freshmen applicants, please visit the Admission Requirements page for more information. [10] General requirements include submission of the Common Application and an official high school transcript. [3]",Not Required,,True,False,False,False,False,False,,True,False,False,False,False,False,False,False,False,,,,College of Arts and Sciences,"For the 2025-2026 academic year, the estimated annual tuition and fees for a full-time, out-of-state undergraduate student are $29,728. For a full-time Ohio resident, the estimated annual tuition and fees are $14,394. [22]",,,,,,,Human-Urban Economic,"The BA in Geography with a Human-Urban-Economic focus at UC explores human behavior, urban development, and economic systems. [2] Students analyze the spatial aspects of societal challenges, with the flexibility to tailor their studies through double majors or minors, preparing them to address complex urban and economic issues. [2] Geography examines the spatial dimensions of human activities and their interactions with physical landscapes. [7] Geographers use social and physical sciences to study the way people interact with each other and their environment. [7] Geography is hugely important today in making sense of big data through maps and other interactive media. [7] At UC's College of Arts and Sciences, geography students use geospatial technology such as satellites, and drones to investigate problems facing society. [7] At UC, your research will help people make the most informed decisions about urban planning, environmental science or industry. [7]",,https://degrees.apps.asu.edu/bachelors?init=false&nopassive=true,The University of Cincinnati and all regional campuses are accredited by the Higher Learning Commission. [7],,"Non-Resident: $1,239. Ohio Resident: $600. [22]",FALSE,False,,4.0,2.8,,,,,,,,,,,,,,,,,,False,False,,,100.0,112.0,,,6.5,,,,,79,,,,,,,,,,,"Awards range from $1,000 to $15,000 each year and are renewable. [13] The Cincinnatus Scholarship, a major merit-based award, ranges from $1,000 annually up to full tuition, room and board, and a book allowance. [21]",,"Merit-based scholarships are available, such as the Cincinnatus Scholarship Program and the University of Cincinnati Global Scholarship for international students. [3, 13]",FALSE,,,FALSE,FALSE,,,False
,Bachelor of Science in Geoscience,,,,,Undergraduate,Fall 2026,,,,Not Required,Not Required,Optional,Required,First-year applicants must complete the UC Common Application with a non-refundable $50 application fee and submit an official or unofficial high school transcript. [3] The university conducts a holistic review and also considers a personal essay and letters of recommendation. [2] The Department of Geosciences follows the general admissions requirements set by the University of Cincinnati and the College of Arts & Sciences. [7],Not Required,,True,False,True,,False,False,,True,,,,True,True,False,False,False,,,,,,,,,,,,"['Geological Sciences track (GEOL-GS)', 'Environmental & Applied Geosciences track (GEOL-EAG)']","The Department of Geosciences offers undergraduate and graduate programs that provide students with both a breadth of knowledge in the geosciences as well as coursework focused on specific subdisciplines within the field. [2] Graduates of our undergraduate and graduate programs leave UC prepared to enter the workforce or pursue further graduate study. [2] Geology has undergone a revolution in the past decade, becoming an interdisciplinary science that emphasizes the study of major Earth systems - the solid Earth, the Earth's surface, the hydrosphere, atmosphere, and cryosphere (ice!), and the ancient and modern biosphere. [4] Geology majors learn how these systems work and how they are connected. [4] Geology majors integrate knowledge of Earth materials, the processes that have shaped them and the deep chronology of Earth history to understand global change through time. [4] Graduates of our geology program are scientifically informed citizens who can understand the complexities of the Earth's systems and the interdisciplinary challenges of modern society. [4] Our majors pursue careers as geotechnical and environmental consultants, state and federal agency scientists and managers (US Geological Survey, Environmental Protection Agency, Bureau of Reclamation, National Park Service, National Forest Service, Bureau of Land Management, Department of Energy, etc.), climate policy advisers, energy industry geologists, museum staff scientists and curators, educators, and more. [4]",,https://degrees.apps.asu.edu/bachelors?init=false&nopassive=true,The University of Cincinnati and all regional campuses are accredited by the Higher Learning Commission. [8],,,FALSE,True,,,,,,,,,,,,,,,,,,,,,False,False,,,110.0,,,,6.5,,,54.0,,80,,,,,,,,,,,,,,FALSE,,,FALSE,FALSE,,,False
,Bachelor of Arts in German Studies,,,,,Undergraduate,Fall 2026,,,,Not Required,Optional,Not Required,Required,"First-year applicants must use the Common Application. Requirements include an official high school transcript. Graduation from an accredited high school is expected. [3] For the BA in German Studies, applicants should visit the university's general admission requirements page for more information. [10]",Not Required,,True,False,False,True,False,False,,True,False,False,False,True,True,False,False,False,,,,,,,,,,,,German-American studies,"The German studies program at UC provides students with a solid background in the German language and all aspects of German, Austrian and Swiss culture. [2] German is an interdisciplinary program that focuses on the language, culture, history, politics and literature of Germany and other German-speaking countries, as well as their influence on other cultures in Europe and beyond. [2, 4] The Department of German Studies at UC specializes in contemporary Germany, which boasts one of the world's most powerful economies and holds a central leadership role within the European Union. [2] The program believes that today's Germany cannot be understood without reference to German history and therefore offers courses that range from the Middle Ages to the 21st century, dealing with a wide variety of topics and texts. [2] A great deal of emphasis is placed on the impact that German culture has had on Cincinnati, and German-American studies is considered a vital component of the program. [2] Through academic course work, participation in study-abroad programs, and interaction with faculty and visiting lecturers, students have the opportunity to broaden their horizons and develop skills to contribute to greater global awareness. [2, 4]",,https://degrees.apps.asu.edu/bachelors?init=false&nopassive=true,"The University of Cincinnati and all regional campuses are accredited by the Higher Learning Commission. [4, 6]",,,FALSE,False,,,,,,,,,,,,,,,,,,,,,False,False,,,,112.0,,,6.5,,,53.0,,79,,,,,,,,,,,,,,FALSE,,,FALSE,FALSE,,,False
,Bachelor of Arts in History,,,,,Undergraduate,Fall 2026,,,,Not Required,Not Required,Not Required,Required,"For first-year admission, the University of Cincinnati conducts a holistic review of applications. Factors considered include completion of a core college preparatory curriculum (including mathematics, science, language/history/social sciences), grades earned in high school, and the rigor of coursework taken (such as AP, honors, or dual credit). [2, 10] Application essays and extracurricular activities are also part of the review. [2, 3] A resume is not listed as a required document for general undergraduate admission.",Not Required,,True,False,True,False,False,False,,True,False,False,False,True,True,False,False,False,,,,College of Arts and Sciences,"$13,363 per year for in-state students and $28,697 per year for out-of-state students.",,,,,,,,,,https://degrees.apps.asu.edu/bachelors?init=false&nopassive=true,,7878,"$468 for in-state and $1,107 for out-of-state students",FALSE,False,,4.0,3.0,,,,,,,,,,,,,,,,,,False,False,,,,,,,6.5,,,53.0,,79,,,,,,,,,,,"Awards range from $1,000 to $15,000 each year for the University of Cincinnati Global Scholarship. The Cincinnatus Scholarship can range from $1,000 annually up to full tuition, room and board, and a book allowance.",,Merit-based,FALSE,,,FALSE,FALSE,,,False
,Bachelor of Arts in Interdisciplinary Studies,,,,,Undergraduate,Fall 2026,,,,Not Required,Not Required,Not Required,Required,"For first-year admission to the Uptown campus, applicants must submit The Common Application, a non-refundable application fee, and an official or unofficial high school transcript. [7] A completed college-preparatory high school curriculum is required, which includes: 4 units of English, 4 units of math (including Algebra II or equivalent), 3 units of science, 3 units of social studies, and 5 units of electives. [11] The university uses a holistic review process, considering factors like grades, the rigor of coursework (such as AP, honors, or dual credit), application essays, and extracurricular activities. [5]",Not Required,,True,False,True,True,False,False,,True,False,False,False,True,True,False,False,False,,,,,,,,,,,,,"The Bachelors of Interdisciplinary Studies (BIS) is a unique degree program that offers students the opportunity to create their own major. [2] Interdisciplinary Studies students learn from multiple disciplines and gain knowledge, methods, and theories that enhance their individual educational and career goals. [2] The interdisciplinary studies (individualized) option provides a special opportunity for qualified, highly motivated students to design and complete a major that complements their unique interests and strengths while drawing upon the wide-ranging expertise of a notable liberal arts faculty. [2] This program is especially attractive to students whose goals and visions extend beyond traditional academic boundaries and disciplines. [2] The cross-disciplinary nature of interdisciplinary studies helps enable students to learn how to integrate a variety of perspectives and methodologies. [2] By connecting skills and knowledge from multiple sources, students will be better prepared to face real-world situations in their communities, their workplaces and their homes. [2]",,https://degrees.apps.asu.edu/bachelors?init=false&nopassive=true,"The University of Cincinnati (UC) and all regional campuses are accredited by the Higher Learning Commission (HLC). [8] Additionally, UC is an Ohio Public Institution, and each of its programs are approved by the Ohio Department of Higher Education (ODHE). [8]",,,FALSE,False,,,,,,,,,,,,,,,,,,,,,False,False,,,,,,,6.5,,,53.0,,79,,,,,,,,,,,,,,FALSE,,,FALSE,FALSE,,,False
,Bachelor of Arts in International Affairs,,,,,Undergraduate,Fall 2026,,,,,,Not Required,Required,,,,True,True,True,False,False,False,,True,False,False,False,True,True,False,False,False,,,,,,,,,,,,,"The International Affairs major allows students a chance in which they can work with our award-winning faculty to examine real-world challenges such as climate change, international conflict, economic development, public health crises, and global inequalities. [2] The International Affairs major allows students to take courses in political science, history, economics, women's, gender and sexuality studies, journalism, environmental studies, geography, foreign languages, and more. [2] It is easy for students to design their own paths within the major or complete another major, minor, or certificate in many of the fields offered across an array of schools and departments at UC. [2] As a long-established interdisciplinary major offered by the School of Public and International Affairs (SPIA), the International Affairs major allows you to delve into the workings of global and regional politics, cultures, and societies. [2] In the major, you learn how you can make a difference in such international issues as poverty, war, climate change, and protecting human rights. [2] The major prepares you for careers in government, nongovernmental organizations, the private sector, and more. [2] Our majors acquire an understanding of world affairs, knowledge of particular regions and countries, and competency in foreign languages – all vital skills for citizens and professionals in the twenty-first century. [2]",,https://degrees.apps.asu.edu/bachelors?init=false&nopassive=true,"The University of Cincinnati (UC) and all regional campuses are accredited by the Higher Learning Commission (HLC). [10] Additionally, UC is an Ohio Public Institution, and each of its programs are approved by the Ohio Department of Higher Education (ODHE). [10] There is no mention of a specific accreditation for the Bachelor of Arts in International Affairs program itself. [2, 7, 10, 11]",,,FALSE,False,,,,,,,,,,,,,,,,,,,,,False,False,,,,,,,6.5,,,46.0,,79,,,,,,,,,,,,,,FALSE,,,FALSE,FALSE,,,False
,Bachelor of Arts in Journalism,,,,,Undergraduate,Fall 2026,,,,,,,,,,,True,True,False,False,False,False,,False,False,False,False,False,False,False,False,False,,,,College of Arts and Sciences,,,,,,,,"['Digital Broadcast News', 'Literary Journalism', 'Political and Public Affairs Reporting']","Journalism is both an interdisciplinary field and a distinct knowledge base for the critical study of camera, media and related issues, and the development of writing, editing and observational skills in a liberal arts curriculum. [2] An intellectual review of traditional disciplines and their biases is intrinsic to journalism studies. As such, journalism teaches critical thinking on two different levels: by questioning the view from the center (theories, methods and practices) in any given field or endeavor, and by evaluating and clearly and publicly expressing these views and concerns to either specific or mass public audiences. [4] Successful journalists are curious about people, cultures and science, about how political and economic systems work and do not work. They are critical thinkers who know how to observe, listen and ask questions. They are skilled writers, editors and visual communicators. The foundation for a successful career in journalism is a strong liberal arts education. [2]",,https://degrees.apps.asu.edu/bachelors?init=false&nopassive=true,"The University of Cincinnati and all regional campuses are accredited by the Higher Learning Commission. [2, 3, 6]",,,FALSE,False,,4.0,,,,,,,,,,,,,,,,,,,False,False,,,,,,,,,,,,,,,,,,,,,,,,,,FALSE,,,FALSE,FALSE,,,False
,Bachelor of Arts in Judaic Studies,,,,,Undergraduate,Fall 2026,,,,,,Not Required,Required,,,,True,True,False,False,False,False,,False,False,False,False,False,False,False,False,False,,,,College of Arts and Sciences,,,,,,,,"['Hebrew', 'Service']","Judaic Studies is dedicated to the academic study of Judaism within the broadest context of world civilization. [12] This interdisciplinary program combines the study of history, literature, philosophy, Hebrew language and other fields to familiarize students with the experience of the Jews of the past and present. [10] Judaic studies offers students a wide range of approaches to exploring and understanding Jewish history, culture and religion. [10] Judaic Studies at the University of Cincinnati is your gateway to understanding the historical experience of the Jewish people, from Abraham to Modern Judaism. [12]",,https://degrees.apps.asu.edu/bachelors?init=false&nopassive=true,The University of Cincinnati (UC) and all regional campuses are accredited by the Higher Learning Commission (HLC). [15],7878,,FALSE,False,,4.0,2,,,,,,,,,,,,,,,,,,False,False,,,115.0,,,,6.5,,,,,80,,,,,,,,,,,"up to $94,000",,Merit-based,FALSE,,,FALSE,FALSE,,,False
,"Bachelor of Arts in Latin American, Caribbean, and Latino/a/x Studies",,,,,Undergraduate,Fall 2026,,,,Not Required,Not Required,Not Required,Required,"To be admitted to ASU, freshman applicants must have a high school diploma and have completed 4 years of English, 4 years of math, 3 years of lab sciences, 2 years of social sciences, 2 years of the same second language, and 1 year of fine arts or career and technical education. [1, 2] Additionally, applicants must meet at least one of the following criteria: be in the top 25% of their high school graduating class, have a 3.00 GPA in competency courses, an ACT score of 22 (24 for nonresidents), or an SAT score of 1120 (1180 for nonresidents). [2]",Not Required,,True,False,False,False,False,False,,False,False,False,False,False,False,False,False,False,,,,College of Arts and Sciences,,,,,,,,,"Understanding Latin American, Caribbean, and Latinx cultural perspectives, language, and history is increasingly vital for students pursuing careers in education and social work, medicine and public health, business and marketing, human resources, law and advocacy, and politics and international relations. [2] As an interdisciplinary program with over 20 faculty across multiple departments and colleges, LACLS provides students with a flexible curriculum tailored to their interests and a broad range of valuable skills and knowledge. [2] Majors will develop transferrable skills such as critical thinking and analysis, evaluating evidence and making arguments, clear verbal and written communication, and research. [2] In addition to being well prepared for graduate, law, or medical schools, graduates of the LACLS program pursue careers in: Teaching & Education. Medicine & Public Health. Public Policy & Advocacy. Law & Legal Aid. Business/Marketing. Human Relations. Foreign Service. Social Work. [2]",,https://degrees.apps.asu.edu/bachelors?init=false&nopassive=true,,,,FALSE,False,,,,,,,,,,,,,,,,,,,,,False,False,,22.0,,,,,6.5,,,53.0,1120.0,79,,,,,,,,,,,,,,FALSE,,,FALSE,FALSE,,,False
,Bachelor of Arts in Liberal Arts,,,,,Undergraduate,Fall 2026,,,,Optional,Required,Not Required,,"General application requirements include a completed application (Common App or university-specific), high school transcript, a personal essay, and letters of recommendation. [5] An application fee is also required, though waivers are available. [5] ACT/SAT scores are optional for most programs. [5, 6]",Not Required,,True,True,False,False,False,False,,False,False,False,False,False,False,False,False,False,,,,"College of Arts and Sciences. [15, 16, 29]","For the 2025-2026 academic year, the estimated annual in-state tuition is $14,394 and the annual out-of-state tuition is $29,728. [34]",,,,,,,,"The term ""liberal arts"" can simply refer to the disciplines of the humanities, social sciences and sciences, but in this case, it refers more generally to a curriculum designed to provide a foundation of knowledge of culture (humanities), society (social sciences) and science (sciences) while developing intellectual and practical skills (critical thinking, ethical thinking, analytical thinking, problem solving and effective communication) that can be applied in real-world settings. [3] This kind of education is highly regarded because it fosters the development of valuable skills that are applicable to a wide range of activities, including the ability to learn and apply knowledge, deal with complexity and adapt to change. [3] The program is well-suited for students whose needs and interests are not being met by existing A&S majors, such as those who have several areas of interest or wish to pursue a course of study that spans several disciplines, are preparing for graduate study in an interdisciplinary or multi-disciplinary area not incorporated in any existing programs at the university (e.g., linguistics, forensics, urban studies, religious studies), are aiming for a career where multidisciplinary education could be appropriate or even advantageous (law, diplomacy, public service, mediation, environmental advocacy, etc), whose engagement in campus or community groups inspires multidisciplinary interests, who are transferring in from a branch campus or elsewhere with an associate of arts or science degree, or who are non-traditional and seeking further education to complement life/job experiences. [3]",,https://degrees.apps.asu.edu/bachelors?init=false&nopassive=true,"The University of Cincinnati and all regional campuses are accredited by the Higher Learning Commission. [2, 3]",,"For the 2025-2026 academic year, the in-state cost per credit hour is $600 and the out-of-state cost is $1,239. [34]",FALSE,False,,4.0,"While there is no strict minimum GPA, a competitive GPA for admission is generally above 3.5 on a 4.0 scale. [11, 24, 27]",,,,,,,,,,,,,,,,,,False,False,,,,,,,,,,,,,,,,,,,,,,,"Scholarship awards range from $1,000 to full tuition. [13, 25]",,"The University of Cincinnati offers merit-based scholarships, such as the Cincinnatus Scholarship Program, and need-based grants. [13, 31]",FALSE,,,FALSE,FALSE,,,False
,"Bachelor of Arts in Liberal Arts: Medicine, Health & Society",,,,,Undergraduate,Fall 2026,,,,Optional,Not Required,,,"For first-year admission, the University of Cincinnati requires the Common Application, a non-refundable application fee (or fee waiver), and an official or unofficial high school transcript. [3] A personal essay and letters of recommendation are also listed as application components. [2, 7] Submission of ACT or SAT test scores is optional. [3]",Not Required,,True,True,False,False,False,False,,False,False,False,False,False,False,False,False,False,,,,,,,,,,,,,,,https://degrees.apps.asu.edu/bachelors?init=false&nopassive=true,,,,FALSE,False,,,,,,,,,,,,,,,,,,,,,False,False,,,,,,,,,,,,,,,,,,,,,,,,,,FALSE,,,FALSE,FALSE,,,False
,Bachelor of Arts in Mathematics,,,,,Undergraduate,Fall 2026,,,,Optional,Required,Not Required,Required,"For general first-year admission, the University of Cincinnati requires the submission of the Common Application and an official high school transcript. [2] The university conducts a holistic review which considers grades, completion of a core college preparatory curriculum, the rigor of coursework (such as AP, honors, or dual credit), application essays, and extracurricular activities. [6] Letters of recommendation are optional but can be submitted. [4] For graduate admissions, applicants must hold a bachelor's degree from an accredited institution, and it is generally recommended that applicants have at least a B average (3.0 GPA). [8, 9] Graduate applications typically require unofficial transcripts from all previously attended colleges and universities, a statement of purpose, and may require letters of recommendation. [3, 8]",Not Required,,True,True,False,False,False,False,,True,False,False,False,True,True,False,False,False,,,,College of Arts and Sciences,"$15,276 for in-state students and $30,610 for out-of-state students",,,,,,,Statistics/Actuarial Sciences,"Mathematical sciences include the disciplines of pure mathematics, applied mathematics and statistics. Mathematicians and statisticians use representations of abstract ideas and relationships to solve problems, in order to arrive at a general understanding of how these representations work, as well as how they could be applied. Mathematical sciences majors learn complex analytical and problem-solving skills while exploring a range of mathematical topics and problems. [4, 12, 16]",,https://degrees.apps.asu.edu/bachelors?init=false&nopassive=true,"The University of Cincinnati and all regional campuses are accredited by the Higher Learning Commission. [2, 3, 6]",,$582 per credit hour in 2024-25 for Ohio residents,FALSE,False,,4.0,2,,,,,,,,,,,,,,,,,,False,False,,,,,,,,,,46.0,,,,,,,,,,,,,"Awards range from $1,000 to $15,000 each year and are renewable for up to four academic years. [13] Numerous Century and University Scholarships of $6,000 to $24,000 ($1,500 to $6,000 per year) are awarded annually to academically competitive students. [19]",,Merit-based,FALSE,,,FALSE,FALSE,,,False
,Bachelor of Science in Mathematics,,,,,Undergraduate,Fall 2026,,,,,,Not Required,Required,,,,False,False,False,False,False,False,,True,False,False,False,True,True,False,False,False,,,,The College of Liberal Arts and Sciences,,,,,,,,,"Mathematical sciences include the disciplines of pure mathematics, applied mathematics and statistics. Mathematicians and statisticians use representations of abstract ideas and relationships to solve problems, in order to arrive at a general understanding of how these representations work, as well as how they could be applied. Mathematical sciences majors learn complex analytical and problem-solving skills while exploring a range of mathematical topics and problems. [5]",,https://degrees.apps.asu.edu/bachelors?init=false&nopassive=true,"The University of Cincinnati and all regional campuses are accredited by the Higher Learning Commission. [5, 9, 10]",,,FALSE,False,,4.0,2,,,,,,,,,,,,,,,,,,False,False,,,95.0,,,,6.0,,,53.0,,61,,,,,,,,,,,,,"['Merit-based', 'Need-based', 'Academic', 'Athletic', 'Community service', 'Employer', 'First generation', 'Military']",FALSE,,,FALSE,FALSE,,,False
,Bachelor of Science in Neuroscience: Neurobiology,,,,,Undergraduate,Fall 2026,,,,Optional,Optional,Optional,Required,"General application requirements for first-year students include the completed Common Application, and official or unofficial high school transcripts. [2, 14] The University of Cincinnati conducts a holistic review, which considers grades, completion of a core curriculum, the rigor of coursework (AP, honors, etc.), application essays, and extracurricular activities. [3, 4] Letters of recommendation are also a component of the application. [2]",Not Required,,True,True,False,,False,False,,True,,,,True,True,,False,False,,,,,,,,,,,,Neurobiology,"Neuroscience is the study of brain and nervous system function, and is one of the most exciting and fastest growing areas of modern research. The neuroscience major at the University of Cincinnati offers a Bachelor of Science degree in this interdisciplinary field, combining elements of biology, psychology, cognitive science and philosophy to study how the nervous system works. [4] Building on a common scientific core of courses, our majors choose a concentration in one of three tracks: neurobiology; neuropsychology; or brain, mind and behavior. [4] Neurobiology emphasizes the molecular, cellular, and systems-level mechanisms of the nervous system, providing a strong foundation for students pursuing biomedical research or health-related careers. [8]",,https://degrees.apps.asu.edu/bachelors?init=false&nopassive=true,"The University of Cincinnati and all regional campuses are accredited by the Higher Learning Commission. [2, 10]",,,FALSE,False,,,,,,,,,,,,,,,,,,,,,False,False,,,110.0,,,,6.5,,,54.0,,80,,,,,,,,,,,,,,FALSE,,,FALSE,FALSE,,,False
,Bachelor of Science in Physics,,,,,Undergraduate,Fall 2026,,,,,,Not Required,Required,,,,True,True,False,False,False,False,,True,False,False,False,True,True,False,False,False,,,,The College of Liberal Arts and Sciences,,,,,,,,Astrophysics,"The Bachelor of Science in Physics program provides students with a solid foundation in the principles of physics, with a curriculum designed with flexibility to accommodate various career goals. The program includes lecture courses in all major fields of physics, including current research areas, and is rigorous enough for graduates to be admitted to top graduate schools in physics and astronomy. [5] Physics majors learn to produce and critically examine quantitative evidence for theories about the workings of the universe, developing strong analytical skills. [2] The curriculum provides excellent training in quantitative and analytical approaches to problem-solving, along with experience with computers and laboratory equipment. [2] The department also offers a Bachelor of Science in Astrophysics, which has a curriculum largely identical to the standard physics major but includes additional specialized courses in astronomy and astrophysics. [5, 7]",,https://degrees.apps.asu.edu/bachelors?init=false&nopassive=true,"The University of Cincinnati and all its regional campuses are accredited by the Higher Learning Commission. [2, 3, 9] The university's programs are also approved by the Ohio Department of Higher Education (ODHE). [9]",,,FALSE,False,,,2.0,,,,,,,,,,,,,,,,,,False,False,,,,112.0,,,6.5,,,53.0,,79,,,,,,,,,,,,,"Merit-based, Need-based",FALSE,,,FALSE,FALSE,,,False
,Bachelor of Arts in Physics,,,,,Undergraduate,Fall 2026,,,,,,Not Required,Required,,,,True,True,True,True,False,False,,True,False,False,False,True,True,False,False,False,,,,The College of Liberal Arts and Sciences,"Based on the tuition estimator for the 2024-2025 academic year, the estimated tuition and fees for a non-resident undergraduate student in The College of Liberal Arts and Sciences taking 15 credits per semester is approximately $34,398 per year. The program also has an additional program fee, but the specific amount is not listed.",,,,,,,,,,https://degrees.apps.asu.edu/bachelors?init=false&nopassive=true,,,"The cost per credit for a non-resident undergraduate student during the 2024-2025 academic year is approximately $1,469, based on the standard rate. This does not include additional fees.",FALSE,False,,4.0,2.0,,,,,,,,,,,,,,,,,,False,False,,,100.0,112.0,,,6.5,,,53.0,,79,,,,,,,,,,,,,,FALSE,,,FALSE,FALSE,,,False
,Bachelor of Arts in Political Science,,,,,Undergraduate,Fall 2026,,,,,,Not Required,Required,,,,True,True,True,False,False,False,,True,False,False,False,True,True,False,False,False,,,,The College of Liberal Arts and Sciences,,,,,,,,,"Political science is the study of politics and government. This major helps you understand the world around you – who has power, how they get it, and how they use it. The major teaches you how to read deeply, interpret data, do your own research, and write persuasively. [6] Political science majors develop the strong analytical skills necessary for interpreting and evaluating evidence and arguments that can be applied in a variety of professional settings. [3] Students learn how to conduct independent research. [3] Political science majors research a broad range of domestic and international social, political, cultural, and economic issues. [3] In conjunction with the political science major, the School of Public and International Affairs (SPIA) administers certificate programs in security studies (international and homeland security) and international human rights. [3]",,https://degrees.apps.asu.edu/bachelors?init=false&nopassive=true,"The University of Cincinnati and all regional campuses are accredited by the Higher Learning Commission. [2, 7] Additionally, each of its programs are approved by the Ohio Department of Higher Education (ODHE). [7]",,,FALSE,False,,,2.0,,,,,,,,,,,,,,,,,,False,False,,,,,,,6.5,,,53.0,,79,,,,,,,,,,,,,Merit-based,FALSE,,,FALSE,FALSE,,,False
,Bachelor of Arts in Psychology,,,,,Undergraduate,Fall 2026,,,,,,Not Required,Required,,,,True,True,True,False,False,False,,True,False,False,False,True,True,False,False,True,,,,The College of Liberal Arts and Sciences,,,,,,,,,"Psychology is the scientific study of the behavior of animals and humans. Students of psychology are interested in conducting research to discover patterns of human behavior, as well as in applying psychological principles and techniques to solving social and individual problems. [4] The program at the University of Cincinnati explores how we think, feel, and act, blending scientific research with real-world applications to understand human behavior. Students gain a strong foundation in research methods, statistics, and core psychological theory. They also engage in hands-on experiences like internships, co-ops, and faculty-led research in areas such as Clinical Psychology, Cognition, Action and Perception (CAP), and Community and Organizational Research for Action (CORA). [13]",,https://degrees.apps.asu.edu/bachelors?init=false&nopassive=true,"The University of Cincinnati (UC) and all regional campuses are accredited by the Higher Learning Commission (HLC). [12] Additionally, each of its programs is approved by the Ohio Department of Higher Education (ODHE). [12]",,,FALSE,False,,4.0,,,,,,,,,,,,,,,,,,,False,False,,,100.0,,,,6.5,,,53.0,,79,,,,,,,,,,,,,"Merit-based, Need-based",FALSE,,,FALSE,FALSE,,,False
,Bachelor of Science in Psychology,,,,,Undergraduate,Fall 2026,,,,,,Not Required,Required,,,,True,True,True,False,False,False,,True,False,False,False,True,True,False,False,False,,,,College of Arts and Sciences,"$14,394 per year for Ohio residents and $29,728 for non-residents for the 2025-2026 academic year. [32]",,,,,,,,"The University of Cincinnati's undergraduate psychology program explores how we think, feel, and act - blending scientific research with real-world applications to understand human behavior. [12] The program offers both a Bachelor of Arts and a Bachelor of Science, allowing flexibility to focus on research or applied psychology. [12] Students gain a strong foundation in research methods, statistics, and core psychological theory, while also engaging in hands-on experiences like internships, co-ops, and faculty-led research. [12, 13] The major is organized so that students develop analytic, critical thinking, decision making, and presentation skills. [13] Psychology is the scientific study of the behavior of animals and humans, and students of psychology are interested in conducting research to discover patterns of human behavior, as well as in applying psychological principles and techniques to solving social and individual problems. [8]",,https://degrees.apps.asu.edu/bachelors?init=false&nopassive=true,,"$7,878",$600,FALSE,False,,4.0,2.0,,,,,,,,,,,,,,,,,,False,False,,,100.0,,,,6.5,,,53.0,,79,,,,,,,,,,,"Up to $94,000",,Merit-based,FALSE,,,FALSE,FALSE,,,False
,Bachelor of Arts in Sociology,,,,,Undergraduate,Fall 2026,,,,Not Required,Not Required,Optional,Required,"For freshman applicants, a high school diploma from an accredited institution and an official high school transcript are required. The application is submitted via the Common Application. [7, 12] For transfer students, a minimum 2.0 GPA in all college-level courses is required, along with the successful completion of one semester of English composition and one semester of math with a grade of C- or higher. [2]",Not Required,,True,False,False,,False,False,,True,False,False,False,True,True,,False,False,,,,College of Arts & Sciences,,,,,,,,,"Sociology is the scientific study of society and the various groups that make up a society. Sociology majors develop strong research and analytical skills while exploring the social causes and consequences of human behavior. They study the structure of societies and groups and explain how social change occurs within them. Sociologists both develop theories about social behavior and apply these theories to solve social problems and form social policy. [2, 9] During your sophomore year, this major will allow you to opt into a co-op track. The optional co-op track provides an opportunity for you to engage in compensated, career-oriented experiences and reflect upon and integrate those experiences as a part of your undergraduate degree. Engaging in multiple meaningful career-related experiences prior to graduation provides you with an opportunity to develop transferable skills and gain a competitive edge as you prepare for life after graduation.",,https://degrees.apps.asu.edu/bachelors?init=false&nopassive=true,"The University of Cincinnati and all regional campuses are accredited by the Higher Learning Commission. [2, 3, 4, 5]",,,FALSE,False,,4.0,2.5,,,,,,,,,,,,,,,,,,False,False,,,110.0,,,,6.5,,,54.0,,80,,,,,,,,,,,,,Merit-based,FALSE,,,FALSE,FALSE,,,False
,Bachelor of Arts in Spanish,,,,,Undergraduate,Fall 2026,,,,Not Required,Not Required,Not Required,Required,"For admission to the Bachelor of Arts in Spanish program, freshman applicants are directed to the general university admission requirements. [8] General requirements for admission to the University of Cincinnati include submission of the Common Application and an official high school transcript. [3] The university has a holistic review process and considers a variety of factors beyond grades. [2]",Not Required,,True,False,True,False,False,False,,True,False,False,False,False,True,False,False,False,,,,,,,,,,,,,"Students of Spanish study the language, culture, and literature of Spain, most of Latin America, and the Spanish-speaking United States. [7, 8] Spanish majors develop linguistic skills and enrich themselves through the study of a variety of cultures. [7, 8] Students with a BA in Spanish often seek teaching careers, either in secondary education or in colleges and universities following completion of graduate studies in the field. [8] Spanish is also a strong liberal arts major that allows students to develop critical thinking, reading and writing skills in addition to knowledge of a foreign language and culture. [8] Our increasingly multilingual society makes this combination of skills highly valued in a wide range of positions in the public and private sectors.",,https://degrees.apps.asu.edu/bachelors?init=false&nopassive=true,"The University of Cincinnati and all regional campuses are accredited by the Higher Learning Commission (HLC). [6, 2, 3]",,,FALSE,False,,,,,,,,,,,,,,,,,,,,,False,False,,,,,,,6.5,,,,,79,,,,,,,,,,,,,,FALSE,,,FALSE,FALSE,,,False
,"Bachelor of Arts in Women's, Gender, and Sexuality Studies",,,,,Undergraduate,Fall 2026,,,,Not Required,Not Required,Not Required,Required,"For freshman admission, applicants must submit a completed Common Application and an official high school transcript showing graduation from an accredited high school. [4, 9]",Not Required,,True,False,False,False,False,False,,True,False,False,False,False,False,False,False,False,,,,College of Arts and Sciences,,,,,,,,,"Women's, gender, and sexuality studies is an interdisciplinary major that explores the complexity of human experiences and lives. [5, 7] Through a broad range of subjects, women's studies raises questions about gender, race, sexual identity, nationality and social class, focusing particularly on their intersections. [2, 5, 7] Women's, gender, and sexuality studies also examines women's roles and achievements historically and cross-culturally. [5, 7] This program of study challenges stereotypes and inequalities, promotes critical thinking and self-awareness and empowers individuals to work for social change. [2, 5, 7] The curriculum explores interdisciplinary, transnational perspectives on how different systems of oppression—like racism, sexism, homophobia, colonialism, and economic inequality—intersect and shape the communities we live in. [8] Graduates leave with a deep understanding of systemic inequalities and practical tools to make meaningful changes in their personal, social, and professional lives. [8]",,https://degrees.apps.asu.edu/bachelors?init=false&nopassive=true,"The University of Cincinnati and all regional campuses are accredited by the Higher Learning Commission. [2, 6]",,,FALSE,False,,4.0,,,,,,,,,,,,,,,,,,,False,False,,,100.0,,,,6.5,,,53.0,,79,,,,,,,,,,,,,Merit-based and need-based scholarships are available.,FALSE,,,FALSE,FALSE,,,False
,Bachelor of Fine Arts in Acting,,,,,Undergraduate,Fall 2026,,,,,,Not Required,Required,,,,True,True,True,True,False,False,,True,False,False,False,True,True,False,False,False,,,,"School of Music, Dance and Theatre, Herberger Institute for Design and the Arts","$12,177/Year (Base Tuition for Arizona Resident, 2026-2027)",,,,,,,,,,https://degrees.apps.asu.edu/bachelors?init=false&nopassive=true,,,,FALSE,False,,4.0,3.0,,,,,,,,,,,,,,,,,,False,False,,,,,,,6.5,,,46.0,,79,,,,,,,,,,,,,"Merit-based, Need-based, Endowed Scholarships, Annual Scholarships",FALSE,,,FALSE,FALSE,,,False
,Bachelor of Fine Arts in Dance,,,,,Undergraduate,Fall 2026,,,,Optional,Optional,,,"For undergraduate admission, the University of Cincinnati requires a completed application (Common App or university-specific), high school transcript, and an application fee. Additional materials that are considered part of a holistic review include application essays, a resume highlighting activities and honors, and letters of recommendation. [6, 5] For graduate admission, applicants must hold a bachelor's degree from an accredited institution. [10] Each graduate program sets its own specific requirements beyond the university's minimum, which may include pre-admission exams. [10]",,,True,True,False,False,False,False,,False,False,False,False,False,False,False,False,False,,,,,,,,,,,,Ballet,"The Dance Department at CCM is a professionally oriented dance experience offering a Bachelor of Fine Arts (BFA) degree in Ballet. Through an intensive academic and studio curriculum, dancers will receive advanced training while cultivating their artistry and inspiring creativity. Students will graduate with a thorough knowledge of the dance world and how to function within it. With the BFA, most students choose to perform or teach in professional dance companies and dance education organizations. [7]",,https://degrees.apps.asu.edu/bachelors?init=false&nopassive=true,"The University of Cincinnati College-Conservatory of Music is an accredited institution of the National Association of Schools of Dance (NASD), the National Association of Schools of Music (NASM), the National Association of Schools of Theatre (NAST), and a member of the University/ Resident Theatre Association (U/RTA). The University of Cincinnati and all regional campuses are accredited by the Higher Learning Commission. [2, 3, 5]",,,FALSE,False,,,,,,,,,,,,,,,,,,,,,False,False,,,,,,,,,,,,,,,,,,,,,,,,,,FALSE,,,FALSE,FALSE,,,False
,Bachelor of Fine Arts in Media Production,,,,,Undergraduate,Fall 2026,,,,Not Required,Optional,Not Required,Required,"The Bachelor of Fine Arts (BFA) in Media Production, housed within the College-Conservatory of Music (CCM), requires applicants to first submit the appropriate University of Cincinnati application. [10] Following this, a pre-screening submission must be completed and uploaded to CCM's Acceptd website by December 1. [10] For the Media Production program specifically, this includes two letters of recommendation. [7] General university application materials include the Common Application, a non-refundable application fee, and an official or unofficial high school transcript. [2] The university conducts a holistic review, considering factors like the completion of a core curriculum, grades, rigor of coursework (AP, honors), application essays, and extracurricular activities. [3, 4]",Not Required,,True,False,True,False,False,False,,True,False,False,False,True,True,True,False,False,,,,,,,,,,,,"['Audio Production', 'Broadcast News', 'Film and Television', 'Multimedia', 'Sports Media']","The Bachelor of Fine Arts (BFA) degree in Media Production (MPRO) encompasses the integrated media arts of film and television production, broadcast news, audio, sports media and new media. Coursework takes place within the creative environs of one of the nation's most prestigious conservatories, the College-Conservatory of Music (CCM) at the University of Cincinnati. [6] Curricula in Film and Television Production, Multimedia, Sports Media, Audio and Broadcast Media Production are grounded in the theoretical and applied foundations a to prepare graduates for media content creation across multiple platforms and distribution channels. The Media Production program is student centered, professionally relevant and focused on creative development. [6] Students will benefit from small class sizes, an innovative, flexible curriculum that reflects industry demands, experienced faculty who provide exposure to professional media tools and methodologies, and classes that develop creativity and storytelling skills. [6] Students majoring in Media Production complete a minor or certificate program of their choice, tapping into the unlimited potential of programs from across the university's 15 colleges. [6] Internships are part of the Media Production core and take advantage of the professional resources in Cincinnati and other areas across the country. [6] With its emphasis on experiential learning, students will acquire the hands-on skills and a digital portfolio necessary to transition successfully into the professional world. [6]",,https://degrees.apps.asu.edu/bachelors?init=false&nopassive=true,"The University of Cincinnati College-Conservatory of Music is an accredited institution of the National Association of Schools of Dance (NASD), the National Association of Schools of Music (NASM), the National Association of Schools of Theatre (NAST), and a member of the University/Resident Theatre Association (U/RTA). The “Film & TV” and “Multimedia” tracks of CCM's BFA program in Media Production are also fully accredited by the National Association of Schools of Art and Design (NASAD). The University of Cincinnati and all regional campuses are accredited by the Higher Learning Commission. [2]",,,FALSE,False,,,,,,,,,,,,,,,,,,,,,False,False,,,95.0,,,,6.0,,,53.0,,61,,,,,,,,,,,,,,FALSE,,,FALSE,FALSE,,,False
,Bachelor of Fine Arts in Musical Theatre,,,,,Undergraduate,Fall 2026,,,,Required,Not Required,Not Required,Required,"Admission to the University of Cincinnati College-Conservatory of Music (CCM) for the Bachelor of Fine Arts in Musical Theatre program requires the submission of the Common Application or Transfer Application. [5] Applicants must have graduated from an accredited high school, typically within the top one-third of their class, and submit an official high school transcript. [5] All applicants are required to submit pre-screening materials through the CCM's Acceptd website to be considered for an audition. [7] This pre-screening includes a headshot and resume, two contrasting song pieces, a monologue from a published play, and a dance video. [7] An optional ""Wild Card"" media submission is also allowed. [7]",Not Required,,True,False,True,False,False,False,,True,False,False,False,True,True,False,False,False,,,,College-Conservatory of Music (CCM),"For the 2025-2026 academic year, annual tuition for Ohio residents is $14,394 and for non-residents is $29,728. [27] There is an additional College-Conservatory of Music program fee of $750 per term. [30]",,,,,,,,"A four-year interdisciplinary bachelor of fine arts (BFA) program, it was used by the National Association of Schools of Theatre in formulating the guidelines for the accreditation of Musical Theatre programs nationwide. [7] The program provides professional conservatory training designed to help singers, dancers and actors become accomplished musical theatre performers. [7] Students are trained in voice, music, acting and dance. [7] They participate in productions and create a freshman and a senior showcase, the latter functioning as their New York debut for agents and casting. [7] At CCM, we are in the business of turning out ""triple threats"" -- talented young people who can sing, dance and act with equal accomplishment. [8] Our students contribute positively to the growth of the American musical theatre. [8] We encourage them to explore techniques beyond the spoken word to project dramatic ideas. [8] We make the non-literal an essential part of the creative and interpretive process. [8]",,https://degrees.apps.asu.edu/bachelors?init=false&nopassive=true,"The University of Cincinnati College-Conservatory of Music is an accredited institution of the National Association of Schools of Dance (NASD), the National Association of Schools of Music (NASM), the National Association of Schools of Theatre (NAST), and a member of the University/ Resident Theatre Association (U/RTA). [2] The University of Cincinnati and all regional campuses are accredited by the Higher Learning Commission. [2]",,"For the 2025-2026 cohort, the cost per credit hour is $600 for Ohio residents and $1,239 for non-residents. [27]",FALSE,False,,4.0,,,,,,,,,,,,,,,,,,,False,False,,,110.0,,,,6.5,,,54.0,,80,,,,,,,,,,,,,Merit-based scholarships are available for students who apply by the Early Action deadline. [23],FALSE,,,FALSE,FALSE,,,False
,Bachelor of Fine Arts in Theatre Design and Production,,,,,Undergraduate,Fall 2026,,,,Optional,Optional,Not Required,Required,"For first-year undergraduate admission, the University of Cincinnati requires the Common Application, a non-refundable application fee (or waiver), and an official or unofficial high school transcript. Letters of recommendation and ACT/SAT scores are listed as optional. [11] For graduate admissions, general requirements include an online application with a fee, and unofficial transcripts from all colleges and universities attended. [2] Many graduate programs may also ask for a CV/Resume, personal statement, and letters of recommendation, but these are not universal, institute-level requirements. [2, 9]",Not Required,,True,True,False,False,False,False,,False,False,False,False,False,False,False,False,False,,,,College-Conservatory of Music (CCM),"$16,748/Year (Ohio Resident)",,,,,,,"['Costume Design and Technology', 'Lighting Design and Technology', 'Sound Design and Technology', 'Stage Design, Props and Scenic Art', 'Stage Management', 'Technical Production']","The University of Cincinnati's College-Conservatory of Music (CCM) offers a Bachelor of Fine Arts in Theatre Design and Production, described as ""a training ground where aspiring theatre designers and technicians gain top-quality experience"". [2] The program emphasizes hands-on, practical production work, allowing students significant flexibility beyond the core courses to focus on personal development. [3] The curriculum is dedicated to fostering the performing arts by mentoring and educating young theatre artists, integrating practical training in scenics, costumes, lighting, sound, stage management, wigs, and makeup. [3] The program's objective is to educate and inspire the whole artist and scholar for positions on the world's stage. [7, 9] Students are prepared for careers as performers, designers, directors, producers, and technicians in various facets of the entertainment industry. [8] The program is housed within state-of-the-art facilities, including extensive shops and studios, and offers students opportunities to work on a robust production season of musicals, plays, operas, and dance. [2, 8]",,https://degrees.apps.asu.edu/bachelors?init=false&nopassive=true,"CCM's theatre programs are accredited by the National Association of Schools of Theatre (NAST). [8] The University of Cincinnati and all its regional campuses are accredited by the Higher Learning Commission. [6, 8]",,,FALSE,False,,4.0,,,,,,,,,,,,,,,,,,,False,False,,,115.0,,,,6.5,,,,,80,,,,,,,,,,,,,,FALSE,,,FALSE,FALSE,,,False
,Bachelor of Music in Commercial Music Production,,,,,Undergraduate,Fall 2026,,,,,,Not Required,,,,,True,True,False,False,False,False,,False,False,False,False,False,False,False,False,False,,,,College-Conservatory of Music (CCM),"Estimated for 2026: $13,836/Year (In-State), $29,161/Year (Out-of-State). [7]",,,,,,,,"CCM's bachelor of music degree in Commercial Music Production (CMP) offers a comprehensive education in professional commercial music studies. This unique program combines core training in music theory, composition, arranging and musicianship combined with recording studio techniques, commercial music and media technologies. Although this degree includes music production, editing, business and studio technical training, it is important to note that this is music degree, not a music technology, music industry, audio or recording degree. Successful CMP applicants are expected to have significant musical training and study. The CMP degree includes an additional emphasis on entrepreneurial business acumen by inclusion of a Minor in Entrepreneurship from UC's Lindner College of Business. This creates a vibrant and exclusive educational experience that provides graduates with numerous opportunities for meaningful employment in the music industry.",,https://degrees.apps.asu.edu/bachelors?init=false&nopassive=true,"The University of Cincinnati College-Conservatory of Music is an accredited institution of the National Association of Schools of Dance (NASD), the National Association of Schools of Music (NASM), the National Association of Schools of Theatre (NAST), and a member of the University/ Resident Theatre Association (U/RTA). The University of Cincinnati and all regional campuses are accredited by the Higher Learning Commission.","On average, students receive $2,000 per year from the Cincinnatus Scholarship. [5]",$582 for Ohio residents (2024-25). [17],FALSE,False,,4.0,,,,,,,,,,,,,,,,,,,False,False,,,,,,,,,,,,,,,,,,,,,,,"The National Outreach Award provides $10,000 per year, and some Cincinnatus awards can cover full tuition and fees. [5]",,"Talent-based, Academic, and location-based scholarships are available. [5, 33]",FALSE,,,FALSE,FALSE,,,False
,Bachelor of Music in Music Education,,,,,Undergraduate,Fall 2026,,,,,,Not Required,Required,,,,True,True,True,False,False,False,,True,False,False,False,True,True,False,False,False,,,,,,,,,,,,,"CCM's Division of Music Education offers formal programs of study leading to the Bachelor of Music (BM) in Music Education, Master of Music (MM) in Music Education and Master of Music Education (MME). Drawing upon widely varied institutional and community resources, these programs integrate the high quality of music training and experience available in a conservatory environment with a strong program of pedagogical preparation. [6] Each year, CCM's Music Education program serves 80-90 students in residence in its undergraduate and graduate programs. [6] The objectives of the programs are to: integrate the high quality of music training and experience available in a conservatory environment with a strong program of liberal education and professional-pedagogical preparation, draw upon the diversity of music teaching settings within the Cincinnati community (i.e., urban and suburban, school-based and community-based), and be tailored to individual needs and interests through double degree options. [6] Graduates of these programs enjoy a 100% placement rate, most often as school music teachers, community arts personnel, church musicians, faculty members at colleges and universities, and students in advanced programs of study. [6]",,https://degrees.apps.asu.edu/bachelors?init=false&nopassive=true,"The Bachelor of Music in Music Education program is listed as 'Accredited' by the University of Cincinnati. [4] The University of Cincinnati is an accredited institution of the National Association of Schools of Music (NASM), and the Bachelor of Music in Music Education is listed as an accredited degree program. [3] The University of Cincinnati and all regional campuses are also accredited by the Higher Learning Commission (HLC). [2, 4]",,,FALSE,False,,,,,,,,,,,,,,,,,,,,,False,False,,,,,,,6.5,,,53.0,,79,,,,,,,,,,,,,,FALSE,,,FALSE,FALSE,,,False
,Bachelor of Music in Music Performance,,,,,Undergraduate,Fall 2026,,,,Optional,Optional,Optional,Required,"For graduate programs, a bachelor's degree from an accredited institution is required, with a recommended 'B' average or a 3.0 GPA. [3, 6] Undergraduate applicants are typically expected to have completed a college preparatory curriculum including four years of mathematics and three to four years of science. [11] The application process for all students generally requires the submission of an online application, an application fee, and transcripts from all previously attended institutions. [3, 11, 13] Additional requirements such as letters of recommendation, a personal statement, or a resume/CV may be required for specific programs. [3, 7]",,,True,True,True,,False,False,,True,,,,True,True,,False,False,,,,"School of Music, Dance and Theatre",,,,,,,,"['Harpsichord', 'Organ', 'Piano', 'Classical Guitar', 'Double Bass', 'Harp', 'Viola', 'Violin', 'Violoncello']","Declared ""one of this country's leading conservatories"" by the New York Times, CCM provides life-changing experiences within a highly creative and multidisciplinary artistic environment. CCM's educational roots date back to 1867, and a solid, visionary instruction has been at its core since that time. The synergy created by housing CCM within a comprehensive public university gives the college its unique character and defines its objective: to educate and inspire the whole artist and scholar for positions on the world's stage. [2]",,https://degrees.apps.asu.edu/bachelors?init=false&nopassive=true,"The University of Cincinnati College-Conservatory of Music is an accredited institution of the National Association of Schools of Music (NASM). [2, 5, 7, 11]",,,FALSE,False,,4.0,,,,,,,,,,,,,,,,,,,False,False,,,110.0,,,,6.5,,,54.0,,80,,,,,,,,,,,,,"Merit-Based, Need-Based, Demographic, Field of Study, Community Service",FALSE,,,FALSE,FALSE,,,False
,Bachelor of Arts in Music,,,,,Undergraduate,Fall 2026,,,,Optional,Not Required,Optional,Required,"All programs at the College-Conservatory of Music (CCM) require submission of the appropriate University application, followed by a pre-screening submission via CCM's Acceptd website. [9] For the Bachelor of Arts in Music specifically, applicants need to provide contact information for one recommender. [6] A holistic review of the application for admission and the pre-screen/audition performance is used to evaluate applicants. [5]",Not Required,,True,False,True,,False,False,,True,False,False,False,True,True,,False,False,,,,Herberger Institute for Design and the Arts,"In-State: $12,223/Year, Out-of-State: $33,139/Year. This is the general tuition for the 2024-2025 academic year and not specific to the program.",,,,,,,,"The Bachelor of Arts in Music presents a special opportunity to pursue liberal arts study across the University of Cincinnati's many outstanding programs, while also drawing upon the benefits of studying music in a world-class conservatory environment. [2] The Bachelor of Arts (BA) in Music program at CCM culminates in a liberal arts degree that provides students with flexible pathways for the study of music as a cultural and artistic practice. [2] After completing a core that focuses on listening, writing, and thinking about a wide array of music, students select classes in areas such as sound technologies, music and cultural history, ethnographic approaches, composition, analytical skills, and applied music-making. These experiences culminate in an individual capstone research project with a CCM faculty member. [2] CCM's BA in Music is a gateway to careers in music and allied fields, including music promotions, arts administration, music therapy, journalism, ethnomusicology, musicology, music theory, composition, songwriting, commercial music production, and library science. [2]",,https://degrees.apps.asu.edu/bachelors?init=false&nopassive=true,"The University of Cincinnati College-Conservatory of Music is an accredited institution of the National Association of Schools of Music (NASM). [3, 6] The University of Cincinnati and all regional campuses are accredited by the Higher Learning Commission. [3]",,"In-State: $808, Out-of-State: $1,310 (Based on 2022-2023 data)",FALSE,False,,4.0,,,,,,,,,,,,,,,,,,,False,False,,,110.0,,,,6.5,,,54.0,,80,,,,,,,,,,,,,Merit-based,FALSE,,,FALSE,FALSE,,,False
,Bachelor of Science in Advanced Medical Imaging Technology,,,,,Undergraduate,Fall 2026,,,,,,Optional,Required,,,,True,True,False,,False,False,,True,False,False,False,True,True,False,False,False,,,,College of Allied Health Sciences,"$30,310/Year",,,,,,,"['Magnetic Resonance Imaging (MRI)', 'Nuclear Medicine Technology']","The University of Cincinnati Advanced Medical Imaging Technology major is a unique, innovative program that offers you the opportunity to become credentialed in two diagnostic medical imaging modalities, while obtaining a bachelor's degree. [2, 5] Traditionally, programs specialize in a single diagnostic medical imaging modality and most programs are housed within a certificate or associate degree programs that are 12-24 months in length. [2, 7, 8] The Advanced Medical Imaging Technology program curriculum ensures you are educated in multiple diagnostic medical imaging modalities giving you credentials in both magnetic resonance imaging (MRI) and nuclear medicine technology. [2, 5] Magnetic resonance imaging (MRI) is a technique that uses strong magnetic fields and radio waves to generate detailed images of the body. [2, 7] Nuclear medicine technology is a type of imaging that uses small amounts of radioactive substances to help creates a precise picture of the part of the body being imaged. [2, 7] Both imaging techniques help diagnosis and detect disease and analyze human anatomy. [2, 7] After completing the Baccalaureate program, you will meet national board eligibility requirements for the American registry of Radiologic Technologists (ARRT) in both MRI and nuclear medicine technology as well as the Nuclear Medicine Technology Certification Board (NMTCB) nuclear medicine exam. [2] The clinical or professional portion of the curriculum will allow you to have individualized placements at some of the best medical and imaging facilities in the region. [2, 7] You will also gain research skills that will distinguish you from other credentialed students from associate or certificate programs. [2, 7]",,https://degrees.apps.asu.edu/bachelors?init=false&nopassive=true,"The University of Cincinnati and all regional campuses are accredited by the Higher Learning Commission. [2, 4] The Advanced Medical Imaging Technology Nuclear Medicine Technology program is currently accredited by the Joint Review Committee on Education Radiologic Technology (JRCERT) and the Joint Review Committee on Educational Programs in Nuclear Medicine Technology (JRCNMT). [2] The most recent program accreditation renewal was in 2019, the program was awarded a 7 year accreditation award and is due for review again in 2026. [2]",,,FALSE,False,,,3,,,,,,,,,,,,,,,,,,False,False,,,110.0,,,,6.5,,,54.0,,80,,,,,,,,,,,,,,FALSE,,,FALSE,FALSE,,,False
,Bachelor of Science in Health Sciences,,,,,Undergraduate,Fall 2026,,,,,,Not Required,,,,,True,True,False,False,False,False,,False,False,False,False,False,False,False,False,False,,,,College of Health Solutions,,,,,,,,"['Pre-Medicine', 'Pre-Pharmacy', 'Pre-Occupational Therapy', 'Pre-Physical Therapy', 'Pre-Athletic Training', 'Pre-Physician Assistant', 'Health Sciences - Undecided']","The University of Cincinnati's online Bachelor of Science in Health Sciences degree is designed for those who have an associate degree and wish to complete their bachelor's to advance their career or prepare for a graduate program. [5] The program provides a comprehensive, interdisciplinary curriculum covering subjects like anatomy, physiology, public health, healthcare management, ethics, and research methods. [7] It aims to provide students with an in-depth science background to prepare them for further studies in fields such as physical therapy, medicine, dentistry, exercise science, occupational therapy, public health, health administration, and more. [2] The coursework is intended to build a solid foundation for graduate studies and includes rigorous courses in anatomy, physiology, and public health. [2, 7] The program is structured as an associate-to-bachelor's completion program and is ideal for those with an existing associate degree in an allied health field. [2, 5]",,https://degrees.apps.asu.edu/bachelors?init=false&nopassive=true,"The University of Cincinnati and all of its regional campuses are accredited by the Higher Learning Commission. [7, 13] There is no specific programmatic accreditation mentioned for the Bachelor of Science in Health Sciences program itself, but other health-related programs at the university hold accreditations from bodies like the Commission on Accreditation for Health Informatics and Information Management Education (CAHIIM) and the Commission on Collegiate Nursing Education (CCNE). [11]",,$721 per semester credit,FALSE,False,,,,,,,,,,,,,,,,,,,,,False,False,,,,,,,,,,,,,,,,,,,,,,,,,"The College of Health Solutions offers various scholarships for its students, such as the College of Health Solutions General Scholarship Fund and the Brandon Caserta Memorial Scholarship. [5, 6, 7] Scholarship applications are typically accepted between September and March for the following academic year. [6, 8]",FALSE,,,FALSE,FALSE,,,False
,Bachelor of Science in Medical Laboratory Science,,,,,Undergraduate,Fall 2026,,,,,,Not Required,Required,,,,True,True,True,True,False,False,,True,False,False,False,True,True,False,False,False,,,,,,,,,,,,"['Medical Laboratory Science Pre-Med Program', 'Medical Laboratory Science Co-Op Program']","The University of Cincinnati Bachelor of Science in Medical Laboratory Science (BS – MLS) program will prepare you for an exciting career as a medical laboratory scientist. Medical laboratory scientists are allied health professionals who participate in patient care by performing laboratory procedures that assist in the prevention, diagnosis and treatment of diseases. The analysis performed by medical laboratory scientists uses advanced biomedical and instrumentation and technology to perform laboratory testing on blood and body fluids in the area of chemistry, microbiology, hematology, immunology, toxicology, blood banking and molecular procedures. Laboratory scientists perform manual and automated procedures and utilize laboratory information computer systems to analyze and transmit patient data. Additionally, medical laboratory scientists monitor test quality,..integrate data, problem solve, conduct research, develop new test methods and consult with other members of the health care team. The UC Medical Laboratory Science major combines a curriculum common to most undergraduate majors in the medical field with courses specific to the medical laboratory profession. The final year requires clinical rotations at partnering clinical laboratories. [2]",,https://degrees.apps.asu.edu/bachelors?init=false&nopassive=true,The University of Cincinnati Medical Laboratory Science program is accredited by the National Accrediting Agency for Clinical Laboratory Science (NAACLS). [3],,,FALSE,False,,,,,,,,,,,,,,,,,,,,,False,False,,,115.0,112.0,,,6.5,,,53.0,,79,,,,,,,,,,,,,,FALSE,,,FALSE,FALSE,,,False
,Bachelor of Science in Nutrition & Dietetics,,,,,Undergraduate,Fall 2026,,,,,,Optional,Required,,,,True,True,True,,False,False,,True,False,False,False,True,True,,False,False,,,,,,,,,,,,,,,https://degrees.apps.asu.edu/bachelors?init=false&nopassive=true,,,,FALSE,False,,,,,,,,,,,,,,,,,,,,,False,False,,,110.0,,,,6.5,,,54.0,,80,,,,,,,,,,,,,,FALSE,,,FALSE,FALSE,,,False
,Bachelor of Science in Respiratory Therapy,,,,,Undergraduate,Fall 2026,,,,,,Not Required,Required,,,,True,True,True,False,False,False,,True,False,False,False,True,True,False,False,False,,,,College of Allied Health Sciences,"The base tuition is $530 per credit hour, with additional fees applied. [2]",,,,,,,,"The University of Cincinnati's online Bachelor of Science in Respiratory Therapy program is designed to improve real-world clinical competence while preparing active respiratory therapy professionals for a lasting future in the healthcare industry. The robust and engaging curriculum challenges students, promoting a deeper understanding of advanced healthcare operations, logistics, technology, leadership, ethics, and project management. [3] Delivered by the industry-experienced faculty in the UC College of Allied Health Sciences, the online program advances respiratory therapy practice and research by focusing on current and future industry standards. [3] The end result is a clinician who can make significant contributions to the field while positively affecting the future of respiratory care for a variety of patients. [3]",,https://degrees.apps.asu.edu/bachelors?init=false&nopassive=true,"The Respiratory Therapy, 500015, Bachelor of Science, University of Cincinnati holds Provisional Accreditation from the Commission on Accreditation for Respiratory Care (www.coarc.com). [2] This status signifies that a program with an Approval of Intent has demonstrated sufficient compliance with the Standards through submission of an acceptable Provisional Accreditation Self Study Report (PSSR) and any other documentation required by the CoARC, as well as satisfactory completion of an initial on-site visit. [2]",,"For Ohio Residents, the cost per credit hour is $607. For Non-Residents, the cost per credit hour is $622. [2]",FALSE,False,,,,,,,,,,,,,,,,,,,,,False,False,,,,,,,6.5,,,53.0,,79,,,,,,,,,,,,,,FALSE,,,FALSE,FALSE,,,False
,Bachelor of Social Work,,,,,Undergraduate,Fall 2026,,,,,,Not Required,Required,,,,True,True,True,False,False,False,,True,False,False,False,True,True,False,False,False,,,,,,,,,,,,Substance Abuse Counseling,"The University of Cincinnati Bachelor of Social Work (BSW) program challenges students to learn about themselves and find ways to be of service in the world. The program prepares students for entry-level, generalist social work practice, giving them the knowledge and skills to work with individuals, families, groups, communities, and organizations in various settings. Social workers engage in a wide range of service areas, such as assisting families in economic distress with basic needs like food and housing, and working with individuals with physical and mental disabilities and older adults to provide care management. They also investigate allegations of child abuse and neglect, provide counseling to families, and work with children in foster care. Additionally, they help people with substance use problems recover from addiction. Upon completion, graduates are prepared for the licensing exam in Ohio to become a licensed social worker and have the foundational education for graduate study in social work. [4, 11] Through a partnership, students in the online BSW program can also gain credentials in Substance Abuse Counseling. [12]",,https://degrees.apps.asu.edu/bachelors?init=false&nopassive=true,"The Bachelor of Social Work (online and on-campus) and Master of Social Work programs are accredited by the Council on Social Work Education's Commission on Accreditation. [2, 3]",,,FALSE,False,,,,,,,,,,,,,,,,,,,,,False,False,,,110.0,,,,6.5,,,46.0,,74,,,,,,,,,,,,,,FALSE,,,FALSE,FALSE,,,False
,Bachelor of Science in Education in Early Childhood Education,,,,,Undergraduate,Fall 2026,,,,,,Not Required,,,,,True,True,False,False,False,False,,False,False,False,False,False,False,False,False,False,,,,,,,,,,,,"['Infant and Toddler', 'Nature-Based Early Learning']","The bachelor of science degree program in early childhood education prepares professionals to provide high-quality educational experiences for their community's youngest children. The Early Childhood Education Birth to Age 5 (ECE) program is designed to build on associate degree competencies to enhance professionals' ability to design and implement developmentally appropriate learning environments for children ages birth-five years. [12] Students are usually practitioners working in preschools and other child-care and educational settings. [12] Graduates will be able to facilitate positive transitions of children with disabilities and special needs, to nurture early language development and early reading and writing growth in other domains, and build early resiliency and self-regulation and to develop as early childhood stakeholder leaders. [12] Whether you are in a preschool, Head Start program, child-care center, family childcare environment, or just interested in getting started in the field, the online program provides flexibility and accessibility. [9]",,https://degrees.apps.asu.edu/bachelors?init=false&nopassive=true,"The University of Cincinnati and all regional campuses are accredited by the Higher Learning Commission. [2, 9, 15] The educator preparation programs at the University of Cincinnati, including Early Childhood Education, are accredited by the Council for the Accreditation of Educator Preparation (CAEP). [2, 3]",,,FALSE,False,,,,,,,,,,,,,,,,,,,,,False,False,,,,,,,,,,,,,,,,,,,,,,,,,,FALSE,,,FALSE,FALSE,,,False
,Bachelor of Science in Criminal Justice,,,,,Undergraduate,Fall 2026,,,,,,Not Required,Required,,,,True,True,True,False,False,False,,True,False,False,False,False,True,False,False,False,,,,,,,,,,,,"['Corrections', 'Criminal Justice', 'Criminology', 'Policing']","The University of Cincinnati's Bachelor of Science in Criminal Justice program offers an interdisciplinary exploration of criminal behavior, crime prevention, and the role and function of the U.S. criminal justice system. [4] The program is designed to provide students with an understanding of criminal offending and the criminal justice process. [12] Upon completion, students are prepared for various professions in industries such as law enforcement, institutional corrections, community corrections, cybersecurity, crime analysis, loss prevention, research, law, policy, and correctional rehabilitation. [4] Students learn about the causes, correlates, and consequences of crime, and how the criminal legal system addresses it across courts, policing, and corrections. [4] The online version of the program provides a comprehensive understanding of criminal offending and the criminal justice process, combining professional skills training with relevant curriculum to develop a solid foundation of criminal justice knowledge. [3]",,https://degrees.apps.asu.edu/bachelors?init=false&nopassive=true,"The University of Cincinnati (UC) and all regional campuses are accredited by the Higher Learning Commission (HLC). [15] Additionally, each of its programs is approved by the Ohio Department of Higher Education (ODHE). [15]",,,FALSE,False,,,,,,,,,,,,,,,,,,,,,False,False,,,115.0,,,,6.5,,,,,80,,,,,,,,,,,,,,FALSE,,,FALSE,FALSE,,,False
,Bachelor of Science in Substance Abuse Counseling,,,,,Undergraduate,Fall 2026,,,,,,Not Required,Required,,,,True,True,True,False,False,False,,True,False,False,False,True,True,False,False,False,,,,,,,,,,,,,"The University of Cincinnati's online Bachelor's degree in Substance Abuse Counseling prepares graduates for rewarding careers helping those who are struggling with drug and alcohol addictions. [2] It is a cutting-edge, research-oriented program that provides students with essential knowledge, competencies, and skills to kickstart careers in substance use disorder (SUD) counseling. [2] The program is designed for students who are interested in careers in the chemical dependency treatment areas of counseling and prevention. [4] Students are prepared through a program grounded in current research and proven practice in the field of substance abuse to be qualified clinicians. [4] The program meets the Ohio Chemical Dependency Professionals Board requirements for becoming a Chemical Dependency Counselor Assistant (CDCA), and also meets some of the requirements for becoming a Licensed Chemical Dependency Counselor III (LCDC III) in Ohio. [2, 4]",,https://degrees.apps.asu.edu/bachelors?init=false&nopassive=true,The University of Cincinnati and all regional campuses are accredited by the Higher Learning Commission. [4],,,FALSE,False,,,,,,,,,,,,,,,,,,,,,False,False,,,115.0,,,,6.5,,,53.0,,79,,,,,,,,,,,,,,FALSE,,,FALSE,FALSE,,,False
,Bachelor of Science in Law and Paralegal Studies,,,,,Undergraduate,Fall 2026,,,,,,,,,,,True,True,,,,,,,,,,,,,,,,,,"College of Education, Criminal Justice, and Human Services",,,,,,,,,"A bachelor's degree in law and paralegal studies opens many doors for many career opportunities, including, but not limited to, a paralegal — one of the lawyer's most valuable resources. University of Cincinnati's online Bachelor of Science in Law and Paralegal Studies program provides you with the in-demand skills needed to increase responsibility and earnings as you start or advance your legal career. [2] Paralegals perform substantive behind-the-scenes legal work that enables the law and court systems to make positive impacts on their communities. [2] Job duties vary, as there is a wide range of paralegal careers to pursue—many paralegals support lawyers by assisting with trial preparation, drafting legal documents, conducting research, and client communication. [2] Most paralegals work in law firms, but paralegal skills are also coveted by government agencies, businesses, and non-profit organizations. [2]",,https://degrees.apps.asu.edu/bachelors?init=false&nopassive=true,Approved by the American Bar Association (ABA). [2] The University of Cincinnati and all of its regional campuses are accredited by the Higher Learning Commission. [2],,$496 per credit hour.,FALSE,False,,4.0,2.5,,,,,,,,,,,,,,,,,,False,False,,,,,,,,,,,,,,,,,,,,,,,"Scholarships of up to $2,500 per semester are available for active military and veterans.",,"Merit-based, Need-based, Military.",FALSE,,,FALSE,FALSE,,,
,Associate of Applied Business in Accounting,,,,,Associate,Fall 2026,,,,,,,,,,,True,True,,,,,,,,,,,,,,,,,,UC Clermont,"$3,733.00/Semester (Resident) or $3,913.00/Semester (Non-Resident)",,,,,,,,"The Associate of Applied Business in Accounting program is a fully online, two-year associate degree program that prepares students for a career as a professional in the field of accounting. [2, 4] This program is N.E.U. Certified, meaning the courses are intentionally designed with student support and success in mind using the neuroscience of learning, evidence‑based best practices, and universal design. [2] The program emphasizes financial accounting, computerized accounting information systems, managerial accounting, payroll accounting, generally accepted accounting principles, preparation of financial statements, preparation of individual income taxes and nonprofit accounting. [3] The online program provides students with the flexibility to balance work and family obligations while advancing their education and offers a self-paced learning schedule. [2, 4]",,https://degrees.apps.asu.edu/bachelors?init=false&nopassive=true,The University of Cincinnati and all regional campuses are accredited by the Higher Learning Commission. [5],,$312.00 (Resident) or $327.00 (Non-Resident),FALSE,False,,4.0,,,,,,,,,,,,,,,,,,,False,False,,,,,,,,,,,,,,,,,,,,,,,,,,FALSE,,,FALSE,FALSE,,,
,Associate of Applied Business in Business Applications Technology,,,,,Associate,Fall 2026,,,,Not Required,Not Required,Not Required,Required,"Admission into the University of Cincinnati's online Business Applications Technology associate degree program is open to all students with a high school diploma or GED. [4] As a first-year student, you will need to take an English and mathematics placement test if you have not obtained the minimum ACT/SAT score required for exemption. [3] These tests do not affect your admission; however, the results are essential for your proper placement in classes. [3] Students with fewer than 24 college credit hours are required to mail official high school transcripts to UC Admissions. [2] Additionally, you must submit official college transcripts from all previously attended colleges. [2, 5]",Not Required,,True,True,True,True,False,False,,True,False,False,False,True,True,False,False,False,,,,,,,,,,,,,"The Associate of Applied Business in Business Applications Technology program is a fully online, two-year degree program. [2, 3] After graduation you'll be prepared to enter the technology-driven workforce with in-demand skills including communication, critical thinking, data analysis, software proficiency and problem-solving. [2, 3] Business Applications Technology is the study of how businesses use data and technology in their operations. [2] If you are an early adopter who embraces the latest technology and would like to utilize it in the modern business environment, this program is for you. [2] Professionals who earn an Associate degree in Business Applications Technology perform tasks like: Facilitate scheduling; Organize and maintain files; Provide customer service; Advise vendors and co-workers; Manage projects. [2] You'll get hands-on experience with real-world applications using computer programs and business solutions like: Microsoft Word; Microsoft Excel; Microsoft Access; Microsoft PowerPoint; Microsoft Project; Tableau. [2] You'll also gain experience with the video, audio, photography, illustration, animation, and web features of the Adobe Creative Suite of software applications. [2]",,https://degrees.apps.asu.edu/bachelors?init=false&nopassive=true,The University of Cincinnati and all regional campuses are accredited by the Higher Learning Commission (HLC). [7],,,FALSE,False,,,,,,,,,,,,,,,,,,,,,False,False,,,115.0,112.0,,,6.5,,,,,80,,,,,,,,,,,,,,FALSE,,,FALSE,FALSE,,,False
,Associate of Applied Business in Business Management Technology,,,,,Associate,Fall 2026,,,,Not Required,Not Required,Not Required,Required,"Admission into the University of Cincinnati's online Business Management Technology Associate degree is open to all students with a high school diploma or GED and the desire to succeed in college. [12, 14, 16] Although admission is open, students accepted into the program must meet the academic standards of the program to advance to upper levels of study. [14] All applicants are required to have official transcripts sent directly to University of Cincinnati in order to be eligible for admissions review. [14]",Not Required,,True,False,True,False,False,False,,True,False,False,False,False,True,False,False,False,,,,UC Blue Ash College,"$3,733/Semester (Resident)",,,,,,,,,,https://degrees.apps.asu.edu/bachelors?init=false&nopassive=true,,,$312/Credit (Resident),FALSE,False,,4.0,2,,,,,,,,,,,,,,,,,,False,False,,,,,,,,,,,,,,,,,,,,,,,,,,FALSE,,,FALSE,FALSE,,,False
,Associate of Applied Business in Information Technology,,,,,Associate,Fall 2026,,,,Not Required,Not Required,Not Required,Required,"Admission to the Associate of Applied Business in Information Technology program is open to all students with a high school diploma or GED. [4, 18] Although admission is open, students accepted into the program must meet its academic standards to advance to upper levels of study. [4, 18]",Not Required,,True,False,False,False,False,False,,True,False,False,False,True,True,True,False,False,,,,,,,,,,,,,,,https://degrees.apps.asu.edu/bachelors?init=false&nopassive=true,,,,FALSE,False,,,,,,,,,,,,,,,,,,,,,False,False,,,100.0,,,,6.5,,,54.0,,79,,,,,,,,,,,,,,FALSE,,,FALSE,FALSE,,,False
,Associate of Applied Science in Early Childhood Care & Education,,,,,Associate,Fall 2026,,,,Not Required,Not Required,Not Required,Required,"This program is open to all students with a high school diploma or GED and the desire to succeed in college. [4, 5, 6] Students accepted into the program must meet the academic standards of the program to advance to upper levels of study. [4, 5] A background check must be passed by students, if not already mandated by their employer. [4, 5] For transfer students, a minimum cumulative grade point average of 2.0 is required. [4]",Not Required,,True,False,True,True,False,False,,True,False,False,False,True,True,False,False,False,,,,,,,,,,,,,,,https://degrees.apps.asu.edu/bachelors?init=false&nopassive=true,,,,FALSE,False,,,,,,,,,,,,,,,,,,,,,False,False,,,115.0,,,,6.5,,,54.0,,80,,,,,,,,,,,,,,FALSE,,,FALSE,FALSE,,,False
,Associate of Arts in Communication,,,,,Associate,Fall 2026,,,,Not Required,Not Required,Not Required,,"This program is open to all students with a high school diploma or GED. [4] As a first-year student, you will need to take an English and mathematics placement test if you have not obtained the minimum ACT/SAT score required for exemption; however, these tests do not affect your admission. [2, 4] All applicants are required to have official transcripts sent directly to the University of Cincinnati. [2]",Not Required,,True,False,False,False,False,False,,False,False,False,False,False,False,False,False,False,,,,,,,,,,,,,"The Communication program at University of Cincinnati Clermont covers issues of voice, identity, public participation and advocacy/leadership across communication domains including interpersonal, organizational, political, rhetorical, environmental, health, and mediated communication. The associate degree program is designed to provide students with crucial skills for the workplace or help them seamlessly transition into UC's online Bachelor of Communication program. [2]",,https://degrees.apps.asu.edu/bachelors?init=false&nopassive=true,"The University of Cincinnati and all regional campuses are accredited by the Higher Learning Commission. [2, 5, 10]",,,FALSE,False,,,,,,,,,,,,,,,,,,,,,False,False,,,,,,,,,,,,,,,,,,,,,,,,,,FALSE,,,FALSE,FALSE,,,False
,Associate of Arts in English,,,,,Associate,Fall 2026,,,,Not Required,Not Required,,,This program is open to all students with a high school diploma or GED and the desire to succeed in college. [3] A $50 application fee is also required. [10],Not Required,,True,False,False,False,False,False,,False,False,False,False,False,False,False,False,False,,,,,,,,,,,,,,,https://degrees.apps.asu.edu/bachelors?init=false&nopassive=true,,,,FALSE,False,,,,,,,,,,,,,,,,,,,,,False,False,,,,,,,,,,,,,,,,,,,,,,,,,,FALSE,,,FALSE,FALSE,,,False
,Associate of Arts in History,,,,,Associate,Fall 2026,,,,Not Required,Not Required,Not Required,Required,"For general first-year admission, the University of Cincinnati requires a completed application (typically the Common Application), and an official or unofficial high school transcript. [3, 14] The university conducts a holistic review, considering factors like the completion of a core curriculum, grades, rigorous coursework (AP, honors, dual credit), application essays, and extracurricular activities. [4, 5] While not explicitly required for all applicants, some specific programs or colleges, like the College-Conservatory of Music (CCM), have additional requirements such as pre-screening materials. [10] Letters of recommendation are listed as recommended but not required at the general level. [11, 16]",Not Required,,True,True,True,False,False,False,,True,False,False,False,True,True,False,False,False,,,,UC Clermont College,,,,,,,,,,,https://degrees.apps.asu.edu/bachelors?init=false&nopassive=true,,"$2,051",,FALSE,False,,4.0,,,,,,,,,,,,,,,,,,,False,False,,,,,,,6.5,,,46.0,,79,,,,,,,,,,,,,"Merit-based, Need-based, Donor-based",FALSE,,,FALSE,FALSE,,,False
,Associate of Arts in Liberal Arts,,,,,Associate,Fall 2026,,,,Not Required,Not Required,Optional,Required,"This program is open to all students with a high school diploma or GED and the desire to succeed in college. Although admission is open, students accepted into the program must meet the academic standards of the program to advance to upper levels of study. [2, 3, 4]",Not Required,,True,False,True,,False,False,,True,False,False,False,True,True,,False,False,,,,,,,,,,,,,,,https://degrees.apps.asu.edu/bachelors?init=false&nopassive=true,,,,FALSE,False,,4.0,,,,,,,,,,,,,,,,,,,False,False,,,110.0,,,,6.5,,,54.0,,80,,,,,,,,,,,,,"Merit-based, Need-based, Academic, Athletic, Community service",FALSE,,,FALSE,FALSE,,,False
,Associate of Arts in Political Science,,,,,Associate,Fall 2026,,,,,,Not Required,Required,,,,True,False,True,False,False,False,,True,False,False,False,True,True,False,False,False,,,,,,,,,,,,,,,https://degrees.apps.asu.edu/bachelors?init=false&nopassive=true,,,,FALSE,False,,,,,,,,,,,,,,,,,,,,,False,False,,,110.0,,,,6.5,,,54.0,,80,,,,,,,,,,,,,,FALSE,,,FALSE,FALSE,,,False
,Associate of Individualized Studies in Interdisciplinary Studies,,,,,Associate,Fall 2026,,,,Not Required,Not Required,Not Required,Required,"Admission to the University of Cincinnati's Associate of Individualized Study in Interdisciplinary Studies program is open to any student who wishes to design an interdisciplinary degree program using a combination of courses in multiple disciplines. New students must have a high school diploma, GED, or home-school equivalent. Transfer students can transfer up to 40 semester credit hours from a nationally or regionally accredited institution, but at least twenty credit hours must be from the University of Cincinnati. [2]",Not Required,,True,False,True,True,False,False,,True,False,False,False,True,True,False,False,False,,,,,,,,,,,,,"The University of Cincinnati's online Associate of Individualized Study in Interdisciplinary Studies (AIS) degree program is an educational pathway with multiple fields of study, allowing students to create their own major. [2] The program allows students to tailor their studies to specific educational needs and is an excellent opportunity to use previously earned college credits towards an online associate degree. [2] The curriculum is determined by the student through participation in an academic and careers decisions seminar, where they work with a faculty advisor to integrate previously earned credits and plan new coursework covering two or more specialty concentration areas. [2] The program is 100% online and asynchronous, allowing students to log on when it is convenient. [2] It is designed for students who wish to design an individualized degree program using a combination of courses. [3] The core goal is to design an associate degree pathway that meets predetermined goals, which can be employment or continuation into a selected four-year degree program. [2]",,https://degrees.apps.asu.edu/bachelors?init=false&nopassive=true,,,,FALSE,False,,,,,,,,,,,,,,,,,,,,,False,False,,,,,,,6.5,,,53.0,,79,,,,,,,,,,,,,,FALSE,,,FALSE,FALSE,,,False
,Associate of Science in Biology,,,,,Associate,Fall 2026,,,,Not Required,Not Required,,,"The program is open to all students with a high school diploma or GED. Students must meet individual course prerequisites, and those who do not may need to complete preliminary courses first. Required high school coursework includes biology, chemistry, algebra I & II, plane geometry, and advanced mathematics, all with a grade of C or better. An English placement test is also required for proper course placement.",Not Required,,True,False,False,False,False,False,,False,False,False,False,False,False,False,False,False,,,,The College of Liberal Arts and Sciences,,,,,,,,,,,https://degrees.apps.asu.edu/bachelors?init=false&nopassive=true,,,,FALSE,True,,4.0,,,,,,,,,,,,,,,,,,,False,False,,,,,,,,,,,,,,,,,,,,,,,,,"Merit-based, Need-based, Athletic, Institutional",FALSE,,,FALSE,FALSE,,,False
,Associate of Science in Chemistry,,,,,Associate,Fall 2026,,,,Not Required,Not Required,,,"This program is open to all students with a diploma from an accredited high school or GED and the desire to succeed in college. Although admission is open, students accepted into the program must meet math and science prerequisites before taking certain courses. All students entering UCBA, except those with previous college-level math and English, must take the college's placements tests prior to registering for classes. [3, 6]",Not Required,,True,False,,,,,,,,,,,,,,,,,,,,,,,,,,ACS Program,"The AS chemistry program is designed so that students may earn an associate degree in science and transfer into the third year of the bachelor of science (BS) program at the University of Cincinnati College of Arts and Sciences (A&S), provided all other admission requirements of that college are met. The ACS chemistry is a rigorous program of study intended for students seeking careers as professional chemists, often with an advanced degree in chemistry. [1]",,https://degrees.apps.asu.edu/bachelors?init=false&nopassive=true,,,,FALSE,True,,,,,,,,,,,,,,,,,,,,,False,False,,,,,,,,,,,,,,,,,,,,,,,,,,FALSE,,,FALSE,FALSE,,,
,Associate of Science in Pre-Middle Childhood Education: Language Arts/Natural Sciences,,,,,Associate,Fall 2026,,,,Optional,Required,,,"For first-year applicants, the general requirements include submitting the Common Application, a $50 non-refundable application fee (or fee waiver), and an official or unofficial high school transcript. [10] Letters of recommendation are optional. [10] The university uses a holistic approach to evaluating applications, which includes reviewing the completion of a core curriculum, grades, rigor of coursework, application essays, and extracurricular activities. [5]",,,True,True,False,False,False,False,,False,False,False,False,False,False,False,False,False,,,,,,,,,,,,,,,https://degrees.apps.asu.edu/bachelors?init=false&nopassive=true,,,,FALSE,False,,,,,,,,,,,,,,,,,,,,,False,False,,,,,,,,,,,,,,,,,,,,,,,,,,FALSE,,,FALSE,FALSE,,,False
,Associate of Science in Pre-Middle Childhood Education: Mathematics/Natural Sciences,,,,,Associate,Fall 2026,,,,Not Required,Not Required,Not Required,Required,"This program is open to all students with a high school diploma or GED and the desire to succeed in college. Although admission is open, students accepted into the program must meet the academic standards of the program to advance to upper levels of study. [14]",Not Required,,True,False,True,False,False,False,,True,False,False,False,False,True,False,False,False,,,,"College of Education, Criminal Justice, and Human Services",,,,,,,,Mathematics/Natural Sciences,"Middle childhood educators teach students in grades 4-9 in Ohio. [2] They guide students to delve deeply into academic content while supporting social and civic engagement. [2] Pre-Middle Childhood Education majors must specialize in two content areas selected from: English language arts, mathematics, science, or social studies. [2] As an aspiring middle school teacher, this program will help you understand the complex human and social factors involved in educating students, as well as practices that support diversity and lifelong learning. [2] A bachelor's degree in education is the minimum requirement to become a teacher. [2] As an associate degree program, UC Clermont offers freshman and sophomore coursework with the expectation that students will transfer to our UC Clifton campus to complete their preparation and earn a bachelor's degree. [2]",,https://degrees.apps.asu.edu/bachelors?init=false&nopassive=true,,,Undergraduates enrolled full-time (12-18 credit hours) are charged at a flat rate. [25],FALSE,True,,4.0,3.0,,,,,,,,,,,,,,,,,,False,False,,,115.0,,,,6.5,,,,,80,,,,,,,,,,,"The University of Cincinnati Global Scholarship for international undergraduate students ranges from $1,000 to $15,000 per year and is renewable. [11] The Cincinnatus Scholarship Program provides over $22 million in renewable scholarships to incoming first-year students. [7]",,"The university offers merit-based scholarships, such as the Cincinnatus Scholarship Program, and need-based grants. [7, 11] Scholarships are also available for transfer students and lineal descendants of University of Cincinnati graduates. [7]",FALSE,,,FALSE,FALSE,,,False
,Associate of Science in Pre-Middle Childhood Education: Social Studies/Natural Science,,,,,Associate,Fall 2026,,,,Not Required,Not Required,,,"Admission to UC Clermont requires a high school diploma, GED or home school equivalent in addition to the following application steps: Submission of the online application, payment of the $50 application fee, and receipt of official high school transcripts or GED scores. [3]",Not Required,,True,False,,,,,,,,,,,,,,,,,,,,,,,,,,Social Studies/Natural Sciences,"Middle childhood educators teach students in grades 4-9 in Ohio. [2] They guide students to delve deeply into academic content while supporting social and civic engagement. [2] Pre-Middle Childhood Education majors must specialize in two content areas selected from: English language arts, mathematics, science, or social studies. [2] As an aspiring middle school teacher, this program will help you understand the complex human and social factors involved in educating students, as well as practices that support diversity and lifelong learning. [2] A bachelor's degree in education is the minimum requirement to become a teacher. [2] As an associate degree program, UC Clermont offers freshman and sophomore coursework with the expectation that students will transfer to the UC Clifton campus to complete their preparation and earn a bachelor's degree. [2]",,https://degrees.apps.asu.edu/bachelors?init=false&nopassive=true,,,,FALSE,False,,,,,,,,,,,,,,,,,,,,,False,False,,,,,,,,,,,,,,,,,,,,,,,,,,FALSE,,,FALSE,FALSE,,,
,Associate of Science in Public Health,,,,,Associate,Fall 2026,,,,Not Required,Not Required,,,"Admission into the University of Cincinnati's online Associate of Science in Public Health is open to all students with a high school diploma or GED. [2, 4, 6] First-year students need to take an English and mathematics placement test if they have not obtained the minimum ACT/SAT score required for exemption. [2, 4]",Not Required,,True,False,,,,,,,,,,,,,,,,,,,,,,,,,,,"UC's two-year Associate of Science in Public Health program prepares you for a meaningful career improving health in communities locally and globally. [2] The Public Health program is an associate of science degree that will prepare students for a variety of careers in public and community health and wellness. [3] This program of study integrates key aspects of preventing disease, prolonging life, and promoting health through people, organizations, and community. [5] The curriculum focuses on awareness of emerging issues in public health, the social and behavioral aspects of preventing disease, environmental health concepts, the changing U.S. healthcare system, and the monitoring of diseases in the community. [3, 7] The Associates degree program was designed to seamlessly transition to the University of Cincinnati Interdisciplinary Bachelors of Public Health degree. [5, 9] ASPH students complete core courses in public health designed to provide an educational experience focused on developing skills to address public health problems such as infectious diseases, chronic diseases, high-risk lifestyles, health disparities, and many others. [2] The curriculum blends theory with practical applications so you develop skills that make a real difference in your community. [2]",,https://degrees.apps.asu.edu/bachelors?init=false&nopassive=true,"The University of Cincinnati and all regional campuses are accredited by the Higher Learning Commission. [5, 7]",,,FALSE,False,,,,,,,,,,,,,,,,,,,,,False,False,,,,,,,,,,,,,,,,,,,,,,,,,,FALSE,,,FALSE,FALSE,,,
,Minor in Accounting,,,,,Undergraduate,Fall 2026,,,,,,Not Required,Required,,,,True,True,True,True,False,False,,True,False,False,False,True,True,False,False,True,,,,,,,,,,,,,"Acounting in a nutshell. Accounting is the language of business, and fluency in accounting opens many doors. All organizations require some kind of accounting system, and those who understand these systems are better positioned to manage their organizations. Activities are typically evaluated based upon accounting data in the form of budgets, internal reports, and financial statements. Familiarity with the systems that underlie these numbers is valuable to professionals working in large corporations, small businesses, hospitals, government, schools, and nonprofit organizations. Completing an Accounting minor will also enhance the ability to intelligently analyze, interpret and understand financial statements. When job-seeking, a minor in Accounting typically signifies a strong work ethic and superior analytical skills. However, please note: A minor in Accounting will not normally qualify a student for an accounting position at a company, nor will the student with an accounting minor be eligible to sit for the CPA exam. [2]",,https://degrees.apps.asu.edu/bachelors?init=false&nopassive=true,"The UC Lindner College of Business has been accredited continuously since 1919 by AACSB International, the Association to Advance Collegiate Schools of Business, the premier accrediting agency for business colleges. [3]",,,FALSE,False,,,,,,,,,,,,,,,,,,,,,False,False,,,115.0,,,,6.5,,,54.0,,80,,,,,,,,,,,,,,FALSE,,,FALSE,FALSE,,,False
,Minor in Africana Studies,,,,,Undergraduate,Fall 2026,,,,Not Required,Not Required,Not Required,Required,Students already pursuing a degree in any college at UC can add the minor to their program. Students must submit a declaration of the minor using an online form and also file the Application to Minor in Africana Studies form with the department. [2],Not Required,,True,False,False,False,False,False,,True,False,False,False,True,True,False,False,False,,,,,,,,,,,,,"The Department of Africana Studies offers a minor in Africana studies for undergraduates enrolled in any college of the university. [4] A minor in Africana studies will provide students the unique opportunity to explore and learn about the cultural, social and historical experiences of people of African origin. [2] Africana studies is inherently interdisciplinary and global in perspective. [2] Students who minor in Africana studies must complete coursework offered by the Department of Africana Studies and from approved courses offered by other academic units throughout the university. [2] The minor is intended for students who want to develop a specialty in Africana studies that will complement their existing areas of study. [4] A minor in Africana studies is a perfect complement to any major and is designed to attract students who seek intensive studies on the diverse cultures of Africa and the African Diaspora. [2]",,https://degrees.apps.asu.edu/bachelors?init=false&nopassive=true,"The University of Cincinnati and all regional campuses are accredited by the Higher Learning Commission. [3, 11]",,,FALSE,False,,,,,,,,,,,,,,,,,,,,,False,False,,,,,,,6.5,,,53.0,,79,,,,,,,,,,,,,,FALSE,,,FALSE,FALSE,,,False
,Minor in African Studies,,,,,Undergraduate,Fall 2026,,,,Optional,Optional,,,"For general first-year admission, the University of Cincinnati conducts a holistic review of applications. Key factors include the completion of a core high school curriculum, grades earned, the rigor of coursework (such as AP, honors, or dual credit), application essays, and extracurricular activities. [3, 4] A completed application (via the Common App or the university's own form), high school transcript, and an application fee are standard requirements. [8]",Not Required,,False,True,False,False,False,False,,False,False,False,False,False,False,False,False,False,,,,College of Arts and Sciences,"For the 2025-2026 academic year, full-time tuition per semester for the Uptown Campus is $7,197 for Ohio residents and $14,864 for non-residents. [28]",,,,,,,,"A minor in Africana studies will provide students the unique opportunity to explore and learn about the cultural, social and historical experiences of people of African origin. [2, 3] Africana studies is inherently interdisciplinary and global in perspective. [2] Students who minor in Africana studies must complete coursework offered by the Department of Africana Studies and from approved courses offered by other academic units throughout the university. [2] A minor in Africana studies is a perfect complement to any major and is designed to attract students who seek intensive studies on the diverse cultures of Africa and the African Diaspora. [2] The minor is intended for students who want to develop a specialty in Africana studies that will complement their existing areas of study. [2, 3]",,https://degrees.apps.asu.edu/bachelors?init=false&nopassive=true,,,,FALSE,False,,4.0,2,,,,,,,,,,,,,,,,,,False,False,,,,,,,,,,,,,,,,,,,,,,,,,"The university offers merit-based internal and external scholarships, as well as need-based grants, loans, and work-study programs. [3]",FALSE,,,FALSE,FALSE,,,False
,Minor in Ancient Greek,,,,,Undergraduate,Fall 2026,,,,,,Not Required,Required,,,,False,False,False,False,False,False,,True,False,False,False,True,True,False,False,False,,,,,,,,,,,,,,,https://degrees.apps.asu.edu/bachelors?init=false&nopassive=true,,,,FALSE,False,,4.0,,,,,,,,,,,,,,,,,,,False,False,,,115.0,,,,6.5,,,,,80,,,,,,,,,,,,,"['Merit-based', 'Need-based', 'Academic', 'Athletic', 'Community service']",FALSE,,,FALSE,FALSE,,,False
,Minor in Animation,,,,,Undergraduate,Fall 2026,,,,Not Required,Not Required,Not Required,Required,"Students already pursuing a degree in any college at the University of Cincinnati can add the Animation certificate to their program. A declaration of the certificate program must be submitted, and students must meet with the program director. [7]",Not Required,,True,False,True,False,False,False,,True,False,False,False,False,True,False,False,False,,,,"College of Arts and Sciences, UC Blue Ash College",,,,,,,,,"The One-Year Certificate program in Animation at UC Blue Ash College provides comprehensive training at the basic level for computer animation techniques including traditional principles of animation and motion graphics for film and video applications. [3] The program can be pursued as a stand-alone certificate or undertaken as a minor in conjunction with a baccalaureate degree with prior approval. [3] Students will begin with a solid foundation of introductory level animation skills and learn about acting and other attributes to become a production animator. [2] The curriculum covers both 2-D and 3-D animation using digital hardware and software for video and the Web, and students will have the opportunity to design and manage a significant animation project to develop a portfolio. [3] The program also introduces students to the working world of animation including co-ops and internships. [2]",,https://degrees.apps.asu.edu/bachelors?init=false&nopassive=true,"The University of Cincinnati and all regional campuses are accredited by the Higher Learning Commission. [2, 3]",,"$549 for Ohio residents, $1,188 for non-residents (for the 2025-2026 academic year). [5]",FALSE,False,,4.0,,,,,,,,,,,,,,,,,,,False,False,,,100.0,,,,6.5,,,,,79,,,,,,,,,,,"Awards range from $1,000 to full tuition depending on the scholarship. [15, 21]",,Merit-based. [14],FALSE,,,FALSE,FALSE,,,False
,Minor in Arabic Language and Culture,,,,,Undergraduate,Fall 2026,,,,Optional,Required,Not Required,Required,"For undergraduate admission, the University of Cincinnati requires a completed Common Application with a non-refundable application fee and an official or unofficial high school transcript. [5, 11] The university utilizes a holistic review process that considers grades, completion of a core curriculum, the rigor of coursework (such as AP, honors, or dual credit), application essays, and extracurricular activities. [19] For graduate admission, general requirements include a bachelor's degree from an accredited institution, an online application with a fee, and unofficial transcripts from all colleges attended. [3] Many graduate programs also require letters of recommendation, and may have additional program-specific requirements such as a CV/Resume or a personal statement. [3]",Not Required,,True,True,False,False,False,False,,False,False,False,False,False,False,False,False,False,,,,College of Arts and Sciences,,,,,,,,,"The Arab world, made up of 22 countries and the Palestinians, extends from the Arabian/Persian Gulf in the east to the Atlantic Ocean in the west and has a population of about 300 million. [9] Arabic is their dominant mode of expression. [9] It is also the language of Islam, used by more than a billion people as a spiritual component of their daily lives, and was adopted as one of the UN's six official languages in 1974. [9] Studying Arabic provides necessary insights into the cultural, religious, and political forces of the Middle East, a region that is the birthplace of civilization and the three monotheistic religions. [9] A good knowledge of Arabic enhances travel in the region and the ability to interact with its people. [9] The minor in Arabic Language and Culture requires 19 credit hours, consisting of four language courses and one approved elective. [2] Students are also encouraged to study abroad in an Arabic-speaking country. [2]",,https://degrees.apps.asu.edu/bachelors?init=false&nopassive=true,"The University of Cincinnati and all regional campuses are accredited by the Higher Learning Commission. [9, 13]",,,FALSE,False,,4.0,2.0,,,,,,,,,,,,,,,,,,False,False,,,,,,,6.5,,,53.0,,79,,,,,,,,,,,,,,FALSE,,,FALSE,FALSE,,,False
,Minor in Archaeology,,,,,Undergraduate,Fall 2026,,,,,,Not Required,Required,"The University of Cincinnati does not offer a Minor in Archaeology. The university's website states: ""Minors are not available in the archaeology program."" [2]",,,False,False,True,False,False,False,,True,False,False,False,True,True,True,False,False,,,,,,,,,,,,,,,https://degrees.apps.asu.edu/bachelors?init=false&nopassive=true,,,,FALSE,False,,,,,,,,,,,,,,,,,,,,,False,False,,,95.0,,,,6.0,,,53.0,,"61 (iBT), 500 (PBT)",,,,,,,,,,,,,,FALSE,,,FALSE,FALSE,,,False
,Minor in Art History,,,,,Undergraduate,Fall 2026,,,,Not Required,Not Required,Optional,Required,Students seeking admission to this minor must have at least a 2.5 cumulative grade point average in at least 12 credit hours of previous college work. [2],Not Required,,True,False,True,True,False,False,,True,,,,True,True,,False,False,,,,,,,,,,,,,"Art History involves the historical interpretation and visual analysis of painting, sculpture, architecture, and other forms of visual art. Works of art are examined as primary sources that reveal much about the human experience past and present. Art historians are experts on the lives of artists as well as the forms, traditions, meanings, and cultural and theoretical context of the visual arts. This 18 credit hour minor in art history will complement many fields of study, including but not limited to archaeology, anthropology, education, business, fashion design, and others. [3]",,https://degrees.apps.asu.edu/bachelors?init=false&nopassive=true,,,,FALSE,False,,,,,,,,,,,,,,,,,,,,,False,False,,,110.0,112.0,,,6.5,,,54.0,,80,,,,,,,,,,,,,"Merit-based, Need-based, Academic, Athletic, Community service",FALSE,,,FALSE,FALSE,,,False
,Minor in Asian Studies,,,,,Associate,Fall 2026,,,,Not Required,Not Required,Not Required,Not Required,"To sign up for the undergraduate minor, students should declare the relevant program online. [8] The Minor in Asian Studies requires 21 credits. [8]",Not Required,,True,False,False,False,False,False,,False,False,False,False,False,False,False,True,False,,,,College of Arts & Sciences,,,,,,,,,"Asia is gaining increasing economic and strategic prominence in the world, and Asian countries have rich and fascinating cultures and heritages. [8] Asian studies is an interdisciplinary program that explores the languages, cultures, economics, history, geography and politics of Asian countries. [8] Students may also study abroad in Asia, pursue internships and apply for fellowships. [8] The Minor in Asian Studies requires 21 credits. [7] Two typical options for the minor are i) 10 credits in language courses and 12 credits in non-language courses, or ii) 21 credits of non-language courses. [7]",,https://degrees.apps.asu.edu/bachelors?init=false&nopassive=true,The University of Cincinnati and all regional campuses are accredited by the Higher Learning Commission. [8],,$18 per credit hour for College of Arts & Sciences (STEM Disciplines).,FALSE,False,,4.0,2.0,,,,,,,,,,,,,,,,,,False,False,,,,,,,,,,,,,,,,,,,,,,,"Awards range from $1,000 to $15,000 each year for the University of Cincinnati Global Scholarship. The Cincinnatus Scholarship Program offers awards ranging from $1,000 annually up to full tuition, room, and board. [6, 12]",,Merit-based,FALSE,,,FALSE,FALSE,,,False
,Minor in Biblical Studies,,,,,Undergraduate,Fall 2026,,,,Not Required,Not Required,Not Required,,Students already pursuing a degree in any college at the University of Cincinnati (UC) can add the certificate to their program. They must submit a declaration of the certificate program using an online form and meet with the program director. Students not currently pursuing a degree may declare the certificate after establishing non-matriculated status. [2],Not Required,,True,False,False,False,False,False,,False,False,False,False,False,False,False,False,False,,,,,,,,,,,,,,,https://www.educations.com/undergraduate-certificate,,,,FALSE,False,,,,,,,,,,,,,,,,,,,,,False,False,,,,,,,,,,,,,,,,,,,,,,,,,,FALSE,,,FALSE,FALSE,,,False
,Minor in Bioethics,,,,,Undergraduate,Fall 2026,,,,,,,,,,,False,False,,,,,,,,,,,,,,,,,,,,,,,,,,,,,https://degrees.apps.asu.edu/bachelors?init=false&nopassive=true,,,,FALSE,False,,,,,,,,,,,,,,,,,,,,,False,False,,,,,,,,,,,,,,,,,,,,,,,,,,FALSE,,,FALSE,FALSE,,,
,Minor in Biological Sciences,,,,,Undergraduate,Fall 2026,,,,Not Required,Not Required,,,"Current ASU undergraduate students may pursue a minor and have it recognized on their ASU transcript at graduation. [7] The minor in biological sciences requires 24 credit hours, of which 13 credit hours must be upper division. [7] Only courses completed with a grade of ""C"" (2.00 on a scale of 4.00) or better can be used to satisfy minor requirements. [7] There are no specific GPA or other enrollment requirements to declare the minor. [7] Core course requirements include General Biology I and II, and courses in genetics and evolution. [10] Prerequisite courses may be needed in order to complete the requirements of this minor. [7, 10]",Not Required,,True,False,,,,,,,,,,,,,,,,,,College of Arts and Sciences,"$13,176/Year for Ohio residents, $28,510/Year for out-of-state (2025-2026 rates for Uptown/Clifton Campus).",,,,,,,,"Biology is the scientific study of life and life processes. Biologists study the organization of life from the structures of molecules to the balance of ecosystems. Students learn to observe critically the details of all life; they analyze data and apply biological knowledge learned in the classroom to draw conclusions about their observations. [3, 7] Biologists are able to make significant contributions to maintaining the health and well-being of the human population, as well as preserving and protecting the environment. [3, 7] They develop a knowledge base and scientific way of thinking that will enable them to make informed personal health and public policy decisions. [3, 7] Students working toward an undergraduate degree at UC can earn a minor. [7]",,https://degrees.apps.asu.edu/bachelors?init=false&nopassive=true,"The University of Cincinnati and all regional campuses are accredited by the Higher Learning Commission. [2, 4, 5]",,"$549 for Ohio residents, $1,188 for out-of-state (2025-2026 rates for Uptown/Clifton Campus).",FALSE,True,,4.0,2,,,,,,,,,,,,,,,,,,False,False,,,,,,,,,,,,,,,,,,,,,,,"Awards range from $1,000 to $15,000 each year for the University of Cincinnati Global Scholarship.",,Merit-based,FALSE,,,FALSE,FALSE,,,
,Minor in Business Administration,,,,,Undergraduate,Fall 2026,,,,,,Not Required,Not Required,,,,False,False,False,False,False,False,,False,False,False,False,False,False,False,True,False,,,,,,,,,,,,,The business administration minor at the Carl H. Lindner College of Business presents an ideal option for students enrolled in non-business baccalaureate degree programs. This minor offers students with the opportunity to develop a strong business foundation that supports careers across varied professions and industries. Students studying in areas in the arts and sciences can develop professional distinction and enhance their resume with the business administration minor. [3],,https://degrees.apps.asu.edu/bachelors?init=false&nopassive=true,The University of Cincinnati Carl H. Lindner College of Business has been proudly Accredited by the Association to Advance Collegiate Schools of Business (AACSB) since 1919. [2],,,FALSE,False,,,,,,,,,,,,,,,,,,,,,False,False,,,,,,,,,,,,,,,,,,,,,,,,,,FALSE,,,FALSE,FALSE,,,False
,Minor in Business Spanish,,,,,Undergraduate,Fall 2026,,,,Not Required,Not Required,Optional,Required,"Students already pursuing a degree in any college at UC can add the certificate to their program. [2] Be sure to submit a declaration of the certificate program using the Declare an Undergradatuate Certtificate online form. [2] In addition, you must meet with the program director so that they are aware that you are pursuing the certificate and can advise you appropriately. [2] Students not currently pursuing a degree may declare the certificate after establishing non-matriculated status. [2]",Not Required,,True,False,True,,False,False,,True,False,False,False,True,True,False,False,False,,,,,,,,,,,,,"I am sorry, but I was unable to find a 'Minor in Business Spanish' program on the official University of Cincinnati website. I found a 'Business Spanish Certificate' and a general 'Spanish Minor', but not a specific 'Minor in Business Spanish'. Therefore, I cannot provide a description for a program that does not appear to be offered.",,https://degrees.apps.asu.edu/bachelors?init=false&nopassive=true,,,,FALSE,False,,,,,,,,,,,,,,,,,,,,,False,False,,,105.0,,,,6.5,,,60.0,,80,,,,,,,,,,,,,,FALSE,,,FALSE,FALSE,,,False
,Minor in Chemistry,,,,,Undergraduate,Fall 2026,,,,Not Required,Not Required,Not Required,Not Required,"The minor in chemistry consists of 18 credit hours of coursework, of which a minimum of nine hours must be upper division. A minimum of six upper-division credit hours must be earned through courses offered by the New College of Interdisciplinary Arts and Sciences. All courses used to satisfy requirements for the minor must be completed with a grade of ""C"" (2.00 on a 4.00 scale) or better. Credit hours may not be shared between major and minor requirements. [9]",Not Required,,True,False,False,False,False,False,,False,False,False,False,False,False,False,True,False,,,,,,,,,,,,,"The minor is designed for students who want a strong background in chemistry to complement their major area of study. [2, 5] Students who are enrolled in pre-professional programs may also find a minor in chemistry to be helpful to their professional preparation. [2, 5] To obtain a minor in chemistry, a minimum of 26 credits must be successfully completed, with the following distribution: General Chemistry and Lab: CHEM 1040-1041, 1040L-1041L (10 credits) Organic Chemistry and Lab: CHEM 2040-2041, 2040L – 2041L (10 credits) At least six credits from any additional chemistry courses numbered 2050 or higher [except 2080, 4080, 5020, 5030 and 5080]. [2]",,https://degrees.apps.asu.edu/bachelors?init=false&nopassive=true,"The University of Cincinnati and all regional campuses are accredited by the Higher Learning Commission. [3, 4, 5, 7]",,,FALSE,True,,,,,,,,,,,,,,,,,,,,,False,False,,,,,,,,,,,,,,,,,,,,,,,,,,FALSE,,,FALSE,FALSE,,,False
,Minor in Chinese Languages and Culture,,,,,Undergraduate,Fall 2026,,,,,,Not Required,Not Required,,,,True,True,False,False,False,False,,False,False,False,False,False,False,False,True,False,,,,,,,,,,,,,,,https://degrees.apps.asu.edu/bachelors?init=false&nopassive=true,,,,FALSE,False,,,,,,,,,,,,,,,,,,,,,False,False,,,,,,,,,,,,,,,,,,,,,,,,,,FALSE,,,FALSE,FALSE,,,False
,Minor in Classical Civilization,,,,,Associate,Fall 2026,,,,Optional,Required,Not Required,Required,"The University of Cincinnati utilizes a holistic approach when reviewing applications, considering factors such as the completion of a core curriculum, high school grades, the rigor of coursework (including AP, honors, or dual credit), application essays, extracurricular activities, and other achievements. [3, 4] For undergraduate admissions, a personal essay and high school transcripts are required. [7] Letters of recommendation are also recommended for some undergraduate programs. [11] Graduate program applications typically require a statement of purpose, letters of recommendation, and transcripts from previous institutions. [11]",,,True,True,False,False,False,False,,False,False,False,False,False,False,False,False,False,,,,College of Arts and Sciences,,,,,,,,,"Classical civilization is the study of the culture, history, language and literature of ancient Greece and Rome. [4, 5] Students in classical civilization develop language skills and enrich their lives through an interdisciplinary exploration of the Greek and Roman worlds. [4, 5] They also study such subjects as mythology, philosophy, religion, politics and other areas where the ancient Greeks and Romans made decisive contributions to world civilization. [2, 5] The minor in Classical Civilization consists of at least 21 credit hours in Latin, Greek, or Classical Civilization. This must include 6 credit hours in an Introductory Survey Sequence and 6 credit hours in CLAS courses at or above the 3000 level. [3]",,https://degrees.apps.asu.edu/bachelors?init=false&nopassive=true,The University of Cincinnati and all regional campuses are accredited by the Higher Learning Commission. [2],,,FALSE,False,,,,,,,,,,,,,,,,,,,,,False,False,,,,,,,6.5,,,53.0,,79,,,,,,,,,,,,,,FALSE,,,FALSE,FALSE,,,False
,Minor in Classics,,,,,Associate,Fall 2026,,,,Optional,Optional,Not Required,Not Required,"For general first-year admission to the Uptown (Main) Campus, the University of Cincinnati requires the Common Application, a non-refundable application fee (or waiver), and an official or unofficial high school transcript. [3] A personal essay and letters of recommendation are also listed as application components. [2, 8] The university conducts a holistic review, considering various factors beyond grades. [2] For graduate admissions, general requirements include an online application, application fee, and unofficial transcripts from all colleges attended. [4]",,,False,True,False,False,False,False,,False,False,False,False,False,False,False,True,False,,,,,,,,,,,,"Classical Civilization (Track A), Greek (Track B), Latin (Track C)","Our minors in Classics, Greek and Latin are designed to acquaint the student with aspects of the ancient civilizations of Greece and Rome or the Greek and Latin languages by means of 5 courses (15 credit hours). [2] The minor in Classical Civilization (Track A) focuses on ancient history, literature (in translation or in the original languages), and archaeology. [2] The minor in Greek (Track B) is devoted to the ancient Greek language and its associated literature in the original language, as well as Greek civilization and history. [2] The minor in Latin (Track C) is devoted to the Latin language and its associated literature in the original language, as well as Roman civilization and history. [2]",,https://degrees.apps.asu.edu/bachelors?init=false&nopassive=true,"The University of Cincinnati and all regional campuses are accredited by the Higher Learning Commission. [3, 4, 8, 10]",,,FALSE,False,,,,,,,,,,,,,,,,,,,,,False,False,,,,,,,,,,,,,,,,,,,,,,,,,,FALSE,,,FALSE,FALSE,,,False
,Minor in Communication,,,,,Undergraduate,Fall 2026,,,,,,Not Required,Not Required,,,,False,False,False,False,False,False,,False,False,False,False,False,False,False,True,False,,,,,,,,,,,,,,,https://degrees.apps.asu.edu/bachelors?init=false&nopassive=true,,,,FALSE,False,,,,,,,,,,,,,,,,,,,,,False,False,,,,,,,,,,,,,,,,,,,,,,,,,,FALSE,,,FALSE,FALSE,,,False
,Minor in Creative Writing,,,,,Undergraduate,Fall 2026,,,,Not Required,Not Required,Not Required,Required,"To add the minor, students must already be pursuing a degree in any college at the University of Cincinnati. The process involves submitting an online declaration form for the minor and meeting with the program director for advising. [2, 6]",Not Required,,True,False,False,False,False,False,,False,False,False,False,False,False,False,False,False,,,,Department of English,"$12,177/Year",,,,,,,,,,https://degrees.apps.asu.edu/bachelors?init=false&nopassive=true,,"$17,539",,FALSE,False,,4.0,2.0,,,,,,,,,,,,,,,,,,False,False,,,110.0,,,,6.5,,,53.0,,79,,,,,,,,,,,$500 to full tuition,,"Merit-based, Need-based, Specialty, Departmental",FALSE,,,FALSE,FALSE,,,False
,Minor in Criminal Justice,,,,,Undergraduate,Fall 2026,,,,Not Required,Not Required,,,"To be admitted to the Minor in Criminal Justice, students must be matriculated and pursuing a bachelor's degree at the University of Cincinnati. A minimum university GPA of 2.0 is required. [2] Application materials are located on the Certificate or Minor Application webpage. [2]",Not Required,,True,False,,,,,,,,,,,,,,,,,,School of Criminal Justice,"For the 2025-2026 academic year, undergraduate tuition at the Uptown/Clifton Campus for Ohio residents is $14,394 per year for full-time students. For non-resident students, the tuition is $29,728 per year. [34] The University of Cincinnati also has a tuition guarantee program that locks in the rate for the duration of a student's program. [10]",,,,,,,,"The Criminal Justice Minor provides students with a basic framework of knowledge regarding the criminal justice system. [2] The minor allows students with an interest in criminal justice to incorporate formal coursework into their existing major. [2] The study of criminal justice is designed to provide students with an understanding of criminal offending and the criminal justice process. [2] As society continues to grow, so does the need for this career field and the understanding of how and why such behavior occurs. This program stresses an interdisciplinary study of criminal justice in America. Those interested in careers in criminal justice, crime prevention, child behavioral problems, adolescent delinquency, or effective intervention will find this minor extremely valuable. [2]",,https://degrees.apps.asu.edu/bachelors?init=false&nopassive=true,"The University of Cincinnati and all regional campuses are accredited by the Higher Learning Commission. [4, 7]","$7,878","$600 for Ohio residents and $1,239 for non-residents for the 2025-2026 academic year. [34]",FALSE,False,,4.0,2.0,,,,,,,,,,,,,,,,,,False,False,,,,,,,,,,,,,,,,,,,,,,,"Scholarships range from $1,000 to full tuition. [15, 4]",,Merit-based,FALSE,,,FALSE,FALSE,,,
,Minor in Economics,,,,,Undergraduate,Fall 2026,,,,Not Required,Not Required,Not Required,Not Required,The application process for the Minor in Economics is for current University of Cincinnati students. Non-Lindner College of Business students can add the minor if they have earned 30 semester credit hours and have at least a 3.0 University GPA while enrolled in a four-year degree program. [2] Students in the Lindner College of Business can also apply to add the minor. [2] Most business minors require a 3.0 University GPA for admission. [8],Not Required,,True,False,False,False,False,False,,False,False,False,False,False,False,False,True,False,,,,,,,,,,,,,,,https://degrees.apps.asu.edu/bachelors?init=false&nopassive=true,,,,FALSE,False,,,,,,,,,,,,,,,,,,,,,False,False,,,,,,,,,,,,,,,,,,,,,,,,,,FALSE,,,FALSE,FALSE,,,False
,Minor in English,,,,,Undergraduate,Fall 2026,,,,,,Not Required,Not Required,,,,True,True,False,False,False,False,,False,False,False,False,False,False,False,True,False,,,,College of Arts and Sciences,,,,,,,,,"A minor in English complements any major, and offers students from other disciplines the opportunity to develop the reading, writing, and critical thinking skills that employers seek in college graduates. [2] Students choose courses from creative writing, literature, literary criticism, cultural studies, professional writing, technical and digital writing, editing and publishing, and film studies, and may focus on one particular area of study or take courses from many areas in order to explore English studies. [2] Coursework includes one required course followed by six English electives, allowing students to cater the minor to their career objectives. [2]",,https://degrees.apps.asu.edu/bachelors?init=false&nopassive=true,,,,FALSE,False,,4.0,,,,,,,,,,,,,,,,,,,False,False,,,,,,,,,,,,,,,,,,,,,,,,,,FALSE,,,FALSE,FALSE,,,False
,Minor in Entrepreneurship,,,,,Undergraduate,Fall 2026,,,,,,Not Required,Not Required,,,,True,True,False,False,False,False,,False,False,False,False,False,False,False,True,False,,,,,,,,,,,,,,,https://degrees.apps.asu.edu/bachelors?init=false&nopassive=true,,,,FALSE,False,,,,,,,,,,,,,,,,,,,,,False,False,,,,,,,,,,,,,,,,,,,,,,,,,,FALSE,,,FALSE,FALSE,,,False
,Minor in Environmental Studies,,,,,Undergraduate,Fall 2026,,,,Not Required,Not Required,Not Required,Required,"Students already pursuing a degree in any college at UC can add the minor to their program. [2] Be sure to submit a declaration of the minor using the university's online form. [2] In addition, you must meet with the program director so that the program is aware that you are pursuing the minor and can advise you appropriately. [2]",Not Required,,True,False,True,False,False,False,,True,False,False,False,True,True,False,False,False,,,,,,,,,,,,,,,https://degrees.apps.asu.edu/bachelors?init=false&nopassive=true,,,,FALSE,False,,,,,,,,,,,,,,,,,,,,,False,False,,,,,,,6.5,,,46.0,,79,,,,,,,,,,,,,,FALSE,,,FALSE,FALSE,,,False
,Minor in European Studies,,,,,Undergraduate,Fall 2026,,,,,,Not Required,Not Required,,,,True,True,False,False,False,False,,False,False,False,False,False,False,False,True,False,,,,,,,,,,,,,"The European Studies program focuses on the study of Europe from the vantage points of several disciplines in the humanities and social sciences, such as history, art, cultural studies, and political science. [3] Because Europe is both a geographical place and an idea that changes throughout history, it has had different meanings at different times and in different places. [3] The study of Europe thus requires an open, pluralistic, and interdisciplinary curriculum that takes a critical approach to the idea (or ideas) of Europe. [3] The program provides a multidisciplinary view of Europe as a whole and of its historical, political, and cultural formation and global implications and encounters with the non-European world. [3] It also provides a focus on specific areas of European experience that cut across traditional disciplinary and national boundaries. [3]",,https://degrees.apps.asu.edu/bachelors?init=false&nopassive=true,"The University of Cincinnati and all regional campuses are accredited by the Higher Learning Commission. [2, 4]",,,FALSE,False,,,,,,,,,,,,,,,,,,,,,False,False,,,,,,,,,,,,,,,,,,,,,,,,,,FALSE,,,FALSE,FALSE,,,False
,Minor in Film & Media Studies,,,,,Undergraduate,Fall 2026,,,,,,Not Required,Not Required,,,,True,True,False,False,False,False,,False,False,False,False,False,False,False,True,False,,,,The College of Liberal Arts and Sciences,,,,,,,,,"The program in Film & Media Studies is built to train students to comprehend, analyze, and participate in local and global film and screen media cultures and industries. Sudents will explore important issues, theories, movements, and histories of media throughout the globe. The minor centers around three core groupings: Introductory, Elective and Experiential. Minors are required to take one experiential course that might involve a study tour, a community filmmaking project, or an internship. [5]",,https://degrees.apps.asu.edu/bachelors?init=false&nopassive=true,The University of Cincinnati and all regional campuses are accredited by the Higher Learning Commission. [5],,,FALSE,False,,4.0,2,,,,,,,,,,,,,,,,,,False,False,,,,,,,,,,,,,,,,,,,,,,,,,Merit-based,FALSE,,,FALSE,FALSE,,,False
,Minor in Finance,,,,,Undergraduate,Fall 2026,,,,Not Required,Not Required,Not Required,Not Required,Non-Lindner students already pursuing a baccalaureate degree in any college at the University of Cincinnati can add the minor to their program as long as they meet the following requirements: Have 30 earned semester credit hours. Have at least a 3.0 University GPA and be enrolled in a four-year degree granting program. Complete at least 50 percent of all minor coursework in the Lindner College of Business. Earn a 2.0 in minor courses to be certified with the minor. [2],Not Required,,True,False,False,False,False,False,,False,False,False,False,False,False,False,True,False,,,,W. P. Carey School of Business,,,,,,,,,,,https://degrees.apps.asu.edu/bachelors?init=false&nopassive=true,,,,FALSE,False,,,2.0,,,,,,,,,,,,,,,,,,False,False,,,,,,,,,,,,,,,,,,,,,,,,,,FALSE,,,FALSE,FALSE,,,False
,Minor in French,,,,,Undergraduate,Fall 2026,,,,Not Required,Not Required,Not Required,Required,"To obtain the minor in French, students must complete a total of at least 21 credit hours in French at the 2000-level and above. [3] Students are required to earn a C or higher in all courses that count toward the minor. [3] Current students at the University of Cincinnati can declare the minor online using the Program Changes & Readmissions Form and must also meet with the program director. [3, 4]",Not Required,,True,False,False,False,False,False,,False,False,False,False,False,False,False,False,False,,,,,,,,,,,,,"To obtain the minor in French (or French certificate for graduate or non-degree students), you must complete a total of at least 21 credit hours in French at 2000-level and above. [4] Fluency in a second language is a valuable skill. [3] French is an official language of 28 countries on five continents, including France, Canada, Belgium, Senegal and Vietnam. [3] Learning French will allow you to converse with and better understand people throughout the world. [3] Along with English, French is the world's most important diplomatic language. [3] It is an official language of such organizations as the United Nations, UNESCO, NATO, and the international Red Cross. [3] France, one of the world's largest economies, is a leader in the export of luxury goods and technology. [3] Canada's French-speaking province of Quebec is in itself one of the largest trading partners of the United States. [3] For this reason, French is an important language for conducting business in the United States and elsewhere. [3] Finally, French is unsurpassed as a language of culture. [3] Discussions about literature, art, gastronomy and fashion inevitably start from and return to France. [3] By studying French, you will be able to experience the varied products of French culture firsthand and to travel more easily in the world's top-rated tourist destination. [3]",,https://degrees.apps.asu.edu/bachelors?init=false&nopassive=true,,,,FALSE,False,,,,,,,,,,,,,,,,,,,,,False,False,,,115.0,,,,6.5,,,,,80,,,,,,,,,,,,,,FALSE,,,FALSE,FALSE,,,False
,Minor in Geography,,,,,Undergraduate,Fall 2026,,,,Not Required,Not Required,Not Required,Not Required,"Students already pursuing a degree in any college at UC can add the minor to their program. Be sure to submit a declaration of the minor using our online form. In addition, you must meet with the program director so that the department is aware that you are pursuing the minor and can advise you appropriately. [2]",Not Required,,True,False,False,False,False,False,,False,False,False,False,False,False,False,False,False,,,,,,,,,,,,,,,https://degrees.apps.asu.edu/bachelors?init=false&nopassive=true,,,,FALSE,True,,,,,,,,,,,,,,,,,,,,,False,False,,,,,,,,,,,,,,,,,,,,,,,,,,FALSE,,,FALSE,FALSE,,,False
,Minor in Geology,,,,,Undergraduate,Fall 2026,,,,Not Required,Not Required,Optional,Required,"The minor in geological sciences consists of 21 credit hours, of which at least 13 credit hours must be upper division. Only courses completed with a grade of ""C"" (2.00 on a scale of 4.00) or better can be used to satisfy minor requirements. [11]",Not Required,,True,False,False,,False,False,,True,False,False,False,True,True,True,False,False,,,,,,,,,,,,,"The Department of Geosciences welcomes students from all other disciplines to pursue a minor in a geology. A minor in geology provides the background and skills to consider modern processes in the context of Earth's deep history. [5] More than ever before, earth scientists from different subdisciplines are collaborating to establish links among different Earth systems (for example, erosion and the geomorphic evolution of the Himalayas has helped govern its tectonic and metamorphic evolution). [2] To this end, the Department of Geosciences welcomes students from all other disciplines to pursue a minor in geology. In addition, even students with primary interest in such fields as political science would benefit from expertise in geology because of the public policy ramifications. [2] Our minor in Environmental Geology is popular among Environmental Studies students, and a wide variety of majors—from Design to Business—have found that a geology minor complements their primary studies. [5]",,https://degrees.apps.asu.edu/bachelors?init=false&nopassive=true,"The University of Cincinnati and all regional campuses are accredited by the Higher Learning Commission. [2, 6]",,,FALSE,True,,4.0,2.0,,,,,,,,,,,,,,,,,,False,False,,,110.0,,,,6.5,,,54.0,,80,,,,,,,,,,,,,"Merit-based, Need-based, Academic, Athletic, Community service, Employer",FALSE,,,FALSE,FALSE,,,False
,Minor in German Studies,,,,,Undergraduate,Fall 2026,,,,Optional,Required,Not Required,Required,"For first-year undergraduate applicants, the general requirements include submission of the Common Application, a $50 non-refundable application fee (or fee waiver), and an official or unofficial high school transcript. [12] Letters of recommendation are optional. [12] For graduate admissions, general requirements typically include a bachelor's degree from an accredited institution, transcripts from all attended institutions, a statement of purpose, and letters of recommendation. [3, 17] Many graduate programs also have specific additional requirements. [3]",Not Required,,True,True,False,False,False,False,,True,False,False,False,True,True,False,False,False,,,,The College of Liberal Arts and Sciences,,,,,,,,,,,https://degrees.apps.asu.edu/bachelors?init=false&nopassive=true,,,,FALSE,False,,,,,,,,,,,,,,,,,,,,,False,False,,,,,,,6.5,,,53.0,,79,,,,,,,,,,,,,,FALSE,,,FALSE,FALSE,,,False
,Minor in History,,,,,Undergraduate,Fall 2026,,,,Not Required,Not Required,Optional,Required,Students who are already pursuing a degree in any college at the University of Cincinnati are eligible to add the history minor to their program. [2] The process involves submitting an online declaration form and meeting with the program director for advising. [2] The minor requires the completion of 18 credit hours in history courses. [3],Not Required,,True,False,True,,,False,,True,False,False,False,False,True,False,False,False,,,,"School of Historical, Philosophical and Religious Studies",,,,,,,,,"The history minor requires 18 credit hours in history as follows: 6 credit hours in survey courses, which may be taken in any combination of 1000 and/or 2000-level HIST classes. 3 credit hours of HIST elective above 1007 (1007-5199) 3 credit hours of HIST 3000: Introduction to Historical Thinking. 6 credit hours of upper division courses, which may be taken in any 3001-5199 HIST classes. [2] History majors study and analyze human experiences of the past. By doing so, they become better able to understand other societies in addition to their own. [2] History majors develop strong critical thinking, reading and writing skills as they master research methods and historiography. [2]",,https://degrees.apps.asu.edu/bachelors?init=false&nopassive=true,"The University of Cincinnati and all regional campuses are accredited by the Higher Learning Commission. [2, 3, 5, 7]",,,FALSE,False,,,,,,,,,,,,,,,,,,,,,False,False,,,,,,,,,,,,,,,,,,,,,,,,,"Merit-based, Need-based, Academic, Athletic, Community service, Employer",FALSE,,,FALSE,FALSE,,,False
,Minor in Horticulture,,,,,Undergraduate,Fall 2026,,,,Not Required,Not Required,Not Required,Not Required,"Students seeking admission to this minor must have at least a 2.5 cumulative grade point average in at least 12 credit hours of previous college work. [1] To apply, students should fill out the Declare a Minor application. [1]",Not Required,,True,False,False,False,False,False,,False,False,False,False,False,False,False,False,False,,,,,,,,,,,,,"The minor in horticulture introduces students to the various fields associated with horticultural science, including plant identification, growth, health, and reproduction. [2] Upon completion of the minor in Horticulture, students will be able to: Perform the fundamental practice and methods of horticultural science. [2] Demonstrate basic knowledge of the roles of soil and nutrition in plant health. [2] Demonstrate the basic knowledge and skills to identify favorable conditions for native and cultivated plants. [2]",,https://degrees.apps.asu.edu/bachelors?init=false&nopassive=true,The University of Cincinnati and all regional campuses are accredited by the Higher Learning Commission. [2],,,FALSE,True,,,,,,,,,,,,,,,,,,,,,False,False,,,,,,,,,,,,,,,,,,,,,,,,,,FALSE,,,FALSE,FALSE,,,False
,Minor in Insurance and Risk Management,,,,,Undergraduate,Fall 2026,,,,Not Required,Not Required,Not Required,Not Required,"Non-Lindner College of Business students already pursuing a baccalaureate degree at the University of Cincinnati can add the minor. Requirements include having 30 earned semester credit hours and at least a 3.0 University GPA. [2, 5] Students must be enrolled in a four-year degree granting program. [2] To be certified with the minor, a 2.0 GPA in the minor courses is required. [2]",Not Required,,True,False,False,False,False,False,,False,False,False,False,False,False,False,True,False,,,,W. P. Carey School of Business,,,,,,,,,"The minor in insurance and risk management is recommended for students who want to pursue a career in a functional area of business (e.g. finance, accounting, marketing) in insurance and insurance-related enterprises. [2] These students will gain an understanding of the operations, functional roles, products and services in the insurance industry. [2] Students who seek to obtain a major in finance, actuarial science, business analytics, information systems or accounting may find it advantageous to combine their major with a minor in insurance and risk management. [2] This will give them the understanding of the insurance industry as a context in which they might apply these functional skills. [2] Insurance is an industry that employs people in a variety of functional roles, including accounting, finance, advertising, information systems, sales and sales management and operations. [7] Risk management is an activity designed to strategically control the risks inherent in doing business in a variety of industries, such as financial services, health care, manufacturing and entertainment. [7] The two are often paired, because the core business of both industries is to help others manage risks. [7]",,https://degrees.apps.asu.edu/bachelors?init=false&nopassive=true,The Lindner College of Business is accredited by the Association to Advance Collegiate Schools of Business (AACSB). [2],,,FALSE,False,,4.0,,,,,,,,,,,,,,,,,,,False,False,,,,,,,,,,,,,,,,,,,,,,,,,Merit-based,FALSE,,,FALSE,FALSE,,,False
,Minor in International Business,,,,,Undergraduate,Fall 2026,,,,Not Required,Not Required,Optional,Required,"To apply for the International Business minor, students must fill out an application. Most business minors/certificates require a 3.0 University GPA for admission. [3] After the application is submitted, students will be notified by email of their acceptance into the program and the process for registration in the required Lindner classes. [2, 3]",Not Required,,True,False,True,,False,False,,True,False,False,False,True,True,False,False,False,,,,Carl H. Lindner College of Business,,,,,,,,,"Formal international management education gives students cultural training, a comprehensive understanding of global and regional economies, and a socio-political analysis of multiple regions. Students who earn the international business minor at the UC Carl H. Lindner College of Business (Lindner) are positioned to be highly valued, especially for companies with overseas assignments. The international business minor enhances students' career options in the global economy. Students who combine this minor with a finance major may find opportunities in international finance and banking. Coupling international business with a major in information systems, marketing or operations management can provide the experience to make graduates attractive for international assignment opportunities. [5]",,https://degrees.apps.asu.edu/bachelors?init=false&nopassive=true,"The University of Cincinnati's Carl H. Lindner College of Business has maintained its business accreditation by AACSB International—The Association to Advance Collegiate Schools of Business. [3] Since 1919, the Lindner College of Business has received continued accreditation for its nationally-ranked business degree programs. [3] AACSB Accreditation is the hallmark of excellence in business education and has been earned by less than five percent of the world's business programs. [3]",,549,FALSE,False,,4.0,3,,,,,,,,,,,,,,,,,,False,False,,,110.0,,,,6.5,,,54.0,,80,,,,,,,,,,,1000-15000,,Merit-based,FALSE,,,FALSE,FALSE,,,False
,Minor in Italian Language and Culture,,,,,Undergraduate,Fall 2026,,,,Not Required,Not Required,Not Required,Required,"To declare a minor at the University of Cincinnati, current students must access and complete an online form using their central UC credentials. [17]",Not Required,,True,False,True,False,False,False,,True,False,False,False,True,True,False,False,False,,,,,,,,,,,,,"The Italian Certificate is an interdisciplinary program that explores the language, cultures, economics, history, geography, and politics of Italy. Students may also study abroad in Italy. [4, 5]",,https://degrees.apps.asu.edu/bachelors?init=false&nopassive=true,,,,FALSE,False,,,,,,,,,,,,,,,,,,,,,False,False,,,100.0,,,,6.5,,,53.0,,79,,,,,,,,,,,,,,FALSE,,,FALSE,FALSE,,,False
,Minor in Japanese Language and Culture,,,,,Undergraduate,Fall 2026,,,,Not Required,Not Required,Optional,Required,"Students already pursuing a degree in any college at UC can add the certificate to their program. Be sure to submit a declaration of the certificate program using our online form. In addition, you must meet with the program director so that they are aware that you are pursuing the certificate and can advise you appropriately. [3]",Not Required,,True,False,True,,False,False,,True,False,False,False,True,True,,False,False,,,,School of International Letters and Cultures,"$12,177/Year (2024-2025 for an Arizona Resident)",,,,,,,,,,https://degrees.apps.asu.edu/bachelors?init=false&nopassive=true,,,,FALSE,False,,4.0,2,,,,,,,,,,,,,,,,,,False,False,,,110.0,,,,6.5,,,54.0,,80,,,,,,,,,,,,,"Merit-based, Need-based",FALSE,,,FALSE,FALSE,,,False
,Minor in Journalism,,,,,Undergraduate,Fall 2026,,,,Optional,Optional,Not Required,Not Required,"For graduate programs, applicants are generally required to hold a bachelor's degree from an accredited institution and may need to submit unofficial transcripts, a statement of purpose, and letters of recommendation. [2, 4] For undergraduate (first-year) admission, applicants are expected to have completed a college preparatory curriculum, and the application requires a personal essay and high school transcripts. [2, 3] The university conducts a holistic review, considering factors like grades, rigor of coursework, essays, and extracurricular activities. [5, 6]",,,True,True,False,False,False,False,,False,False,False,False,False,False,False,True,False,,,,Walter Cronkite School of Journalism and Mass Communication,,,,,,,,,"TThe aġġornament tal-minuri fil-ġurnaliżmu jħejji lill-istudenti ħiliet bażiċi tal-ġurnaliżmu fil-produzzjoni u l-preżentazzjoni ta' proġetti tal-aħbarijiet, eż. kitba ta' stejjer tal-aħbarijiet, produzzjoni ta' xogħlijiet ġurnalistiċi stampati, diġitali, u online. Huwa programm ta' 18-il siegħa ta' kreditu li jkopri korsijiet ewlenin fil-kitba tal-aħbarijiet, l-editjar tal-aħbarijiet, ir-rappurtar tal-aħbarijiet kif ukoll kors elettiv biex iħejji l-profiċjenza fil-ġbir ta' informazzjoni u data, liġi u etika tal-midja, riċerka dwar l-effetti tal-udjenza, litteriżmu medjatiku u kritiċi tal-midja. L-objettivi ewlenin tiegħu huma li jgħammru lill-istudenti b'kompetenza għal karrieri ta' suċċess fil-ġurnaliżmu, relazzjonijiet pubbliċi u oqsma relatati. [4]",,https://degrees.apps.asu.edu/bachelors?init=false&nopassive=true,,,,FALSE,False,,4.0,2.0,,,,,,,,,,,,,,,,,,False,False,,,,,,,,,,,,,,,,,,,,,,,,,"Merit-based, Need-based, College-Specific",FALSE,,,FALSE,FALSE,,,False
,Minor in Judaic Studies,,,,,Undergraduate,Fall 2026,,,,Not Required,Not Required,Optional,Required,"Students already pursuing a degree in any college at UC can add the minor to their program. Be sure to submit a declaration of the minor using our online form. In addition, you must meet with the program director so that the department is aware that you are pursuing the minor and can advise you appropriately. [2]",Not Required,,False,False,True,,False,False,,True,,,,True,True,,False,False,,,,,,,,,,,,,"This interdisciplinary program combines the study of history, literature, philosophy, Hebrew language and other fields to familiarize students with the experience of the Jews of the past and present. [2] Judaic studies offers students a wide range of approaches to exploring and understanding Jewish history, culture and religion. [2] The program welcomes students of all backgrounds. [2]",,https://degrees.apps.asu.edu/bachelors?init=false&nopassive=true,"The University of Cincinnati and all regional campuses are accredited by the Higher Learning Commission. [2, 13]",,,FALSE,False,,,,,,,,,,,,,,,,,,,,,False,False,,,110.0,,,,6.5,,,54.0,,80,,,,,,,,,,,,,,FALSE,,,FALSE,FALSE,,,False
,Minor in Latin,,,,,Undergraduate,Fall 2026,,,,Not Required,Not Required,Not Required,,"Students already pursuing a degree in any college at UC can add the minor to their program. [4] Be sure to submit a declaration of the minor using our online form. [4] In addition, you must meet with the program director so that the department is aware that you are pursuing the minor and can advise you appropriately. [4]",Not Required,,True,False,False,False,False,False,,False,False,False,False,False,False,False,False,False,,,,,"For the 2026–2027 academic year, base tuition for an on-campus undergraduate degree program is $12,177 for Arizona residents and $35,715 for non-resident students. [3]",,,,,,,,"The University of Cincinnati's Department of Classics offers a minor in Classics, which consists of at least 21 credit hours in Latin and/or Greek. For this minor, Latin courses below the 3000 level do not count, while Greek courses count at every level. [6] The department also offers majors and minors in Classics or Classical Civilization. [6] The study of Classics involves the language and literature of ancient Greece and Rome, as well as subjects like mythology, philosophy, religion, and politics where the ancient Greeks and Romans made significant contributions to world civilization. [5]",,https://degrees.apps.asu.edu/bachelors?init=false&nopassive=true,"The University of Cincinnati and all regional campuses are accredited by the Higher Learning Commission. [2, 3, 5, 8]",,$580/credit for digital immersion undergraduate students. [3],FALSE,False,,,,,,,,,,,,,,,,,,,,,False,False,,,,,,,,,,,,,,,,,,,,,,,,,ASU provides need-based and merit-based scholarships. [18],FALSE,,,FALSE,FALSE,,,False
,Minor in Law and Society,,,,,Undergraduate,Fall 2026,,,,,,Not Required,Required,,,,True,True,True,True,False,False,,True,False,False,False,True,True,False,False,False,,,,,,,,,,,,,"A minor in Law and Society provides students insights on the connections between a society and its legal institutions. This prepares students not only for law school, but also a variety of careers and degrees in law-related fields. [3] The Law and Society minor is designed to provide students the opportunity to study law from an integrated, social science perspective. [3] Students pursuing this minor learn to identify and analyze the social and cultural factors that shape the foundations, practice, interpretation and mobilization of the law. [3] Course work includes explorations of both domestic and international contexts. [3]",,https://degrees.apps.asu.edu/bachelors?init=false&nopassive=true,,,,FALSE,False,,,,,,,,,,,,,,,,,,,,,False,False,,,,,,,6.0,,,53.0,,61,,,,,,,,,,,,,,FALSE,,,FALSE,FALSE,,,False
,Minor in Linguistics,,,,,Undergraduate,Fall 2026,,,,Not Required,Not Required,,,"To declare a minor, current University of Cincinnati students must submit an online declaration form and meet with the program director for advisement. [7, 11]",Not Required,,True,False,,,,,,,,,,,,,,,,,,,,,,,,,,,,,https://degrees.apps.asu.edu/bachelors?init=false&nopassive=true,,,,FALSE,False,,4.0,2.0,,,,,,,,,,,,,,,,,,False,False,,,,,,,,,,,,,,,,,,,,,,,,,"['Merit-based', 'Need-based']",FALSE,,,FALSE,FALSE,,,
,Minor in Management,,,,,Undergraduate,Fall 2026,,,,Not Required,Not Required,Not Required,Not Required,Non-Lindner students already pursuing a baccalaureate degree in any college at the University of Cincinnati can add the minor to their program as long as they meet the following requirements: Have 30 earned semester credit hours. Have at least a 3.0 University GPA and be enrolled in a four-year degree granting program. Complete at least 50 percent of all minor coursework in the Lindner College of Business. Earn a 2.0 in minor courses to be certified with the minor. [7],Not Required,,True,False,False,False,False,False,,False,False,False,False,False,False,False,True,False,,,,,,,,,,,,,"The minor in management emphasizes the development of the thinking skills, organizational system skills and people skills that are necessary for managers to be effective. [2]",,https://degrees.apps.asu.edu/bachelors?init=false&nopassive=true,"The Lindner College of Business, which offers the Management Minor, has been accredited by the Association to Advance Collegiate Schools of Business (AACSB) since 1919. [2, 3]",,,FALSE,False,,,,,,,,,,,,,,,,,,,,,False,False,,,,,,,,,,,,,,,,,,,,,,,,,,FALSE,,,FALSE,FALSE,,,False
,Minor in Marketing,,,,,Undergraduate,Fall 2026,,,,Not Required,Not Required,Not Required,Not Required,"To add the Marketing minor, non-Lindner students at the University of Cincinnati must have 30 earned semester credit hours and at least a 3.0 University GPA. [2] They must be enrolled in a four-year degree-granting program. [2] Students are required to complete at least 50 percent of all minor coursework in the Lindner College of Business and earn a 2.0 in the minor courses to have the minor certified. [2]",Not Required,,True,False,False,False,False,False,,False,False,False,False,False,False,False,True,False,,,,W. P. Carey School of Business,"$12,975 per year for residents, $35,167 per year for non-residents",,,,,,,,"Marketing is a broad and integrated system of activities that helps organizations provide products and services that satisfy customers. Selling and advertising are the most visible parts of marketing, but there is much more. Marketers conduct research to gain insight into consumer motivation and behavior. This enables them to provide products and services in the right assortment, with the right message, at the right place, at the right price and time. [5]",,https://degrees.apps.asu.edu/bachelors?init=false&nopassive=true,"The University of Cincinnati's Lindner College of Business, which houses the marketing minor, has been accredited by the Association to Advance Collegiate Schools of Business (AACSB) since 1919. [2, 3] Less than five percent of the world's business programs have earned AACSB Accreditation. [3]",,,FALSE,False,,4.0,2,,,,,,,,,,,,,,,,,,False,False,,,,,,,,,,,,,,,,,,,,,,,"$2,000 - $2,500",,"Merit-based, Need-based, Program-specific, International student",FALSE,,,FALSE,FALSE,,,False
,Minor in Mathematical Sciences,,,,,Undergraduate,Fall 2026,,,,,,,Required,,,,False,False,True,,,,,True,False,False,False,True,True,False,False,False,,,,,,,,,,,,,"The Department of Mathematical Sciences offers an undergraduate minor in mathematics for students majoring in another area. It is offered to students in any college at the University of Cincinnati. Advanced placement and calculus transfer credit can be counted toward the minor. Mathematical sciences include the disciplines of pure mathematics, applied mathematics and statistics. Mathematicians and statisticians use representations of abstract ideas and relationships to solve problems, in order to arrive at a general understanding of how these representations work, as well as how they could be applied. Mathematical sciences majors learn complex analytical and problem-solving skills while exploring a range of mathematical topics and problems. [2]",,https://degrees.apps.asu.edu/bachelors?init=false&nopassive=true,The University of Cincinnati and all regional campuses are accredited by the Higher Learning Commission (HLC). [6],,,FALSE,False,,,,,,,,,,,,,,,,,,,,,False,False,,,110.0,,,,6.5,,,54.0,,80,,,,,,,,,,,,,,FALSE,,,FALSE,FALSE,,,
,Minor in Media Production,,,,,Undergraduate,Fall 2026,,,,Optional,Optional,Not Required,Required,"For general first-year admission, the University of Cincinnati requires a completed Common Application, a high school transcript, and an application fee. [4, 10] Letters of recommendation are optional but can be submitted. [4] The university takes a holistic approach to reviewing applications, considering factors like grades, the rigor of coursework (such as AP, honors, or dual credit), application essays, and extracurricular activities. [6, 7]",Not Required,,True,True,False,False,False,False,,False,False,False,False,False,False,False,False,False,,,,CCM (College-Conservatory of Music),"For the 2025-26 academic year, the per-term tuition for the Uptown/Clifton cohort is $7,197 for Ohio residents, $7,506 for Metro residents, and $14,864 for non-residents. [16]",,,,,,,,"CCM's minor in Media Production (MPRO) prepares students in the integrated media arts of film and digital cinema, television and broadcast media news, audio production, and new media design. The Media Production minor entrees students in the integrated media arts of filmmaking and digital cinema, episodic and commercial television production, broadcast news media and talent development, interactive and new media, social media, audio production and sports media. The Media Production minor is student centered, professionally relevant and focused on creativity and development. Students will benefit from small class sizes, an innovative, flexible curriculum that reflects industry demands, experienced faculty who provide exposure to professional media tools and methodologies, and classes that develop creativity and storytelling skills. [2]",,https://degrees.apps.asu.edu/bachelors?init=false&nopassive=true,The University of Cincinnati and all regional campuses are accredited by the Higher Learning Commission. [2],,$600 per credit hour for the 2025-26 Uptown/Clifton cohort.,FALSE,False,,4.0,2.0,,,,,,,,,,,,,,,,,,False,False,,,,,,,,,,,,,,,,,,,,,,,"Awards range from $1,000 to $15,000 each year for the University of Cincinnati Global Scholarship. [7]",,Merit-based,FALSE,,,FALSE,FALSE,,,False
,Minor in Music,,,,,Undergraduate,Fall 2026,,,,Not Required,Required,,,"To apply to the Music minor program, current UC students must send an email with the subject line 'Music minor application' to holly.pratt@uc.edu, including a PDF of their most recent degree audit and a Word document essay of about 400-500 words detailing their educational and career goals and their reasons for wanting to minor in music. [2] All applicants must be current UC students. [2]",Required,,True,False,False,False,False,False,,False,False,False,False,False,False,False,False,False,,,,Herberger Institute for Design and the Arts,,,,,,,,,"The Music minor at the College-Conservatory of Music prepares students in the field of music as a complement to almost any other major. Non-music majors across the university choose the Music minor to develop valuable skills for the marketplace, build cultural awareness, and participate in the artistry of music-making. [2] Students anticipating careers in many fields find involvement in music an essential aspect of their undergraduate experience. [2] In the Music minor, students engage with musical materials, analysis and techniques, while also studying music as a cultural and historical process. [2] The curriculum is adaptable so that students may design their coursework to emphasize a particular skill area, or sample more broadly from multiple areas. [2, 3] Courses are offered in the histories of various musical styles and cultures, ethnomusicology, music theory, music composition, music technology, jazz studies, commercial music production, and performance studies. [2, 5]",,https://degrees.apps.asu.edu/bachelors?init=false&nopassive=true,The University of Cincinnati and all regional campuses are accredited by the Higher Learning Commission. [2] The University of Cincinnati College-Conservatory of Music is also an accredited institution of the National Association of Schools of Music (NASM).,,,FALSE,False,,4.0,2.0,,,,,,,,,,,,,,,,,,False,False,,,,,,,,,,,,,,,,,,,,,,,,,,FALSE,,,FALSE,FALSE,,,False
,Minor in Neuroscience,,,,,Undergraduate,Fall 2026,,,,Not Required,Not Required,Not Required,,"To add a minor, a student must already be pursuing a baccalaureate degree at the University of Cincinnati. [8] The process involves accessing and completing the ""Declare a Minor"" application form through the university's online portal. [8]",Not Required,,True,False,False,False,False,False,,False,False,False,False,False,False,False,False,False,,,,The College of Liberal Arts and Sciences,,,,,,,,,,,https://degrees.apps.asu.edu/bachelors?init=false&nopassive=true,,,,FALSE,True,,4.0,2.0,,,,,,,,,,,,,,,,,,False,False,,,,,,,,,,,,,,,,,,,,,,,,,"['Merit-based', 'Need-based', 'Academic', 'Athletic', 'Community service', 'Employer-sponsored']",FALSE,,,FALSE,FALSE,,,False
,Minor in Nutrition Sciences,,,,,Undergraduate,Fall 2026,,,,Not Required,Not Required,Not Required,Not Required,Admission requirements to declare the minor include: Enrollment in a baccalaureate degree program at the University of Cincinnati; Enrollment in a declared major at the University of Cincinnati; A minimum University GPA of 3.0. [2],Not Required,,True,False,False,False,False,False,,False,False,False,False,False,False,False,True,False,,,,,"The estimated out-of-state tuition for the 2026 academic year is $34,113. [4] This is a general university fee and not specific to a Minor in Nutrition Sciences.",,,,,,,,,,https://degrees.apps.asu.edu/bachelors?init=false&nopassive=true,,,,FALSE,False,,,,,,,,,,,,,,,,,,,,,False,False,,,,,,,,,,,,,,,,,,,,,,,"A 'Commitment Scholarship' of $7,500 is available for out-of-state students for Fall 2026. [21]",,"ASU offers various scholarships, including merit-based 'New American University Scholarships' and need-based aid. [5, 9]",FALSE,,,FALSE,FALSE,,,False
,Minor in Philosophy,,,,,Undergraduate,Fall 2026,,,,Not Required,Not Required,,,"Students already pursuing a degree in any college at UC can add the minor to their program. [2] Be sure to submit a declaration of the minor using our online form. [2] In addition, you must meet with the program director so that the department is aware that you are pursuing the minor and can advise you appropriately. [2]",Not Required,,True,False,False,False,False,False,,False,False,False,False,False,False,False,False,False,,,,New College of Interdisciplinary Arts and Sciences,,,,,,,,,"The user has specified a URL from Arizona State University but is asking for information on the University of Cincinnati. The provided URL is incorrect for the requested university. A search of the University of Cincinnati's official website for a 'Minor in Philosophy' program reveals the following description: 'As a philosophy minor at UC's College of Arts and Sciences (A&S), you'll sharpen your reading, writing, and critical thinking skills through the study of philosophical texts and ideas. [5] Philosophy deals with basic questions, such as: What is knowledge? What makes something morally wrong? What is the mind? What is art? Some courses deal with the history of thought about such questions. [4] Other courses deal with contemporary discussions of these questions. [4] In addition, philosophy deals with a variety of questions that arise in the context of contemporary science and morality, such as: What is evolution? Can computers think? May doctors assist in suicide? [4] Courses dealing with these sorts of questions are often interdisciplinary in nature, drawing on such subjects as biology, psychology and medicine. [4] The best reason to study philosophy is simply because it is interesting. [3, 4] However, in addition to satisfying a need to know, philosophy offers a number of additional benefits. [4] Students who study philosophy learn to think deeply and carefully about complex issues. [3, 4] They learn to construct precise arguments in defense of their ideas. [3, 4] They learn to write well. [4] Because most of our courses are small (especially at the 3000-level and above), students receive close personal attention to better help them develop these important skills.' [4]",,https://degrees.apps.asu.edu/bachelors?init=false&nopassive=true,"The University of Cincinnati and all regional campuses are accredited by the Higher Learning Commission. [2, 3, 4, 7]",,,FALSE,False,,4.0,2.0,,,,,,,,,,,,,,,,,,False,False,,,,,,,,,,,,,,,,,,,,,,,"The New American University Scholarship is a merit-based award for incoming international undergraduate students with amounts ranging up to $14,500. [6, 19]",,"Merit-based, Need-based",FALSE,,,FALSE,FALSE,,,False
,Minor in Physics,,,,,Undergraduate,Fall 2026,,,,Not Required,Not Required,Not Required,Not Required,"Students already pursuing a degree in any college at UC can add the minor to their program. [2] Be sure to submit a declaration of the minor using our online form. [2] In addition, you must meet with the program director so that the department is aware that you are pursuing the minor and can advise you appropriately. [2]",Not Required,,False,False,False,False,False,False,,False,False,False,False,False,False,False,True,False,,,,College of Arts and Sciences,,,,,,,,Astrophysics,"The undergraduate minor in physics is designed to provide students with a sound introduction to both classical and modern physics. It is offered to students in any college at the University of Cincinnati; however, the required physics courses must be taken in the College of Arts and Sciences. [2] Physics is the study of the aphysical laws of nature. Physicists apply these laws to draw conclusions about a wide range of phenomena, from the structures of subatomic particles to planetary motion. Students in physics develop strong analytical skills, learning to produce and examine critically exact quantitative evidence for theories about the workings of the universe. [3] The Undergraduate minor in physics (concentration in Astrophysics) is designed to provide students with a sound introduction to astronomy and astrophysics. It is offered to students in any college at the University of Cincinnati; however, the required physics coursesmust be taken in the College of Arts and Sciences. [2]",,https://degrees.apps.asu.edu/bachelors?init=false&nopassive=true,,,,FALSE,True,,4.0,,,,,,,,,,,,,,,,,,,False,False,,,,,,,,,,,,,,,,,,,,,,,,,"Merit-based, Need-based",FALSE,,,FALSE,FALSE,,,False
,Minor in Political Science,,,,,Undergraduate,Fall 2026,,,,Not Required,Not Required,Not Required,Required,,Not Required,,True,False,True,False,False,False,,True,False,False,False,True,True,False,False,False,,,,,,,,,,,,,"Political science is the study of politics and government, both in the United States and around the world. [2] Political science minors develop strong research and analytical skills while exploring topics such as the philosophies on which governments have been founded, the ways in which citizens affect and are affected by their governments and relationships within the international community. [2]",,https://degrees.apps.asu.edu/bachelors?init=false&nopassive=true,,,,FALSE,False,,,,,,,,,,,,,,,,,,,,,False,False,,,,,,,6.5,,,53.0,,79,,,,,,,,,,,,,,FALSE,,,FALSE,FALSE,,,False
,Minor in Professional Sales,,,,,Undergraduate,Fall 2026,,,,Not Required,Not Required,Optional,Required,"To add the Professional Sales minor, non-Lindner students at the University of Cincinnati must have 30 earned semester credit hours and at least a 2.5 University GPA while being enrolled in a four-year degree-granting program. [2, 4] It is also required to complete at least 50 percent of all minor coursework in the Lindner College of Business and earn a 2.0 in minor courses to be certified. [2]",Not Required,,True,False,True,,False,False,,True,False,False,False,True,True,False,False,False,,,,,,,,,,,,,"The purpose of this minor is to prepare students for success in a professional selling environment and develop the ability to use professional sales skills for success in other careers. Sales representatives sell in the business to business sector, the service industry and in retailing.",,https://degrees.apps.asu.edu/bachelors?init=false&nopassive=true,"The University of Cincinnati Carl H. Lindner College of Business, which houses the Professional Sales minor, has been accredited by the Association to Advance Collegiate Schools of Business (AACSB) since 1919. [2, 4] The professional sales program at the Lindner College of Business is also an Associate Member of the University Sales Center Alliance and has been named one of the top programs in North America by the Sales Education Foundation. [7]",,,FALSE,False,,,,,,,,,,,,,,,,,,,,,False,False,,,110.0,,,,6.5,,,54.0,,80,,,,,,,,,,,,,,FALSE,,,FALSE,FALSE,,,False
,Minor in Psychology,,,,,Undergraduate,Fall 2026,,,,Not Required,Not Required,Not Required,Not Required,"Students already pursuing a baccalaureate degree in any college at the University of Cincinnati can add the minor to their program by submitting a 'Declare a Minor' request form. [2, 9] The minor requires the completion of 18 credit hours in psychology, starting with PSYC1001 (Introduction to Psychology). [3, 4]",Not Required,,True,False,False,False,False,False,,False,False,False,False,False,False,False,True,False,,,,The College of Liberal Arts and Sciences Department of Psychology,,,,,,,,,"Psychology is the scientific study of the behavior of animals and humans. Psychology students develop strong research and analytical skills while exploring all phases of human life. They study behavior of individuals and groups, both the well-adjusted and the dysfunctional. Students of psychology are interested in conducting research to discover patterns of human behavior, as well as in applying psychological principles and techniques to solving social and individual problems. [2] The strong critical thinking skills, along with the abilities to research, write and understand human behavior, and acquiring skills to work with others developed in the curriculum are highly valued in a wide range of positions in industry, business, law and social services. [2]",,https://degrees.apps.asu.edu/bachelors?init=false&nopassive=true,"The University of Cincinnati and all regional campuses are accredited by the Higher Learning Commission (HLC). [7] While the PhD in Clinical Psychology program is noted as being accredited by the American Psychological Association (APA), no specific accreditation information is provided for the minor itself. [3, 4]",,,FALSE,False,,4.0,2,,,,,,,,,,,,,,,,,,False,False,,,,,,,,,,,,,,,,,,,,,,,,,,FALSE,,,FALSE,FALSE,,,False
,Minor in Public Health,,,,,Undergraduate,Fall 2026,,,,Not Required,Not Required,Not Required,Required,Enrollment in the minor is restricted to current UC bachelor's degree seeking students from any major. [5] Students can request to declare the minor by clicking here. [5],Not Required,,True,False,False,False,False,False,,True,False,False,False,False,False,False,False,False,,,,"The Public Health minor is a collaborative effort, with the College of Medicine certifying its completion. [29]","For the 2025-2026 incoming undergraduate cohort at the UC Uptown campus, tuition is set at $7,197 per semester for Ohio residents ($14,394 per year) and $14,864 per semester for non-residents ($29,728 per year) under the Cincinnati Tuition Guarantee. [27]",,,,,,,,"The Interdisciplinary minor in Public Health integrates key aspects of preventing disease, prolonging life and promoting health through the organized efforts and informed choices of society, organizations, communities and individuals. [5] The Public Health minor is ideal for students who are in a program in a health related field, but may also appeal to students in other colleges who have an interest in learning about how their major impacts the broader aspects of the field of public health (such as pre-law, urban planning, criminal justice, education, and landscape design, among others). [5] Students in the minor increase their awareness of emerging issues in public health, the social and behavioral aspects of preventing disease, environmental health concepts, the changing U.S. health care system and the monitoring of diseases in the community through their study of applied public health research. [5]",,https://degrees.apps.asu.edu/bachelors?init=false&nopassive=true,"The University of Cincinnati and all regional campuses are accredited by the Higher Learning Commission. [2, 3, 4, 12]","$8,195","In 2024-25, the part-time cost for Ohio residents at the UC Uptown campus was $582 per credit hour. [6]",FALSE,False,,,,,,,,,,,,,,,,,,,,,False,False,,,,,,,,,,,,,,,,,,,,,,,,,"The university offers various scholarships, including merit-based awards like the Cincinnatus Scholarship Program and need-based grants. [18, 21]",FALSE,,,FALSE,FALSE,,,False
,Minor in Real Estate,,,,,Undergraduate,Fall 2026,,,,,,,,,,,True,True,False,False,False,False,,False,False,False,False,False,False,False,False,False,,,,Carl H. Lindner College of Business,,,,,,,,,"The minor in real estate in the Carl H. Lindner College of Business is an ideal complement to many business degrees, as it will provide students with career options in functional areas within brokerage and leasing or property management firms, urban planning and administration or corporate real estate management. [4] Students pursuing degrees in disciplines that impact the real estate field will also find the real estate minor to be of value. [4] Related disciplines include architecture, construction, geography and urban planning. [4] Real estate is a profession that provides a service that affects lives and contributes to development that impacts societies everywhere. [4] The industry spans a wide variety of related opportunities, including mortgage banking, construction, title insurance, property management, brokerage and leasing, appraising and real estate development. [4] For those with a good knowledge of the industry, coupled with an entrepreneurial spirit, real estate can provide a profitable career. [4]",,https://degrees.apps.asu.edu/bachelors?init=false&nopassive=true,,,"$468/Credit Hour (in-state) and $1,107/Credit Hour (out-of-state) for the 2022-2023 academic year. [18]",FALSE,False,,4.0,"A minimum university GPA of 3.0 is required for admission to the minor, and a 2.0 GPA must be earned in the minor's courses for certification. [30]",,,,,,,,,,,,,,,,,,False,False,,,,,,,,,,,,,,,,,,,,,,,"Specific scholarships for real estate students are available, such as the BEARE Fellow Scholarship at $4,000 and the Neyer Properties Scholarship at $2,500. [3]",,"Merit-based scholarships are available for students. [3, 38]",FALSE,,,FALSE,FALSE,,,False
,Minor in Religious Studies,,,,,Undergraduate,Fall 2026,,,,Not Required,Not Required,Optional,Required,"Current ASU undergraduate students may pursue a minor and have it recognized on their ASU transcript at graduation. The minor in religious studies consists of 15 credit hours, at least nine of which must be completed at the upper-division level. All courses must be passed with a grade of ""C"" (2.00 on a 4.00 scale) or higher. Prerequisite courses may be needed in order to complete the requirements of this minor. [4]",Not Required,,True,False,False,,False,False,,True,False,False,False,True,True,,False,False,,,,College of Arts and Sciences,"$14,394/Year (in-state), $29,728/Year (out-of-state) for the 2025-2026 cohort. Tuition costs for 2026-27 will be set in June 2026.",,,,,,,,"The certificate in religious studies provides a multidisciplinary introduction to the study of religion by examining religious traditions through the methods of literary analysis, philosophy, sociology, anthropology and history. [2, 10] Incorporating courses from several departments, the certificate fosters critical thinking by exposing students to diverse methodologies and perspectives. [2, 10] Students will deepen their conceptual understanding of religion as well as familiarize them with various religions. [2, 10] This certificate will help students engage in well-informed and thoughtful discourse about religion in general and specific religious traditions. [2]",,https://degrees.apps.asu.edu/bachelors?init=false&nopassive=true,"The University of Cincinnati and all regional campuses are accredited by the Higher Learning Commission. [2, 8, 11]","$7,878","$600 (in-state), $1,239 (out-of-state) for the 2025-2026 cohort.",FALSE,False,,4.0,,,,,,,,,,,,,,,,,,,False,False,,,110.0,,,,6.5,,,54.0,,80,,,,,,,,,,,"Awards range from $1,000 to $15,000 each year.",,"Merit-based, Need-based",FALSE,,,FALSE,FALSE,,,False
,Minor in Sociology,,,,,Undergraduate,Fall 2026,,,,Not Required,Not Required,,,"To declare a minor in Sociology, current University of Cincinnati students must submit a declaration form online. [2, 5] They are also required to meet with the program director for advising. [2] The university notes that minors can only be completed in addition to a major and are not awarded as stand-alone credentials. [6] For students transferring into the College of Arts and Sciences from another UC college, a cumulative 2.0 GPA is generally required. [3]",Not Required,,True,False,False,False,False,False,,False,False,False,False,False,False,False,False,False,,,,New College of Interdisciplinary Arts and Sciences,,,,,,,,,"Sociology is the scientific study of society and the various groups that make up a society. Sociology students develop strong research and analytical skills while exploring the social causes and consequences of human behavior. They study the structure of societies and groups and explain how social change occurs within them. Sociologists both develop theories about social behavior and apply these theories to solve social problems and form social policy. [7] A minor is a structured group of courses that leads to considerable knowledge and understanding of a subject, although with less depth than a major. [8] Students already pursuing a degree in any college at UC can add the minor to their program. [7]",,https://degrees.apps.asu.edu/bachelors?init=false&nopassive=true,The University of Cincinnati and all regional campuses are accredited by the Higher Learning Commission. [7],,,FALSE,False,,4.0,2,,,,,,,,,,,,,,,,,,False,False,,,,,,,,,,,,,,,,,,,,,,,,,,FALSE,,,FALSE,FALSE,,,False
,Minor in Spanish,,,,,Undergraduate,Fall 2026,,,,Not Required,Not Required,Optional,Required,"Students already pursuing a degree in any college at UC can add the minor to their program. Be sure to submit a declaration of the minor using the Declare a Minor online form. In addition, you must meet with the program director so that the department is aware that you are pursuing the minor and can advise you appropriately. [2]",Not Required,,True,False,False,,False,False,,True,False,False,False,True,True,False,False,False,,,,College of Arts and Sciences,"$7,197/Term",,,,,,,,"Why study Spanish? Students of Spanish study the language, culture, and literature of Spain, most of Latin America and the Spanish-speaking United States. Spanish majors develop linguistic skills and enrich themselves through the study of a variety of cultures.",,https://degrees.apps.asu.edu/bachelors?init=false&nopassive=true,The University of Cincinnati and all regional campuses are accredited by the Higher Learning Commission. [3],7878,$600,FALSE,False,,4.0,3,,,,,,,,,,,,,,,,,,False,False,,,110.0,,,,6.5,,,54.0,,80,,,,,,,,,,,"Awards range from $1,000 to $15,000 each year and are renewable for up to four academic years.",,Merit-based,FALSE,,,FALSE,FALSE,,,False
,"Minor in Speech, Language and Hearing Sciences",,,,,Undergraduate,Fall 2026,,,,Not Required,Not Required,Not Required,Required,"Admission requirements to declare the minor include: Enrollment in a baccalaureate degree program at the University of Cincinnati, enrollment in a declared major at the University of Cincinnati, and a minimum University GPA of 3.0. [2]",Not Required,,True,False,False,False,False,False,,True,False,False,False,True,True,False,False,False,,,,,,,,,,,,,"The Speech Language Hearing Sciences minor program is designed for students interested in health care, education, the vocal mechanism, and the sciences. You may find this minor beneficial for broadening future employment opportunities, graduate school, and/or for improving your own communication skills. Coursework completed as part of this minor can also be used to fulfill some or all prerequisites for graduate studies in audiology, deaf education and speech-language pathology. [4] The minor provides students in a variety of majors at the University of Cincinnati with the opportunity to explore topics related to speech, language, swallowing & hearing disorders. [4] Coursework will provide you with a strong foundation of the basic principles of working with individuals with communication disorders throughout the lifespan. [4]",,https://degrees.apps.asu.edu/bachelors?init=false&nopassive=true,The University of Cincinnati and all regional campuses are accredited by the Higher Learning Commission. [4],,,FALSE,False,,,,,,,,,,,,,,,,,,,,,False,False,,,,,,,6.5,,,53.0,,79,,,,,,,,,,,,,,FALSE,,,FALSE,FALSE,,,False
,Minor in Statistics,,,,,Undergraduate,Fall 2026,,,,Not Required,Not Required,Not Required,Required,Information regarding specific application requirements for the Minor in Statistics is not available on the University of Cincinnati's website. The general process for adding a minor is to 'Declare a Minor' through the university's Catalyst student information system. [10],Not Required,,True,False,True,False,False,False,,True,False,False,False,True,True,False,False,False,,,,,,,,,,,,,The Division of Statistics and Data Science in the Department of Mathematical Sciences offers an undergraduate minor in statistics for students majoring in another area. It is offered to students in any college at the University of Cincinnati. [7] The minor in statistics will let students with their major fields of study equip statistical and data analytical skills. The statistical and data analysis knowledge and skills assist the students to better prepare for a career in their chosen field or graduate studies where quantitative analysis skills play an important role. [9] The minor in statistics program will provide students from various fields with essential statistics knowledge and data analysis skills they can use in their own specific fields. [7] Students will learn data collection; data summarization and visualization; modeling for various types of data; making inferences and predictions; quantifying uncertainty; and facilitating decision-making. [7],,https://degrees.apps.asu.edu/bachelors?init=false&nopassive=true,"The University of Cincinnati and all regional campuses are accredited by the Higher Learning Commission. [5, 7]",,,FALSE,False,,,,,,,,,,,,,,,,,,,,,False,False,,,,,,,6.5,,,53.0,,79,,,,,,,,,,,,,,FALSE,,,FALSE,FALSE,,,False
,"Minor in Women's, Gender, and Sexuality Studies",,,,,Undergraduate,Fall 2026,,,,Not Required,Not Required,Not Required,Required,Students who are already pursuing a degree in any college at the University of Cincinnati can add the minor to their program. [2] Interested students should complete the Declaration of A&S Minor and schedule an advising session with the undergraduate director. [6],Not Required,,True,False,True,False,False,False,,True,False,False,False,True,True,False,False,False,,,,College of Arts and Sciences,,,,,,,,,,,https://degrees.apps.asu.edu/bachelors?init=false&nopassive=true,,,"For the 2025-2026 academic year, the per-credit-hour rate for in-state undergraduate students at the Uptown Campus is $600. [30] For out-of-state students, the rate is $1,239. [30]",FALSE,False,,,,,,,,,,,,,,,,,,,,,False,False,,,,,,,6.5,,,53.0,,79,,,,,,,,,,,"Scholarship amounts range from $1,000 annually up to full tuition, room and board, and a book allowance. [18] For example, numerous Century and University Scholarships of $6,000 to $24,000 are awarded, and 20 Presidential Scholarships of $120,000 are awarded annually. [19]",,"The university offers merit-based scholarships, such as the Cincinnatus Scholarship Program, for incoming first-year students. [4, 10] Other available aid includes grants, loans, and work-study programs. [11]",FALSE,,,FALSE,FALSE,,,False
