Id,ProgramName,ProgramCode,Status,CreatedDate,UpdatedDate,Level,Term,TermCode,LiveDate,DeadlineDate,Resume,StatementOfPurpose,GreOrGmat,EnglishScore,Requirements,WritingSample,CollegeId,IsAnalyticalNotRequired,IsAnalyticalOptional,IsDuoLingoRequired,IsELSRequired,IsGMATOrGreRequired,IsGMATRequired,IsGreRequired,IsIELTSRequired,IsLSATRequired,IsMATRequired,IsMCATRequired,IsPTERequired,IsTOEFLIBRequired,IsTOEFLPBTRequired,IsEnglishNotRequired,IsEnglishOptional,AcademicYear,AlternateProgram,ApplicationType,Department,Fees,Fees.1,IsAvailable,ProgramType,AdmissionDepartmentId,CreatedBy,UpdatedBy,Concentration,Description,OtherConcentrations,ProgramWebsiteURL,Accredidation,AverageScholarshipAmount,CostPerCredit,IsRecommendationSystemOpted,IsStemProgram,MaxFails,MaxGPA,MinGPA,PreviousYearAcceptanceRates,QsWorldRanking,TotalAccepetedApplications,TotalCredits,TotalDeniedApplications,TotalI20sIssued,TotalScholarshipsAwarded,TotalSubmittedApplications,TotalVisasSecured,UsNewsRanking,CollegeApplicationFee,IsCollegePaying,MEContractNegotiatedFee,MyGradAppFee,ProgramCategory,IsCollegeApplicationFree,IsCouponAllowed,IsACTRequired,IsSATRequired,SftpDestinationId,MinimumACTScore,MinimumDuoLingoScore,MinimumELSScore,MinimumGMATScore,MinimumGreScore,MinimumIELTSScore,MinimumMATScore,MinimumMCATScore,MinimumPTEScore,MinimumSATScore,MinimumTOEFLScore,MLModelName,MinimumAnalyticalScore,MinimumEnglishScore,MinimumExperience,MinimumSopRating,WeightAnalytical,WeightEnglish,WeightExperience,WeightGPA,WeightSop,ScholarshipAmount,ScholarshipPercentage,ScholarshipType,IsNewlyLaunched,BatchId,IsImported,IsImportVerified,Is_Recommendation_Sponser,AnalyticalScore,MinimumLSATScore,IsGRERequired
,"Doctor of Education in Curriculum and Instruction, Elementary Education",,,,,Doctoral,Fall 2026,,,,Required,Required,,,"For the Ph.D. in Curriculum and Instruction, applicants are expected to have a master's degree in education or a related field, a minimum graduate GPA of 3.3, and at least three years of relevant professional experience. The application requires a resume/CV, a statement of purpose, a writing sample, and three letters of recommendation. The statement of purpose should outline your academic and professional background, research interests, and career goals, and also identify one or two faculty members whose research aligns with your interests. The writing sample should be a single-authored scholarly piece. GRE scores are not required for admission.",Required,,True,False,False,False,False,False,,False,False,False,False,False,False,False,False,False,,,,,,,,,,,,,"The Ph.D. Program in Curriculum and Instruction is designed to develop scholarly leaders who can creatively and critically address the myriad of challenges and possibilities in education. With a focus on research, theory, and practice, the program prepares graduates for roles as university faculty, researchers, and leaders in a variety of educational institutions. Students in the program engage in rigorous inquiry, exploring diverse perspectives on curriculum, teaching, and learning. The program is tailored to individual interests, allowing students to work closely with faculty to design a course of study and research that aligns with their professional goals.",,https://graduateschool.vt.edu/academics/programs.html,,,,FALSE,False,,,,,,,,,,,,,,,,,,,,,False,False,,,,,,,,,,,,,,,,,,,,,,,,,,FALSE,,,FALSE,FALSE,,,
,Doctor of Education in Educational Leadership and Policy Studies,,,,,Doctoral,Fall 2026,,,,,,Not Required,REQUIRED,,,,True,False,False,False,False,False,,True,False,False,False,False,True,False,False,False,,,,College of Liberal Arts and Human Sciences,,,,,,,,,"The Educational Leadership and Policy Studies a leading program designed for aspiring educational leaders and future faculty in educational leadership and policy studies. [7] The vast majority of our doctoral students pursue the Ed.D., though a Ph.D. option is available. For over fifty years, the Virginia Tech Educational Leadership and Policy Studies Parental Program has prepared aspiring educational administrators throughout the Commonwealth. Ed.D. graduates leave with the skills they need to lead ethically; advance equity and social justice in educational settings; consider and implement educational policy; lead innovative practices; communicate with diverse constituents; and improve the learning and well-being of all PK-12 students. [6, 9] The program is designed for working professionals, our programs can be completed on a part- or full-time basis, with coursework that incorporates modern theories with real-life practice. [7]",,https://graduateschool.vt.edu/academics/programs.html,"Our Educational Leadership & Policy Studies Program is accredited by the Council for the Accreditation of Educator Preparation. Since 2015, the program has been a member of the University Council for Educational Administration (UCEA), a consortium of higher education institutions committed to the advancement of educational leadership. [2]",,,FALSE,False,,4.0,,,,,,,,,,,,,,,,,,,False,False,,,,,,,6.5,,,,,90,,,,,,,,,,,,,,FALSE,,,FALSE,FALSE,,,
,Doctor of Education in Integrative STEM Education,,,,,Doctoral,Fall 2026,,,,Required,,Not Required,REQUIRED,"A master's degree from an accredited college or university with an earned GPA of 3.3 (on a 4.0 scale). [1] Three letters of recommendation are required. [1] Once your graduate school application is accepted, the program leader will contact you for a faculty interview (either face-to-face or online). [1]",Required,,True,True,False,False,False,False,,True,False,False,False,False,True,False,False,False,,,,College of Liberal Arts and Human Sciences,,,,,,,,,"The Integrative STEM Education Doctoral program (Ed. D. or Ph. D.) Is designed for students who already hold a Master's Degree in education or STEM fields. [1] Either of the Ed. D. or Ph. D. programs will help you build on your existing knowledge and experience as you expand your understanding of STEM education by researching aspects related to integrative strategies for teaching STEM concepts. [1] This degree path is best suited for students who are interested in pursuing a career in fields related to educational research, postsecondary education, teacher education, or educational leadership and administration. [1] In the Integrative STEM Education Doctoral program, we emphasize the interconnectedness of science, technology, engineering, and mathematics disciplines as we help our students explore teaching and learning methods. [1] Real-world problems are rarely limited to a single school subject, and, as educators, we must help our students develop the ability to transfer skills and knowledge among subjects. [1] This holistic and integrative approach to teaching and learning is both more effective and more fun, for both teachers and students alike. [1] The Ed. D. is an applied degree, for those interested in leadership roles outside of academia. [1]",,https://graduateschool.vt.edu/academics/programs.html,,,,FALSE,True,,4.0,3.3,,,,,,,,,,,,,,,,,,False,False,,,,,,,6.5,,,,,"90 (for tests taken prior to January 21, 2026)",,,,,,,,,,,,,,FALSE,,,FALSE,FALSE,,,
,Doctor of Philosophy in Aerospace Engineering,,,,,Doctoral,Fall 2026,,,,Required,Required,Not Required,REQUIRED,"The application package must include a completed application form, a statement of purpose, official transcripts, a CV, and three letters of recommendation. [1]",Not Required,,True,False,False,False,False,False,,True,False,False,False,False,True,False,False,False,,,,Kevin T. Crofton Department of Aerospace and Ocean Engineering,,,,,,,,,"This research-oriented degree can focus on one or more specializations, including Areas of Expertise.",,https://graduateschool.vt.edu/academics/programs.html,,,,FALSE,True,,4.0,3.5,,,,,,,,,,,,,,,,,,False,False,,,,,,,6.5,,,,,90,,,,,,,,,,,,,"Fellowships, Scholarships",FALSE,,,FALSE,FALSE,,,
,"Doctor of Philosophy in Alliance for Social, Political, Ethical, and Cultural Thought",,,,,Doctoral,Fall 2026,,,,Required,Required,Optional,REQUIRED,"A master's degree with minimum GPA 3.5 (4 Scale); Overall GPA 3.3 (4 Scale) in undergraduate education; TOEFL /IELTS Required (If Applicable). [3, 7] Students may apply to ASPECT on the basis of actual completion of an M.A degree or equivalent (e.g., M.S, M.Arch., M.B.A., or J.D.) or of the promise that an M.A. degree or equivalent will be obtained prior to entering the ASPECT Ph.D. program. [7]",Required,,False,True,True,False,False,False,,True,False,False,False,True,True,False,False,False,,,,College of Liberal Arts and Human Sciences,"$36,212/Year",,,,,,,"['Social Thought and Theory', 'Political Thought and Theory', 'Ethical Thought and Theory', 'Cultural Thought and Theory']","The ASPECT Ph. D. program fosters a critical engagement between domains of inquiry in the humanities, the social sciences, and the arts. [13] We bring together theoretical and empirical cross-disciplinary methodologies, concepts, salient issues, and analytical perspectives generated by ethical thought, cultural studies, political economy, social and political theory, intellectual history, critical world order studies, and aesthetics, performance arts and visual studies. [3] The Ph. D. curriculum concentrates on methodological and theoretical issues, as well as domains where social, political, ethical, and cultural thought are put to work in understanding social and individual transformations in contemporary and historical contexts. [3] Students pursuing the ASPECT Ph. D. select a major and a minor concentration chosen from among four areas: 1) social thought, 2) political thought, 3) ethical thought, and 4) cultural thought. [3] Additional ASPECT courses requirements offer education in interdisciplinary theory, methodology, and professional development. [3]",,https://graduateschool.vt.edu/academics/programs.html,,,"$1,812.25",FALSE,False,,4.0,3.5,,,,,,,,,,,,,,,,,,False,False,,,115.0,,,,6.5,,,59.0,,90,,,,,,,,,,,,,Graduate Teaching Assistantships and fellowships,FALSE,,,FALSE,FALSE,,,
,Doctor of Philosophy in Animal Science,,,,,Doctoral,Fall 2026,,,,Not Required,Required,Not Required,REQUIRED,The School of Animal Sciences Graduate Program uses a holistic approach to admission. Our recommended metrics include an overall GPA of 3.0 and the GRE is encouraged with scores of 150 verbal and quantitative. The VT Graduate School requires a TOEFL score of 90. Materials are uploaded through the Graduate School portal. [16],Not Required,,True,True,False,False,False,False,,True,False,False,False,True,True,False,False,False,,,,School of Animal Sciences,"In-state: $19,218/Year, Out-of-state: $36,212/Year","In-state: $19,218/Year, Out-of-state: $36,212/Year",,,,,,"['animal behavior & welfare', 'livestock business management', 'equine science', 'animal breeding and genetics', 'reproductive physiology', 'neurophysiology', 'embryology', 'nutrition', 'biotechnology']","To prepare for the wide variety of career opportunities in animal and poultry sciences, students choose from one of three options: animal behavior, pre-vet, or no option. These options incorporate studies in areas such as animal behavior & welfare, livestream stock-business management, equine science, animal breeding and genetics, reproductive physiology, neurophysiology, embryology, nutrition, and biotechnology. The curriculum combines applications of biological sciences with significant hands-on experience, along with opportunities to work on the campus livestock and poultry research units and in the labs. Students also choose to study one or more groups of animals such as companion animal, equine, poultry, or livestock (beef cattle, sheep, and swine). Careers are available in science, business, and animal agriculture, as well as pre-professional preparation for veterinary medicine, medical school, graduate school, etc., in physiology, genetics, nutrition, behavior, or biotechnology.",,https://graduateschool.vt.edu/academics/programs.html,,,"In-state: $876, Out-of-state: $1,760",FALSE,True,,4.0,3.0,,,,,,,,,,,,,,,,,,False,False,,,,,,,6.5,,,59.0,,80,,,,,,,,,,,,,"teaching or research assistantships, scholarships, external fellowships, fellowships tied to a specific institution, or loans",FALSE,,,FALSE,FALSE,,,
,Doctor of Philosophy in Animal Sciences and Husbandry,,,,,Doctoral,Fall 2026,,,,,,Optional,REQUIRED,,,,False,False,True,False,False,False,,True,False,False,False,True,True,False,False,False,,,,School of Animal Sciences,,,,,,,,,"The School of Animal Sciences Graduate Program offers several degrees in multiple disciplines with programs of study tailored to fit the career objectives and interests of the students. [9] Our graduate students have diverse backgrounds and research interests with opportunities to conduct basic, applied, and computational research. [9] Additionally, graduate students have the the opportunity to gain classroom teaching experience and to participate in extension education programs along with their involvement in research programs. [9] The School resides in Litton-Reaves Hall, a modern, well-equipped, office building. [9] In addition to offices, it includes extensive laboratory and classroom facilities designed to support research, teaching, and extension programs. [9]",,https://graduateschool.vt.edu/academics/programs.html,,,,FALSE,True,,4.0,3.0,,,,,,,,,,,,,,,,,,False,False,,,115.0,,,,6.5,,,59.0,,90,,,,,,,,,,,,,"Assistantships, Scholarships",FALSE,,,FALSE,FALSE,,,
,Doctor of Philosophy in Architecture,,,,,Doctoral,Fall 2026,,,,Not Required,Required,GRE,REQUIRED,"In addition to the Virginia Tech Graduate School application requirements, applicants must have a master's degree in a closely allied field and must submit a portfolio and a 2,500-word statement of research focus. [10]",Required,,True,False,False,False,True,False,,True,False,False,False,False,True,True,False,False,,,,"School of Architecture, School of Design","Tuition and mandatory fees for in-state graduate students will rise by $653 to $19,218 and for out-of-state graduate students by $1,121 to $36,212 for the 2025-26 academic year. [26] An annual supplemental fee is also assessed to all graduate students majoring in Architecture and Design Research. [42]",,,,,,,,"The Ph.D. in Architecture and Design Research is a research-only degree offered through the College of Architecture, Arts, and Design. The program is for students who want to contribute to the body of knowledge in the disciplines of architecture, landscape architecture, industrial design, and interior design. The Ph.D. program is STEM-designated, with a curriculum that is structured to provide a foundation in research methods and the development of a dissertation that makes an original contribution to the field. Ph.D. students benefit from the diverse expertise of the faculty and the resources of a leading research university. The program encourages interdisciplinary research and collaboration with other departments and research centers at Virginia Tech.",,https://graduateschool.vt.edu/academics/programs.html,,,,FALSE,True,,,,,,,,,,,,,,,,,,,,,False,False,,,,,,Verbal: 154 or better; Quantitative: 152 or better,6.5,,,,,93,,,,,,,,,,,,,"The School of Architecture offers a one-time 'Technology Support Fund' scholarship based on financial need. [31] Additionally, assistantships with full tuition scholarships and out-of-state fee waivers are available for accepted students in the School of Performing Arts, which is within the same college. [40]",FALSE,,,FALSE,FALSE,,,
,Doctor of Philosophy in Biochemistry,,,,,Doctoral,Fall 2026,,,,,,,,,,,False,False,False,False,False,False,,False,False,False,False,False,False,False,False,False,,,,College of Agriculture and Life Sciences,,,,,,,,,"The Ph.D. program in the Department of Biochemistry at Virginia Tech prepares students for careers as independent researchers in biochemistry, molecular and cellular biology, molecular microbiology, biotechnology, and related areas. [3] The program emphasizes mentored dissertation research with the goal of training students to become capable, ethical, and independent researchers. [3] Coursework is typically completed within the first two years, with the remainder of the time focused on research. [3] The first year includes research rotations in three different faculty laboratories, coursework, journal clubs, and seminars. [3] Students select a dissertation advisor in late November of their first year and begin dissertation work in December. [3] A Qualifying Examination is required at the end of the first year, and a Preliminary Examination is required at the end of the second year. [3] The rest of the program is dedicated to research, journal clubs, and seminars, culminating in a written dissertation and oral defense. [3]",,https://graduateschool.vt.edu/academics/programs.html,,,,FALSE,False,,4.0,3.0,,,,,,,,,,,,,,,,,,False,False,,,,,,,,,,,,,,,,,,,,,,,,,"Teaching Assistantships, Research Assistantships, Fellowships",FALSE,,,FALSE,FALSE,,,
,Doctor of Philosophy in Bioinformatics,,,,,Doctoral,Fall 2026,,,,Optional,Required,,,"Admission to the Ph.D. Program in Genetics, Bioinformatics, and Computational Biology will follow the general guidelines set forth by the university and will include: A bachelor's degree from an accredited college or university or its equivalent. A minimum undergraduate GPA of 3.0 on a 4.0 scale. Three letters of recommendation. A written statement of intent/personal statement for pursuing graduate studies. TOEFL, IELTS, or IBT For applicants whose native language is not English, satisfactory scores from a standardized test of English Language Proficiency is required. [1]",Not Required,,True,False,False,False,False,False,,False,False,False,False,False,False,False,False,False,,,,Interdisciplinary College,,All admitted students are considered for financial aid which includes tuition waivers. [2],,,,,,,,,https://graduateschool.vt.edu/academics/programs.html,,,,FALSE,True,,4.0,3.0,,,,,,,,,,,,,,,,,,False,False,,,,,,,,,,,,,,,,,,,,,,,,,"graduate teaching assistantships (GTAs), graduate research assistantships (GRAs), and fellowships",FALSE,,,FALSE,FALSE,,,
,Doctor of Philosophy in Business with a concentration in Business Information Technology,,,,,Doctoral,Fall 2026,,,,Not Required,Required,Either,REQUIRED,"A complete application consists of the following items: A completed online application; GRE or GMAT scores (less than 5 years old) in 90th percentile (95th or higher is preferable). TOEFL (if required) scores sent to Virginia Tech; ETS Institution Code 5859. TOEFL score of 90 (IBT) or an IELTS score of 6.5 for admission; TOEFL scores of 20 or greater in Listening, Writing, Speaking, and Reading subsections are required. Students who anticipate appointment as Graduate Teaching Assistants are expected to have scored 25 or greater on the TOEFL Speaking subtest. Master's degree (unless one has exceptional research, work, or undergraduate record) with a GPA of 3.70 or higher. Undergraduate degree GPA of 3.50 or higher; Official transcripts of undergraduate and graduate course work and letters of recommendation should be sent to the Graduate School. [1]",Optional,,False,False,True,False,True,False,,True,False,False,False,True,True,False,False,False,,,,Pamplin College of Business,,,,,,,,Business Information Technology,"The Business Information Technology (BIT) PhD program at Virginia Tech is a highly innovative and interdisciplinary program that prepares students to become leading faculty members in top-tier research universities. [5] The program's STEM-based curriculum fuses operations management, supply chain management, management information systems, information systems, artificial intelligence, business analytics, decision science, and information technology. [5, 7] The BIT PhD curriculum is designed to fuse three primary areas of learning: (1) IS, operations management, and security discipline foundations; (2) science, theory, publishing, and career foundations; and (3) AI, ML, Analytics, and behavioral economics foundations. [6] All these areas are supported by broader interdisciplinary training, aiming to produce breakthrough combinations and research in interdisciplinary frontiers. [6] The program aims to tackle “Grand Challenges,” significant global problems requiring innovative societal, business, technology, and government transformations. [6]",,https://graduateschool.vt.edu/academics/programs.html,"The Pamplin College of Business, which offers the Ph.D. program, is accredited by The Association to Advance Collegiate Schools of Business (AACSB) International. [4, 9] This accreditation applies to the undergraduate, master's, and Ph.D. programs in business. [9]",,,FALSE,True,,4.0,3.0,,,,,,,,,,,,,,,,,,False,False,,,115.0,,90th percentile (95th or higher is preferable),90th percentile (95th or higher is preferable),6.5,,,59.0,,90,,,,,,,,,,,Full tuition waiver and a competitive stipend,,Merit-based,FALSE,,,FALSE,FALSE,,,
,Doctor of Philosophy in Chemistry,,,,,Doctoral,Fall 2026,,,,Required,Required,Optional,REQUIRED,"Applicants need to provide transcripts of all colleges attended, with the Graduate School at Virginia Tech rarely admitting students with GPAs less than 3.0. [5] Additionally, a statement of purpose, 3 letters of recommendation, and an updated CV are required. [8]",Not Required,,True,False,False,False,False,False,,True,False,False,False,False,True,False,False,False,,,,College of Science,,,,,,,,,"The Ph.D. in Chemistry is the highest degree offered in the department and is keenly focused on the development of research skills. The program's central component is the doctoral dissertation, which is an original and significant contribution to the body of chemical knowledge. Students will work in close-knit apprenticeship relationships with faculty who are leaders in their fields, and who are working at the very edge of discovery in the chemical sciences. Students typically complete this degree in five years.",,https://graduateschool.vt.edu/academics/programs.html,,,,FALSE,True,,,3.0,,,,,,,,,,,,,,,,,,False,False,,,,,,,6.5,,,,,90,,,,,,,,,,,,,,FALSE,,,FALSE,FALSE,,,
,Doctor of Philosophy in Civil Engineering,,,,,Doctoral,Fall 2026,,,,Required,Required,Optional,REQUIRED,"Admission for graduate study in Civil and Environmental Engineering at Virginia Tech is granted by the Graduate School, upon recommendation of the Civil and Environmental Engineering Department. Admission normally requires a bachelor's degree in engineering from an ABET-accredited engineering program. [3] A GPA of 3.00 or higher (on a 4.0 scale) for the last 60 semester hours is typically required. [6] Those without an engineering background must complete background courses or show proficiency in fundamental areas such as math, science, and engineering science. [4] Applicants must upload a copy of their official transcript into the online application. [3]",Not Required,,True,False,True,False,False,False,,True,False,False,False,False,True,False,False,False,,,,College of Engineering,,,,,,,,,,,https://graduateschool.vt.edu/academics/programs.html,,,,FALSE,True,,4.0,3.0,,,,,,,,,,,,,,,,,,False,False,,,115.0,,,,6.5,,,,,90,,,,,,,,,,,,,"Fellowships, Assistantships",FALSE,,,FALSE,FALSE,,,
,Doctor of Philosophy in Computer and Information Sciences,,,,,Doctoral,Fall 2026,,,,Required,Required,GRE,REQUIRED,"For direct-entry Ph.D. admissions, a bachelor's degree in computer science or a related area is required, with a minimum 3.5 GPA. GREs are not required. For regular Ph.D. admissions (for those with a master's degree), a master's degree in computer science or a related area is required. The master's degree should be from a U.S. university or a recognized international equivalent, with a 3.5 GPA in the master's program. For all applicants, three letters of recommendation are required, and a resume and statement of purpose must also be submitted. International students may need to submit TOEFL scores.",Not Required,,True,False,True,False,True,False,,True,False,False,False,True,True,True,False,False,,,,College of Engineering,,,,,,,,,,,https://website.cs.vt.edu/academic/graduate/future-grads.html,,,,FALSE,True,,4.0,3.0,,,,,,,,,,,,,,,,,,False,False,,,105.0,,,,6.5,,,53.0,,90,,,,,,,,,,,,,"assistantships, fellowships",FALSE,,,FALSE,FALSE,,,
,Doctor of Philosophy in Counselor Education and Supervision,,,,,Doctoral,Fall 2026,,,,,,Not Required,REQUIRED,"Doctoral program admission requirements include a master's degree in Counselor Education or a closely related field, including a counseling practicum and internship experience. Applicants with degrees in other counseling fields (i.e., Marriage and Family Therapy, Counseling Psychology) are considered but may be required to complete the CACREP master's degree core courses that were not included in their degrees. Applicants with at least two years of post-masters counseling experience are given the strongest consideration. Minimum 3.0 GPA in the master's program. Three letters of recommendation are required. Include a scanned copy of your official transcripts with your online application, then arrange for an official copy to be sent to both Graduate Admissions and School of Education after you receive an offer of admission.",,,True,False,False,False,False,False,,True,False,False,False,False,True,False,False,False,,,,School of Education,,,,,,,,,"The Virginia Tech Counselor Education Ph.D. program prepares students to function as counselor educators, clinical supervisors, or advanced clinicians, through coursework, research, and practical training. [3] The doctoral program in Counseling Education and Supervision is offered on our Blacksburg campus, and prepares skilled counselors who conduct impactful research, practice, supervise, and teach. [9] Our program strongly endorses the researcher-practitioner model. Our students receive a strong foundation in research methods that help them to design and conduct research that can be translated into practice. [8] Doctoral students in the Virginia Tech program have access to the latest instructional technologies, work closely with the faculty, and often collaborate on research, publications, and conference presentations. [8]",,https://graduateschool.vt.edu/academics/programs.html,Our Counselor Education Programs are accredited by the Council for Accreditation of Counseling and Related Educational Programs (CACREP). [9] They are also approved by the Virginia Department of Education for the preparation of school counselors. [9],,,FALSE,False,,4.0,3.0,,,,,,,,,,,,,,,,,,False,False,,,,,,,6.5,,,,,90,,,,,,,,,,,,,Graduate assistantships,FALSE,,,FALSE,FALSE,,,
,Doctor of Philosophy in Crop & Soil Environmental Sciences,,,,,Doctoral,Fall 2026,,,,,,Not Required,REQUIRED,"Applicants must submit an online application, pay a non-refundable $75 application fee, and provide a scanned copy of their college transcripts. [5] Official transcripts are required after an offer of admission is received. [5]",,,True,False,True,False,False,False,,True,False,False,False,True,True,False,False,False,,,,"School of Plant and Environmental Sciences, College of Agriculture and Life Sciences","Based on 2024-2025 rates, the estimated annual tuition and fees for a new graduate student in the College of Agriculture and Life Sciences are approximately $17,047 for Virginia residents and $32,662 for non-residents, taking 9 credit hours per semester. This includes a supplemental fee for the college. [5]","Based on 2024-2025 rates, the estimated annual tuition and fees for a new graduate student in the College of Agriculture and Life Sciences are approximately $17,047 for Virginia residents and $32,662 for non-residents, taking 9 credit hours per semester. This includes a supplemental fee for the college. [5]",,,,,,,"The School of Plant and Environmental Sciences offers PhD and MS degrees in three programs: Crop and Soil Environmental Sciences; Horticulture; and Plant Pathology, Physiology, and Weed Science. Within each program students are engaged in several fields of study related to departmental faculty research including resilient crop production, sustainable land management systems, ecological restoration, omic sciences, and allied technologies.",,https://graduateschool.vt.edu/academics/programs.html,,,"For the 2024-2025 academic year, the graduate tuition rate for Virginia residents is $851.00 per credit hour and $1,692.00 for non-residents. In addition to tuition, there are mandatory fees per semester. [5]",FALSE,False,,4.0,3.0,,,,,,,,,,,,,,,,,,False,False,,,115.0,,,,6.5,,,59.0,,80,,,,,,,,,,,,,"The Department of Crop and Soil Environmental Sciences offers various scholarships, and graduate students are often supported through research and teaching assistantships which typically include a stipend and tuition remission. [17]",FALSE,,,FALSE,FALSE,,,
,Doctor of Philosophy in Crop and Soil Sciences,,,,,Doctoral,Fall 2026,,,,,,Not Required,REQUIRED,,,,False,False,True,False,False,False,,True,False,False,False,True,True,False,False,False,,,,,,,,,,,,,"The School of Plant and Environmental Sciences offers PhD and MS degrees in three programs: Crop and Soil Environmental Sciences; Horticulture; and Plant Pathology, Physiology, and Weed Science. Within each program students are engaged in several fields of study related to departmental faculty research including resilient crop production, sustainable land management systems, ecological restoration, omic sciences, and allied technologies. [2]",,https://graduateschool.vt.edu/academics/programs.html,,,,FALSE,True,,,,,,,,,,,,,,,,,,,,,False,False,,,115.0,,,,6.5,,,59.0,,90,,,,,,,,,,,,,,FALSE,,,FALSE,FALSE,,,
,"Doctor of Philosophy in Curriculum and Instruction, Educational Psychology",,,,,Doctoral,Fall 2026,,,,Required,Required,Not Required,REQUIRED,"In addition to the application, the applicant is required to submit the following information: a statement of purpose, updated resume, official transcripts from all colleges attended, and three letters of recommendation. A scholarly writing sample in English (e.g., a master's thesis, article, or academic paper) is required for application to a doctoral program. [1]",Required,,False,True,True,False,False,False,,True,False,False,False,True,True,False,False,False,,,,,,,,,,,,Educational Psychology,"The Educational Psychology faculty offer a Ph.D. program in Curriculum and Instruction with a specialization in Educational Psychology. Students are prepared conspiracies and research positions in academic environments such as colleges, universities and school districts. Our doctoral program provides a context for graduate education that is focused on theory, research, practice, innovation, inquiry, and equity. [2] The program emphasizes the research and theories related to learning and motivation, as well as how to apply the research and theories to practice. Students in the Educational Psychology Doctoral Program study learning, development, motivation, assessment, testing, and instructional design. [2] Individualized programs of study are developed for students to ensure that their studies prepare them well for the career paths they choose. [2]",,https://graduateschool.vt.edu/academics/programs.html,,,,FALSE,False,,,,,,,,,,,,,,,,,,,,,False,False,,,120.0,,,,6.5,,,59.0,,80,,,,,,,,,,,,,,FALSE,,,FALSE,FALSE,,,
,"Doctor of Philosophy in Curriculum and Instruction, Elementary Education",,,,,Doctoral,Fall 2026,,,,Required,Required,Not Required,REQUIRED,An appropriate master's-level degree from an accredited institution; Qualify for admission to the Graduate School; A GPA of 3.0 or above in one's graduate work; At least 3 years of experience teaching in grades K-12; TOEFL/ IELTS (For all non-U.S. citizens or non-U.S. permanent residents). [3],Required,,True,False,False,False,False,False,,True,False,False,False,False,True,False,False,False,,,,School of Education,,,,,,,,Elementary Education,"The PhD track in elementary education is designed to help students contribute to the advancement of knowledge needed to address the dynamic challenges of contemporary education at the elementary level. The program trains leaders in educational research and encourages students to delve deep into their own research areas. Key emphases of the program include a focus on interdisciplinary approaches to curriculum development, the use of inquiry as a primary pedagogical approach, the importance of a strong understanding of diversity and its social and educational implications, and the role of child development and learning theories as a foundation for research and teaching in elementary settings. Students are prepared for teaching and research positions in academic environments like colleges and universities, as well as in school districts. The program provides a context for graduate education focused on theory, research, practice, innovation, inquiry, and equity. [1, 2]",,https://graduateschool.vt.edu/academics/programs.html,,,,FALSE,False,,,,,,,,,,,,,,,,,,,,,False,False,,,,,,,6.5,,,,,90,,,,,,,,,,,,,Graduate Assistantships,FALSE,,,FALSE,FALSE,,,
,"Doctor of Philosophy in Curriculum and Instruction, History and Social Science Education",,,,,Doctoral,Fall 2026,,,,Required,Required,Not Required,REQUIRED,"Applicants must have a Master's degree with a grade point average of 3.0 or above in graduate work. A completed Graduate School application is necessary, along with three professional letters of recommendation. An interview with the admissions committee is also required. Applicants should have relevant teaching experience, defined as three or more years of K-12 teaching or other significant teaching experience. [1]",,,True,False,True,False,False,False,,True,False,False,False,True,True,False,False,False,,,,School of Education,,,,,,,,History and Social Science Education,"The School of Education at Virginia Tech offers a doctoral program in Curriculum and Instruction with emphasis in History and Social Science Education. [1] The doctoral program is made up of full time and part-time doctoral students. [1] Every effort is made to secure graduate assistantships for full-time students as they complete their one-year academic residency requirement. [1] Students are expected to complete doctoral examinations and dissertation including qualifying exam, preliminary exam, prospectus and final examination. [1] The History and Social Science Education Doctoral Program emphasizes the following strands of research pertaining to History and Social Science: Comparative studies of history and social science education, Education of preservice and in-service teachers, How students learn history and social science, The role of multimedia and technology to support historical inquiry, Curriculum History, Citizenship Education, Teaching and Learning with and About Difficult Knowledge / History informal and informal setting, and Learning and Assessment in Social Studies. [1] The History and Social Science Education Doctoral Program is primarily designed to prepare researchers and higher education faculty. [1] The possible career paths could be but not limited to faculty positions in post-secondary education and for leadership positions in secondary education. [1] The History and Social Science Education Doctoral Program at Virginia Tech is designed to prepare reflective educators who are ready, willing, and able to facilitate the type of systematic critical literacy work that is a vital part of preparing 21st century citizens to become thoughtful and nuanced readers of the word and the world, both past and present. [1]",,https://graduateschool.vt.edu/academics/programs.html,,,,FALSE,False,2,4.0,3.0,,,,,,,,,,,,,,,,,,False,False,,,115.0,,,,6.5,,,59.0,,80,,,,,,,,,,,,25% discount for in-state K-12 teachers,"Dan B. Fleming Jr. Endowed Scholarship in History and Social Science Education, Assistantships, Fellowships",FALSE,,,FALSE,FALSE,,,
,"Doctor of Philosophy in Curriculum and Instruction, Integrative STEM Education",,,,,Doctoral,Fall 2026,,,,Required,,Not Required,REQUIRED,"A master's degree from an accredited college or university with an earned GPA of 3.3 (on a 4.0 scale). [2] Three letters of recommendation are required. [2] Please provide your current Curriculum Vitae or Resume as part of your application to this program. [2] Two writing samples. [2] Once your graduate school application is accepted, the program leader will contact you for a faculty interview (either face-to-face or online). [2]",Required,,True,True,False,False,False,False,,True,False,False,False,False,True,False,False,False,,,,,,,,,,,,Integrative STEM Education,"The Integrative STEM Education Doctoral program (Ph.D.) is designed for students who already hold a Master's Degree in education or STEM fields. It helps students build on their existing knowledge and experience as they expand their understanding of STEM education by researching aspects related to integrative strategies for teaching STEM concepts. The program emphasizes the interconnectedness of science, technology, engineering, and mathematics disciplines as it helps students explore teaching and learning methods. This degree path is best suited for students who are interested in pursuing a career in fields related to educational research, postsecondary education, teacher education, or educational leadership and administration. The Ph.D. is considered a research-focused degree for those who are interested in pursuing a career in academia where the conduct of research would be an integral part of one's position. [1]",,https://graduateschool.vt.edu/academics/programs.html,,,,FALSE,True,,,,,,,,,,,,,,,,,,,,,False,False,,,,,,,6.5,,,,,90,,,,,,,,,,,,,,FALSE,,,FALSE,FALSE,,,
,Doctor of Philosophy in Economics,,,,,Doctoral,Fall 2026,,,,,,GRE,REQUIRED,,,,False,False,False,False,True,False,,True,False,False,False,False,True,False,False,False,,,,,,,,,,,,,,,https://graduateschool.vt.edu/academics/programs.html,,,,FALSE,False,,,,,,,,,,,,,,,,,,,,,False,False,,,,,,155 minimum on Quantitative. No set minimum on Verbal.,6.5,,,,,90,,,,,,,,,,,,,,FALSE,,,FALSE,FALSE,,,
,Doctor of Philosophy in Educational Administration,,,,,Doctoral,Fall 2026,,,,Required,Required,Not Required,REQUIRED,"Minimum eligibility requirements include an appropriate master's-level degree from an accredited institution with at least a 3.3 GPA on the most recent two years of university coursework, and experience serving in a school leadership position. [6] Application materials include transcripts, three letters of recommendation, a writing sample, a letter of interest and curriculum vitae/resume, and an interview with faculty. [6] GRE scores are not required. [6]",Required,,True,False,False,False,False,False,,True,False,False,False,False,True,False,False,False,,,,School of Education,,,,,,,,,"The Doctor of Philosophy (Ph.D.) in Educational Leadership and Policy Studies is designed for individuals who wish to pursue careers in university teaching or in policy-related work. The program focuses on developing advanced research and analytical skills for educational leaders, emphasizing the intersection of leadership, policy, and practice to address educational challenges. Students engage in critical inquiries related to equity, inclusiveness, and systemic change in educational settings. The curriculum includes coursework in governance and policy, quantitative and qualitative research methods, literature reviews, advanced school law, advanced school finance, legal aspects of special education, theories of educational administration, and more. An individual program of studies is planned for each student based on their academic background and interests.",,https://graduateschool.vt.edu/academics/programs.html,The Educational Leadership & Policy Studies Program is accredited by the Council for the Accreditation of Educator Preparation (CAEP).,,,FALSE,False,,4.0,3.3,,,,,,,,,,,,,,,,,,False,False,,,,,,,6.5,,,,,90,,,,,,,,,,,,25%,Discount for in-state K-12 teachers,FALSE,,,FALSE,FALSE,,,
,Doctor of Philosophy in Educational Leadership and Policy Studies,,,,,Doctoral,Fall 2026,,,,Required,Required,Not Required,REQUIRED,"The Autobiographical statement/Vita/Resume should present significant information regarding education, training, experience, accomplishments, current professional employment, and organizational memberships and activities, community involvement, and avocation interests. [2]",,,False,False,False,False,False,False,,True,False,False,False,False,True,False,False,False,,,,"School of Education, College of Liberal Arts and Human Sciences","In-state: $19,218/year, Out-of-state: $36,212/year","In-state: $19,218/year, Out-of-state: $36,212/year",,,,,,special education administration,"The Doctor of Philosophy (Ph.D.) program in Educational Leadership & Policy Studies (ELPS) (EPS), with provisions for educational leadership, including special education administration, is designed for a person who is anticipating an academic career or in an area of practice which demands theoretical research expertise; who is interested in theory and conceptual analysis; and is interested in research which has potential for advancing education theory and practice. [1] As a member of the Educational Leadership and Policy Studies program, you will develop the knowledge, skills, and dispositions necessary to transform teaching and learning, conduct groundbreaking research, and engage with and lead learning communities at home and around the globe. Reimagining the future of education begins with educational leadership practices that put educational excellence, innovation, and equity at the fore. [6]",,https://graduateschool.vt.edu/academics/programs.html,Our Educational Leadership & Policy Studies Program is accredited by the Council for the Accreditation of Educator Preparation. [6],,"In-state: $876, Out-of-state: $1,760",FALSE,False,,4.0,3.3,,,,,,,,,,,,,,,,,,False,False,,,,,,,6.5,,,,,90,,,,,,,,,,,,,"Graduate assistantships, fellowships, and program-specific scholarships.",FALSE,,,FALSE,FALSE,,,
,Doctor of Philosophy in Educational Research and Evaluation,,,,,Doctoral,Fall 2026,,,,,,,,"The official Virginia Polytechnic Institute and State University Board of Visitors minutes from March 22, 2021, indicate a resolution to discontinue the Doctor of Philosophy in Educational Research and Evaluation (EDRE) program. [8, 9] Therefore, application requirements are not available.",,,False,False,False,False,False,False,,False,False,False,False,False,False,False,False,False,,,,School of Education,,,,,,,,,"Central to the mission of the Educational Research and Evaluation Program is a commitment to achieving excellence in teaching, research, and service to various communities. The Educational Research and Evaluation motivating factor is committed to fostering the highest quality research and scholarly practice in its faculty and students. It also strives to provide research expertise and other forms of service that effectively meet the needs of the School of Education, other parts of the university community, and the broader community. In each facet of its mission, the Educational Research and Evaluation Program embraces respect for, and a commitment to, diversity in its various forms.",,https://graduateschool.vt.edu/academics/programs.html,The Educational Research and Evaluation Program is approved by the Virginia Department of Education. [1],,,FALSE,False,,4.0,3.0,,,,,,,,,,,,,,,,,,False,False,,,,,,,,,,,,,,,,,,,,,,,,,"scholarships, grants, and work-study programs",FALSE,,,FALSE,FALSE,,,
,Doctor of Philosophy in Electrical Engineering,,,,,Doctoral,Fall 2026,,,,Required,Required,Not Required,REQUIRED,"Admission requirements for the Ph.D. in Electrical Engineering at Virginia Tech include an undergraduate degree in engineering or physical sciences, TOEFL/IELTS scores for applicants from countries where English is not the primary language, a curriculum vitae or resume, transcripts from each post-secondary institution, a statement of intent, and at least three letters of recommendation. [1] The Graduate Record Exam (GRE) is recommended. [1]",,,False,True,True,False,False,False,,True,False,False,False,True,True,False,False,False,,,,"The Bradley Department of Electrical and Computer Engineering, College of Engineering",,,,,,,,"['Communications', 'Electromagnetics (E&M)', 'Electronic Components, Circuits, and Systems (ECCS)', 'Signals, Systems, & Controls', 'Power', 'Photonics']","The Doctor of Philosophy (Ph.D.) is the highest academic degree awarded by the university and is conferred upon students who demonstrate outstanding original scholarship during advanced study. [9] It signifies that the student is able to conduct independent research and has both a broad basic knowledge of all areas of the field and a comprehensive knowledge of one area. [9] Each Ph.D. student must complete a minimum of 92 credit hours, consisting of 30 course-credit hours, 60 credit-hours of research and dissertation, and 2 course-credit-hours of Seminar. [9] The PhD program in Electrical Engineering is designed for students who want to deepen their knowledge and advance research in the field. [8] It offers a flexible yet rigorous curriculum that emphasizes original research, preparing students to contribute to technological innovations. [8] Students applying for the Ph.D. program typically have a masters degree from an accredited college or university in EE, CPE, or a related field. [10] Highly qualified BSEE and BSCPE students are also admitted to the Ph.D. program. [10]",,https://graduateschool.vt.edu/academics/programs.html,,,,FALSE,True,,4.0,,,,,,,,,,,,,,,,,,,False,False,,,115.0,,,,6.5,,,59.0,,80,,,,,,,,,,,,,"Graduate Research Assistantships, Graduate Teaching Assistantships, Fellowships",FALSE,,,FALSE,FALSE,,,
,Doctor of Philosophy in English Education,,,,,Doctoral,Fall 2026,,,,Required,Required,Not Required,REQUIRED,"Master's degree. Grade point average of 3.0 or above in graduate work. A completed Graduate School application. Three professional letters of recommendation, e.g. professors or relevant educational employers. An interview with the English Education admissions committee, including a discussion of the application folio and other related issues. Relevant teaching experience: Three or more years of teaching English in the middle or high school level (grades 6-12). [3]",Required,,True,False,False,False,False,False,,True,False,False,False,False,True,False,False,False,,,,"School of Education, College of Liberal Arts and Human Sciences",,,,,,,,English Education,"The Doctor of Philosophy in Curriculum and Instruction with an emphasis in English Education at Virginia Tech is primarily designed to prepare researchers, English/Literacy teacher education faculty, and Literacy Curriculum Coaches. [3] The program prepares English teachers, teacher educators, and scholars to be successful in the context of increasingly standardized education reforms. [3, 9] Working from the perspective that learning should be a generative act, faculty guide students in the exploration of concepts that make student-centered, dialogic approaches central constructs in the study of teaching and learning. [3, 9] Courses focus on literacy development and consider the roles of language and culture in approaches to teaching that bring classroom content into dialogue with students' lives in 21st century classrooms. [3, 9] The program emphasizes several research strands, including Dialogic approaches to teaching and learning, New literacies and adolescent learning, Adolescent literacy, The study of literature and writing in K-12 contexts, Literacy development, and Critical literacy. [3] Please note, the program's website states that it is undergoing restructuring and is not currently accepting new students. [13]",,https://graduateschool.vt.edu/academics/programs.html,"Virginia Polytechnic Institute and State University is institutionally accredited by the Southern Association of Colleges and Schools, Commission on Colleges. [14] No specific accreditation for the Doctor of Philosophy in English Education program is mentioned on the university's website. [14]",,,FALSE,False,,,,,,,,,,,,,,,,,,,,,False,False,,,,,,,6.5,,,,,90,,,,,,,,,,,,,Graduate Assistantships,FALSE,,,FALSE,FALSE,,,
,Doctor of Philosophy in Entomology,,,,,Doctoral,Fall 2026,,,,Required,Required,Not Required,REQUIRED,"Guidelines for evaluating students include the application, prior grades (minimum 3.4/4.0 GPA for Doctoral applicants) and coursework, TOEFL for foreign students only, research and job experiences, and recommendation letters. [3] Entering students are expected to have completed a course in organic chemistry upon admission. [8] All graduate students are required to demonstrate competency in basic insect biology and statistics prior to graduation. [8]",Not Required,,True,False,False,False,False,False,,True,False,False,False,False,True,False,False,False,,,,College of Agriculture and Life Sciences,,,,,,,,,,,https://graduateschool.vt.edu/academics/programs.html,,,,FALSE,True,,,,,,,,,,,,,,,,,,,,,False,False,,,,,,,6.5,,,,,90,,,,,,,,,,,,,,FALSE,,,FALSE,FALSE,,,
,Doctor of Philosophy in Environmental Design & Planning,,,,,Doctoral,Fall 2026,,,,Required,Required,Not Required,REQUIRED,"Admission to the graduate program in the Myers-Lawson School of Construction requires the submission of the Virginia Tech Graduate School Application. Required documents include a written statement of Academic and Professional Goals, a resume/curriculum vitae, and two letters of recommendation from Primary Faculty in the MLSoC. [13] For the EDP PhD program specifically, Graduate Record Examination (GRE) scores are also required. [13] A minimum score of 305 (verbal plus quantitative) on the GRE is recommended for admission. [13]",Not Required,,False,False,False,False,False,False,,True,False,False,False,False,True,False,False,False,,,,School of Public and International Affairs,,,,,,,,,"The Doctor of Philosophy in Environmental Design and Planning (EDP) at Virginia Tech's Myers-Lawson School of Construction equips students with the professional and academic skills needed to tackle the challenges of designing, constructing, and maintaining tomorrow's built environment, preparing them for successful careers in both industry and academia. [4] Through the diverse and comprehensive coursework of EDP, students will study a robust curriculum, spanning from core courses to cross-disciplinary research that bridges different disciplines. [4] This multidimensional approach to education allows students to develop a deep understanding of the built environment and fosters creative problem-solving skills. [4] Students have the flexibility to design their plan of study, working closely with faculty experts who provide guidance and mentorship. [4] The EDP degree encourages cross-disciplinary research, fostering innovation and collaboration to address real-world problems. [4]",,https://graduateschool.vt.edu/academics/programs.html,,,,FALSE,False,,4.0,3.0,,,,,,,,,,,,,,,,,,False,False,,,,,,,6.5,,,,,90,,,,,,,,,,,,,Graduate Assistantships,FALSE,,,FALSE,FALSE,,,
,Doctor of Philosophy in Family Studies Concentration,,,,,Doctoral,Fall 2026,,,,Required,Required,Not Required,REQUIRED,"Admissions Requirements include a bachelor's degree and master's degrees with a minimum GPA 3.0 (4 Scale), Transcripts, Three letters of recommendation, a Letter of Interest and CV, and a Writing Sample. [4, 5] For international applicants, TOEFL/IELTS scores are required. [5]",Required,,True,False,False,False,False,False,,True,False,False,False,False,True,False,False,False,,,,College of Liberal Arts and Human Sciences,,,,,,,,Family Studies Concentration,"The Family Science (FS) content area of the Human Development program provides a systematic approach to observing, understanding, and analyzing close relationships and families within their individual, social, and historical contexts. A major goal of the program is to prepare students for careers in the family field in teaching, research, and direct service. Programs of study are individualized, permitting inclusion of significant coursework in specific subjects related to marriage and family relationships across the life course. [1]",,https://graduateschool.vt.edu/academics/programs.html,,,,FALSE,False,,4.0,3.0,,,,,,,,,,,,,,,,,,False,False,,,,,,,6.5,,,,,90,,,,,,,,,,,All Ph.D. students that maintain full-time status and maintain a 3.0 GPA will be offered an assistantship (20 hours of work per week).,,Assistantships,FALSE,,,FALSE,FALSE,,,
,Doctor of Philosophy in Finance,,,,,Doctoral,Fall 2026,,,,,Required,Either,REQUIRED,"The admission decision for the Ph.D. program is a rigorous process in which candidates are evaluated on the basis of previous academic work, scores on admissions tests, letters of reference, statement of purpose and other factors. [9] All application materials should be received by the Graduate School by January 2. [9] The Department ordinarily requires that the candidate take the Graduate Management Admissions Test (GMAT), but will accept the GRE if the GMAT has not been taken. [9] Students recently admitted to the program have an average GMAT over 700 and a master's grade point average of typically greater than 3.5. [9] A minimum score of 100 for the iBT version of TOEFL is required for students whose native language is not English. [9]",Not Required,,False,False,False,False,True,False,,True,False,False,False,False,True,False,False,False,,,,Pamplin College of Business,,100% Tuition Waiver,,,,,,,"Full-time, research-intensive doctoral programs offered on the Blacksburg campus for scholars committed to advancing theory, publishing original research, and becoming future faculty leaders. [18] The doctoral program in finance in the Pamplin College of Business is a research-oriented program. [14] The program is designed to prepare students for successful academic careers in research and teaching. [14] The strength of our doctoral program is derived from high quality researchers on our faculty. [14] These faculty experts conduct one-on-one mentoring and work closely with students on research projects and publications. [14]",,https://graduateschool.vt.edu/academics/programs.html,"The Pamplin College of Business is one of only 5% of business schools worldwide accredited by this prestigious, international accreditation body. [15] Virginia Tech is accredited by the Commission on Colleges of the Southern Association of Colleges and Schools to award doctorate, masters, baccalaureate and associate degrees. [15] The Executive Ph. D. program is accredited by the Association to Advance Collegiate Schools of Business (AACSB). [15]","over $30,000",,FALSE,False,,4.0,,,,,,,,,,,,,,,,,,,False,False,,,,,,,6.5,,,,,100,,,,,,,,,,,,100% Tuition Waiver,"Graduate Teaching Assistantships, Merit-based scholarships",FALSE,,,FALSE,FALSE,,,
,Doctor of Philosophy in Food Science & Technology,,,,,Doctoral,Fall 2026,,,,Required,Required,Not Required,REQUIRED,"Application requirements include: Personal statement; Resume; Minimum 3.0 undergraduate GPA; Three recommendation letters, but only two are required for Virginia Tech undergraduates; Scanned official transcripts from all colleges/universities attended; For international applicants: TOEFL (min. total score: 90) or IELTS (min. total score: 6.5) score.",Not Required,,True,False,False,False,False,False,,True,False,False,False,False,True,False,False,False,,,,,,,,,,,,,"The department offers a graduate program leading to a doctoral degree that is built around courses in food science and technology, supported by courses in chemistry, biochemistry, microbiology, mathematics, statistics, engineering, and biology. [2] Individual graduate programs are planned with the advisor to prepare students for opportunities in industry, academia, and government. [2] Our program is designed to train accomplished and capable food scientists who can contribute effectively to our mission of increasing the safety, quality, and marketability of the global food supply. [2] Students will participate in innovative and novel research utilizing sophisticated lab spaces guided by some of the top faculty in their respective fields. [2] Many of these disciplines are on the cutting edge of scientific advancement and have only come into existence within the last decade. [2] The enriching hands-on experience and professional connections created by this program prepare students to graduate into fulfilling careers. [2]",,https://graduateschool.vt.edu/academics/programs.html,,,,FALSE,True,,,,,,,,,,,,,,,,,,,,,False,False,,,,,,,6.5,,,,,90,,,,,,,,,,,,,,FALSE,,,FALSE,FALSE,,,
,Doctor of Philosophy in Forestry and Forest Products,,,,,Doctoral,Fall 2026,,,,Required,Required,GRE,REQUIRED,"All applicants must meet the admission requirements of the Virginia Tech Graduate School. Admission requires a Bachelor of Science or Bachelor of Arts degree from an accredited college or university, along with evidence of strong potential for graduate-level study. [4] The Ph. D. is a research degree in which students specialize in a supporting discipline. Each Ph. D. student must complete at least 90 credit hours, with a minimum of 30 graded hours and at least 27 5000-level or higher hours. [13] Students are encouraged to contact faculty in their research interest area prior to application. [13]",,,False,False,True,False,True,False,,True,False,False,False,True,True,False,False,False,,,,Department of Forest Resources and Environmental Conservation,,"In-state: $6,852/Semester, Out-of-state: $16,125/Semester",,,,,,,"The Department of Sustainable Biomaterials is one of four academic departments within Virginia Tech's College of Natural Resources and Environment (CNRE). We are dedicated to advancing education and research in sustainable biomaterials, packaging, wood science, nanomaterials, polymer science, and forest products. Our curriculum spans an impressive range—from the fundamentals of nanotechnology and materials science to the processing, design, manufacturing, marketing, and management aspects of multiple industry sectors. [2] We provide educational and research opportunities in the areas of sustainable biomaterials, spanning the range from nanotechnology and the basic science of wood and other renewable materials, through processing, manufacturing, marketing, management, and competitiveness aspects of the various biomaterials industries. [2] Upon completion of requirements for obtaining an advanced degree in sustainable biomaterials, the diploma will read ""Forestry and Forest Products."" [2]",,https://graduateschool.vt.edu/academics/programs.html,,,"In-state: $571, Out-of-state: $1,344",FALSE,False,,4.0,3.0,,,,,,,,,,,,,,,,,,False,False,,,115.0,,,,6.5,,,59.0,,80,,,,,,,,,,,Varies,,merit-based and need-based,FALSE,,,FALSE,FALSE,,,
,Doctor of Philosophy in Foundations of Education,,,,,Doctoral,Fall 2026,,,,,,,REQUIRED,Applicants must have an appropriate master's degree from an accredited institution. Please provide a scanned copy of your college transcripts with your online application. Three letters of recommendation are required for Foundations of Education (Ph.D. in Curriculum and Instructions). [5],,,True,False,False,False,False,False,,True,False,False,False,False,True,False,False,False,,,,"School of Education, College of Liberal Arts and Human Sciences","For the 2024-25 academic year, annual tuition and mandatory fees for in-state graduate students were $18,565 and for out-of-state graduate students were $35,091. [8]","For the 2024-25 academic year, annual tuition and mandatory fees for in-state graduate students were $18,565 and for out-of-state graduate students were $35,091. [8]",,,,,,,"Students in the Foundations of Education Doctoral Program build individualized, interdisciplinary programs of study to help them address pressing issues in education at all levels, both locally and globally. Foundations of Education students acquire skills and tools from the humanities and social sciences—the philosophy, history, politics, and sociology of education—that enable critique and creative responses to educational challenges. We have special program focus on critical theory, rural education, literacy, social justice, equity, and inclusion. We emphasize applying research and theories to practice and policy. The program's relatively small size allows for close interaction and collaboration between doctoral students and Virginia Tech's world class faculty. [1]",,https://graduateschool.vt.edu/academics/programs.html,,,,FALSE,False,,4.0,3.0,,,,,,,,,,,,,,,,,,False,False,,,,,,,,,,,,,,,,,,,,,,,,,"The program offers full funding consideration for early applicants, which may include assistantships and fellowships. Students can also apply for federal loans and other scholarships through the Virginia Tech Office of Scholarships and Financial Aid.",FALSE,,,FALSE,FALSE,,,
,Doctor of Philosophy in General Business,,,,,Doctoral,Fall 2026,,,,,,,,,,,False,False,False,False,False,False,,False,False,False,False,False,False,False,False,False,,,,Pamplin College of Business,,,,,,,,,,,https://graduateschool.vt.edu/academics/programs.html,,,,FALSE,False,,4.0,,,,,,,,,,,,,,,,,,,False,False,,,,,,,,,,,,,,,,,,,,,,,,,Graduate assistantship with tuition waiver,FALSE,,,FALSE,FALSE,,,
,Doctor of Philosophy in Geography,,,,,Doctoral,Fall 2026,,,,Required,Required,GRE,REQUIRED,"Admission to the program requires: A Virginia Tech graduate application; A master's degree; Official transcripts of all undergraduate and graduate coursework completed; Three letters of reference, including at least two from former professors. [3]",Required,,False,False,True,False,True,False,,True,False,False,False,True,True,False,False,False,,,,,,,,,,,,,"Geosciences (GEOS) is the study of the Earth, including its composition, structure, and evolution. It is a multidisciplinary field that integrates principles of geology, physics, chemistry, biology, and mathematics to understand the Earth's processes and history. The Ph.D. in geosciences at Virginia Tech is a research-based program that prepares students for careers in academia, government, and industry. Students in the program conduct original research in a variety of areas, including hydrogeosciences, geobiology and geochemistry, geophysics, and geology. The program is designed to be completed in four to five years and culminates in the defense of a doctoral dissertation.",,https://graduateschool.vt.edu/academics/programs.html,,,,FALSE,True,,,,,,,,,,,,,,,,,,,,,False,False,,,115.0,,,,6.5,,,59.0,,80,,,,,,,,,,,,,,FALSE,,,FALSE,FALSE,,,
,Doctor of Philosophy in Geological Sciences,,,,,Doctoral,Fall 2026,,,,Required,Required,Not Required,REQUIRED,"For your graduate application you will need: A one-to two-page, double-spaced personal statement. A brief statement that describes your research interests and career aspiration in geosciences. Resume/CV. Transcripts from previous academic institutions. Three letters of recommendation. (No GRE required). [4]",Not Required,,True,False,False,False,False,False,,True,False,False,False,False,True,False,False,False,,,,,,,,,,,,"['Applied Geophysics', 'Aqueous and Environmental Geochemistry', 'Crustal Deformation', 'Economic Geology', 'Geobiology and Paleontology', 'Geohydrology', 'Mineralogy and Crystallography', 'Nanoscience', 'Petrology and High-Pressure Geochemistry', 'Sedimentary Geology', 'Tectonics']","The Department of Geosciences at Virginia Tech offers a Ph.D. program designed to prepare students for careers in academia, government, and industry. The program emphasizes interdisciplinary research and provides students with a strong foundation in the geosciences. Students work closely with faculty advisors to develop a personalized program of study and research. The department has a wide range of research facilities and is involved in various interdisciplinary research programs across the university.",,https://graduateschool.vt.edu/academics/programs.html,,,,FALSE,True,,,,,,,,,,,,,,,,,,,,,False,False,,,,,,,6.5,,,,,90,,,,,,,,,,,,,,FALSE,,,FALSE,FALSE,,,
,Doctor of Philosophy in Higher Education,,,,,Doctoral,Fall 2026,,,,Required,Required,,,"Applicants must have an appropriate master's-level degree from an accredited institution with at least a 3.3 GPA on the most recent two years of university coursework. Experience serving in a school leadership position is also required. [5] The application requires transcripts, three letters of recommendation, a writing sample, a letter of interest, and a curriculum vitae/resume. [5] An interview with faculty may also be required. [5]",Required,,True,False,False,False,False,False,,False,False,False,False,False,False,False,False,False,,,,,,,,,,,,,"The Ph.D. in Higher Education Is an 87-90-credit-beyond-the-bachelor's degree program that prepares graduates for a broad range of administrative and leadership positions in colleges and universities, including roles in academic affairs, student affairs, policy, planning, resource management, assessment, enrollment management, outreach and engagement, advancement, and equity, diversity, and inclusion, among others. Some graduates work for professional associations or as policy analysts for state and federal agencies. The program also prepares students for faculty positions in graduate programs in student affairs and higher education. Social justice and scholarly rigor are essential to the philosophical foundations of the program and the curriculum. Together, the program and the curriculum prepare graduates to emphasize social justice in their research and practice.",,https://graduateschool.vt.edu/academics/programs.html,,,,FALSE,False,,,,,,,,,,,,,,,,,,,,,False,False,,,,,,,,,,,,,,,,,,,,,,,,,,FALSE,,,FALSE,FALSE,,,
,Doctor of Philosophy in History,,,,,Doctoral,Fall 2026,,,,Required,Required,Not Required,REQUIRED,"In addition to the general Virginia Tech Graduate School application and a $75 fee, applicants to the history program are required to submit transcripts from all college-level institutions attended, a curriculum vitae (CV), and a letter of interest (250-500 words). [5] The letter should address why the applicant wants to undertake graduate work, their qualifications, what they expect from the program, their areas of interest, and what they expect to contribute. [5] Three letters of recommendation are also necessary. [5] A writing sample, ideally a 10-15 page research paper on a historical topic, is also required. [5]",Required,,True,False,True,False,False,False,,True,False,False,False,False,True,False,False,False,,,,College of Liberal Arts and Human Sciences,,,,,,,,,,,https://liberalarts.vt.edu/departments-and-schools/department-of-history/liberalarts-history-graduate-program-home-page.html,,,,FALSE,False,,4.0,3.0,,,,,,,,,,,,,,,,,,False,False,,,,,,,6.5,,,,,80,,,,,,,,,,,,,Graduate Assistantships (Teaching or Research),FALSE,,,FALSE,FALSE,,,
,Doctor of Philosophy in Horticulture,,,,,Doctoral,Fall 2026,,,,,,Not Required,REQUIRED,,,,False,False,False,False,False,False,,True,False,False,False,False,True,False,False,False,,,,School of Plant and Environmental Sciences,"For the 2024-2025 academic year, the estimated graduate school tuition and fees for in-state students is $18,564 and for out-of-state students is $35,092. [3] A 2.9% increase was estimated for the 2025-2026 academic year. [3] Program-specific tuition for Horticulture is not mentioned.",,,,,,,,"Our interdisciplinary program provides expertise and leadership in horticultural crop production, including fruits, vegetables, and ornamental crops, and the study of plant growth, development, and their interaction with the environment. Specific areas of faculty and student research include floriculture, urban horticulture, nursery production, viticulture, pomology, vegetable production, soil microbiology/metagenomics, resilient biofuels crops, ecological pest management, agriculture and climate change, and genome editing for crop improvement.",,https://graduateschool.vt.edu/academics/programs.html,"Virginia Polytechnic Institute and State Institution (Virginia Tech) is accredited by the Southern Association of Colleges and Schools Commission on Colleges (SACSCOC) to award associate, baccalaureate, masters, educational specialist, and doctorate degrees. [18]",,"For the 2025 academic year, the graduate tuition per credit hour is $876 for Virginia residents and $1,760 for out-of-state students. [3]",FALSE,True,,4.0,3.0,,,,,,,,,,,,,,,,,,False,False,,,,,,,6.5,,,,,90,,,,,,,,,,,,,Graduate research assistantships (GRA) and graduate teaching assistantships (GTA) are the most common sources of funding. [25],FALSE,,,FALSE,FALSE,,,
,Doctor of Philosophy in Hospitality & Tourism Management,,,,,Doctoral,Fall 2026,,,,Required,Required,Either,REQUIRED,"Admission decisions are made by a committee of faculty based on a number of criteria including: Fit with departmental mission and faculty research interests – a statement of research interests and experience is required. In this statement, an applicant should articulate her / his areas of interest and specialization. Additionally, students should also describe their research experience and background. Prior to being accepted, at least one member of the graduate faculty must agree that the applicant's research interests are a good fit with her / his interests. Official Test Scores [GMAT or GRE]; Previous academic work (official transcripts for all previous academic work are required). Curriculum Vita, reflecting both academic and professional experience. Letters of recommendation (3 letters are required). For students where English is a second language, TOEFL (Test of English as a Foreign Language) scores are required.",Not Required,,False,False,False,False,True,False,,True,False,False,False,False,True,True,False,False,,,,Pamplin College of Business,,,,,,,,Hospitality and Tourism Management,"Virginia Tech's Hospitality and Tourism Management Ph.D. in Business emphasizes the research applications of business concepts and strategies to hospitality and tourism management. More specifically, our Ph.D. students develop the knowledge and research skills to address the critical challenges and problems faced by hospitality and tourism businesses. [1] The goal of our program is to develop the next generation of faculty for Hospitality and Tourism Management Business programs at major research universities throughout the world. [1] We accomplish this goal by producing doctoral graduates who have both conceptual and methodological knowledge and significant research experience in the applications of that knowledge during their Ph.D. program. [1] Students develop the knowledge, skills and research abilities to become successful scholars by engaging in close and collegial research collaborations with a faculty comprised of internationally renowned scholars, journal editors, and professional leaders. [1] More specifically, our curriculum emphasizes (1) the understanding of business theories and practices in hospitality and tourism management and (2) the conceptual skills and understanding of research design, measurement, and statistical analyses necessary to be effective and productive researchers. [1]",,https://graduateschool.vt.edu/academics/programs.html,"As one of six departments in the Pamplin College of Business, our degree programs are accredited by AACSB (Association to Advance Collegiate Schools of Business). [2]",,,FALSE,False,,4.0,3.0,,,,,,,,,,,,,,,,,,False,False,,,,,,,,,,,,100,,,,,,,,,,,,,,FALSE,,,FALSE,FALSE,,,
,Doctor of Philosophy in Human Development,,,,,Doctoral,Fall 2026,,,,Required,Required,,,"A bachelor's degree and master's degrees with a minimum GPA of 3.0 (on a 4.0 scale) are required for admission. [12] Applicants should generally hold a master's degree or its equivalent in a mental health field. [5] The application requires three letters of recommendation, a letter of interest (personal statement), a curriculum vitae (CV), and a writing sample. [12, 5]",Required,,True,True,False,False,False,False,,False,False,False,False,False,False,False,False,False,,,,,,,,,,,,,"The doctoral program in Human Development provides a systematic approach to observing, understanding, and analyzing human development across the lifespan, close relationships, and families within their individual, social, and historical contexts. [1] Students complete coursework that includes developmental and systemic theories, qualitative and quantitative research methods and advanced statistical analysis, and opportunities to hone your area of expertise. [1] This program is designed for doctoral students who already hold a master's degree. For prospective students who do not have a master's degree, see our MS to PhD in Human Development program. [1] With a myriad of opportunities to do real-time research through our Child Development Center for Learning and Research (CDCLR), Family Therapy Center, and the Engagement Center for Creative Aging (ECCA), our multidisciplinary program provides prepares professionals for careers in academia, social services, health care, government, non-profits, and more. [1]",,https://graduateschool.vt.edu/academics/programs.html,,,,FALSE,False,,,,,,,,,,,,,,,,,,,,,False,False,,,,,,,,,,,,,,,,,,,,,,,,,,FALSE,,,FALSE,FALSE,,,
,"Doctor of Philosophy in Human Development, Child and Adolescent Development Concentration",,,,,Doctoral,Fall 2026,,,,Required,Required,Not Required,REQUIRED,"A bachelor's degree and master's degrees with minimum GPA 3.0 (4 Scale)
TOEFL/IELTS (For all non-U.S. citizens or non-U.S. permanent residents)
Transcripts (official copy must be sent after students receive an offer of admission)
Three letters of recommendation.
Letter of Interest and CV.
Writing Sample. [1]",Required,,True,False,True,False,False,False,,True,False,False,False,True,True,False,False,False,,,,College of Liberal Arts and Human Sciences,,,,,,,,Child and Adolescent Development (CAD),"The Child and Adolescent (CAD) content area focuses on understanding how to support optimal development for children and adolescents and their families. Students complete coursework that includes developmental theories, research methods and advanced statistical analysis, socio-emotional development, cognitive development, and parent-child interactions. The doctoral program in CAD focuses primarily on theory and research training for graduates interested in pursuing academic and research careers.",,https://graduateschool.vt.edu/academics/programs.html,,,,FALSE,False,,,,,,,,,,,,,,,,,,,,,False,False,,,115.0,,,,6.5,,,59.0,,80,,,,,,,,,,,,,,FALSE,,,FALSE,FALSE,,,
,"Doctor of Philosophy in Human Development, Marriage and Family Therapy Concentration",,,,,Doctoral,Fall 2026,,,,Required,Required,Optional,REQUIRED,"Applicants should hold a master's degree or its equivalent in a mental health field. All incoming MFT program area students must document their completion of the COAMFTE foundational curriculum. At the time of enrollment, applicants should have a minimum of 300 direct client contact hours with individuals, couples, and families. [13] The application, which has a $75 fee, requires undergraduate and graduate transcripts, three letters of recommendation, and clinical documentation. [13] In the online application, applicants should select “Human Development” as the major and then select “Marriage and Family Therapy PhD Program”. [13]",Required,,True,False,False,False,False,False,,True,False,False,False,False,True,False,False,False,,,,College of Liberal Arts and Human Sciences,"$19,218/Year (in-state); $36,212/Year (out-of-state)",,,,,,,Marriage and Family Therapy Concentration,"The doctoral program in Human Development with a concentration in Marriage and Family Therapy (MFT) provides a systematic approach to observing, understanding, and analyzing human development across the lifespan, close relationships, and families within their individual, social, and historical contexts. [1] Students complete coursework that includes developmental and systemic theories, qualitative and quantitative research methods and advanced statistical analysis, and opportunities to hone your area of expertise. [1] This program is designed for doctoral students who already hold a clinical master's degree. [1]",,https://graduateschool.vt.edu/academics/programs.html,,,,FALSE,False,,4.0,3.0,,,,,,,,,,,,,,,,,,False,False,,,,,,,,,,,,,,,,,,,,,,,"Full tuition remission, a monthly stipend, and health benefits are provided to all admitted Ph.D. students who maintain satisfactory progress.",100% of tuition for funded students,Research and/or teaching assistantships,FALSE,,,FALSE,FALSE,,,
,"Doctor of Philosophy in Human Nutrition, Foods & Exercise",,,,,Doctoral,Fall 2026,,,,Required,Required,Not Required,REQUIRED,"Identify a Graduate Program Faculty member in the respective track who is willing to direct your research program and serve as faculty advisor.
Complete the Graduate School Application. A resume, personal statement, three letters of reference, and official transcripts are required to apply. TOEFL or IELTS scores are required for non-U.S. citizens or non-U.S. permanent residents.",Not Required,,True,False,False,False,False,False,,True,False,False,False,False,True,False,False,False,,,,"Department of Human Nutrition, Foods, and Exercise",,,,,,,,"['Behavioral and Community Science', 'Clinical Physiology and Metabolism', 'Molecular and Cellular Science']","Our Doctor of Philosophy in HNFE program offers unparalleled versatility through distinct tracks: Behavioral and Community Science, Clinical Physiology and Metabolism, and Molecular and Cellular Science. Tailor your academic journey, delve into advanced research, and prepare for impactful contributions to the fields of human nutrition, foods, and exercise. [1] The mission of human nutrition, foods, and exercise is to discover, translate, and disseminate health-related advances in the nutrition, food, and exercise sciences. [6] Human Nutrition, Foods, and Exercise (HNFE) is a unique department that examines aspects of human health, including psychosocial aspects of health, behavioral intentions, human movement and performance, and weight management with a focus on chronic disease and prevention. [10] The curriculum builds on the biological, physical, and social sciences. [10] Many health issues including obesity, heart disease, and cancer have been associated with a person's food intake and level of exercise. [10]",,https://graduateschool.vt.edu/academics/programs.html,,,,FALSE,False,,4.0,3.0,,,,,,,,,,,,,,,,,,False,False,,,,,,,6.5,,,,,80,,,,,,,,,,,,,Graduate Assistantships,FALSE,,,FALSE,FALSE,,,
,Doctor of Philosophy in Management,,,,,Doctoral,Fall 2026,,,,Required,Required,Optional,REQUIRED,"All applicants are evaluated after the application deadline using a very rigorous process. The evaluation criteria include a statement of academic interests and goals, standardized test scores, prior academic performance including GPA, letters of recommendation, and prior work experience. [3] With all applications, official transcripts from all colleges and universities previously attended and at least two letters of recommendation are required. [3]",Not Required,,False,False,False,False,False,False,,True,False,False,False,False,True,,False,False,,,,Pamplin College of Business,,,,,,,,"['Organizational Behavior/Human Resources Management', 'Organizational & Management Theory', 'DEIA']","Die Ph.D. Das Programm für Betriebswirtschaftslehre mit Schwerpunkt Management am Pamplin College of Business widmet sich der Entwicklung der nächsten Generation von Forschungsfakultäten an führenden akademischen Einrichtungen. Unsere Kernaufgabe besteht darin, Doktoranden mit dem Wissen, den Fähigkeiten und Fertigkeiten hervorzubringen, die sie in die Lage versetzen, als Forscher und Lehrer zu fungieren und anschließend eine Anstellung als Fakultätsmitglieder an Forschungseinrichtungen zu erhalten. Unser Lehrplan legt durch unsere vier Kernkurse den Schwerpunkt auf eine solide Grundlage in strategischem Management, Organisationstheorie, Organisationsverhalten, Personalmanagement sowie Ethik und sozialer Verantwortung. Die Studierenden spezialisieren sich dann basierend auf ihren Forschungsinteressen auf einen dieser Bereiche und erwerben gleichzeitig Fähigkeiten in Forschungsdesign, -messung und statistischer Analyse, die es ihnen ermöglichen, zu Beginn ihrer akademischen Laufbahn effektive Forscher zu werden. Unsere Doktoranden arbeiten eng und kollegial mit unserer Fakultät zusammen, die aufgrund ihrer Forschungsleistungen national und international hohes Ansehen genießt.",,https://graduateschool.vt.edu/academics/programs.html,The Executive Ph.D. program is accredited by the Association to Advance Collegiate Schools of Business (AACSB).,,,FALSE,False,,,,,,,,,,,,,,,,,,,,,False,False,,,,,,,6.5,,,,,"90 (for tests taken prior to January 21, 2026) or 4.5 (for tests taken on or after January 21, 2026)",,,,,,,,,,,,,"Fellowships, assistantships",FALSE,,,FALSE,FALSE,,,
,Doctor of Philosophy in Marketing,,,,,Doctoral,Fall 2026,,,,Required,Required,Either,REQUIRED,"Submit your application, along with the $75 application fee, and track its progress online. Complete Application Requirements: CV/Resume; Statement of Purpose; 3 Letters of Recommendation; Official Transcripts; Official Test Scores [GMAT or GRE]; TOEFL required for International students. [5]",Not Required,,False,False,False,False,True,False,,True,False,False,False,False,True,False,False,False,,,,,,,,,,,,,,,https://graduateschool.vt.edu/academics/programs.html,,,,FALSE,False,,,,,,,,,,,,,,,,,,,,,False,False,,,,,,,6.5,,,,,90,,,,,,,,,,,,,,FALSE,,,FALSE,FALSE,,,
,Doctor of Philosophy in Mathematics,,,,,Doctoral,Fall 2026,,,,,,Not Required,REQUIRED,,,,False,False,True,False,False,False,,True,False,False,False,True,True,False,False,False,,,,,,,,,,,,Mathematical Physics,"The Ph. D. program is intended to provide a level of training and knowledge suitable for advanced, independent research. In completing the program the student moves beyond the relatively passive role of receiving knowledge presented in courses to become an active, self-motivated scholar. The doctoral program is designed, therefore, for those with the talent and determination to achieve this level of fluency in advanced mathematics.",,https://graduateschool.vt.edu/academics/programs.html,,,,FALSE,True,,,,,,,,,,,,,,,,,,,,,False,False,,,120.0,,,,6.5,,,59.0,,80,,,,,,,,,,,,,,FALSE,,,FALSE,FALSE,,,
,Doctor of Philosophy in Mathematics Education,,,,,Doctoral,Fall 2026,,,,Required,Required,Not Required,REQUIRED,"The Ph.D. in Curriculum & Instruction, specializing in Mathematics Education requires a master's degree, a GPA of 3.0 or above in graduate work, a completed Graduate School application, three professional letters of recommendation, an interview with the program faculty, a writing sample of scholarly work, and a letter of interest and curriculum vitae. [3]",Required,,True,False,False,False,False,False,,True,False,False,False,False,True,False,False,False,,,,School of Education,,"$15,845.00/year (in-state), $30,803.00/year (out-of-state)",,,,,,Mathematics Education,"The School of Education at Virginia Tech offers a doctoral program in Curriculum and Instruction with emphasis in Mathematics Education. [10] Our program at Virginia Tech unites faculty and students from the College of Science's Mathematics Department and the School of Education. [10] Our research focuses on understanding how students learn mathematics, which informs curriculum design, teaching practices, and assessment instruments. [10] We seek to establish equitable learning environments that take advantage of current research and technology. [10] The Mathematics Education Doctoral Program is primarily designed to prepare researchers and higher education faculty. [10]",,https://graduateschool.vt.edu/academics/programs.html,"Our Mathematics Education Teacher Education Program is approved by the Virginia Department of Education. The Mathematics Education Program is accredited by the Council for the Accreditation of Educator Preparation. [9, 11]",,"$880.25/credit hour (in-state), $1,711.25/credit hour (out-of-state)",FALSE,True,,4.0,3.0,,,,,,,,,,,,,,,,,,False,False,,,,,,,6.5,,,,,90,,,,,,,,,,,,,"Graduate assistantships, fellowships, and scholarships",FALSE,,,FALSE,FALSE,,,
,"Doctor of Philosophy in Mathematics, Education Option",,,,,Doctoral,Fall 2026,,,,Required,Required,Optional,REQUIRED,"To be eligible for the doctoral program, applicants must have a master's degree and a grade point average of 3.0 or above in graduate work. [4] Required application materials include a completed Graduate School application, three professional letters of recommendation, an interview with the Mathematics Education program faculty, a writing sample of scholarly work, a letter of interest, and a curriculum vitae. [4] Scanned official transcripts should be included with the online application. [3]",Required,,True,True,True,False,False,False,,True,False,False,False,True,True,False,False,False,,,,,,,,,,,,Education Option,"The School of Education at Virginia Tech offers a doctoral program in Curriculum and Instruction with emphasis in Mathematics Education. Our program at Virginia Tech unites faculty and students from the College of Science's Mathematics Department and the School of Education. Our research focuses on understanding how students learn mathematics, which informs curriculum design, teaching practices, and assessment instruments. We seek to establish equitable learning environments that take advantage of current research and technology. The Mathematics Education Doctoral Program is primarily designed to prepare researchers and higher education faculty.",,https://graduateschool.vt.edu/academics/programs.html,,,,FALSE,True,,,,,,,,,,,,,,,,,,,,,False,False,,,115.0,,,,6.5,,,59.0,,90,,,,,,,,,,,,,,FALSE,,,FALSE,FALSE,,,
,Doctor of Philosophy in Mechanical Engineering,,,,,Doctoral,Fall 2026,,,,Required,Required,Optional,REQUIRED,"Application requirements include: $75 application fee. Three references: All references must be submitted by the individual reference through the online process as part of your application. Letters of recommendation uploaded by the applicant will not be accepted. Statement of purpose: One page that articulates and demonstrates an applicant's specific qualifications and what that applicant's end goal might be once their work is completed. This document is submitted through the online application. Resume or CV. Supplemental material, such as previous research experience and/or a writing sample. 2-minute introductory video (PhD only). A minimum GPA of 3.0 is a Graduate School requirement. [3]",Optional,,True,True,False,False,False,False,,True,False,False,False,False,True,True,False,False,,,,,,,,,,,,,,,https://graduateschool.vt.edu/academics/programs.html,,,,FALSE,True,,,,,,,,,,,,,,,,,,,,,False,False,,,,,,,6.5,,,,,90,,,,,,,,,,,,,,FALSE,,,FALSE,FALSE,,,
,Doctor of Philosophy in Physics,,,,,Doctoral,Fall 2026,,,,Required,Required,Optional,REQUIRED,"To apply online, go to the Virginia Tech Graduate School's application system. You will be asked to enter or upload the following: A statement of purpose. TOEFL scores (for international students) Undergraduate transcripts. Names and email addresses of at least three references. CV/Resume. [3]",Not Required,,False,True,True,False,False,False,,True,False,False,False,True,True,False,False,False,,,,College of Science,,,,,,,,"['Astronomical Sciences', 'Biological Physics', 'Biomedical Physics', 'Condensed Matter', 'Experimental Condensed Matter Physics', 'Experimental Nuclear and Particle Physics', 'High Energy Nuclear and Particle Physics', 'Neuroscience', 'Neutrinos', 'Quantum Information', 'Soft Condensed Matter', 'String Theory', 'Theoretical Condensed Matter Physics', 'Theoretical Particle Physics and String Theory']","The Virginia Tech Department of Physics was established in 1872. A Master's degree program was established by 1929, and a doctoral program was added in the 1950s. Today, the graduate program provides students with a well-rounded education that fosters critical thinking on contemporary physics topics, preparing them for successful careers in academia, government, and industry. The program is dedicated to research in a wide range of areas, including Condensed Matter, High Energy Nuclear and Particle Physics, Astronomical Sciences, and Biophysics.",,https://graduateschool.vt.edu/academics/programs.html,,,,FALSE,True,,4.0,3.0,,,,,,,,,,,,,,,,,,False,False,,,115.0,,,,6.5,,,59.0,,80,,,,,,,,,,,,,"Merit-based scholarships, Teaching Assistantships, Research Assistantships",FALSE,,,FALSE,FALSE,,,
,Doctor of Philosophy in Physiology,,,,,Doctoral,Fall 2026,,,,Required,Required,Not Required,REQUIRED,"To apply, you must complete the Graduate School Application. A resume, personal statement, three letters of reference, and official transcripts are required. [2] It is also recommended to identify a Graduate Program Faculty member in the respective track who is willing to direct your research program and serve as a faculty advisor. [2]",Not Required,,True,False,False,False,False,False,,True,False,False,False,False,True,False,False,False,,,,"Department of Human Nutrition, Foods, and Exercise",,,,,,,,Clinical Physiology and Metabolism,"Our Doctor of Philosophy in HNFE program offers unparalleled versatility through distinct tracks: Behavioral and Community Science, Clinical Physiology and Metabolism, and Molecular and Cellular Science. Tailor your academic journey, delve into advanced research, and prepare for impactful contributions to the fields of human nutrition, foods, and exercise. [8]",,https://www.hnfe.vt.edu/graduate.html,,,,FALSE,True,,,,,,,,,,,,,,,,,,,,,False,False,,,,,,,6.5,,,,,80,,,,,,,,,,,,,,FALSE,,,FALSE,FALSE,,,
,"Doctor of Philosophy in Planning, Governance, & Globalization",,,,,Doctoral,Fall 2026,,,,Required,Required,Optional,REQUIRED,"Admission to the PGG program is based on a combination of five criteria: Performance in Master's program/Academic Transcript; Letters of recommendation; Statement of purpose/interest in program; Professional background and experience; The availability of funding to support the applicant. Applicants should have master's degrees in closely allied fields, such as Planning, Landscape Architecture, Political Science, Sociology, International Relations, Geography, and Economics, among others. [3, 4]",Not Required,,True,True,False,False,False,False,,True,False,False,False,False,True,True,False,False,,,,School of Public and International Affairs,,,,,,,,"['Urban & Environmental Design & Planning', 'Governance & Globalization']","The doctoral program in Planning, Governance & Globalization (PGG) takes a multidisciplinary approach to pursuing these areas of inquiry, utilizing two tracks rooted in different disciplines: “Urban & Environmental Design & Planning” administered by faculty in Urban Affairs & Planning (UAP) and “Governance & Globalization” administered by faculty in Government & International Affairs (GIA). [3, 6] Globalization has restructured our society, resulting in a need to redefine and redirect governance strategies in areas like the workplace, the neighborhood, municipal or state government, nation-states or non-governmental organizations. [3, 5, 6] Likewise, problems of urbanization, democratization, and non-sustainable practices in land and resource use have not been resolved and there is impetus to transform domestic and global trends toward more sustainable economic development, environmental protection, and social equity. [3, 5, 6] The program is designed for students interested in deeply understanding how planning and governance shape the world. [9] It offers a flexible, research-based path that encourages students to explore issues like urban development, policy making, and global change. [9] Applicants to the program should have master's degrees in closely allied fields, such as Planning, Political Science, Sociology, International Relations, Geography and Economics among others. [3, 5, 6]",,https://graduateschool.vt.edu/academics/programs.html,,,,FALSE,False,,4.0,3.0,,,,,,,,,,,,,,,,,,False,False,,,,,,,6.5,,,,,100,,,,,,,,,,,,,,FALSE,,,FALSE,FALSE,,,
,Doctor of Philosophy in Plant Pathology,,,,,Doctoral,Fall 2026,,,,Required,Required,Not Required,REQUIRED,Completed applications should include: Unofficial transcripts (Official paper transcripts required upon admission); Three references; Statement of Interest; Resume / CV; TOEFL (International students only; minimum total score 90). [13],Not Required,,True,False,False,False,False,False,,True,False,False,False,False,True,False,False,False,,,,,,,,,,,,,"Plant Pathology is the science of plant health management that encompasses plant diseases, their nature, causal agents, host resistance, community ecology and interrelated phenomena. Work leading to the degree of Doctor of Philosophy (PhD)is a research degree andis not granted solely for the completion of coursework, residence and technical requirements, although these must be met. The final basis for granting the degree shall be the candidate'scandidate's grasp of the subject matter of a broad field of study and a demonstrated ability to do independent research. In addition to a dissertation, the student must complete a minimum of 90 semester credit hours of graduate study (including a maximum of 30 hours for research and dissertation) beyond the bachelor's degree. Students who have completed a master's degree in a related field at another institution may be granted up to 30 credit hours toward the Ph.D. degree at Virginia Tech. Plant Pathology is a broad program with emphasis on both basic molecular biology and field application, and involves the scientific training of professional plant pathologists. Emphasis is placed on the fundamental and practical concepts associated with pathology and the conceptual schemes of fungal, bacterial, viral, nematological, mycoplasmal and physiogenic diseases, host plant resistance, and the role of environmental cues in plant health.",,https://graduateschool.vt.edu/academics/programs.html,,,,FALSE,True,,,,,,,,,,,,,,,,,,,,,False,False,,,,,,,6.5,,,,,79,,,,,,,,,,,,,,FALSE,,,FALSE,FALSE,,,
,Doctor of Philosophy in Public Administration & Public Affairs,,,,,Doctoral,Fall 2026,,,,Required,Required,Optional,REQUIRED,"Applicants must have a minimum 3.0 GPA for admission to the Ph.D. program, though students admitted to the program typically have a higher GPA. [3] Application materials include undergraduate and graduate transcripts, a personal statement, a resume, and three letters of recommendation. [3]",,,False,True,True,False,False,False,,True,False,False,False,False,True,True,False,False,,,,School of Public and International Affairs,,,,,,,,,The Ph.D. in Public Administration & Public Affairs (PAPA) degree program equips students with the intellectual foundation and analytical skills to undertake research addressing cutting edge public administration and policy questions.,,https://graduateschool.vt.edu/academics/programs.html,,,,FALSE,False,,,,,,,,,,,,,,,,,,,,,False,False,,,120.0,,,,6.5,,,,,80,,,,,,,,,,,,,"Merit-based, Research-based",FALSE,,,FALSE,FALSE,,,
,Doctor of Philosophy in Public Administration and Public Affairs,,,,,Doctoral,Fall 2026,,,,,,Optional,REQUIRED,"General requirements for admission to the Virginia Tech Graduate School include holding a bachelor's degree from an accredited institution. Applicants must complete an online application and pay the application fee. Most other specific requirements, such as a resume, statement of purpose, and test scores, are determined by the individual graduate programs.",,,False,False,True,False,False,False,,True,False,False,False,True,True,False,False,False,,,,School of Public and International Affairs,,,,,,,,," The Ph.D. in Public Administration and Public Affairs (PAPA) at Virginia Tech's Center for Public Administration and Policy (CPAP) is designed to give students the intellectual foundation and analytical skills necessary to conduct scholarly research on important public administration and policy issues. [1] The program is based on a strong commitment to advancing public service values, equity, and ethical leadership via scholarship and practice, and it serves as a springboard for academic careers as well as for researchers and analysts in government and the private sector. [1] Early coursework provides the theoretical and methodological foundations for scholarship in public administration and affairs. [1] Required foundation courses include: Public Administration Theory and Context; Complex Public Organizations; Leadership and Management in Public Administration; Normative Foundations of Public Administration; Public Policy Processes; and Public Policy Design. [1] In-depth public administration and policy seminars, electives, a two-semester capstone research seminar, and the dissertation supplement the foundational coursework. [1]",,https://graduateschool.vt.edu/academics/programs.html,,,,FALSE,False,,4.0,3.0,,,,,,,,,,,,,,,,,,False,False,,,115.0,,,,6.5,,,59.0,,80,,,,,,,,,,,,,assistantships,FALSE,,,FALSE,FALSE,,,
,Doctor of Philosophy in Psychology,,,,,Doctoral,Fall 2026,,,,Required,Required,Optional,REQUIRED,"Applicants are evaluated holistically. Admission is influenced by the overall quality of the applicant's record, including grades, letters of recommendation, research experience, and clinical experience (clinical area only). Applicants must have a minimum GPA of 3.0. Prerequisite undergraduate coursework includes general psychology, statistics, and research methods. Other desirable courses include developmental psychology, physiological psychology, social psychology, abnormal psychology, cognition, learning, sensation and perception, history and systems, mathematics, and natural science. [6]",Optional,,False,False,True,False,False,False,,True,False,False,False,True,True,False,False,False,,,,College of Science,,,,,,,,"['Clinical Science', 'Developmental Science', 'Industrial-Organizational Psychology', 'Biological Psychology']","The Department of Psychology offers a Doctor of Philosophy (Ph.D.) degree in Psychology. The graduate curriculum is designed to provide a strong foundation in psychological science. The department has a commitment to diversity and to the development of research and scholarship that will help to address major challenges in our world. Graduate students affiliate with one of four primary areas of the department: Biological Psychology, Clinical Science, Developmental Science, and Industrial-Organizational Psychology. Training in these areas prepares students for a range of potential careers in academic, research, and applied settings.",,https://graduateschool.vt.edu/academics/programs.html,The Clinical Science Ph.D. training program at Virginia Tech is accredited by the American Psychological Association and the Psychological Clinical Science Accreditation System.,,,FALSE,False,,4.0,3.0,,,,,,,,,,,,,,,,,,False,False,,,115.0,,,,6.5,,,59.0,,90,,,,,,,,,,,,,"Graduate assistantships (teaching and research), fellowships",FALSE,,,FALSE,FALSE,,,
,Doctor of Philosophy in Rhetoric and Composition,,,,,Doctoral,Fall 2026,,,,Required,Required,Optional,REQUIRED,"A letter of interest (250-500 words) is required by the Department of English along with your latest Curriculum Vitae. [4] Three letters of recommendation are required for Rhetoric and Writing (Ph.D.). [4] Applicants are asked to provide a 15-20 page, double-spaced sample of analytical academic writing. [4] A scanned copy of your college transcripts with your online application, then arrange for an official copy to be sent to us after you receive an offer of admission. [4]",Required,,False,True,True,False,False,False,,True,False,False,False,True,True,False,False,False,,,,College of Liberal Arts and Human Sciences,,,,,,,,,,,https://graduateschool.vt.edu/academics/programs.html,,,,FALSE,False,,4.0,3.0,,,,,,,,,,,,,,,,,,False,False,,,115.0,,,,6.5,,,59.0,,90,,,,,,,,,,,,,Graduate Assistantships,FALSE,,,FALSE,FALSE,,,
,Doctor of Philosophy in Rhetoric and Writing,,,,,Doctoral,Fall 2026,,,,Required,Required,Optional,REQUIRED,"Applicants are asked to provide a 15-20 page, double-spaced sample of analytical academic writing. This sample may be comprised of two shorter papers, though a single longer paper is preferred. In addition to demonstrating your ability to advance an academic argument, your writing sample should also make evident your ability to cite scholarly literature appropriately. [2] A letter of interest (250-500 words) is required by the Department of English along with your latest Curriculum Vitae. [2] Three letters of recommendation are required. [2] A minimum GPA of 3.0 on a 4.0 scale is also required. [4]",Required,,False,True,True,False,False,False,,True,False,False,False,True,True,True,False,False,,,,College of Liberal Arts and Human Sciences,,,,,,,,,"Our small program enables students to get individualized attention with award-winning and research active faculty. We engage in rhetoric and writing research that contributes to social progress, examines how literate practices create, circulate, and prioritize societal values and the public policies based on those values, and examines how rhetoric and writing empower and control access to power in these social systems. Virginia Tec's Rhetoric and Writing doctoral program has distinguished faculty whose research attends to social problems, disciplinary questions, and the information demands of a cyberconnected world. Areas of strength include medical rhetoric, data visualization, human rights, human-computer interaction, user experience, and cultural and feminist rhetorics.",,https://graduateschool.vt.edu/academics/programs.html,,,,FALSE,False,,4.0,3.0,,,,,,,,,,,,,,,,,,False,False,,,115.0,,,,6.5,,,59.0,,90,,,,,,,,,,,,,Graduate assistantships and fellowships,FALSE,,,FALSE,FALSE,,,
,Doctor of Philosophy in Science and Technology Studies,,,,,Doctoral,Fall 2026,,,,Required,Required,Optional,REQUIRED,"In addition to the admissions standards set by the Graduate School, students applying for an advanced degree program in STS must also meet the following requirements: A bachelor's degree from an accredited institution. A minimum grade point average of 3.0 (on a 4.0 scale). [3]",Required,,False,True,False,False,False,False,,True,False,False,False,False,True,True,False,False,,,,College of Liberal Arts and Human Sciences,,,,,,,,,"Designed for curious, critically minded scholars, the STS PhD at Virginia Tech offers interdisciplinary training, close faculty mentorship, and the flexibility to pursue research driven by your interests. Our program is a welcoming home for students from diverse backgrounds and career paths, all united by a shared commitment to exploring the complex ethical and practical questions that arise in today's rapidly changing world. Whether you're aiming to pursue research, policy, or applied work, our program offers the tools and mentorship to turn your curiosity into impact—preparing you to engage with science and technology as social forces. [5]",,https://graduateschool.vt.edu/academics/programs.html,,,,FALSE,True,,4.0,3.0,,,,,,,,,,,,,,,,,,False,False,,,,,,,6.5,,,,,80,,,,,,,,,,,,,Graduate assistantships and fellowships,FALSE,,,FALSE,FALSE,,,
,Doctor of Philosophy in Science Education,,,,,Doctoral,Fall 2026,,,,Required,Required,Optional,REQUIRED,"Applicants must have an appropriate master's degree from an accredited institution. Grade point average of 3.0 or above in graduate work; Three professional letters of recommendation (e.g. from professors or relevant educational employers); Interview, including the following: discussion of essay; questions regarding application folio; other schools applied to; VT faculty with whom they have consulted about admissions; whether or not the candidate has previously applied to VT; other relevant questions. Relevant teaching experience: Three or more years of K - 12 teaching or other significant teaching experience. [6]",Required,,False,True,True,False,False,False,,True,,,,True,True,True,False,False,,,,School of Education,,,,,,,,Science Education,"The Ph.D. program in Education is designed to offer students both the rigorous methodological preparation required to undertake educational inquiry at the highest levels and the flexibility for students to work with their Committee to pursue coursework and experiences that support the students' individual research interests and professional paths. The School of Education and Division of Teaching, Learning, Leadership and Policy offer a Ph.D. in Education with an emphasis in science education. [1] The Ph.D. prepares educational researchers who inquire into pressing problems in P-12 science teaching and learning. [1] Faculty expertise includes ambitious science teaching, equity in science education, integrative approaches to elementary STEM education, pre-service science teacher education, and professional development and mentoring of in-service science teachers. [1] The Ph.D. principally prepares students to pursue faculty positions in colleges and universities and positions as educational researchers in a variety of public institutions and private organizations, such as state educational agencies and science education/STEM research centers. [1]",,https://graduateschool.vt.edu/academics/programs.html,,,,FALSE,True,,,,,,,,,,,,,,,,,,,,,False,False,,,115.0,,,,6.5,,,59.0,,"A minimum overall score of 90 and 20 on each subsection score is required for tests taken prior to January 21, 2026. For tests taken after that date, a minimum score of 4.5 on the IBT is required, with 4.5 or greater in each subsection.",,,,,,,,,,,,,,FALSE,,,FALSE,FALSE,,,
,Doctor of Philosophy in Sociology,,,,,Doctoral,Fall 2026,,,,Required,Required,Optional,REQUIRED,"In addition to the admission standards prescribed by the Graduate School, students applying for an advanced degree program in sociology must also meet the following requirements: A bachelor's or mas ter's degree from an accredited institution; Three letters of recommendation, preferably from former professors; A written statement describing research goals, relevant experience, and motivations for pursuing a doctoral degree in sociology; An academic writing sample; A 3.0 minimum GPA (on a 4 point scale) in all sociology courses previously taken; A minimum cumulative GPA of 3.25 (out of 4.0) for the last two years of undergraduate study; Applicants to the PhD program who do not have a BS/BA or MS/MA in Sociology must have 15 credits in Sociology coursework at the 3000 level or above (graduate courses apply). [3]",Required,,True,True,True,False,False,False,,True,False,False,False,True,True,False,False,False,,,,,,,,,,,,"['Social inequality', 'Culture', 'Environment, science, and technology', 'Social movements', 'Development and social change']","The graduate program in sociology is designed to prepare students for careers in research and teaching. The M.S. degree provides a solid foundation in sociology for students who go on to Ph.D. programs or who take research positions in government and private industry. The Ph.D. degree is considered the requisite credential for most university-level teaching and research positions. Students may pursue either the M.S. or the Ph.D. degree, or both. [3, 7] We do not have a terminal Master's degree, but our Ph.D. students can earn a Master's along the way to their doctorate. [4, 9, 10] The program is designed to prepare students for careers in research, teaching, and public sociology. Core areas of study include sociological theory, research methods, and statistics. [4, 9, 10]",,https://graduateschool.vt.edu/academics/programs.html,,,,FALSE,False,,,,,,,,,,,,,,,,,,,,,False,False,,,115.0,,,,6.5,,,59.0,,80,,,,,,,,,,,,,,FALSE,,,FALSE,FALSE,,,
,Doctor of Philosophy in Statistics,,,,,Doctoral,Fall 2026,,,,Not Required,Not Required,Optional,REQUIRED,"A complete application packet includes an application form, official transcripts of all undergraduate and graduate coursework, three letters of recommendation, GRE scores (recommended), and an application fee. [12] While we are not requiring the GRE for applications, they are recommended. [12] Applications will still be considered complete without submitting GRE scores. [12] For applicants that do not submit GRE scores, we encourage submitting supplemental materials such as a writing sample that indicates strong research potential (eg. a research manuscript or class project of original work). [12] The Department of Statistics encourages applications from students in fields other than mathematics and statistics. [12] Although a degree in mathematics is not required, mathematical training through three semesters of college-level calculus and one semester of advanced calculus is required. [12] The deadline for graduate student applications is January 15th for admissions in August. [12]",Optional,,True,True,False,False,False,False,,True,False,False,False,False,True,False,False,False,,,,College of Science,,,,,,,,"['General Statistical Methodology and Theory', 'Biostatistics/Bioinformatics', 'Computational Statistics', 'Environmental Statistics', 'Business, Government and Industrial (BIG) Statistics', 'Traditional Track', 'Sports Analytics']","The Department of Statistics at Virginia Tech offers a Doctor of Philosophy (Ph.D.) degree with several concentrations. The program is designed for students with bachelor's or master's degrees from various disciplines and provides flexibility through five main areas of concentration: General Statistical Methodology and Theory; Biostatistics/Bioinformatics; Computational Statistics; Environmental Statistics; and Business, Government and Industrial (BIG) Statistics. The Ph.D. requires a minimum of 90 semester hours beyond the baccalaureate, which includes at least 48 semester hours of coursework and 30 to 60 hours of research credits. Core requirements for all Ph.D. students include six M.S. core courses, four 6000-level courses (with at least one in advanced probability or advanced inference), a course in statistical software, and a collaboration course. The program aims to give graduates a broad knowledge of the methods and theory of statistical science, preparing them for careers in academia or application-based fields.",,https://graduateschool.vt.edu/academics/programs.html,,,,FALSE,True,,4.0,3.0,,,,,,,,,,,,,,,,,,False,False,,,,,,,6.5,,,,,90,,,,,,,,,,,10000,,"Fellowship, Assistantship",FALSE,,,FALSE,FALSE,,,
,Doctor of Philosophy in Weed Science,,,,,Doctoral,Fall 2026,,,,,,Not Required,REQUIRED,"Admission in the graduate program requires a formal application and $75 application fee submitted electronically to the Graduate School at http://graduateschool.vt.edu/admissions/applying/index.html.  [4] Physics, mathematics, botany, microbiology, soils, and genetics at the undergraduate level are required for entry-level graduate students.  [4] Qualified students with prerequisite deficiencies may be admitted on a provisional status with regular admission granted once deficiencies are satisfied.  [4] Such courses will not carry graduate credit. Plant science courses beyond introductory botany (e.g., plant anatomy, taxonomy, plant pathology, plant physiology, biochemistry, or molecular biology) are highly desirable.  [4]",,,False,False,False,False,False,False,,True,False,False,False,False,True,True,False,False,,,,College of Agriculture and Life Sciences,,"$31,690",,,,,,,"We are an interdisciplinary program with broad expertise in plant pathology (the study of diseases, plant pathogens, and their management), physiology (the study of plant function, growth, and response to environmental stresses), and weed science (the study of weed biology, ecology, and management). [2] We are committed to optimizing plant productivity and quality by limiting the impact of biotic and abiotic stresses on the profitability of crops. [2] Specific areas of faculty and student research include biotic and abiotic stresses in natural and agricultural ecosystems, genomics of plant domestication, genomics of plant pathogens, molecular biology of plant-pathogen interaction, drones as tools to study airborne microorganisms, the molecular biology of communication between parasitic plants and their hosts, weed management, herbicide evaluation, ecology of invasive species in natural and manage ecosystems. [2]",,https://graduateschool.vt.edu/academics/programs.html,,,,FALSE,True,,4.0,3.0,,,,,,,,,,,,,,,,,,False,False,,,,,,,6.5,,,,,550 on paper-based test (PBT) or 90 on the internet-based test (iBT),,,,,,,,,,,,,Assistantships,FALSE,,,FALSE,FALSE,,,
,Doctor of Veterinary Medicine,,,,,Doctoral,Fall 2026,,,,Not Required,Required,Not Required,REQUIRED,"A holistic approach is used to evaluate applicants. The evaluation is based on Academic Performance (60%) and Non-Academic Activities (40%). Academic performance includes Cumulative GPA, Last 45 credit hour GPA, and Overall Science GPA. Non-Academic Activities include a holistic review of the application, including a Situational Judgment Test, experience hours (animal, employment, extracurricular, research, veterinary, volunteer/community enrichment), letters of recommendation, and essay responses. [9]",Not Required,,True,False,False,False,False,False,,False,False,False,False,False,False,False,False,False,,,,Virginia-Maryland College of Veterinary Medicine,,"$19,324.41 per semester for residents (9+ credit hours) and $31,242.40 per semester for non-residents (9+ credit hours) for Fall 2024/Spring 2025/Summer 2025. [19]",,,,,,,,,https://graduateschool.vt.edu/academics/programs.html,,,"$2,147.16 for residents and $3,471.38 for non-residents for the first credit hour. [19]",FALSE,True,,,,,,,,,,,,,,,,,,,,,False,False,,,,,,,,,,,,,,,,,,,,,,,,,,FALSE,,,FALSE,FALSE,,,
,Education Specialist in Counselor Education,,,,,Graduate,Fall 2026,,,,,,,,"The specified program, 'Education Specialist in Counselor Education', was not found on the Virginia Polytechnic Institute and State University website (vt.edu). The provided URL is for the University of Montana, and per the instructions, information from that source cannot be used.",,,False,False,False,False,False,False,,False,False,False,False,False,False,False,False,False,,,,School of Education,,,,,,,,,,,https://www.umt.edu/education/departments/counsed/programs/counselor_education_eds.php,,,,FALSE,False,,4.0,,,,,,,,,,,,,,,,,,,False,False,,,,,,,,,,,,,,,,,,,,,,,,,,FALSE,,,FALSE,FALSE,,,
,Education Specialist in Curriculum & Instruction,,,,,Graduate,Fall 2026,,,,,,Not Required,REQUIRED,,,,False,False,False,False,False,False,,True,False,False,False,False,True,False,False,False,,,,School of Education,,,,,,,,,,,https://graduateschool.vt.edu/academics/programs.html,,,,FALSE,False,,4.0,3.3,,,,,,,,,,,,,,,,,,False,False,,,,,,,6.5,,,,,90,,,,,,,,,,,,,,FALSE,,,FALSE,FALSE,,,
,Education Specialist in Educational Leadership & Policy,,,,,Graduate,Fall 2026,,,,,,,,"General requirements for admission to the Virginia Tech Graduate School include a bachelor's degree from an accredited institution. However, specific application requirements, such as the submission of a resume/CV, statement of purpose, writing samples, and standardized test scores, are determined by individual academic departments and programs.",,,False,True,False,False,False,False,,False,False,False,False,False,False,False,False,False,,,,College of Liberal Arts and Human Sciences,,,,,,,,,,,https://graduateschool.vt.edu/academics/programs.html,,,,FALSE,False,,4.0,3.0,,,,,,,,,,,,,,,,,,False,False,,,,,,,,,,,,,,,,,,,,,,,,,,FALSE,,,FALSE,FALSE,,,
,Education Specialist in Special Education Administration,,,,,Graduate,Fall 2026,,,,,,,,,,,False,False,False,False,False,False,,False,False,False,False,False,False,False,False,False,,,,,,,,,,,,,,,https://graduateschool.vt.edu/academics/programs.html,,,,FALSE,False,,,,,,,,,,,,,,,,,,,,,False,False,,,,,,,,,,,,,,,,,,,,,,,,,,FALSE,,,FALSE,FALSE,,,
,Executive Master of Business Administration,,,,,Graduate,Fall 2026,,,,,,,REQUIRED,,,,False,False,True,False,False,False,,True,False,False,False,False,True,False,False,False,,,,Pamplin College of Business,"$95,000 for the entire 18-month program for the 2022-2024 cohort. This rate is the same for in-state and out-of-state residents.",,,,,,,,,,https://graduateschool.vt.edu/academics/programs.html,,,,FALSE,False,,4.0,3.0,,,,,,,,,,,,,,,,,,False,False,,,,,,,,,,,,,,,,,,,,,,,,,Merit-based scholarships and federal loans,FALSE,,,FALSE,FALSE,,,
,Graduate Certificate in Advanced Database Management Systems,,,,,Graduate-Certificate,Fall 2026,,,,,,Not Required,REQUIRED,,,,False,False,False,False,False,False,,True,False,False,False,False,True,False,False,False,,,,,,,,,,,,,,,https://graduateschool.vt.edu/academics/programs.html,,,,FALSE,False,,,,,,,,,,,,,,,,,,,,,False,False,,,,,,,6.5,,,,,90,,,,,,,,,,,,,,FALSE,,,FALSE,FALSE,,,
,Graduate Certificate in Africana Studies,,,,,Graduate-Certificate,Fall 2026,,,,,,,REQUIRED,"Information regarding the specific application requirements for the Graduate Certificate in Africana Studies is not available on the Virginia Polytechnic Institute and State University's official website. The program is listed as a graduate certificate offered by the College of Liberal Arts and Human Sciences, but a detailed program page with application procedures could not be found. [3]",,,False,False,True,False,False,False,,True,False,False,False,True,True,False,False,False,,,,College of Liberal Arts and Human Sciences,,,,,,,,,,,https://graduateschool.vt.edu/academics/programs.html,,,,FALSE,False,,4.0,3.0,,,,,,,,,,,,,,,,,,False,False,,,115.0,,,,6.5,,,58.0,,80,,,,,,,,,,,,,Loans,FALSE,,,FALSE,FALSE,,,
,Graduate Certificate in Agribusiness Fundamentals,,,,,Graduate-Certificate,Fall 2026,,,,,,Not Required,REQUIRED,Admission to Graduate School and completing a graduate certificate application are required for both degree- and non-degree-seeking students. Degree-seeking applicants: The Graduate School requires completion of a bachelor's degree from an accredited institution with a GPA of 3.0 or better for admission to Certificate Status. [1],,,True,False,True,False,False,False,,True,False,False,False,True,True,False,False,False,,,,"Department of Agricultural and Applied Economics, College of Agriculture and Life Sciences",,,,,,,,,"The Department of Agricultural and Applied Economics, in the College of Agriculture and Life Sciences, offers- a graduate-level certificate program. [1] The certificate will provide students with a solid foundation in modern management, marketing, finance, and policy tools needed to succeed in agribusiness and related fields. [1] The emphasis is on foundational methods spanning production management, human resource management, market planning and analysis, financial analysis, and policy interpretation. [1] The certificate prepares students with state-of-the-art skills in agricultural and applied economics and applied business management by relating those skills to the food and agribusiness sectors. [1] Agribusiness managers and employees must analyze, assess, and contribute to the ever-evolving, broadly-defined agribusiness industry by offering skills in management, marketing, economics, finance, and policy, plus critical thinking and problem-solving. [1] They must have the skills necessary to contribute as employees or managers within the broad agribusiness industry, including the sectors of input supply, farm production, and output marketing. [1]",,https://graduateschool.vt.edu/academics/programs.html,,,,FALSE,False,,,3.0,,,,,,,,,,,,,,,,,,False,False,,,,,,,,,,,,,,,,,,,,,,,,,,FALSE,,,FALSE,FALSE,,,
,Graduate Certificate in Agriculture and Applied Economics,,,,,Graduate-Certificate,Fall 2026,,,,,,Optional,REQUIRED,"What You'll Need: Transcripts (scanned copy with online application), Letters of Recommendation (check department requirements), Graduate School Testing Requirements (The Graduate School does not require entrance tests, but departments may require GRE, GMAT, or subject test scores). An online application must be submitted with a $75 application fee. [4]",,,True,True,False,False,False,False,,True,,,,True,True,,False,False,,,,College of Agriculture and Life Sciences,,,,,,,,,,,https://graduateschool.vt.edu/academics/programs.html,,,,FALSE,False,,4.0,3.0,,,,,,,,,,,,,,,,,,False,False,,,115.0,,,,6.5,,,59.0,,80,,,,,,,,,,,Varies,,financial need and academic achievement,FALSE,,,FALSE,FALSE,,,
,Graduate Certificate in Applied Economic Analytics,,,,,Graduate-Certificate,Fall 2026,,,,,,Not Required,REQUIRED,"Recommended background: Basic statistics, Intermediate microeconomics, Introduction to differential calculus, 3.0 GPA. [5]",,,False,False,False,False,False,False,,True,False,False,False,False,True,False,False,False,,,,"College of Agriculture and Life Sciences, Department of Agricultural and Applied Economics","The estimated total tuition for the 12-credit certificate is $13,272, based on the 2025-2026 per-credit cost. [7, 20] There is also a library fee of $29 per semester for 1-6 credit hours or $58 per semester for 7+ credit hours. [7]","$13,272 (estimated total)",,,,,,,"The Department of Agricultural and Applied Economics, in the College of Agriculture and Life Sciences, offers a graduate-level certificate program in econometric, forecasting, and data analytics tools needed to succeed in modern applied economic management and related fields. [1] This program emphasizes foundational methods spanning economic analysis, data analytics, predictive modeling, and data visualization. An emphasis is placed on relevant business and agribusiness applications. [1] The certificate prepares students by allowing them to develop high-level skills that span applied economics, agribusiness management, and data analytics. [1]",,https://graduateschool.vt.edu/academics/programs.html,,,"$1,106",FALSE,False,,4.0,3.0,,,,,,,,,,,,,,,,,,False,False,,,,,,,6.5,,,,,90,,,,,,,,,,,"Specific scholarships like the Preston and Catharine White Family Graduate Scholarship offer a $10,000 supplemental stipend, and the Peacock-Harper Culinary Collection Scholarship awards $1,500. [7] However, these are general graduate scholarships and not specific to this program.",,"The Virginia Tech Graduate School offers various funding options, including administrative, research, or teaching assistantships, fellowships, and scholarships. [17]",FALSE,,,FALSE,FALSE,,,
,Graduate Certificate in Applied Statistics,,,,,Graduate-Certificate,Fall 2026,,,,Not Required,Not Required,Not Required,REQUIRED,"All students must apply to the certificate program. Admission requirements will depend on the institution's enrollment status. Degree-seeking students must submit a Graduate School Application for Admission and pay the fee, and possess a bachelor's degree from an accredited institution with a GPA of 3.0 or better. Non-degree seeking students must also submit a Graduate School Application for Admission and pay the fee, possess a bachelor's degree from an accredited institution with a GPA of 3.0 or better, and submit official undergraduate transcripts demonstrating bachelor's degree conferral. Undergraduate coursework in statistics and computer programming is recommended. One year of Calculus is required. [2]",Not Required,,True,False,True,False,False,False,,True,False,False,False,True,True,False,False,False,,,,College of Science,,,,,,,,,,,https://graduateschool.vt.edu/academics/programs.html,,,"$880 per credit hour for in-state graduate students, $1,795 per credit hour for out-of-state graduate students (2024-2025 academic year).",FALSE,True,,4.0,3.0,,,,,,,,,,,,,,,,,,False,False,,,120.0,,,,6.5,,,59.0,,80,,,,,,,,,,,,,"Merit-based, Need-based",FALSE,,,FALSE,FALSE,,,
,Graduate Certificate in Arts Leadership,,,,,Graduate-Certificate,Fall 2026,,,,Not Required,Not Required,Not Required,REQUIRED,"The Arts Leadership Certificate is open to graduate students currently enrolled in a graduate degree program at Virginia Tech, and area professionals. Individuals who are not current students can apply through the Commonwealth Campus program. This classification is open to individuals who hold an earned baccalaureate or higher degree from an accredited postsecondary institution. Students seeking to pursue graduate course work in the Commonwealth Campus program must complete the Application for Graduate Study and submit a transcript or a copy of their diploma for the highest degree attained. [10]",Not Required,,True,False,True,False,False,False,,True,False,False,False,True,True,False,False,False,,,,,,,,,,,,,"The Arts Leadership Certificate is open to graduate students, currently enrolled in a graduate degree program at Virginia Tech, and area professionals interested in learning skills and gaining knowledge in arts management. The program offers courses in a variety of arts management areas, including arts leadership and management, arts marketing, development (fundraising), human resources in the arts, and arts advocacy. Courses are designed to be hands-on with capstone and field projects that provide opportunities for applied research and experience.",,https://graduateschool.vt.edu/academics/programs.html,,,,FALSE,False,,,,,,,,,,,,,,,,,,,,,False,False,,,115.0,,,,6.5,,,65.0,,80,,,,,,,,,,,,,,FALSE,,,FALSE,FALSE,,,
,Graduate Certificate in Big Data,,,,,Graduate-Certificate,Fall 2026,,,,Required,Required,Not Required,REQUIRED,"Applicants are required to have a Bachelor's degree from a regionally accredited college or university. Applicants should submit a copy of their transcript(s) with the online admission application. Each transcript submitted must show the institution name, the applicant's name, a listing of courses completed, and the grade received in each course. Unofficial copies are acceptable for review. Students with degrees from universities outside the U.S. will need to submit a report from a credential evaluation service.",Not Required,,True,False,False,False,False,False,,True,False,False,False,False,True,False,False,False,,,,College of Engineering,,,,,,,,,"The Graduate Certificate in Big Data is designed to teach students the fundamentals of ""big data"" which include creating and analyzing large-scale data sets (i.e., larger than 1 terabyte) that cannot be analyzed by traditional computer programs and strategies. [5] Students will learn to manage data sets using object-oriented programming (e.g., Java). [5] Students will also learn how to program computers to use computational models and algorithms that teach computers to identify patterns in social media data and to predict future outcomes (i.e., machine learning). [5] Graduates will be able to: 1) program computer software to analyze social media data, 2) input data into software computer programs, and 3) interpret computer analysis output. [5] The curriculum requires coursework to develop student knowledge of programming computers to analyze large-scale data sets from social media platforms. [5] Students will gain an understanding of principles and techniques for big data analytics, including methods for storing, searching, retrieving, and processing large data sets. [5] Students will learn how to gather and analyze data from social media networks (e.g., Twitter, Facebook, Linkedln) and program the computer to use the resulting information to make predictions of future outcomes. [5]",,https://graduateschool.vt.edu/academics/programs.html,,,,FALSE,True,,4.0,3.0,,,,,,,,,,,,,,,,,,False,False,,,,,,,6.5,,,,,90,,,,,,,,,,,,,,FALSE,,,FALSE,FALSE,,,
,Graduate Certificate in Biobased Materials,,,,,Graduate-Certificate,Fall 2026,,,,,,Not Required,REQUIRED,,,,True,False,False,False,False,False,,True,False,False,False,True,True,True,False,False,,,,College of Natural Resources and Environment,,,,,,,,,,,https://graduateschool.vt.edu/academics/programs.html,,,,FALSE,True,,4.0,3.0,,,,,,,,,,,,,,,,,,False,False,,,,,,,6.5,,,53.0,,80,,,,,,,,,,,,,"Assistantships, Fellowships",FALSE,,,FALSE,FALSE,,,
,Graduate Certificate in Cognition and Education,,,,,Graduate-Certificate,Fall 2026,,,,,,Not Required,REQUIRED,"The Graduate Certificate in Cognition and Education provides an advanced understanding of current theories and principles of academic learning and motivation, as well as strategies that instructors can use to foster students' learning and motivation. [1, 2] Students who complete the certificate will have documentation that they have developed the intellectual and practical tools necessary to design effective instruction. [1] This certificate is appropriate for graduate students who are considering careers as teachers, higher education professors, educational researchers, educational program administrators, educational leaders, instructional designers, sports coaches, and others interested in designing effective instruction. [1, 2]",,,False,False,False,False,False,False,,True,False,False,False,False,True,False,False,False,,,,"College of Liberal Arts and Human Sciences, School of Education","The total annual tuition and mandatory fees for in-state graduate students for the 2025-26 academic year are $19,218 and for out-of-state graduate students are $36,212. [19] The specific per-credit-hour fee for the Graduate Certificate in Cognition and Education is not detailed on the university's website.",,,,,,,,"The Graduate Certificate in Cognition and Education provides an advanced understanding of current theories and principles of academic learning and motivation, as well as strategies that instructors can use to foster students' learning and motivation. [1] Students who complete the certificate will have documentation that they have developed the intellectual and practical tools necessary to design effective instruction. The Graduate Certificate in Cognition and Education is appropriate for graduate students who are considering careers as teachers, higher education professors, educational researchers, educational program administrators, educational leaders, instructional designers, sports coaches, and others interested in designing effective instruction. [1]",,https://graduateschool.vt.edu/academics/programs.html,,,,FALSE,False,,4.0,3.0,,,,,,,,,,,,,,,,,,False,False,,,,,,,6.5,,,,,90,,,,,,,,,,,,,,FALSE,,,FALSE,FALSE,,,
,Graduate Certificate in Economic Development,,,,,Graduate-Certificate,Fall 2026,,,,Not Required,Not Required,,,"Admission to the certificate program requires status as a graduate student in good standing at Virginia Tech, either as a current degree student or as a nondegree certificate student. [1]",Not Required,,True,False,False,False,False,False,,False,False,False,False,False,False,False,False,False,,,,School of Public and International Affairs,,,,,,,,,"The Graduate Certificate in Economic Development is designed for those who are interested in acquiring a basic understanding of urban and regional economic development dynamics and the role of policy in influencing them. [1] The target population includes current Virginia Tech graduate students in all fields and others with undergraduate degrees who qualify for admission to the certificate program. [1] The primary goal of economic development is to improve a community's economic well-being and quality of life. [1] Economic development focuses on attracting, creating, and retaining employment opportunities in order to cultivate a resilient and inclusive economy. [1] The field of economic development generally includes the private and public sectors, as well as civic and community stakeholders. [1]",,https://graduateschool.vt.edu/academics/programs.html,,,,FALSE,False,,4.0,3.0,,,,,,,,,,,,,,,,,,False,False,,,,,,,,,,,,,,,,,,,,,,,,,,FALSE,,,FALSE,FALSE,,,
,Graduate Certificate in Educational Research and Evaluation,,,,,Graduate-Certificate,Fall 2026,,,,Not Required,Not Required,,,"The Graduate Certificate in Educational Research and Evaluation is designed to recognize graduate students who have gained methodological expertise that goes beyond the methodological skills that are acquired in introductory methodology courses. [15] More specifically, the certificate recognizes the completion of specialized coursework in evaluation/assessment, measurement, qualitative methods, and/or statistics. [15] The certificate is also intended for students who already hold a graduate degree but who wish to obtain a credential in research methodology that will be of benefit to them in their careers. [15] Please note that these admission requirements differ from the EDRE program's degree admission requirements in that the EDRE Graduate Certificate Program does not require GRE scores or letters of recommendation. [15]",Required,,True,False,False,False,False,False,,False,False,False,False,False,False,False,False,False,,,,School of Education,,,,,,,,,"The Graduate Certificate in Educational Research and Evaluation recognizes the completion of specialized coursework in evaluation/assessment, measurement, qualitative methods, and/or statistics. [1] The certificate is also intended for students who already hold a graduate degree but who wish to obtain a credential in research methodology that will be of benefit to them in their careers. [1]",,https://graduateschool.vt.edu/academics/programs.html,,,,FALSE,False,,4.0,3.0,,,,,,,,,,,,,,,,,,False,False,,,,,,,,,,,,,,,,,,,,,,,,,,FALSE,,,FALSE,FALSE,,,
,Graduate Certificate in Environmental Politics and Policy,,,,,Graduate-Certificate,Fall 2026,,,,Required,Required,Not Required,REQUIRED,Applicants must complete the online application and submit a scanned copy of their college transcripts. This program requires a letter of interest (250–500 words) and a curriculum vitae. [2] A minimum GPA of 3.0 on a 4.0 scale is required. [1] International applicants may be required to submit TOEFL/IELTS scores. [1],Not Required,,True,False,False,False,False,False,,True,False,False,False,False,True,False,False,False,,,,College of Liberal Arts and Human Sciences,,,,,,,,,"This graduate certificate in Environmental Politics and Policy is designed for non-degree-seeking students and graduate students at Virginia Tech who wish to demonstrate special competence in the research area of environmental politics and policy. [6] This certificate program responds to an existing demand by degree-seeking and non-degree students, studying on campus or through online courses. [6] The certificate recognizes coursework students have completed that demonstrates a focus on how environmental political actors engage in the policy process. [6] This certificate provides skills in relation to climate policy, social adaptation of human communities, the protection of 'wild' nature, renewable and sustainable energy efforts, and environmental and climate justice, in addition to familiarizing students with the policy-making process. [1]",,https://graduateschool.vt.edu/academics/programs.html,,,,FALSE,False,0,4.0,3.0,,,,,,,,,,,,,,,,,,False,False,,,,,,,6.5,,,,,90,,,,,,,,,,,,,"fellowships, assistantships, scholarships",FALSE,,,FALSE,FALSE,,,
,Graduate Certificate in Foundations of Political Analysis,,,,,Graduate-Certificate,Fall 2026,,,,Not Required,Not Required,Not Required,REQUIRED,"Admissions Requirements for the Graduate Certificate in Foundations of Political Analysis include a minimum GPA of 3.0 on a 4.0 scale. [1] Applicants must have a Bachelor's degree from an accredited college or university. [3] For all non-U.S. citizens or non-U.S. permanent residents, a TOEFL (Test of English as a Foreign Language) or IELTS (International English Language Testing System) score is required. [1, 3]",Not Required,,True,False,False,False,False,False,,True,False,False,False,False,True,False,False,False,,,,Department of Political Science,,,,,,,,,"The Graduate Certificate in Foundations of Political Analysis at Virginia Tech is designed for both degree-seeking and non-degree students who want to develop a competency in evaluating contemporary politics. [3, 5] The program can be completed on-campus or online. [1] It aims to prepare individuals to conduct high-quality research with a solid foundation in contemporary political theory. [1] Students will engage with various political traditions, including canonical Western sequences, Latin American-New World, and Eastern traditions, as well as postcolonial and decolonial thought, democratic theory, and both American and Continental strands of critical theory. [3] The curriculum requires the successful completion of twelve credit hours, which consists of nine credits of required courses and three credits of electives, with a grade of B or better required in each course. [5]",,https://graduateschool.vt.edu/academics/programs.html,,,,FALSE,False,,4.0,3.0,,,,,,,,,,,,,,,,,,False,False,,,,,,,6.5,,,,,100,,,,,,,,,,,,,,FALSE,,,FALSE,FALSE,,,
,Graduate Certificate in Geospatial Information Technology,,,,,Graduate-Certificate,Fall 2026,,,,Required,Required,,,"To enroll in the Graduate Certificate in Geospatial Information Technology, students must first be admitted to Virginia Tech's Graduate School. One pathway is through the 'Commonwealth Campus' program, which is a non-degree status. The application for this status requires completing the Application for Graduate Study and submitting a transcript or a copy of the diploma for the highest degree attained. [1] Another direct application pathway for graduate certificates at Virginia Tech requires a completed online application form, a copy of your transcript(s), a resume, and an academic and professional goals statement. [12] The program is open to individuals who hold an earned baccalaureate or higher degree from an accredited institution. [1]",Not Required,,True,False,False,False,False,False,,False,False,False,False,False,False,False,False,False,,,,School of Public and International Affairs,,,,,,,,,"Geospatial Information Technology (GIT) includes collection and analysis of remotely sensed data, digital spatial and attribute data used by geographic information systems (GIS), and the application of related technologies such as the Global Positioning System (GPS). Geographic Information Science is one of the leading careers in the United States today. [2] As depth of knowledge is important for careers in the industry, this certificate requires 12 hours of geospatial coursework. [2] Coursework is taken from three categories, beginning with introductory topics, and continuing through more advanced and specialized topics as best fits the student's background and future goals. [2] Virginia Tech students accepted in any graduate program category (PhD., MS, MA, Commonwealth Campus, or Non-Degree) can be admitted into the GIT program by completing the Graduate Certificate Application. [2]",,https://graduateschool.vt.edu/academics/programs.html,,,,FALSE,True,,4.0,3.0,,,,,,,,,,,,,,,,,,False,False,,,,,,,,,,,,,,,,,,,,,,,,,,FALSE,,,FALSE,FALSE,,,
,Graduate Certificate in Gerontology,,,,,Graduate-Certificate,Fall 2026,,,,,,Not Required,REQUIRED,"The Graduate Certificate in Gerontology is a university-approved program of advanced study. The required minimum of 9 credits focus on three core gerontology competency domains. The purpose of the Certificate program is to provide a comprehensive look at the social, psychological, and physical aspects of aging.",,,True,False,False,False,False,False,,True,False,False,False,False,True,False,False,False,,,,,,,,,,,,,,,https://graduateschool.vt.edu/academics/programs.html,,,,FALSE,False,,,,,,,,,,,,,,,,,,,,,False,False,,,,,,,6.5,,,,,90,,,,,,,,,,,,,,FALSE,,,FALSE,FALSE,,,
,Graduate Certificate in Global Planning and International Development,,,,,Graduate-Certificate,Fall 2026,,,,Not Required,Required,Not Required,REQUIRED,"The certificate is open to all graduate students pursuing masters or doctoral degrees at Virginia Tech. Interested non-degree students may be considered for admission on a case-by-case basis. [1] To apply for this graduate certificate, applicants must complete the Certificate Application Form and a supplemental form with a short essay. [1]",Not Required,,True,False,False,False,False,False,,True,False,False,False,True,True,False,False,False,,,,School of Public and International Affairs,,,,,,,,"['Non-profit and Non-governmental Organization Manageement and Development', 'Sustainable Infrastructure Development', 'Publi and Environmental Health and Global Development']","The Graduate Certificate in Global Planning and International Development Studies builds on Virginia Tech's internationally recognized, 30-year specialization in international development planning and an innovative partnership between faculty in programs such as Urban Affairs and Planning, Public Health, Geography, and Building Construction. The certificate prepares students in multiple disciplines to engage in meaningful global professional leadership and academic positions to systematically tackle and resolve these global planning and development issues.",,https://graduateschool.vt.edu/academics/programs.html,,,,FALSE,False,,,,,,,,,,,,,,,,,,,,,False,False,,,,,,,,,,,,,,,,,,,,,,,,,,FALSE,,,FALSE,FALSE,,,
,Graduate Certificate in Health Information Technology,,,,,Graduate-Certificate,Fall 2026,,,,Required,Required,,,"To complete and submit your graduate certificate application, the following application materials are required: Completed online application form, a copy of your transcript(s), a copy of your resume, and an academic and professional goals statement. [6] A $25 non-refundable application fee is also required. [6] For students with degrees from outside the U.S., a report from a credential evaluation service and possibly TOEFL/IELTS scores may be required. [6] Letters of recommendation are not required for the certificate application. [6]",Not Required,,True,False,False,False,False,False,,False,False,False,False,False,False,False,False,False,,,,Pamplin College of Business and College of Engineering,"$9,954 plus a library fee of $29.00 per semester for 1-6 credit hours.","$9,954",,,,,,,"The Graduate Certificate in Health Information Technology is designed to teach students the fundamentals of information processing involved for the secure storage, retrieval, sharing, and use of health care data. [3, 5] The program will provide students with the knowledge and skills to design, integrate, and ensure the secure exchange of health information across multiple user groups ( e.g., patients, technicians, nurses, physicians, clinics, hospitals, and insurance companies). [3, 5] Students will also learn how to develop and manage computer applications to support healthcare systems such as electronic health records and telehealth. [3, 5] Graduates will be prepared to utilize information technology to oversee the exchange of patient data within the healthcare system. [3, 5]",,https://graduateschool.vt.edu/academics/programs.html,"Virginia Polytechnic Institute and State University (Virginia Tech) is accredited by the Southern Association of Colleges and Schools Commission on Colleges (SACSCOC) to award associate, baccalaureate, masters, educational specialist, and doctorate degrees. [6] Virginia Tech also may offer credentials such as certificates and diplomas at approved degree levels. [6]",,"$1,106.00",FALSE,False,,4.0,3.0,,,,,,,,,,,,,,,,,,False,False,,,,,,,,,,,,,,,,,,,,,,,,,,FALSE,,,FALSE,FALSE,,,
,Graduate Certificate in Healthcare Data Management,,,,,Graduate-Certificate,Fall 2026,,,,,,Not Required,REQUIRED,,,,True,False,False,False,False,False,,True,False,False,False,True,True,True,False,False,,,,,,,,,,,,,,,https://graduateschool.vt.edu/academics/programs.html,,,,FALSE,False,,,,,,,,,,,,,,,,,,,,,False,False,,,,,,,6.0,,,53.0,,80,,,,,,,,,,,,,,FALSE,,,FALSE,FALSE,,,
,Graduate Certificate in Higher Education Administration,,,,,Graduate-Certificate,Fall 2026,,,,Required,Required,Not Required,REQUIRED,"A qualified student who wishes to enter Virginia Tech to obtain a graduate certificate, without being enrolled in a degree program, may apply for graduate admission to Graduate Certificate Status using the graduate school online application. The Graduate School requires a GPA of 3.0 for admission to Certificate Status and official transcripts must be submitted. [5]",Not Required,,True,False,False,False,False,False,,True,False,False,False,False,True,False,False,False,,,,,,,,,,,,,"The Graduate Certificate in Higher Education Administration is designed for individuals planning or enhancing a career in a broad range of administrative positions in higher education institutions, as well as for those seeking mid- to senior-level administrative roles or transitioning from other industries into academia. [1, 2] The program aims to provide participants with an overall understanding of managerial, operational, and strategic concepts that lead to effective administration. [2] Upon completion, students are expected to understand and apply concepts of leadership, administration, and assessment through an interdisciplinary lens; understand and employ effective organizational and administrative approaches; and be prepared to implement programs and services that support the institutional mission while adhering to oversight and accountability requirements. [1]",,https://graduateschool.vt.edu/academics/programs.html,,,,FALSE,False,,,,,,,,,,,,,,,,,,,,,False,False,,,,,,,,,,,,,,,,,,,,,,,,,,FALSE,,,FALSE,FALSE,,,
,Graduate Certificate in Homeland Security Policy,,,,,Graduate-Certificate,Fall 2026,,,,,,Not Required,REQUIRED,The certificate is open to non-degree students (through the Commonwealth Campus program) as well as degree-seeking graduate students across Virginia Tech. Anyone wishing to apply for admission to the certificate program should use the Virginia Tech Graduate School's application form. [5],,,True,False,False,False,False,False,,True,False,False,False,False,True,False,False,False,,,,"Center for Public Administration and Policy (CPAP), School of Public and International Affairs (SPIA)",,,,,,,,,"The Graduate Certificate in Homeland Security Policy focusses a graduate certificate in homeland security policy focussing on domestic security and emergency management issues. The certificate serves either as a stand-alone credential of advanced educational achievement for non-degree students or as a supplement to a master's or doctoral degree. Taking four homeland security courses will introduce students to the complexity and diversity of the homeland security environment. This includes: analyzing threats from terrorism, cyberattacks, and infectious disease, and the importance of critical infrastructures;; considering questions of natural hazard (disaster) mitigation, preparedness, and resilience;; and investigating response and recovery strategies and outcomes. Taught by a mix of scholars and practitioners, the certificate addresses issues of homeland security strategy, policy design and implementation, planning, operations, and management across and among governmental and private-sector levels and networks. [1]",,https://graduateschool.vt.edu/academics/programs.html,,,,FALSE,False,,4.0,3.0,,,,,,,,,,,,,,,,,,False,False,,,,,,,6.5,,,,,90,,,,,,,,,,,,,,FALSE,,,FALSE,FALSE,,,
,Graduate Certificate in Human Sexuality Studies,,,,,Graduate-Certificate,Fall 2026,,,,Not Required,Not Required,Not Required,REQUIRED,"To apply to the graduate program, students new to Virginia Tech must submit the Virginia Tech Graduate School online application and pay a nonrefundable $25 application fee. Applicants must include a scanned copy of their college transcripts with the online application. A minimum GPA of 3.0 is required. [2, 9] For international students, a minimum TOEFL score of 90 (iBT) or IELTS score of 6.5 is required for admission. [4] Graduate students already accepted to another graduate program at Virginia Tech can be admitted on the basis of their acceptance into their home department by completing the Graduate Certificate Application. [4]",Not Required,,True,False,True,False,False,False,,True,False,False,False,True,True,False,False,False,,,,College of Liberal Arts and Human Sciences,,,,,,,,,,,https://graduateschool.vt.edu/academics/programs.html,,,,FALSE,False,,4.0,3.0,,,,,,,,,,,,,,,,,,False,False,,,120.0,,,,6.5,,,65.0,,90,,,,,,,,,,,,,Loans,FALSE,,,FALSE,FALSE,,,
,Graduate Certificate in Information Systems Development,,,,,Graduate-Certificate,Fall 2026,,,,,,,,,,,False,False,False,False,False,False,,False,False,False,False,False,False,False,False,False,,,,,,,,,,,,,,,https://graduateschool.vt.edu/academics/programs.html,,,,FALSE,False,,,,,,,,,,,,,,,,,,,,,False,False,,,,,,,,,,,,,,,,,,,,,,,,,,FALSE,,,FALSE,FALSE,,,
,"Graduate Certificate in Information, Policy, and Society",,,,,Graduate-Certificate,Fall 2026,,,,Required,Required,Not Required,REQUIRED,"Applications for the Graduate Certificate in Information, Policy and Society will be considered from students enrolled in a graduate program at Virginia Tech and from non-degree and Commonwealth Campus students who have been permitted to take courses by the Graduate School. [3] Minimum grade point average of 3.0 on a four-point scale. [3]",Not Required,,True,False,False,False,False,False,,True,False,False,False,False,True,False,False,False,,,,Department of Political Science,,,,,,,,,"This graduate certificate program in Information, Policy and Society is designed for non-degree-seeking students and graduate students at Virginia Tech who wish to demonstrate special competence in the study of Information, Policy, and Society. [2] This certificate responds to an existing demand by degree-seeking and non-degree students studying on campus or through online courses. [2] It will recognize courses that students complete that focus on developing a foundation in the politics and policy of information networks. [2] Students pursuing graduate degrees at Virginia Tech who wish to demonstrate a competency in information, policy, and society without undertaking an entire degree can add this certificate to their transcript. [3] Commonwealth Campus students who have been permitted to take courses by the Graduate School are also eligible. [3] Non-degree seeking students can pursue this certificate to develop a professional competency relevant to their chosen careers. [3]",,https://graduateschool.vt.edu/academics/programs.html,,,,FALSE,False,0,4.0,3.0,,,,,,,,,,,,,,,,,,False,False,,,,,,,6.5,,,,,100,,,,,,,,,,,,,,FALSE,,,FALSE,FALSE,,,
,Graduate Certificate in Integrative STEM Education,,,,,Graduate-Certificate,Fall 2026,,,,Required,Required,Not Required,REQUIRED,"For applicants not currently enrolled at Virginia Tech, a GPA of 3.0 on a 4.0 scale is required for admission to Graduate Certificate Status, and official transcripts must be submitted. A letter of interest (250–500 words) is also required. [4]",Not Required,,True,False,False,False,False,False,,True,False,False,False,False,True,False,False,False,,,,College of Liberal Arts and Human Sciences,,,,,,,,,"The Graduate Certificate in Integrative STEM Education emphasizes on the integrative approach and the connections among the subjects. It is designed for advanced graduate students who are considering careers as higher education faculty, research scientists, educational administrators, funding agency program directors, and policymakers. The program aims to expand students' understanding of Integrative STEM Education by having them research curricular connections and integrative strategies for design-based teaching and learning of STEM content and practices.",,https://graduateschool.vt.edu/academics/programs.html,,,,FALSE,True,,,,,,,,,,,,,,,,,,,,,False,False,,,,,,,6.5,,,,,90,,,,,,,,,,,,,Discount for in-state K-12 teachers,FALSE,,,FALSE,FALSE,,,
,Graduate Certificate in Leadership for an Aging Society,,,,,Graduate-Certificate,Fall 2026,,,,,,,,Minimum GPA 3.0 (4 Scale) TOEFL/ IELTS score Required (If Applicable) [1],,,False,False,False,False,False,False,,False,False,False,False,False,False,False,False,False,,,,,,,,,,,,,"The online Graduate Certificate in Leadership for an Aging Society is designed to teach students the fundamentals of the aging process and the leadership skills needed to manage an organization that serves older adults both ethically and effectively. [1] Students will learn how to develop, implement, and assess organizational policy and lead teams that provide support services for older adults. [1] The online program also covers a variety of topics related to serving in a leadership role in the elder care industry, such as the biological, psychological, and sociological impact of aging; ethical issues surrounding older adults and their families living in community or facility settings, including those of for-profit, nonprofit, and government organizations; and public policy development and approval processes at the local, state, and national levels. [1]",,https://graduateschool.vt.edu/academics/programs.html,,,,FALSE,False,,,,,,,,,,,,,,,,,,,,,False,False,,,,,,,,,,,,,,,,,,,,,,,,,,FALSE,,,FALSE,FALSE,,,
,Graduate Certificate in Local Government Management,,,,,Graduate-Certificate,Fall 2026,,,,,,,,Students who wish to pursue the certificate as a non-degree candidate may apply for admission to the certificate program using the Virginia Tech Graduate School's online application system. [2],,,True,False,False,False,False,False,,False,False,False,False,False,False,False,False,False,,,,School of Public and International Affairs,"$10,200/Year",,,,,,,,"The Graduate Certificate in Local Government Management a new online, graduate-level program from the School of Public and International Affairs (SPIA) at Virginia Tech. The central goal of the program is to offer graduate-level training in local government management that both prepares pre-career students for capable public service at the local level and enhances the capacities of existing local government employees who aspire to be town, city, or county managers or assistant/deputy managers.",,https://graduateschool.vt.edu/academics/programs.html,,,$850/Credit,FALSE,False,,,3.0,,,,,,,,,,,,,,,,,,False,False,,,,,,,,,,,,,,,,,,,,,,,,,Bob Stripling Scholarship for the Advancement of Local Government Management,FALSE,,,FALSE,FALSE,,,
,Graduate Certificate in Material Culture and Public Humanities,,,,,Graduate-Certificate,Fall 2026,,,,Not Required,Not Required,Not Required,REQUIRED,Minimum GPA 3.0 (4 Scale); TOEFL/ IELTS score required (if applicable).,Not Required,,True,False,False,False,False,False,,True,False,False,False,True,True,False,False,False,,,,Cross-disciplinary,,,,,,,,Material Culture and Public Humanities,"The graduate certificate in material culture and public humanities have two interrelated emphases (material culture and public humanities) which share common intellectual issues and employment goals. Courses in this graduate certificate program offer students the opportunity to interpret material culture (e.g., physical objects, historical artifacts) within informed historical/cultural frameworks and articulate their significance to the public. [1] The certificate enables graduate students in the target population of architecture, interior design, history, communication, rhetoric, sociology, STS, and ASPECT become more competitive applicants for jobs in museums, historical societies, and community and cultural organizations. [1]",,https://graduateschool.vt.edu/academics/programs.html,,,,FALSE,False,,4.0,3.0,,,,,,,,,,,,,,,,,,False,False,,,,,,,6.5,,,59.0,,80,,,,,,,,,,,,,,FALSE,,,FALSE,FALSE,,,
,Graduate Certificate in Middle East Politics and Society,,,,,Graduate-Certificate,Fall 2026,,,,,,Not Required,REQUIRED,Applications for the Graduate Certificate in Middle East Politics and Society will be considered from students enrolled in a graduate degree program at Virginia Tech and from non-degree and Commonwealth Campus students who have been permitted to take courses by the Graduate School. [2],,,False,False,True,False,False,False,,True,False,False,False,False,True,False,False,False,,,,School of Public and International Affairs,,,,,,,,,"The Graduate Certificate in Middle East Politics and Society (MEPS) focuses on the politics, society, and history of the peoples of North Africa, Southwestern Asia, Asia Minor, the Arabian Peninsula, and related borderlands and island groups, including emigrant and immigrant groups. [2] It addresses the causes and consequences of conflict in the region, the impact of external interventions including colonialism, and the drivers of political and social change. [2]",,https://graduateschool.vt.edu/academics/programs.html,,,,FALSE,False,,4.0,3.0,,,,,,,,,,,,,,,,,,False,False,,,,,,,,,,,,,,,,,,,,,,,,,,FALSE,,,FALSE,FALSE,,,
,Graduate Certificate in Nonprofit and N.G.O. Management,,,,,Graduate-Certificate,Fall 2026,,,,,,Not Required,REQUIRED,Admission and award requirements for this certificate program are equivalent to the requirements for the Graduate School and the participating SPIA programs. For persons not already enrolled in a Virginia Tech master's or doctoral program a Bachelor's Degree and the Graduate School application (Graduate Certificate in Nonprofit and NGO Management) are required. [7],,,True,False,False,False,False,False,,True,False,False,False,True,True,False,False,False,,,,School of Public and International Affairs (SPIA),,,,,,,,,"The School of Public and International Affair's graduate certificate in Nonprofit and Nongovernmental Organization Management serves graduate students in NCR and Blacksburg and working professionals in both nonprofits/NGOs and the public sector. The certificate fosters the development of students by offering a streamlined curriculum focusing on the seamlessness between international and domestic environments, engaged pedagogy, reflexivity, and collaborative learning. [3, 5] The certificate is ideal for rising professionals across the globe navigating the complex fiscal, managerial and networked environments of nonprofits and NGOs during a time of significant change. [3, 5] Courses in the certificate also include a focus on leadership, complex management, program evaluation with an emphasis on accountability, and all courses seamlessly integrate the domestic and international context. [3, 5]",,https://graduateschool.vt.edu/academics/programs.html,,,,FALSE,False,,4.0,3.0,,,,,,,,,,,,,,,,,,False,False,,,,,,,6.5,,,59.0,,80,,,,,,,,,,,,,,FALSE,,,FALSE,FALSE,,,
,"Graduate Certificate in Nuclear Science, Technology, and Policy",,,,,Graduate-Certificate,Fall 2026,,,,Required,Required,Not Required,REQUIRED,"Admission to the Graduate School and completing a Graduate Certificate Application are required for all students. For both degree-seeking and non-degree-seeking students, the Graduate School requires completion of a bachelor's degree from an accredited institution with a GPA of 3.0 or better for admission to Certificate Status. [12] The application package includes front and back scans of official undergraduate transcripts, a resume (1 page preferred), and a statement of purpose (2 pages maximum). [15]",Optional,,True,False,True,False,False,False,,True,False,False,False,True,True,False,False,False,,,,,,,,,,,,,"The Nuclear Science, Technology, and Policy (NSTP) Graduate Certificate integrates policy and management with nuclear science and technology to prepare students from diverse educational backgrounds for careers managing and leading nuclear policy organizations across a spectrum of activity in safety, security, safeguards, and non-proliferation. [1] The Certificate courses offer fundamental knowledge of concepts in nuclear science and technology that are relevant to policy issues, and also provide an introduction to topics in safety, security, and nonproliferation, which occupy the bulk of government concerns with nuclear issues. [1] It is a joint program among the Department of Science and Technology in Society, the School of Public and International Affairs, and the Nuclear Engineering Program. [1]",,https://graduateschool.vt.edu/academics/programs.html,,,,FALSE,True,,,,,,,,,,,,,,,,,,,,,False,False,,,115.0,,,,6.5,,,65.0,,80,,,,,,,,,,,,,,FALSE,,,FALSE,FALSE,,,
,Graduate Certificate in Politics and Policy Studies of Science and Technology,,,,,Graduate-Certificate,Fall 2026,,,,,,Not Required,REQUIRED,"To apply for the program, please contact the department. No specific application requirements are listed on the university's program page.",,,True,False,True,False,False,False,,True,False,False,False,True,True,False,False,False,,,,,,,,,,,,,"The graduate certificate program in Politics and Policy Studies of Science and Technology (STS) serves graduate students, professionals, and practitioners who seek conceptual tools and frameworks for navigating the world of science and technology policy. [1] Students will study a range of policy areas, such as bioethics, information technology, and infrastructure. [1]",,https://graduateschool.vt.edu/academics/programs.html,,,,FALSE,False,,,,,,,,,,,,,,,,,,,,,False,False,,,115.0,,,,6.5,,,59.0,,90,,,,,,,,,,,,,,FALSE,,,FALSE,FALSE,,,
,Graduate Certificate in Public and Nonprofit Financial Management,,,,,Graduate-Certificate,Fall 2026,,,,,,Not Required,REQUIRED,Students who wish to pursue the certificate as a non-degree candidate may apply for admission to the certificate program using the Virginia Tech Graduate School's online application system.,,,False,False,False,False,False,False,,True,False,False,False,False,True,False,False,False,,,,School of Public and International Affairs (SPIA),,,,,,,,,"The graduate certificate in Public and Nonprofit Financial Management is designed to develop students' and working professionals' understanding of critical paths that examine citizen and donor dollar uses and protections, as well as concepts and strategic practices that merge larger economic issues with organization needs and goals. [2] The certificate integrates financial management perspectives from the federal, state, local and nonprofit and nongovernmental organizations while synthesizing the concept of financial resiliency for organizations. [2] Students will learn the foundations of resilient financial management and explore their area of interest (federal, state, local, or nonprofit) through their assignments, projects, and case studies. [1]",,https://graduateschool.vt.edu/academics/programs.html,,,,FALSE,False,,4.0,3.0,,,,,,,,,,,,,,,,,,False,False,,,,,,,6.5,,,,,90,,,,,,,,,,,,,,FALSE,,,FALSE,FALSE,,,
,Graduate Certificate in Public History,,,,,Graduate-Certificate,Fall 2026,,,,Required,Required,,,"To apply for the Graduate Certificate in Public History as a standalone program, prospective students must submit an application through the Virginia Tech Graduate School, selecting 'graduate certificate' as the application type. [6] While specific document requirements for the certificate are not detailed on the program's page, the general application for the M.A. in History at Virginia Tech, to which the certificate is related, requires a resume/CV, a statement of purpose, and a writing sample. Applicants for the certificate would apply through the standard graduate school portal.",Required,,True,False,False,False,False,False,,False,False,False,False,False,False,False,False,False,,,,,,,,,,,,,,,https://graduateschool.vt.edu/academics/programs.html,,,,FALSE,False,,,,,,,,,,,,,,,,,,,,,False,False,,,,,,,,,,,,,,,,,,,,,,,,,,FALSE,,,FALSE,FALSE,,,
,Graduate Certificate in Science and Technology Studies,,,,,Graduate-Certificate,Fall 2026,,,,,,Not Required,REQUIRED,The graduate certificate in Science and Technology Studies is intended to serve both current graduate students in other programs at Virginia Tech and non-degree-seeking students interested in career advancement. [1] Complete course requirements can be found in the graduate catalog. [1],,,False,False,True,False,False,False,,True,False,False,False,True,True,False,False,False,,,,,,,,,,,,,"The graduate certificate in Science and Technology Studies is intended to serve both current a graduate student in Public Administration launch a career in administering a science-policy oriented NGO, a biology student who wants training in public engagement, or a graduate student in Philosophy who wants to combine the philosophy of science with the empirical study of scientists at work. [1]",,https://graduateschool.vt.edu/academics/programs.html,,,,FALSE,False,,,,,,,,,,,,,,,,,,,,,False,False,,,120.0,,,,6.5,,,59.0,,80,,,,,,,,,,,,,,FALSE,,,FALSE,FALSE,,,
,Graduate Certificate in Security Studies,,,,,Graduate-Certificate,Fall 2026,,,,Not Required,Not Required,Not Required,REQUIRED,"Applications for the Graduate Certificate in Security Studies will be considered from students enrolled in a graduate degree program at Virginia Tech and from non-degree and Commonwealth Campus students who have been permitted to take courses by the Graduate School. [3] A minimum GPA of 3.0 is required. [4] The requirements for the certificate are the completion of a total of twelve credit hours, with 6 credits in required courses and 6 elective hours. [3] Students are required to receive a grade of B or better in each course. [3]",Not Required,,True,False,False,False,False,False,,True,False,False,False,False,True,False,False,False,,,,"School of Public and International Affairs, College of Liberal Arts and Human Sciences",,,,,,,,,"The Graduate Certificate in Security Studies (SS) is open to Virginia Tech and non-degree graduate students interested in learning more about conflict, security, and war. Students will explore U.S. foreign policy-making and its impact on the world. The certificate is uniquely geared for students interested in careers in national security, the military, intelligence, legislatures, think-tanks, and NGOs. [1] This graduate certificate program in Security Studies is designed for non-degree-seeking students and graduate students at Virginia Tech who wish to demonstrate special competence in Security Studies. [4] This certificate examines topics like global governance, the executive branch, the evolution of political systems, and regionalism as they pertain to security. [4]",,https://graduateschool.vt.edu/academics/programs.html,,,,FALSE,False,,,,,,,,,,,,,,,,,,,,,False,False,,,,,,,6.5,,,,,90,,,,,,,,,,,,,,FALSE,,,FALSE,FALSE,,,
,Graduate Certificate in Software Development,,,,,Graduate-Certificate,Fall 2026,,,,,,Not Required,REQUIRED,,,,False,False,False,False,False,False,,True,False,False,False,False,True,True,False,False,,,,"The Master of Information Technology (MIT) program, which the 'Graduate Certificate in Software Development' is a part of, is a collaborative program offered jointly by the Pamplin College of Business and the College of Engineering. [3, 8, 12]","The estimated total cost for the 12-credit hour certificate is $13,272, based on the 2025-2026 tuition rate. [4]","$1,106 per credit hour for the 2025-2026 academic year. [4]",,,,,,,"Virginia Tech's 100% online graduate certificate in Software Development is offered by the online Master of Information Technology program (VT-MIT). This four-course certificate can be earned as a stand-alone credential or as part of the full degree program. [1] The Graduate Certificate in Software Development is designed to teach students principles and tools of software development using object-oriented design such as encapsulation, data protections, and inheritance. [1] Students will learn about the phases of the software life cycle (e.g., design, test, maintain, and evaluate) and how to write software programs using programming language such as Java. [1] The program covers how the programming principles and languages are used in web-based applications (e.g., email, flash games, online spreadsheets) and digital device applications (e.g., fitness trackers). [1] Graduates will be prepared to write, implement, and evaluate software systems for applications on the internet and for digital devices. [1] The curriculum requires coursework to develop student knowledge about computer programming languages for applications that are used on the internet and mobile devices. [1] Students will gain an understanding of client-side technologies (e.g., HTML, CSS, and JavaScript) and server-side technologies (e.g., Servlets and JSP). [1] Students will learn how to design, implement, and assess software for web-based and digital technologies. [1]",,https://graduateschool.vt.edu/academics/programs.html,,,"$1,106 per credit hour for the 2025-2026 academic year. [4]",FALSE,False,,4.0,3.0,,,,,,,,,,,,,,,,,,False,False,,,,,,,6.5,,,,,90,,,,,,,,,,,,,,FALSE,,,FALSE,FALSE,,,
,Graduate Certificate in Transportation Planning and Policy,,,,,Graduate-Certificate,Fall 2026,,,,,,Optional,REQUIRED,"For non-VT students, a completed online Admission Application is required. For current VT students, a completed Application for Graduate Certificate Program form is necessary. [3]",,,False,False,False,False,False,False,,True,False,,,True,True,,False,False,,,,School of Public and International Affairs,,"Based on the per-credit-hour rate for the 2025-2026 academic year, the estimated tuition for the 12-credit hour program is $10,821 for in-state students and $21,747 for out-of-state students. [2]",,,,,,," The program covers topics such as transportation policy and planning issues associated with land use patterns, resource allocations, and changing political environments. Graduates will be prepared to contribute to transportation planning and associated public policies. The graduate certificate in Transportation Planning and Policy is designed to teach students about transportation systems and related public policies. [1] Students will learn about travel behaviors and the socioeconomic impact that transportation systems have on surrounding areas (e.g., local, regional, national). [1] Transportation systems can include personal transportation systems (e.g., automobile, bicycle, scooter) and public transportation systems (e.g., buses, trains/subway, shared bicycle/car programs). [1]",,https://graduateschool.vt.edu/academics/programs.html,,,"The per-credit-hour tuition for the 2025-2026 academic year at the Blacksburg campus is $901.75 for in-state students and $1,812.25 for out-of-state students. [2]",FALSE,False,,,,,,,,,,,,,,,,,,,,,False,False,,,115.0,,,,6.5,,,59.0,,80,,,,,,,,,,,,,,FALSE,,,FALSE,FALSE,,,
,Graduate Certificate in Urban Planning Analytics,,,,,Graduate-Certificate,Fall 2026,,,,Not Required,Not Required,,,"The Graduate Certificate in Planning Analytics is designed to teach students how to use computer-based methods to analyze data as part of the urban planning process. [2] Students will learn about urban data (e.g., data related to air and water quality, water availability, waste disposal issues, high energy consumption) sources and how to use the most appropriate data analysis techniques (e.g., spatial analysis, geographic information systems) depending on the type of data and the situation. [2] Students will also learn to take into account the impacts of public policies and political, economic, and cultural perspectives on urban planning. [2] Graduates will be able to support the urban planning process by using quantitative and qualitative tools to analyze data from an urban environment. [2]",Not Required,,True,False,False,False,False,False,,False,False,False,False,False,False,False,False,False,,,,College of Architecture and Urban Studies,,,,,,,,,"The Graduate Certificate in Urban Planning Analytics is designed to teach students to engage cities with the skills to leverage data for enhanced, interdisciplinary decision-making problems. It- It- It- The Graduate Certificate in Urban Planning Analytics is designed to teach students to engage cities with the skills to leverage data for enhanced, interdisciplinary decision-making problems. It- The Graduate Certificate in Urban Planning Analytics is designed to teach students to engage cities with the skills to leverage data for enhanced, interdisciplinary decision-making problems. It- trains students to make decisions that are not only technically efficient, economically sound, environmentally aware, but also socially, ethically, and politically informed. In addition, the certificate equips students with essential foundational skills that arise from actively engaging in data science combined with an understanding of cities as systems. In doing so, the certificate promotes the educational mission of Virginia Tech to offer its students an innovative, interdisciplinary learning environment in which they can take leadership roles in data sciences for the cities of tomorrow. The certificate seeks to meet the increasing workforce demand for analytical skills and literacy. Students will be required to complete coursework to develop knowledge and skills related to data analytics and public policy for cities and urbanized places. Students will gain an understanding of the fundamental competencies needed for data collection, cleaning, management, and analysis as well as manage teams that conduct analyses related to cities.",,https://graduateschool.vt.edu/academics/programs.html,,,,FALSE,False,,,,,,,,,,,,,,,,,,,,,False,False,,,,,,,,,,,,,,,,,,,,,,,,,,FALSE,,,FALSE,FALSE,,,
,Graduate Certificate in Watershed Management,,,,,Graduate-Certificate,Fall 2026,,,,Required,Required,Not Required,REQUIRED,"If you are not currently a VT student, you must apply for graduate admission as a certificate-seeking student through the Virginia Tech Graduate School. Requirements for admission for a non-degree seeking or non-VT student include: Completed undergraduate degree; Current resume/CV; Personal goal statement; Completed application; No GRE required; TOEFL may be required for international students. [5]",Not Required,,True,False,False,False,False,False,,True,False,False,False,False,True,False,False,False,,,,Center for Leadership in Global Sustainability,,,,,,,,,"The Watershed Management Certificate addresses the critical and growing need for skilled professionals who can tackle complex water resource challenges facing society and the environment. As watershed management has evolved into an increasingly interdisciplinary field, there is a demand for professionals equipped with comprehensive skills spanning natural science, engineering, economics, planning, and policy. This 11-12 hour graduate certificate program fills this gap by providing focused, graduate-level training that develops the interdisciplinary competencies essential for effective watershed management practice. The program recognizes that modern water resource challenges require professionals who can integrate scientific understanding with quantitative analysis tools, policy knowledge, and management strategies. By offering flexible delivery options—online, in-person, and hybrid formats—the certificate accommodates working professionals while ensuring they gain the specialized expertise needed to address contemporary watershed management issues in an era of increasing environmental complexity and regulatory requirements. [2]",,https://graduateschool.vt.edu/academics/programs.html,,,,FALSE,True,,,3.0,,,,,,,,,,,,,,,,,,False,False,,,,,,,6.5,,,,,90,,,,,,,,,,,,,,FALSE,,,FALSE,FALSE,,,
,Graduate Certificate in Women's and Gender Studies,,,,,Graduate-Certificate,Fall 2026,,,,,,Not Required,REQUIRED,,,,False,False,False,False,False,False,,True,False,False,False,False,True,False,False,False,,,,Institute for Women's and Gender Studies,,,,,,,,,,,https://graduateschool.vt.edu/academics/programs.html,,,,FALSE,False,,4.0,3.0,,,,,,,,,,,,,,,,,,False,False,,,,,,,,,,,,,,,,,,,,,,,,,,FALSE,,,FALSE,FALSE,,,
,Master of Accounting & Information Systems,,,,,Graduate,Fall 2026,,,,Not Required,Required,Not Required,REQUIRED,"All applicants must hold a bachelor's degree from an accredited college or university with an undergraduate grade point average (GPA) of 3.0 or higher on a 4.0 scale. Students with a GPA below 3.0, but not lower than 2.75, and who have other experience or qualifications that demonstrate potential to undertake graduate studies, will be considered for provisional admission. Applicants may submit a scanned copy of his/her transcript(s) with their application. However, an official copy must be sent to the Graduate School once admission has been offered. GMAT requirement is waived for all MACIS and 152-Hour applicants, regardless of GPA. International students may be required to submit TOEFL scores. Two Recommendation Letters; Application Fee ($75, nonrefundable). [5]",Not Required,,True,False,True,False,False,False,,True,False,False,False,True,True,False,False,False,,,,"Pamplin College of Business, Department of Accounting and Information Systems",,,,,,,,"The Master of Accounting and Information Systems (MACIS) Program offers specializations, referred to as Options, in Accounting Analytics, Audit, Financial Services, Information Systems, and Taxation.","The Master of Accounting and Information Systems (MACIS) Program at Virginia Tech prepares students for professional careers with specializations in accounting analytics, audit, financial services, information systems, and taxation. The program is open to students with a bachelor's degree in any discipline and can be earned in one academic year if all prerequisites are met. The curriculum for each option is designed to meet the Virginia Board of Accountancy's educational requirements for CPA licensure.",,https://graduateschool.vt.edu/academics/programs.html,"The Pamplin College of Business at Virginia Polytechnic Institute and State University is accredited by the Association to Advance Collegiate Schools of Business (AACSB), and the accounting program also holds separate accreditation from AACSB. Additionally, all five options within the Master of Accounting and Information Systems (MACIS) program meet the educational requirements for CPA licensure set by the Virginia Board of Accountancy.",,,FALSE,False,,4.0,3.0,,,,,,,,,,,,,,,,,,False,False,,,115.0,,,,6.5,,,59.0,,90,,,,,,,,,,,"The ACIS Department awards over $300,000 in scholarships annually. A multi-year gift of $300,000 from KPMG is also available for scholarships for underrepresented individuals. [12]",,"Teaching Assistantships, Graduate Assistantships, and merit-based scholarships, including funding for underrepresented individuals through a collaboration with KPMG. [12, 20]",FALSE,,,FALSE,FALSE,,,
,Master of Architecture,,,,,Graduate,Fall 2026,,,,Optional,,Not Required,REQUIRED,"Admission to the graduate programs at Virginia Tech is normally contingent upon holding an appropriate undergraduate baccalaureate degree from an accredited college or university and presentation of evidence of potential to successfully pursue graduate level work in architecture. Completion of the Bachelor's degree with a high academic standing is expected. [6] M.Arch.2 admission prerequisites: pre-professional degree (4-year), Bachelor of Arts/Design/Science, etc., in Architecture from a school offering an NAAB-accredited professional degree (B.Arch. or M.Arch.) or the equivalent, including courses in Architectural History, Structures, Environmental Systems, and Building Technology. [6] M.Arch.3 admission prerequisites: Bachelor's Degree, with no limitations on a particular discipline and no prerequisite coursework required. [6]",Not Required,,False,False,True,False,False,False,,True,False,False,False,True,True,False,False,False,,,,"College of Architecture, Arts, and Design",,,,,,,,,,,https://graduateschool.vt.edu/academics/programs.html,,,,FALSE,True,,,,,,,,,,,,,,,,,,,,,False,False,,,115.0,,,,6.5,,,59.0,,80,,,,,,,,,,,,,Need-based,FALSE,,,FALSE,FALSE,,,
,Master of Arts in Communication,,,,,Graduate,Fall 2026,,,,,,,,,,,False,False,False,False,False,False,,False,False,False,False,False,False,False,False,False,,,,,,,,,,,,The M.A. in Communication at Virginia Tech offers two tracks: a Communication track and a Reputation Management track. [12],"The Master of Arts in Communication at Virginia Tech involves advanced study in strategic communication and society, media, and technology research from a variety of theoretical and methodological perspectives. [8] The program is designed to introduce students to public and mass communication for application in both academic and professional settings. [8] Students in the program engage in reviewing and discussing research and criticism while also collecting and interpreting original research data. [8] There is also an accelerated master's program option for current undergraduate Virginia Tech Communication majors, allowing them to complete the M.A. degree in as little as one additional year. [12]",,https://graduateschool.vt.edu/academics/programs.html,,,,FALSE,False,,,,,,,,,,,,,,,,,,,,,False,False,,,,,,,,,,,,,,,,,,,,,,,,,,FALSE,,,FALSE,FALSE,,,
,Master of Arts in Data Analysis and Applied Statistics,,,,,Graduate,Fall 2026,,,,,,Not Required,REQUIRED,ADMISSIONS REQUIREMENTS: Bachelor's degree from an accredited college or university. Undergraduate cumulative grade point average of 3.00 or higher on a 4.0 base for the equivalent of the last two years of undergraduate study. Two semesters of undergraduate statistics or business statistics or the equivalent.,,,True,False,True,False,False,False,,True,False,False,False,False,True,True,False,False,,,,College of Science,31690,,,,,,,,"The Master of Arts in Data Analysis and Applied Statistics (DAAS) is a terminal master's degree designed for working professionals who desire advanced education in data analytics. [3] The curriculum provides a broad variety of applied statistical tools to students, without the emphasis on statistical theory steeped in mathematics. [9] The M.A. DAAS degree is structured so that certain courses that emphasize the fundamentals of statistics, are required. Electives in specialized topics in statistics are then be chosen by the student. [9] Thus, the degree offers sufficient depth in the fundamentals of contemporary applied statistical methods and gives students an understanding of how these methods are applied indifferent fields. [9] Our program covers essential methods and tools in data analysis, applied statistics, computing, data visualization, and communication. [3] The Master of Arts in Data Analysis and Applied Statistics degree comprises 30 credits, distributed among applied statistics and analytical courses from a variety of departments. [2] At our Blacksburg campus, the M.A. DAAS degree is a simultaneous degree. Current Virginia Tech master's and/or Ph.D. students in another discipline, who desire to complement their training with the M.A. DAAS degree, are eligible to apply to the degree. [5] The applied statistics emphasis of the M.A. DAAS will empower students to perform more statistically sophisticated research, improving the quality of their theses/dissertations, and leading to papers published in higher level journals than would be possible without such courses. [9]",,https://graduateschool.vt.edu/academics/programs.html,,,,FALSE,True,,4.0,3.0,,,,,,,,,,,,,,,,,,False,False,,,,,,,6.5,,,,,90,,,,,,,,,,,,,,FALSE,,,FALSE,FALSE,,,
,Master of Arts in Drama and Theatre Production,,,,,Graduate,Fall 2026,,,,Optional,Optional,Not Required,REQUIRED,"Each application to the Virginia Tech Graduate School requires a non-refundable application fee. Applicants must have a bachelor's degree from an accredited institution with a minimum GPA of 3.0. The application process also includes submitting transcripts from all post-secondary institutions attended and providing letters of recommendation. While many programs have suspended the GRE requirement, some may still recommend or require it.",Optional,,True,False,False,False,False,False,,True,False,False,False,False,True,False,False,False,,,,College of Liberal Arts and Human Sciences,,,,,,,,,,,https://graduateschool.vt.edu/academics/programs.html,,,,FALSE,False,,4.0,3.0,,,,,,,,,,,,,,,,,,False,False,,,,,,,6.5,,,,,90,,,,,,,,,,,,,"scholarships, grants, loans, and work-study programs",FALSE,,,FALSE,FALSE,,,
,Master of Arts in Economics,,,,,Graduate,Fall 2026,,,,Required,Required,,REQUIRED,"MA Program Application Materials & Requirements:

*   Original Undergraduate and/or Graduate Transcripts
*   Personal Goals Statement: Approximately 500 words stating your goals and objectives for graduate study. [4]
*   GRE Scores: Official score reports are optional. A suggested minimum of 155 on the Quantitative section is mentioned. [4]
*   2 Letters of Recommendation [4]
*   Resume: A current CV or resume detailing experience and education. [4]
*   Degree Requirement: Bachelor's degree from an accredited college or university. [4]
*   GPA: Minimum cumulative grade point average of 3.0 on a 4.0 scale. [4]
*   Prerequisites: All graduate courses presume the student has had an intermediate microeconomic theory class and an intermediate macroeconomic theory class. Students are assumed to have a working knowledge of basic statistics, differential and integral calculus. [4]",,,False,True,False,False,False,False,,True,False,False,False,False,True,False,False,False,,,,,,,,,,,,,"We provide the standard training in the first year and the first half of the second year (microeconomics, macroeconomics and econometrics). After the compulsory training, students are mostly choosing courses from our four areas of focus: microeconomic theory, experimental and behavioral economics, labor and development economics, econometrics, and macroeconomics.",,https://graduateschool.vt.edu/academics/programs.html,,,,FALSE,True,,,,,,,,,,,,,,,,,,,,,False,False,,,,,,,6.5,,,,,90,,,,,,,,,,,,,,FALSE,,,FALSE,FALSE,,,
,Master of Arts in Education in Clinical Mental Health Counseling Concentration,,,,,Graduate,Fall 2026,,,,Not Required,Required,Optional,REQUIRED,"Applicants must hold a Bachelor's degree from an accredited college or university with a 3.0-grade point average (GPA) for the last 60 hours of undergraduate course work for regular admission. [6] A GPA between 2.5 and 2.99 allows for provisional admission status. [6] The application requires the submission of unofficial transcripts, with official copies to be sent upon acceptance. [6] Additionally, three letters of recommendation are required. [6] Instead of a traditional statement of purpose, applicants must respond to a series of short-answer questions, with responses limited to 250 words per question. [6]",Not Required,,True,True,True,False,False,False,,True,False,False,False,False,True,False,False,False,,,,School of Education,,,,,,,,Clinical Mental Health Counseling,"Our Counselor Education Program offers two master's degree tracks, one in Clinical Mental Health Counseling, and one in School Counseling. Both master's programs are offered on our Roanoke campus. [4] Counselors help individuals change their lives. They work in school and community settings to advocate for individuals, and advance social justice. [5] At the completion of their M.A.Ed. program, Clinical Mental Health graduates will have completed all of the educational requirements for licensure as a professional counselor in Virginia. After graduation, there is a residency period (typically 2-3 years) and an exam to become a Licensed Professional Counselor (LPC). [5]",,https://graduateschool.vt.edu/academics/programs.html,Our Counselor Education Programs are accredited by the Council for Accreditation of Counseling and Related Educational Programs (CACREP). [4],,,FALSE,False,,4.0,3.0,,,,,,,,,,,,,,,,,,False,False,,,120.0,,,,6.5,,,,,90,,,,,,,,,,,,,Merit-based,FALSE,,,FALSE,FALSE,,,
,Master of Arts in Education in Educational Psychology,,,,,Graduate,Fall 2026,,,,,Required,Not Required,REQUIRED,Bachelor's degree or 12 completed courses of graduate work from an accredited college or university with a GPA of 3.0 or higher; Statement of Purpose; 500-word professional writing sample; 3 letters of recommendation; TOEFL (Total and TWE) scores - if applicable. [1],Required,,True,False,False,False,False,False,,True,False,False,False,False,True,False,False,False,,,,,,,,,,,,"['Early Childhood Education', 'Development, Learning, Instruction and Evaluation']","The Master of Arts (M.A.) in Education with an option in Educational Psychology offers two emphases: (1) Early Childhood Education and (2) Development, Learning, Instruction and Evaluation. [3] The Early Childhood Education emphasis prepares students for leadership positions in early childhood care and education and for entry into doctoral programs. [3] The Development, Learning, Instruction and Evaluation emphasis aims to prepare students for doctoral programs in educational psychology and education, and to offer teachers the opportunity to improve their teaching through the in-depth study of the psychology of learning and research skills. [3]",,https://graduateschool.vt.edu/academics/programs.html,The Early Childhood Education emphasis is aligned with the Professional Standards for Advanced Students (master's level) as specified by the National Association for the Education of Young Children (NAEYC) in concert with the National Council for Accreditation of Teacher Education. [3],,,FALSE,False,,,,,,,,,,,,,,,,,,,,,False,False,,,,,,,6.5,,,,,90,,,,,,,,,,,,,,FALSE,,,FALSE,FALSE,,,
,Master of Arts in Education in Higher Education,,,,,Graduate,Fall 2026,,,,Required,Required,Optional,REQUIRED,"To apply to the Virginia Tech Higher Education and Student Affairs M.A. Ed. program, select ""Education, Higher Education (M.A. Ed.) "" as your major. Choose degree option “M.A. Ed.” from the list. Minimum eligibility requirements include a bachelor's degree from an accredited institution with at least an earned GPA of 3.0 (on a 4.0 scale) for the last 60 semester hours of undergraduate study. For all non-U.S. citizens or non-U.S. permanent residents, TOEFL/IELTS scores are required. [4] Additional admission procedures are determined by the HED admission committee. [4] Applicants must provide a current resume and a brief (1-2 pages) personal statement. [4] Three letters of recommendation are required. [4]",Not Required,,True,True,False,False,False,False,,True,,,,True,True,True,False,False,,,,School of Education,,,,,,,,,"The Higher Education and Student Affairs (HED) Master's Degree Program at Virginia Tech educates entry-level professionals with the essential knowledge, skills, values, and dispositions necessary for a wide variety of student affairs positions in higher education. Graduates are prepared for employment in areas such as residence life, student activities, student success, academic advising, new student orientation, leadership development, diversity and inclusion offices, career and professional development, and advocacy and crisis management. The program focuses on preparing leaders who use and produce high-impact research as part of their practice and are committed to service. [7, 12]",,https://graduateschool.vt.edu/academics/programs.html,"The program is designed to meet the standards for master's level preparation in student affairs of the Council for the Advancement of Standards in Higher Education (CAS). [7, 12]",,,FALSE,False,,4.0,3.0,,,,,,,,,,,,,,,,,,False,False,,,,,,,6.5,,,53.0,,90,,,,,,,,,,,,,"Graduate Assistantships that may include a stipend, health insurance, and tuition coverage.",FALSE,,,FALSE,FALSE,,,
,Master of Arts in Education in Integrative STEM Education,,,,,Graduate,Fall 2026,,,,Required,Not Required,Not Required,REQUIRED,A bachelor's degree from an accredited college or university with an earned GPA of 3.0 (on a 4.0 scale) in the last 60 credit hours of undergraduate study. [1],Not Required,,True,True,False,False,False,False,,True,False,False,False,False,True,False,False,False,,,,College of Liberal Arts and Human Sciences,,,,,,,,,"The Integrative STEM Education program at Virginia Tech offers a graduate certificate and degrees at three different levels: master of arts in education degree (M.A.Ed.), education specialist degree (Ed.S.), and doctoral degrees (Ph.D. or Ed.D.). [1, 4] Integrative STEM Education serves as the theoretical and pedagogical premise for technological/engineering (T/E) design based teaching and learning practices. [1, 4] The goal of T/E design based learning is distinct in that it seeks to promote integrative STEM thinking through the design of a product, system, or environment that provides solutions to practical problems. [1, 4] Technological/Engineering design embodies habits of both hand and mind that together afford the learner knowledge and understanding necessary for developing appropriate solutions to human wants and needs. [1, 4] The faculty works closely with students to tailor their learning experiences to meet their goals. [1] In Spring 2006, Virginia Tech's School of Education became the first in the United States to offer an Integrative STEM Education graduate program. [4] We develop 21st century K-16 Science, Technology, Engineering, and Mathematics (STEM) educators, leaders, scholars, and researchers prepared to investigate, teach, and disseminate new integrative approaches to STEM education. [4] NOTE: THIS PROGRAM IS NOT ACCEPTING STUDENTS AT THIS TIME. CHECK BACK IN THE FUTURE FOR NEW, EXCITING OFFERINGS!",,https://graduateschool.vt.edu/academics/programs.html,,,,FALSE,True,,4.0,3.0,,,,,,,,,,,,,,,,,,False,False,,,,,,,6.5,,,,,90,,,,,,,,,,,,,,FALSE,,,FALSE,FALSE,,,
,Master of Arts in Education in Mathematics Education,,,,,Graduate,Fall 2026,,,,Not Required,Required,Not Required,REQUIRED,"Bachelor's degree with 3.00 GPA for regular admission status or 2.75 GPA for provisional status is required (last 60 hours of coursework). Undergraduate majors in mathematics, mathematics education, or mathematics-related fields. For students who have not completed a basic core of undergraduate mathematics courses, a limited amount of undergraduate coursework may be completed during the graduate program. Two letters of reference. Undergraduate Mathematics content coursework for licensure. [1]",Required,,True,False,True,False,False,False,,True,False,False,False,True,True,False,False,False,,,,School of Education,,,,,,,,,,,https://graduateschool.vt.edu/academics/programs.html,,,,FALSE,True,,4.0,3.0,,,,,,,,,,,,,,,,,,False,False,,,115.0,,,,6.5,,,59.0,,80,,,,,,,,,,,,,,FALSE,,,FALSE,FALSE,,,
,Master of Arts in Education in School Counseling Concentration,,,,,Graduate,Fall 2026,,,,Required,Required,Not Required,REQUIRED,"Applicants must hold a Bachelor's degree from an accredited college or university with a 3.0-grade point average (GPA) for the last 60 hours of undergraduate course work for regular admission status or a 2.5 GPA to 2.99 GPA for provisional admission status. [4] Applicants must have career goals consistent with the degree offered by Counselor Education, demonstrate a commitment to the time requirements of the program, and show strong oral and written communication skills. [4] Three letters of recommendation are also required. [4]",Required,,False,True,True,False,False,False,,True,False,False,False,True,True,False,False,False,,,,"School of Education, College of Liberal Arts and Human Sciences","In-state: $18,564/Year, Out-of-state: $35,092/Year","In-state: $18,564/Year, Out-of-state: $35,092/Year",,,,,,School Counseling,"The School Counseling Program awards a Master of Arts in Education (M.A.Ed.) in Counselor Education, and is offered on our Roanoke campus. Counselors help individuals change their lives. They work in school and community settings to advocate for individuals, and work to advance social justice. School Counseling is frequently among the top ten critical shortage teaching areas in Virginia. We understand that School Counselors are counselors who work in school settings. Thus, we incorporate the same courses for both School Counselors and Clinical Mental Health Counselors. Many of our students who complete the School Counselor program continue to earn their Licensed Professional Counselor (LPC) licensure as well. At the completion of their M.A.Ed. program, School Counseling graduates will have completed all of the educational requirements for provisional licensure as a Professional School Counselor PK-12. After working for two years, graduates become fully licensed as school counselors.",,https://graduateschool.vt.edu/academics/programs.html,,,"In-state: $876, Out-of-state: $1,760",FALSE,False,,4.0,3.0,,,,,,,,,,,,,,,,,,False,False,,,120.0,,,,6.5,,,65.0,,80,,,,,,,,,,,,,"Discount for in-state K-12 teachers, Assistantships",FALSE,,,FALSE,FALSE,,,
,Master of Arts in Education in Science Education - Biology,,,,,Graduate,Fall 2026,,,,,,Not Required,REQUIRED,"The Virginia Tech Graduate School website does not provide a consolidated list of general application requirements at the institute level. Instead, it states that applicants should refer to the specific requirements of their program of interest. The general process involves submitting an online application, paying a fee, and providing unofficial transcripts from all institutions attended. Official transcripts are required after an offer of admission is accepted.",,,False,True,False,False,False,False,,True,False,False,False,False,True,False,False,False,,,,,,,,,,,,,,,https://graduateschool.vt.edu/academics/programs.html,,,,FALSE,False,,,,,,,,,,,,,,,,,,,,,False,False,,,,,,,6.5,,,,,90,,,,,,,,,,,,,,FALSE,,,FALSE,FALSE,,,
,Master of Arts in Education in Science Education - Chemistry,,,,,Graduate,Fall 2026,,,,Required,Required,Optional,REQUIRED,"Previous Degree Requirements: Applicants should have a degree in an appropriate field from an accredited college or university.

GPA: An undergraduate GPA of 3.0 or higher is recommended.

For International students, the minimum scores for English Proficiency are: TOEFL: 80, IELTS: 6.5.

Three letters of recommendation are required.",Not Required,,True,False,False,False,False,False,,True,False,False,False,False,True,False,False,False,,,,,,,,,,,,,,,https://graduateschool.vt.edu/academics/programs.html,,,,FALSE,True,,,,,,,,,,,,,,,,,,,,,False,False,,,,,,,6.5,,,,,,,,,,,,,,,,,,,FALSE,,,FALSE,FALSE,,,
,Master of Arts in Education in Science Education - Earth Science,,,,,Graduate,Fall 2026,,,,Not Required,Required,Not Required,REQUIRED,"To apply to the Master of Arts in Education with a concentration in Science Education, students must submit the Virginia Tech Graduate School online application. An application checklist specifies the need for scanned college transcripts to be included with the online application, with official copies to be sent after an offer of admission. Two letters of recommendation are mentioned as a requirement. Applicants must also write a 2-3 page essay discussing why they want to be a science teacher. [4]",Not Required,,True,False,False,False,False,False,,True,False,False,False,False,True,False,False,False,,,,"School of Education, College of Liberal Arts and Human Sciences",,,,,,,,Science Education,"The Master's Degree in Curriculum & Instruction with a concentration in Science Education offers licensure in Biology, Chemistry, Earth Science, and Physics. [2] The Secondary Science Education Program is nationally accredited and leads to licensure in middle and secondary science (in one of biology, chemistry, earth science, or physics, grades 6-12). The program includes a field experience in schools during the fall semester and a student teaching internship during the spring semester. [2] The Science Education M.A. Ed. Initial Teaching Licensure Program includes 39 credit-hours of coursework in educational foundations, science teaching pedagogy, special education, instructional technology, content area reading, history/philosophy of science, and STEM/robotics. [2] Students admitted to the program are required to complete all science content requirements and 12 hours of education coursework before beginning the field experience in the fall. [2]",,https://graduateschool.vt.edu/academics/programs.html,The Secondary Science Education Program is nationally accredited. [2],,,FALSE,False,,4.0,,,,,,,,,,,,,,,,,,,False,False,,,,,,,6.5,,,,,90,,,,,,,,,,,,,,FALSE,,,FALSE,FALSE,,,
,Master of Arts in Education in Science Education - Physics,,,,,Graduate,Fall 2026,,,,Required,Required,,REQUIRED,"Applicants must submit the Virginia Tech Graduate School online application. A 2-3 page essay is required discussing why the applicant wants to be a science teacher. Two letters of recommendation are also required. Applicants must submit a completed Licensure Undergraduate Course Content Requirements Checklist. Additionally, there is a Science Research Requirement that must be met, which can be satisfied through an undergraduate or graduate course involving original scientific research, or through relevant internships or work experiences.",Not Required,,True,True,False,False,False,False,,True,False,False,False,True,True,False,False,False,,,,School of Education,,,,,,,,Physics,"The Master's Degree in Curriculum & Instruction with a concentration in Science Education offers licensure in Biology, Chemistry, Earth Science, and Physics. The Secondary Science Education Program is nationally accredited and leads to licensure in middle and secondary science (in one of biology, chemistry, earth science, or physics, grades 6-12). The program includes a field experience in schools during the fall semester and a student teaching internship during the spring semester. The VT Science Education teacher preparation program boasts a nearly 100% job placement rate! At the Virginia Tech School of Education, you will develop the knowledge, skills, and dispositions necessary to transform teaching and learning, conduct groundbreaking research, and engage with learning communities around the globe. [5, 6]",,https://graduateschool.vt.edu/academics/programs.html,All of our Science Education programs are accredited by the Council for the Accreditation of Educator Preparation. Our Science Teacher Preparation Program is approved by the Virginia Department of Education. [6],,,FALSE,True,,,,,,,,,,,,,,,,,,,,,False,False,,,115.0,,,,6.5,,,53.0,,80,,,,,,,,,,,,,,FALSE,,,FALSE,FALSE,,,
,Master of Arts in Educational Leadership and Policy Studies,,,,,Graduate,Fall 2026,,,,,,Not Required,REQUIRED,,,,False,False,True,False,False,False,,True,False,False,False,True,True,False,False,False,,,,,,,,,,,,Principal Preparation Program,"For over 50 years, we have হয়েছে developedExce in Leadership with our Educational Leadership and Policy Studies programs for future PK-12 school principals, school division superintendents, central office administrators, university administrators, and state department of education officials. [1] Many of our graduates go on to serve in non-profits or as university faculty as well. As a member of the Educational Leadership and Policy Studies program, you will develop the knowledge, skills, and dispositions necessary to transform teaching and learning, conduct groundbreaking research, and engage with and lead learning communities at home and around the globe. [1] Reimagining the future of education begins with educational leadership practices that put educational excellence, innovation, and equity at the fore. [1]",,https://graduateschool.vt.edu/academics/programs.html,Our Educational Leadership & Policy Studies Program is accredited by the Council for the Accreditation of Educator Preparation. [1],,,FALSE,False,,,,,,,,,,,,,,,,,,,,,False,False,,,115.0,,,,6.5,,,59.0,,90,,,,,,,,,,,,,,FALSE,,,FALSE,FALSE,,,
,Master of Arts in English,,,,,Graduate,Fall 2026,,,,Required,Required,Not Required,REQUIRED,"A letter of interest (250-500 words) is required. Applicants must also provide a 15-20 page, double-spaced sample of analytical academic writing and three letters of recommendation. A minimum GPA of 3.0 on a 4.0 scale is required. [4, 8] Please note that the English M.A. program is not accepting new applications for the 2026-27 academic year. [4]",Required,,True,False,True,False,False,False,,True,False,False,False,True,True,False,False,False,,,,,,,,,,,,Rhetoric and Writing,,,https://graduateschool.vt.edu/academics/programs.html,,,,FALSE,False,,,,,,,,,,,,,,,,,,,,,False,False,,,115.0,,,,6.5,,,59.0,,90,,,,,,,,,,,,,,FALSE,,,FALSE,FALSE,,,
,"Master of Arts in Foreign Languages, Cultures, and Literatures, French and Francophone Studies Concentration",,,,,Graduate,Fall 2026,,,,,,,,Admission to the Graduate School is contingent upon receipt of a four-year bachelor's degree from a regionally accredited college or university and the presentation of evidence of potential to pursue graduate work.,,,False,False,,,,,,,,,,,,,,,,,,College of Liberal Arts and Human Sciences,,,,,,,,French and Francophone Studies,"The Master of Arts in Foreign Languages, Cultures & Literatures is designed to meet the needs of students seeking academic and other professional careers in contexts that require intercultural competency as well as a specialized knowledge of Spanish and/or French. [2] The program gives you a strong foundation in the languages, histories, and cultural traditions of the French‑speaking world. [3] The program serves the interests of students seeking an interdisciplinary approach to learning and coursework includes areas such as literature, cultural studies, cinema, visual culture, translation, linguistics and business. [2] Through coursework and research opportunities, students will develop advanced skills in critical analysis, cultural interpretation, and scholarly writing. The program introduces you to key research methods and modern pedagogical approaches, helping you grow as both a scholar and communicator. [3]",,https://graduateschool.vt.edu/academics/programs.html,,,,FALSE,False,,,,,,,,,,,,,,,,,,,,,False,False,,,,,,,,,,,,,,,,,,,,,,,,,,FALSE,,,FALSE,FALSE,,,
,"Master of Arts in Foreign Languages, Cultures, and Literatures, Hispanic Studies Concentration",,,,,Graduate,Fall 2026,,,,,,Not Required,REQUIRED,,,,False,False,False,False,False,False,,True,False,False,False,False,True,False,False,False,,,,College of Liberal Arts and Human Sciences,,,,,,,,,,,https://graduateschool.vt.edu/academics/programs.html,,,,FALSE,False,,4.0,3.0,,,,,,,,,,,,,,,,,,False,False,,,,,,,,,,,,,,,,,,,,,,,,,,FALSE,,,FALSE,FALSE,,,
,"Master of Arts in Foreign Languages, Cultures, and Literatures, Multilingual Studies Concentration",,,,,Graduate,Fall 2026,,,,,,Not Required,REQUIRED,,,,False,False,False,False,False,False,,True,False,False,False,False,True,False,False,False,,,,College of Liberal Arts and Human Sciences,,,,,,,,Multilingual Studies,"The Master of Arts in Foreign Languages, Cultures & Literatures is designed to meet the needs of students seeking academic and other professional careers in contexts that require intercultural competency as well as a specialized knowledge of Spanish and/or French. The program serves the interests of students seeking an interdisciplinary approach to learning. Coursework includes areas such as literature, cultural studies, cinema, visual culture, translation, linguistics and business. [3]",,https://graduateschool.vt.edu/academics/programs.html,,,,FALSE,False,,4.0,3.0,,,,,,,,,,,,,,,,,,False,False,,,,,,,6.5,,,,,90,,,,,,,,,,,,,,FALSE,,,FALSE,FALSE,,,
,Master of Arts in Government and International Affairs,,,,,Graduate,Fall 2026,,,,Required,Required,Optional,REQUIRED,"The Graduate School requires a minimum cumulative grade point average (GPA) for admission of 3.0 or better. The GIA (Government and International Affairs) program requires applicants to submit an online application form, application fee, official transcripts of previous academic work, personal statement, three letters of recommendation, and resume. [13, 14]",,,True,True,False,False,False,False,,True,False,False,False,False,True,False,False,False,,,,School of Public and International Affairs,,,,,,,,"['Human Security', 'International Political Economy', 'Security & Intelligence Studies']","The Master of Public and International Affairs (MPIA) at Virginia Tech is a multidisciplinary program that prepares you to lead on global policy challenges—from diplomacy and security to economic development and climate change. Grounded in political science, geography, sociology, history, and science & technology studies, our courses explore foreign policymaking, connecting theory with practice. We teach you to approach the policy questions of our time with methodological soundness and analytical originality. [2]",,https://graduateschool.vt.edu/academics/programs.html,,,,FALSE,False,,4.0,3.0,,,,,,,,,,,,,,,,,,False,False,,,,,,,6.5,,,,,90,,,,,,,,,,,,,,FALSE,,,FALSE,FALSE,,,
,Master of Arts in History,,,,,Graduate,Fall 2026,,,,Required,Required,Not Required,REQUIRED,"In addition to the admission standards prescribed by the Graduate School, students applying for the M.A. History program must also meet the following requirements: A bachelor's degree from an accredited institution. Three letters of recommendation, preferably from former professors. A personal statement describing research goals, relevant experience, and motivations for pursuing a masters degree in history. An academic writing sample. [3]",Required,,True,False,True,False,False,False,,True,False,False,False,True,True,False,False,False,,,,College of Liberal Arts and Human Sciences,,,,,,,,,,,https://graduateschool.vt.edu/academics/programs.html,,,,FALSE,False,,4.0,3.0,,,,,,,,,,,,,,,,,,False,False,,,115.0,,,,6.5,,,59.0,,90,,,,,,,,,,,"The Virginia Center for Civil War Studies (VCCWS) Graduate Scholarship awards $5,000 annually.",,"Graduate Assistantships, Scholarships",FALSE,,,FALSE,FALSE,,,
,Master of Arts in Material Culture and Public Humanities,,,,,Graduate,Fall 2026,,,,,,Optional,REQUIRED,"Undergraduate B.S. or B.A. degree, preferably in the humanities or design disciplines (e.g., American Studies, Architecture, Area Studies, Art History, Classics, Communication, Folklore, History, History of Design, Interior Design, Industrial Design, Landscape Architecture, Political Science, Religion and Culture); A strong undergraduate GPA, ideally 3.5 in-major undergraduate, 3.0 overall undergraduate GPA. [3]",,,True,True,True,False,False,False,,True,False,False,False,True,True,True,False,False,,,,College of Liberal Arts and Human Sciences,,,,,,,,,,,https://graduateschool.vt.edu/academics/programs.html,,,,FALSE,False,,4.0,3.0,,,,,,,,,,,,,,,,,,False,False,,,115.0,,,,6.5,,,59.0,,90,,,,,,,,,,,,,Graduate assistantships and fellowships. [8],FALSE,,,FALSE,FALSE,,,
,Master of Arts in Philosophy,,,,,Graduate,Fall 2026,,,,Required,Required,Not Required,REQUIRED,"Minimum GPA 3.0 (4 Scale); GRE is not required; For all non-U.S. citizens or non-U.S. permanent residents: For TOEFL taken before January 2026: minimum of 90 overall; minimum of 20 on Listening, Writing, and Reading; minimum of 25 on Speaking; For TOEFL taken after January 2026: minimum of 4.5 overall; minimum of 4.5 on Listening, Writing, and Reading; minimum of 5 on Speaking. IELTS: minimum of 6.5; 7 on Speaking. [4] Three letters of recommendation are required. [4]",Required,,True,False,False,False,False,False,,True,False,False,False,False,True,True,False,False,,,,College of Liberal Arts and Human Sciences,"$1,435 per semester",,,,,,,,,,https://graduateschool.vt.edu/academics/programs.html,,"$25,200 per year",,FALSE,False,,4.0,3.0,,,,,,,,,,,,,,,,,,False,False,,,,,,,6.5,,,,,570 (PBT) or 80 (iBT),,,,,,,,,,,"$25,200 per year",100% of tuition,Graduate Teaching Assistantship,FALSE,,,FALSE,FALSE,,,
,Master of Arts in Political Science,,,,,Graduate,Fall 2026,,,,Required,Required,,,General Requirements: Bachelor's degree from an accredited college or university with minimum of 3.0 GPA. [8] A letter of interest (250-500 words) is required by the Department of Political Science along with your latest Curriculum Vitae. [8] Three letters of recommendation are required for Political Science (M.A.). [8],Not Required,,True,True,False,False,False,False,,False,False,False,False,False,False,False,False,False,,,,,,,,,,,,,"The Master of Arts in Political Science prepares students for careers in academic life and government such as pursuing a doctoral degree in political science or entering a career in a public agency, non-profit organization or private research organization. [3] Our graduate study program is designed to provide students with a firm, broadly based grounding in the discipline of political science and a strong foundation in social science research methodologies. The Master of Arts Program covers all subfields of the discipline. It prepares students for further study at the doctoral level, and careers in government, the not-for-profit, private research and industry sectors. [3] The Master of Arts (M.A.) in Political Science was established in 1969. Currently the program enrolls 10 to 15 full-time students on campus each year. The department's relatively small scale provides excellent opportunities for close student-faculty interaction in residential program of study. [3]",,https://graduateschool.vt.edu/academics/programs.html,,,,FALSE,False,,4.0,3.0,,,,,,,,,,,,,,,,,,False,False,,,,,,,,,,,,,,,,,,,,,,,,,,FALSE,,,FALSE,FALSE,,,
,Master of Arts in Political Science and Government,,,,,Graduate,Fall 2026,,,,Required,Required,,,A letter of interest (250-500 words) is required by the Department of Political Science along with your latest Curriculum Vitae. [8] General Requirements: Bachelor's degree from an accredited college or university with minimum of 3.0 GPA; GRE Recommended; TOEFL/ IELTS (For all non-U.S. citizens or non-U.S. permanent residents). [8] Three letters of recommendation are required for Political Science (M.A.). [8],Not Required,,False,True,,,,,,,,,,,,,,,,,,,,,,,,,,"['American Government and Politics', 'Comparative Politics', 'International Relations', 'Public Policy', 'Security Studies']","The Master of Arts program focuses on the core scholarly Areas of Political Science. Courses in the MA program serve as foundation for work in doctoral program or as preparation for careers in government, nonprofit organizations, or related work in the private sector. [1]",,https://graduateschool.vt.edu/academics/programs.html,,,,FALSE,False,,,,,,,,,,,,,,,,,,,,,False,False,,,,,,,,,,,,,,,,,,,,,,,,,,FALSE,,,FALSE,FALSE,,,
,Master of Arts in Reputation Management,,,,,Graduate,Fall 2026,,,,,,Not Required,REQUIRED,,,,False,False,False,False,False,False,,True,False,False,False,False,True,False,False,False,,,,,,,,,,,,Reputation Management track," The M.A. in Reputation Management focuses on public relations management in a variety of sectors including corporate, nonprofit, and government sectors. This degree is designed for students interested in advanced studies on how to improve public perceptions of organizations and enhance the goodwill asset on the company balance sheet. Students who complete the Reputation Management major earn a graduate professional credential that prepares them for broader management responsibilities and enhances their career advancement. All graduate students receiving the M.A. in Communication degree must complete 36 credit hours.",,https://graduateschool.vt.edu/academics/programs.html,,,,FALSE,False,,,,,,,,,,,,,,,,,,,,,False,False,,,,,,,6.5,,,,,90,,,,,,,,,,,,,,FALSE,,,FALSE,FALSE,,,
,"Master of Arts in Urban, Community and Regional Planning",,,,,Graduate,Fall 2026,,,,,,Not Required,REQUIRED,"General application requirements are not explicitly listed on the Virginia Polytechnic Institute and State University Graduate School website. However, the university advises prospective graduate students to prepare for an evaluation process that considers several factors. These include the applicant's fit with the department or program in terms of research goals and work culture, relevant research or internship experience, a statement of purpose, letters of recommendation, undergraduate grades, and potentially GRE scores. The emphasis on each of these components can vary by program.",,,False,False,False,False,False,False,,True,False,False,False,False,True,False,False,False,,,,School of Public and International Affairs,,,,,,,,,,,https://graduateschool.vt.edu/academics/programs.html,,,,FALSE,False,,4.0,3.0,,,,,,,,,,,,,,,,,,False,False,,,,,,,6.5,,,,,90,,,,,,,,,,,,,"Graduate assistantships, fellowships, grants, and loans",FALSE,,,FALSE,FALSE,,,
,Master of Arts in Urban Studies and Affairs,,,,,Graduate,Fall 2026,,,,,,Not Required,REQUIRED,"The Virginia Tech Graduate School website does not provide a consolidated list of general application requirements. Instead, it states that applicants should refer to individual departments for specific requirements. The general process involves completing the online application, paying the application fee, and submitting transcripts. International applicants may have additional requirements, such as English language proficiency test scores.",,,True,True,False,False,False,False,,True,False,False,False,False,True,False,False,False,,,,School of Public and International Affairs,,,,,,,,,,,https://graduateschool.vt.edu/academics/programs.html,,,,FALSE,False,,,,,,,,,,,,,,,,,,,,,False,False,,,,,,,6.5,,,,,80,,,,,,,,,,,,,,FALSE,,,FALSE,FALSE,,,
,Master of Business Administration,,,,,Graduate,Fall 2026,,,,Required,Required,Optional,REQUIRED,"Required application materials for the Virginia Tech MBA program include a completed online application, a copy of official GMAT or GRE results (or a waiver form), scanned official transcripts from all universities attended where a degree was conferred (Virginia Tech graduates are exempt), a resume, two letters of recommendation, a two-minute video, a required essay of at least 300 words, and a goals statement of at least 300 words. [1] A non-refundable $75 application fee is also required. [1] The admissions committee conducts a holistic review, considering professional experience, test scores, and writing abilities alongside academic performance. [1, 3] For the Online MBA, applicants need a minimum of two years of professional work experience post-undergraduate degree, with five years being preferred. [2]",Not Required,,False,True,True,False,False,False,,True,False,False,False,True,True,False,False,False,,,,Pamplin College of Business,,,,,,,,"['Business Analytics', 'Cybersecurity', 'Entrepreneurship and Innovation', 'Finance', 'Global Business', 'Marketing']","The Virginia Tech MBA program is designed for working professionals seeking to enhance their careers and for those preparing for new career opportunities. [6] Offered by the Pamplin College of Business, the program aims to prepare individuals for managerial positions in business, government, and not-for-profit organizations. [18] It provides a broad foundation in the functional areas of business and the opportunity to develop specialized skills. [18] The curriculum equips students with the skills and knowledge to become effective leaders in a global economy, with a foundation in core courses like accounting, finance, marketing, and management. [19] The program is offered in several formats, including full-time, evening for working professionals, and an executive program for senior-level managers. [6] The Evening MBA, specifically, focuses on core business competencies and addresses challenges and opportunities in a world shaped by data, analytics, and technology, with focus areas in business analytics, cybersecurity, and innovation and entrepreneurship. [2]",,https://graduateschool.vt.edu/academics/programs.html,"The Pamplin College of Business is accredited by the Association to Advance Collegiate Schools of Business (AACSB). [11, 13]",,,FALSE,True,,4.0,3.0,,,,,,,,,,,,,,,,,,False,False,,,115.0,,,,6.5,,,59.0,,80,,,,,,,,,,,,,Merit-based and need-based scholarships are available.,FALSE,,,FALSE,FALSE,,,
,Master of Fine Arts in Creative Technologies,,,,,Graduate,Fall 2026,,,,Required,Required,Not Required,REQUIRED,"Applicants must have a bachelor's degree from an accredited college or university, a minimum GPA of 3.0, and provide three letters of recommendation. A portfolio is also required. [3]",,,True,False,True,False,False,False,,True,False,False,False,True,True,False,False,False,,,,,,,,,,,,,,,https://graduateschool.vt.edu/academics/programs.html,,,,FALSE,True,,,,,,,,,,,,,,,,,,,,,False,False,,,115.0,,,,6.5,,,59.0,,80,,,,,,,,,,,,,,FALSE,,,FALSE,FALSE,,,
,Master of Fine Arts in Creative Writing,,,,,Graduate,Fall 2026,,,,Required,Required,Not Required,REQUIRED,"Bachelor's degree from an accredited college or university with minimum of 3.0 GPA; TOEFL/ IELTS (For all non-U.S. citizens or non-U.S. permanent residents). [5] Because the M.F.A. program does holistic admissions, we look at your writing sample first and foremost, in addition to your personal statement, recommendation letters, CV or resume, and everything else that's sent to us. [5] If your cumulative GPA is below a 3.0 in your most recent degree program, please contact the M.F.A. program director for additional information. [5] Three letters of recommendation are required for Creative Writing (M.F.A.). [5]",Required,,True,False,False,False,False,False,,True,False,False,False,True,True,False,False,False,,,,College of Liberal Arts and Human Sciences,,,,,,,,,,,https://graduateschool.vt.edu/academics/programs.html,,,,FALSE,False,,4.0,3.0,,,,,,,,,,,,,,,,,,False,False,,,,,,,6.5,,,59.0,,80,,,,,,,,,,,,,Graduate assistantships and fellowships,FALSE,,,FALSE,FALSE,,,
,Master of Fine Arts in Theater Arts,,,,,Graduate,Fall 2026,,,,,,Not Required,REQUIRED,,,,False,False,True,False,False,False,,True,False,False,False,True,True,False,False,False,,,,,,,,,,,,"['Applied theatre and public dialogue', 'Arts leadership', 'Costume design and technology', 'Lighting design', 'Properties design, creation, and management', 'Scenic design', 'Stage management', 'Technical design and production']","The Master of Fine Arts in Theatre program prepares students for a range of careers across the arts and entertainment sector. Graduate students apply what they learn through hands on projects, professional development, and interdisciplinary research.",,https://graduateschool.vt.edu/academics/programs.html,,,,FALSE,False,,,,,,,,,,,,,,,,,,,,,False,False,,,115.0,,,,6.5,,,53.0,,80,,,,,,,,,,,,,,FALSE,,,FALSE,FALSE,,,
,Master of Information Technology,,,,,Graduate,Fall 2026,,,,Required,Required,Not Required,REQUIRED,"A bachelor's degree from an accredited institution, or the international equivalent, is required. A GPA of 3.0 or higher in the latter half of your undergraduate studies is also required. Additionally, you must have taken at least one college-level math course, or have relevant work experience that can substitute for this requirement.",Not Required,,True,False,False,False,False,False,,True,False,False,False,False,True,True,False,False,,,,Pamplin College of Business and College of Engineering,"$36,498 (estimated total for 33 credits)",,,,,,,"['Analytics & Business Intelligence', 'Big Data', 'Business Information Systems', 'Cybersecurity', 'Cybersecurity Management', 'Cybersecurity Policy', 'Decision Support Systems', 'Health Information Technology', 'Networking', 'Software Development', 'Software Engineering']","The Virginia Tech's Master of Information Technology (VT-MIT) is an interdisciplinary degree and graduate certificate program offered jointly by the Pamplin College of Business and the College of Engineering. [4, 8] The program is designed for working professionals and is offered 100% online. [8] Courses cover a wide range of technology disciplines, including business data analytics, AI/ML, cybersecurity, networking, and software development. [4] The curriculum is flexible, allowing students to customize their degree to support their technical development and build a strategic leadership foundation for career advancement. [4] The degree consists of 11 courses, totaling 33 credit hours. [4]",,https://graduateschool.vt.edu/academics/programs.html,"The VT-MIT program is fully accredited by the Southern Association of Colleges and Schools (SACS). [7] Virginia Tech is accredited by the Commission on Colleges of the Southern Association of Colleges and Schools (SACSCOC) to award doctoral, master's, baccalaureate, and associate degrees. [10]",2000,1106.0,FALSE,True,,4.0,3.0,,,,,,,,,,,,,,,,,,False,False,,,,,,,6.5,,,,,90,,,,,,,,,,,,,"The MIT Scholars scholarship is available to students whose enrollment brings unique attributes or experiences to the program or IT industry, with preference given to those with demonstrated financial need.",FALSE,,,FALSE,FALSE,,,
,Master of Landscape Architecture,,,,,Graduate,Fall 2026,,,,Required,Required,,,"The VT Graduate School application includes a formal application, official transcripts of previous university level coursework and degrees, and three letters of recommendation. International students must also provide official TOEFL or IELTS test scores. In addition, applicants must also submit: Statement of Academic and Professional Goals that addresses the applicant's background as it relates to academic and professional interests in landscape architecture, motivation for graduate study at Virginia Tech, and, if applicable, any areas of potential specialization (max. 1000 words). A personally Authored Exhibit/Portfolio that demonstrates an aptitude for design and/or creative work beyond the academic transcript is also required. An 8-page maximum PDF (minimum of 250 dpi) must be uploaded as part of the on-line application. [5]",Not Required,,True,True,False,False,False,False,,False,False,False,False,False,False,False,False,False,,,,,,,,,,,,,"Virginia Tech's accredited Master of Landscape Architecture degree combines design and design-thinking, creative invention and problem-solving, natural and human sciences, and community collaboration. The MLA program uses an individual program of study model culminates in an individual masters thesis. Program faculty guide students as they develop and expand greater understandings of the complex interrelationships between people and the physical environment. Students explore more sustainable and resilient futures through planning, designing, and managing landscapes that integrate natural processes, public and individual needs, and societal vision. Students often engage with communities across the region to address real issues on real sites.",,https://graduateschool.vt.edu/academics/programs.html,The MLA program is fully accredited by the Landscape Architecture Accreditation Board and STEM-designated. [4],,,FALSE,True,,,,,,,,,,,,,,,,,,,,,False,False,,,,,,,,,,,,,,,,,,,,,,,,,,FALSE,,,FALSE,FALSE,,,
,Master of Public Administration,,,,,Graduate,Fall 2026,,,,Not Required,Required,Not Required,REQUIRED,"For admission to the MPA program, applicants must have a minimum of a 3.0 GPA. The application requires three letters of recommendation. While there are no formal prerequisites, it is expected that students are familiar with the institutions of the U.S. government. [11]",Not Required,,True,True,True,False,False,False,,True,False,False,False,False,True,False,False,False,,,,,,,,,,,,,,,https://graduateschool.vt.edu/academics/programs.html,,,,FALSE,False,,,,,,,,,,,,,,,,,,,,,False,False,,,125.0,,,,6.5,,,,,90,,,,,,,,,,,,,,FALSE,,,FALSE,FALSE,,,
,Master of Public and International Affairs,,,,,Graduate,Fall 2026,,,,Required,Required,,,"The Master of Public and International Affairs (MPIA) at Virginia Tech is a multidisciplinary program that prepares you to lead on global policy challenges—from diplomacy and security to economic development and climate change. [2] Grounded in political science, geography, sociology, history, and science & technology studies, our courses explore foreign policymaking, connecting theory with practice. [2] We teach you to approach the policy questions of our time with methodological soundness and analytical originality. [2] As of the Fall of 2025, students can complete their coursework in Public and International Affairs in as few as 36 credit hours. [1]",Not Required,,True,True,False,False,False,False,,False,False,False,False,False,False,False,False,False,,,,School of Public and International Affairs,,,,,,,,,"The Master of Public and International Affairs (MPIA) at Virginia Tech is a multidisciplinary program that prepares you to lead on global policy challenges—from diplomacy and security to economic development and climate change. Grounded in political science, geography, sociology, history, and science & technology studies, our courses explore foreign policymaking, connecting theory with practice. We teach you to approach the policy questions of our time with methodological soundness and analytical originality.",,https://graduateschool.vt.edu/academics/programs.html,,,,FALSE,False,,,,,,,,,,,,,,,,,,,,,False,False,,,,,,,,,,,,,,,,,,,,,,,,,,FALSE,,,FALSE,FALSE,,,
,Master of Science in Aerospace Engineering,,,,,Graduate,Fall 2026,,,,Required,Required,Not Required,REQUIRED,"Admissions requirements for the Master of Science in Aerospace Engineering include a bachelor's degree, typically in engineering, mathematics, or physics from an accredited institution, and evidence of genuine promise of success in graduate study, such as a good academic record. [4] A GPA of 3.0 or better on a 4.0 scale is strongly recommended. [4] A statement of interest and curriculum vitae should be attached to the online graduate application. [4] Additionally, three letters of recommendation are required. [4]",,,True,False,False,False,False,False,,True,False,False,False,True,True,False,False,False,,,,,,,,,,,,,"The Master of Science in Aerospace Engineering program at Virginia Tech provides students with a strong technical foundation in the field. The curriculum is designed to ensure that students can communicate effectively with professionals across different areas of interest by requiring all graduate students to take core courses in advanced aero-hydrodynamics, vehicle structures, vehicle dynamics and control, and applied numerical methods. [13] The program is offered through the Kevin T. Crofton Department of Aerospace and Ocean Engineering and offers both a thesis and non-thesis option for the Master of Science degree. [19] The thesis option involves in-depth research, while the non-thesis option focuses on coursework and may include a project and report. [19]",,https://graduateschool.vt.edu/academics/programs.html,,,,FALSE,True,,,,,,,,,,,,,,,,,,,,,False,False,,,115.0,,,,6.5,,,59.0,,90,,,,,,,,,,,,,,FALSE,,,FALSE,FALSE,,,
,Master of Science in Agricultural and Applied Economics,,,,,Graduate,Fall 2026,,,,,,Not Required,REQUIRED,,,,False,False,True,False,False,False,,True,False,False,False,True,True,False,False,False,,,,College of Agriculture and Life Sciences,"In-state: $19,218/Year, Out-of-state: $36,212/Year",,,,,,,,"The M.S. degree in Agricultural and Applied Economics is a traditional research-based masters program that requires a thesis. The program is designed to be completed in two years. The M.S. program provides graduates with a solid foundation in economic theory and a tool-set of quantitative methods to conduct high quality applied economic research on a wide variety of topics related to agriculture, food systems, environmental and natural resource management, and community and international development.",,https://graduateschool.vt.edu/academics/programs.html,,,"In-state: $876, Out-of-state: $1,760",FALSE,False,,4.0,3.0,,,,,,,,,,,,,,,,,,False,False,,,115.0,,,,6.5,,,59.0,,80,,,,,,,,,,,,,"Graduate Teaching Assistantship (GTA), Graduate Research Assistantship (GRA), George Washington Carver Assistantship",FALSE,,,FALSE,FALSE,,,
,Master of Science in Agricultural and Extension Education,,,,,Graduate,Fall 2026,,,,,,Optional,REQUIRED,"The Graduate Record Exam (GRE) exam is helpful for all applicants but is not required. It is expected that applicants should be near completion of a B.S. degree in agricultural, leadership, and community education, rural sociology, agricultural and/or applied economics, or an agricultural field closely associated with a graduate degree in this discipline. Students should have a 3.0 GPA or greater and strong scientific writing and communication skills. [3]",,,True,True,False,False,False,False,,True,False,False,False,True,True,True,False,False,,,,"Department of Agricultural, Leadership, and Community Education",,,,,,,,,,,https://graduateschool.vt.edu/academics/programs.html,,,"$876 for Virginia residents and $1,760 for out-of-state students (2024-2025). [30]",FALSE,True,,4.0,3.0,,,,,,,,,,,,,,,,,,False,False,,,,,,,6.5,,,53.0,,550 (paper-based) or 80 (internet-based),,,,,,,,,,,,,"The Graduate School offers information on various fellowships and scholarships, and students may also be eligible for assistantships. [5, 33]",FALSE,,,FALSE,FALSE,,,
,Master of Science in Agricultural Engineering,,,,,Graduate,Fall 2026,,,,Not Required,Required,Optional,REQUIRED,"Admission to the graduate program normally requires a bachelor's degree in engineering with a minimum grade-point average of 3.0 on the last 60 hours of work toward the bachelor's degree. [3] Students holding bachelor's degrees in other programs may be admitted to the graduate program in the department but will be expected to complete certain courses in the basic sciences and engineering without graduate credit. [3] Applicants must also provide three letters of recommendation and official transcripts from all institutions attended. [3] A list of awards, honors, and/or publications must also be sent to the department. [3]",Not Required,,True,True,False,False,False,False,,True,False,False,False,False,True,False,False,False,,,,"College of Agriculture and Life Sciences, College of Engineering",,,,,,,,,The BSE M.S. program seeks to prepare its graduates to become successful in the practice of biological systems engineering or in the pursuit of Ph.D. degrees in BSE or other complementary disciplines. The department offers the Master of Science (M.S.) thesis degree. The student in the M.S. program will conduct independent research and will produce a thesis and defend the research findings for fulfilling the requirements of the degree. [2],,https://graduateschool.vt.edu/academics/programs.html,,,,FALSE,True,,4.0,,,,,,,,,,,,,,,,,,,False,False,,,,,,,6.5,,,,,90,,,,,,,,,,,,,"Research assistantships, Teaching assistantships, Fellowships",FALSE,,,FALSE,FALSE,,,
,Master of Science in Agriculture & Applied Economics,,,,,Graduate,Fall 2026,,,,,,Optional,REQUIRED,"A minimum 3.0 cumulative GPA (on a 4.0 scale or equivalent) for the last bachelor's or advanced degree earned. Prerequisite knowledge includes basic statistics, intermediate microeconomics, and introduction to differential calculus. The application to the graduate school includes application forms, transcripts, and reference letters.",Not Required,,True,False,False,False,False,False,,True,False,False,False,True,True,,False,False,,,,College of Agriculture and Life Sciences,,,,,,,,,"As part of a proud land-grant institution, the master's program in agricultural and applied economics expands students' knowledge and skills in managerial decision-making, policy analysis, forecasting, analytics, and econometrics, crucial in the modern business world. [12] Graduates of our program become leaders in industry, government, Cooperative Extension, and nonprofits, while others pursue doctorates. [12]",,https://graduateschool.vt.edu/academics/programs.html,,,1106,FALSE,False,,4.0,3.0,,,,,,,,,,,,,,,,,,False,False,,,,,,,6.5,,,,,80,,,,,,,,,,,,,"Graduate Teaching Assistantship (GTA), Graduate Research Assistantship (GRA)",FALSE,,,FALSE,FALSE,,,
,Master of Science in Agriculture and Life Sciences,,,,,Graduate,Fall 2026,,,,Required,Required,Optional,REQUIRED,"Applicants must have a bachelor's degree from an accredited institution with a 3.0 GPA on a 4.0 scale. The application requires a resume, a writing sample, a statement of purpose, transcripts from each institution attended, and contact information for three references. [1]",Required,,True,True,True,False,False,False,,True,False,False,False,True,True,True,False,False,,,,College of Agriculture and Life Sciences,,,,,,,,"['Agribusiness', 'Applied Animal Behavior and Welfare', 'Applied Nutrition and Physical Activity', 'Education', 'Environmental Science', 'Food Safety and Biosecurity', 'Leadership Studies', 'Plant Science and Pest Management']","The Master of Agricultural and Life Sciences is offered by the College of Agriculture and Life Sciences as a completely online degree program for working professionals. [3] Students can tailor their degree by choosing from eight specialized concentrations designed to meet diverse career goals across agriculture, environmental, and human sciences. [3] Within the food, agricultural, environmental, and human sciences, the OMALS program will: Provide an integrated advanced interdisciplinary education. [3] Develop effective multi-dimensional communication skills. Foster critical thinking and develop research skills to address complex issues. [3] Develop ethical leaders in Agriculture and Life Sciences. [3] The program provides career-relevant areas of concentration and its wide scope helps students cater their plan of study to what they need both professionally and personally, allowing them to get the most out of their advanced degree. [5] Graduates of the OMALS program become leaders in their professions and will exit the program with broad scientific-based knowledge from their coursework and leadership and analytical skills gained during their final project and report. [5]",,https://graduateschool.vt.edu/academics/programs.html,,,,FALSE,False,,4.0,3.0,,,,,,,,,,,,,,,,,,False,False,,,105.0,,,,6.5,,,53.0,,4.5 (IBT) or 550 (paper-based),,,,,,,,,,,,,,FALSE,,,FALSE,FALSE,,,
,Master of Science in Animal and Poultry Sciences,,,,,Graduate,Fall 2026,,,,Required,Required,,REQUIRED,"Admission to the Graduate School is contingent upon receipt of a bachelor's degree from a regionally accredited college or university. While specific document requirements for the Master of Science in Animal and Poultry Sciences are not detailed on its primary program page, general materials mentioned by the Virginia Tech Graduate School for applicants include a résumé or curriculum vitae and a statement of purpose.",Not Required,,False,False,True,False,False,False,,True,False,False,False,True,True,False,False,False,,,,College of Agriculture and Life Sciences,,,,,,,,,"The School of Animal Sciences Graduate Program offers several degrees in multiple disciplines with programs of study tailored to fit the career objectives and interests of the students. Our graduate students have diverse backgrounds and research interests with opportunities to conduct basic, applied, and computational research. Additionally, graduate students have the the opportunity to gain classroom teaching experience and to participate in extension education programs along with their involvement in research programs.",,https://graduateschool.vt.edu/academics/programs.html,,,,FALSE,True,,4.0,3.0,,,,,,,,,,,,,,,,,,False,False,,,115.0,,,,6.5,,,59.0,,90,,,,,,,,,,,,,"Merit-based, Need-based",FALSE,,,FALSE,FALSE,,,
,Master of Science in Animal Sciences and Husbandry,,,,,Graduate,Fall 2026,,,,Optional,Required,,,"The School of Animal Sciences Graduate Program uses a holistic approach to admission. Our recommended metrics include an overall GPA of 3.0. Materials are uploaded through the Graduate School portal. Items you will need to complete the application include Three letters of reference; Transcripts; Statement of professional goals; GPA, GRE metrics. [4]",Not Required,,False,True,,,,,,,,,,,,,,,,,,,,,,,,,,"['genetics', 'genomics', 'immunology', 'management', 'muscle biology', 'neuroscience', 'nutrition', 'physiology', 'product quality assurance']","The Department of Animal and Poultry Sciences offers both an M.S. thesis and non-thesis option. Students may specialize in the areas of genetics, genomics, immunology, management, muscle biology, neuroscience, nutrition, physiology, and product quality assurance. Interdisciplinary and interdepartmental programs are encouraged and students are given wide latitude to develop customized programs of study directed toward specific career goals. [1]",,https://graduateschool.vt.edu/academics/programs.html,,,,FALSE,True,,,,,,,,,,,,,,,,,,,,,False,False,,,,,,,,,,,,,,,,,,,,,,,,,,FALSE,,,FALSE,FALSE,,,
,Master of Science in Bioengineering and Biomedical Engineering,,,,,Graduate,Fall 2026,,,,Required,Required,,REQUIRED,"The minimal requirements for a complete application consist of the following items: A completed online application; Application fee; Scan of official transcript(s) - submitted with the application; Official TOEFL or IELTS scores (if required); Three (3) letters of recommendation; Statement of purpose; Résumé. Minimum admission requirements for SBES include a GPA of 3.0 (3.5 or above is preferred), a B.S. degree, preferably in engineering, from a recognized university. For international students, a TOEFL minimum score of 600 (paper-based), 250 (computer based), and 100 (internet based) is required. IELTS may be used in place of a TOEFL test and have a minimum score of Band 7.0 preferably. [3, 5]",Not Required,,True,True,True,False,False,False,,True,False,False,False,True,True,False,False,False,,,,Virginia Tech-Wake Forest University School of Biomedical Engineering and Sciences (SBES),,,,,,,,,"The Virginia Tech – Wake Forest University School of Biomedical Engineering and Sciences (SBES) is a unique multidisciplinary program that bridges the biomedical sciences, biomedical engineering, and real-world applications to enhance the quality of life. [14] Our world-class students and faculty members are innovating across a continuum of systems — from natural to engineered to medical. [14] Formed in 2003, SBES is a joint graduate program that brings together two prestigious academic units: Virginia Tech College of Engineering and Wake Forest School of Medicine. [14] The Master of Science degree requires a minimum of 30 total credit hours. [15, 19] Students pursuing an M.S. degree in biomedical engineering must complete a minimum of 30 total credits of graduate work. [15] There is a thesis option which requires 21-24 course credits and 6-9 thesis research credits. [15] There is also a non-thesis M.S. degree which requires 27 credit hours of coursework and 3 credit hours of project and report. [18]",,https://graduateschool.vt.edu/academics/programs.html,,,,FALSE,True,,4.0,3.0,,,,,,,,,,,,,,,,,,False,False,,,115.0,,,,6.5,,,53.0,,80,,,,,,,,,,,,,"research assistantships, teaching assistantships, fellowships",FALSE,,,FALSE,FALSE,,,
,Master of Science in Biology,,,,,Graduate,Fall 2026,,,,Not Required,,Not Required,REQUIRED,"Applicants must hold a bachelor's degree from an accredited institution. The minimum GPA required is 3.0. [10] All applications are to be submitted via the online application portal. [10] The application should include 3 letters of recommendation and an unofficial transcript in English; an official transcript will be required upon acceptance. [10] For international applicants, a minimum TOEFL IBT score of 90 is required, with sub-scores of at least 20 in reading, listening, and speaking, or an IELTS score of 6.5. [10]",Not Required,,True,False,False,False,False,False,,True,False,False,False,False,True,False,False,False,,,,College of Science,,,,,,,,"['Pre-professional', 'Microbiology', 'Cellular, Developmental, & Molecular Biology', 'Ecology and Evolutionary Biology', 'Neurobiology', 'Bioinformatics', 'Practice of Biology']","The Master of Science in Biology consists of advanced coursework directed towards molecular, cellular and systems principles that apply to microbial, plant and animal contexts. You will choose between the thesis and non-thesis options. We offer non-thesis and thesis Master of Science degrees in Biology that are tailored to the student's individual career goals. A one-year non-thesis M.S. degree entails formal coursework, with no research requirement. This one-year professional degree is designed to prepare students for specialized careers on the track they choose. The thesis M.S. degree requires significant laboratory research, and a written thesis. The degree will take 2 years to complete. The research option helps students develop scientific research skills for improved preparation for entry into PhD programs, or for direct employment in research laboratories in academia, government, and industry.",,https://graduateschool.vt.edu/academics/programs.html,,,,FALSE,True,,4.0,3.0,,,,,,,,,,,,,,,,,,False,False,,,,,,,6.5,,,,,90,,,,,,,,,,,,,"Teaching assistantships, Fellowships",FALSE,,,FALSE,FALSE,,,
,Master of Science in Biomedical Engineering,,,,,Graduate,Fall 2026,,,,Required,Required,Not Required,REQUIRED,"Applicants to the MS BMEN program must meet the following criteria: A bachelor's degree in biomedical engineering or a related field (e.g., electrical engineering, mechanical engineering, biology or physics). Students with non-engineering backgrounds may need to complete prerequisite courses. A minimum GPA of 3.00 or better on a 4.00 scale. [3]",Not Required,,True,False,False,False,False,False,,True,False,False,False,False,True,True,False,False,,,,,,,,,,,,"['Biomedical imaging track', 'Biomedical instrumentation track', 'Computational systems biology track', 'Injury biomechanics track', 'Interdisciplinary BME track', 'Tissue engineering track']","Biomedical engineering is the application of engineering tools for solving problems in biology and medicine. It is an engineering discipline that is practiced by professionals trained primarily as engineers, who specialize in medical and biological applications. [1] This area of study combines fundamentals of the biomedical sciences with advanced engineering methods of analysis and design, and brings together these two fields in order to contribute to the design of new medical instruments and devices, apply engineering principles for understanding and repairing the human body and other biological systems, and use engineering tools for decision making and cost containment. [1] The Department of Biomedical Engineering should be of interest to students who wish to practice engineering or engage in research in an engineering specialization in medicine and biology. [1]",,https://graduateschool.vt.edu/academics/programs.html,,,,FALSE,True,,,,,,,,,,,,,,,,,,,,,False,False,,,,,,,7.0,,,,,100,,,,,,,,,,,,,,FALSE,,,FALSE,FALSE,,,
,Master of Science in Building Construction Science and Management,,,,,Graduate,Fall 2026,,,,Required,Required,Not Required,REQUIRED,"While an undergraduate degree in construction or related fields is not required, applicants must demonstrate relevant background and professional experience. [4] They must also demonstrate the capability for undertaking advanced academic study. [4] A minimum of 32 credit hours are required for the degree. [3] These credit hours fall into three major categories: Common Core Courses, Track Requirements, and Construction Electives. [3]",Not Required,,True,False,False,False,False,False,,True,False,False,False,False,True,True,False,False,,,,Myers-Lawson School of Construction,,,,,,,,"['Industry Track', 'Research Track']","The Master of Science in Building Construction Science and Management program at Virginia Tech's Myers-Lawson School of Construction (MLSoC) offers the opportunity for advanced study and research in specialized areas related to building design, construction, and operations over a broad range of scales, providing the basis for diverse career paths and/or entry into a Ph.D. level program. [2, 3] As a student, you'll be involved in multidisciplinary teams representing all facets of the industry to experience the challenges of leadership on realistic projects. [2, 3] Work with expert faculty, be mentored by professionals from leading construction firms, and develop a network of peers that will last a lifetime. [2, 3] Coursework includes core courses and electives in construction-, design-, and business-related disciplines. [2] Students may complete their degree requirements either through independent investigation on a subject of their own interest through a faculty-supervised Thesis or Project & Report (Research Track), or through a final exit examination administered by a graduate faculty committee (Industry Track). [2]",,https://graduateschool.vt.edu/academics/programs.html,All students without an undergraduate degree from an ACCE-accredited Building Construction Program must take these courses unless they can demonstrate through direct comparison that previous coursework or personal experience has provided equivalent learning. [1],,,FALSE,True,,4.0,3.0,,,,,,,,,,,,,,,,,,False,False,,,,,,,6.5,,,,,90,,,,,,,,,,,,,"The Myers-Lawson School of Construction offers scholarships, assistantships, and fellowships. Scholarships are awarded based on financial need, academic performance, leadership, service, and commitment to a career in construction. Fellowships are highly-competitive and awarded based on outstanding academic potential and demonstrated performance. Assistantships provide compensation for students to support administration, teaching, and research.",FALSE,,,FALSE,FALSE,,,
,"Master of Science in Business Administration, Business Management Science",,,,,Graduate,Fall 2026,,,,,,,,,,,False,False,False,False,False,False,,False,False,False,False,False,False,False,False,False,,,,Pamplin College of Business,,,,,,,,,,,https://graduateschool.vt.edu/academics/programs.html,,,"$1,132.00 per credit hour for the Flex MBA program (as a reference, as specific MSBA tuition was not found for the requested program).",FALSE,False,,4.0,3.0,,,,,,,,,,,,,,,,,,False,False,,,,,,,,,,,,,,,,,,,,,,,,,"Merit-based, Need-based",FALSE,,,FALSE,FALSE,,,
,"Master of Science in Business Administration, Finance",,,,,Graduate,Fall 2026,,,,Required,Required,Optional,REQUIRED,"The admission requirements for the Master of Science in Finance (MSF) program at Virginia Tech include a completed online application, a resume, a statement of purpose, transcripts from all universities attended, and three letters of recommendation. While GMAT/GRE scores are not required, a strong quantitative background is preferred. The program is STEM-designated.",Not Required,,True,True,True,False,False,False,,True,False,False,False,True,True,False,False,False,,,,Pamplin College of Business,,,,,,,,,,,https://finance.pamplin.vt.edu/graduate.html,,,,FALSE,True,,,,,,,,,,,,,,,,,,,,,False,False,,,,,,,,,,,,,,,,,,,,,,,,,,FALSE,,,FALSE,FALSE,,,
,"Master of Science in Business Administration, Management",,,,,Graduate,Fall 2026,,,,,,,,,,,True,False,False,False,False,False,,False,False,False,False,False,False,False,False,False,,,,Pamplin College of Business,,,,,,,,,,,https://graduateschool.vt.edu/academics/programs.html,,,A supplemental fee of $175.00 per credit hour is assessed for the Master of Science in Business Administration- Bus Analytics (MSBA-BA) program. [26],FALSE,False,,4.0,3.0,,,,,,,,,,,,,,,,,,False,False,,,,,,,,,,,,,,,,,,,,,,,,,Merit-based scholarships and graduate assistantships.,FALSE,,,FALSE,FALSE,,,
,"Master of Science in Business Administration, Marketing",,,,,Graduate,Fall 2026,,,,,,,REQUIRED,,,,False,False,True,False,False,False,,True,False,False,False,True,True,False,False,False,,,,Pamplin College of Business,,31690,,,,,,Marketing,"The Department of Marketing participates in the Pamplin College of Business MBA programs and offers two focused programs – an M.S. in Business with Concentration in Marketing focused on marketing research and Ph. D. in Business with Concentration in Marketing focused on basic research in marketing. [15] The program is highly selective, rigorous, and personalized. [15] The size of the program is strictly controlled to allow for intensive faculty-student collaboration. [15] The required coursework provides rigorous exposure to the academic research literature in marketing as well as research methods and statistics. [15] For students seeking to pursue a Ph.D., the M.S. program provides a point of entry for students with limited backgrounds, allowing them to gain insight on the training and career expectations for Ph.D.'s in marketing and to complete work preparatory to Ph.D. study in core areas like mathematics, statistics, and research methods. [15] For students who choose to treat the M.S. degree as terminal, significant employment opportunities exist in marketing research and advertising research organizations as well as companies with strong business analytics groups. [15]",,https://graduateschool.vt.edu/academics/programs.html,"The Pamplin College of Business, which houses the Department of Marketing, is accredited by The Association to Advance Collegiate Schools of Business (AACSB International). [2, 5]",,,FALSE,False,,4.0,3.0,,,,,,,,,,,,,,,,,,False,False,,,125.0,,,,6.5,,,65.0,,90,,,,,,,,,,,,,"Merit-based, Need-based",FALSE,,,FALSE,FALSE,,,
,Master of Science in Career and Technical Education (for provisionally licensed teachers),,,,,Graduate,Fall 2026,,,,,,Not Required,REQUIRED,MINIMUM ELIGIBILITY REQUIREMENTS: Current employment at a public school and a provisional teacher license from the Commonwealth of Virginia in a CTE area. Have earned at least a 3.0-grade point average (GPA) for the last 60 hours of undergraduate course work for regular admission status or 2.5 GPA to 2.99 GPA for provisional admission status. Have career goals consistent with the degree offered by CTE. Demonstrate commitment to the time requirements of the CTE program. Demonstrate strong oral and written communication skills.,Not Required,,True,False,True,False,False,False,,True,False,False,False,True,True,False,False,False,,,,,,,,,,,,,,,https://graduateschool.vt.edu/academics/programs.html,,,,FALSE,False,,,,,,,,,,,,,,,,,,,,,False,False,,,115.0,,,,6.5,,,59.0,,80,,,,,,,,,,,,,,FALSE,,,FALSE,FALSE,,,
,Master of Science in Chemical Engineering,,,,,Graduate,Fall 2026,,,,Required,Required,Not Required,REQUIRED,"In addition to the Graduate School's requirements, the department requires a résumé, a statement of purpose (personal statement), and three letters of reference. Applicants are not required to submit GRE scores; scores will be considered if submitted.",Not Required,,False,True,False,False,False,False,,True,False,False,False,True,True,False,False,False,,,,,,,,,,,,,,,https://graduateschool.vt.edu/academics/programs.html,,,,FALSE,True,,,,,,,,,,,,,,,,,,,,,False,False,,,,,,,6.5,,,53.0,,80,,,,,,,,,,,,,,FALSE,,,FALSE,FALSE,,,
,Master of Science in Chemistry,,,,,Graduate,Fall 2026,,,,Required,Required,,,"For admission to the M.S. program, the department requires a B.S. or B.A. degree in chemistry. The applicant must have a minimum GPA of 3.0 on a 4.0 scale. The general Graduate Record Examination (GRE) is not required. However, if the applicant's GPA is below a 3.2, the GRE is highly recommended.",Not Required,,False,True,False,False,False,False,,False,False,False,False,False,False,False,False,False,,,,College of Science,,,,,,,,,"The Department offers M.S. and Ph.D. degrees with specializations in analytical, inorganic, organic, and physical chemistry, as well as in more interdisciplinary areas such as polymer, medicinal, biological, and computational chemistry.",,https://graduateschool.vt.edu/academics/programs.html,,,,FALSE,True,,4.0,3.0,,,,,,,,,,,,,,,,,,False,False,,,,,,,,,,,,,,,,,,,,,,,,,"Graduate Assistantships, Teaching Assistantships, Research Assistantships",FALSE,,,FALSE,FALSE,,,
,Master of Science in Civil Engineering,,,,,Graduate,Fall 2026,,,,,,Not Required,REQUIRED,,,,False,False,True,False,False,False,,True,False,False,False,True,True,False,False,False,,,,College of Engineering,,,,,,,,"['Construction Engineering and Management', 'Environmental and Water Resources Engineering', 'Geotechnical Engineering', 'Structural Engineering and Materials', 'Transportation Infrastructure and Systems Engineering', 'Civil Infrastructure Engineering', 'Sustainable Land Development', 'Geospatial Engineering']","The Charles E. Via, Jr. Department of Civil and Environmental Engineering offers educational programs in all areas of civil engineering practice, including Construction Engineering and Management, Environmental and Water Resources, Geotechnical Engineering, Structural Engineering and Materials, Transportation Infrastructure and Systems Engineering, Civil Infrastructure Engineering, and Geospatial Engineering. [13] The department's mission is to: Provide a high quality learning environment for students to gain fundamental and specialized engineering knowledge while they develop skills in critical thinking, communication, learning and leadership; Create opportunities for students and faculty to conduct basic and applied research that contributes to society by advancing sustainable engineering principles and practices; and Provide civil and environmental engineering leadership and service to the state, the profession and society at large. [13] The master's program is a 30-hour program. [13]",,https://graduateschool.vt.edu/academics/programs.html,,,,FALSE,False,,4.0,3.0,,,,,,,,,,,,,,,,,,False,False,,,115.0,,,,6.5,,,59.0,,80,,,,,,,,,,,,,,FALSE,,,FALSE,FALSE,,,
,Master of Science in Clothing & Textiles,,,,,Graduate,Fall 2026,,,,,,Not Required,REQUIRED,,,,False,False,False,False,False,False,,True,False,False,False,False,True,False,False,False,,,,School of Design,,,,,,,,,,,https://graduateschool.vt.edu/academics/programs.html,,,,FALSE,False,,4.0,3.0,,,,,,,,,,,,,,,,,,False,False,,,,,,,6.5,,,,,90 (with a minimum of 20 on each subsection),,,,,,,,,,,,,"Graduate assistantships, fellowships, and program-specific scholarships are available. [28]",FALSE,,,FALSE,FALSE,,,
,Master of Science in Computational and Applied Mathematics,,,,,Graduate,Fall 2026,,,,,,Not Required,REQUIRED,A completed application for all Graduate Programs in Mathematics includes academic transcripts and at least three letters of recommendation from Professors of advanced Mathematics courses or research advisors. [12],Not Required,,True,False,True,False,False,False,,True,False,False,False,False,True,False,False,False,,,,College of Science,,,,,,,,Computational Mathematics,"The department offers a Ph.D. in mathematics, a thesis-based M.S. in mathematics, and a non-thesis M.S. in mathematics. A mathematical foundation is needed for research in many areas of science and engineering. For example, our Ph.D. graduates have an excellent record of employment in universities, national laboratories, and industry. Our M.S. graduates are in high demand by employers in a variety of fields, and some continue to Ph.D. programs in mathematics and other disciplines.",,https://graduateschool.vt.edu/academics/programs.html,,,,FALSE,True,,4.0,3.0,,,,,,,,,,,,,,,,,,False,False,,,115.0,,,,6.5,,,,,80,,,,,,,,,,,,,Graduate Teaching Assistantships,FALSE,,,FALSE,FALSE,,,
,Master of Science in Computer and Information Sciences,,,,,Graduate,Fall 2026,,,,Required,Required,,,"Applicants should have a bachelor's degree from an accredited institution with a GPA of 3.0 or higher. A bachelor's degree in Computer Science or a related field is preferred. The application requires three letters of recommendation, a resume, and a statement of purpose. For the Fall 2024 application cycle, the GRE is waived for all applicants to the MS program.",Not Required,,False,True,False,False,False,False,,False,False,False,False,False,False,False,False,False,,,,College of Engineering,,"{'2024-2025': {'in-state': '$8,515.00 per semester', 'out-of-state': '$16,077.00 per semester'}}",,,,,,,,,https://graduateschool.vt.edu/academics/programs.html,,,,FALSE,True,,4.0,3.0,,,,,,,,,,,,,,,,,,False,False,,,,,,,,,,,,,,,,,,,,,,,,,"Fellowships, Assistantships",FALSE,,,FALSE,FALSE,,,
,Master of Science in Computer Engineering,,,,,Graduate,Fall 2026,,,,,,Not Required,REQUIRED,,,,False,False,True,False,False,False,,True,False,False,False,,True,True,False,False,,,,Department of Electrical and Computer Engineering,,,,,,,,,,,https://graduateschool.vt.edu/academics/programs.html,,,,FALSE,False,,4.0,3.0,,,,,,,,,,,,,,,,,,False,False,,,110.0,,,,6.5,,,,,80,,,,,,,,,,,,,"Boeing Graduate Scholarship, Regional Tuition Scholarship",FALSE,,,FALSE,FALSE,,,
,Master of Science in Computer Hardware Engineering,,,,,Graduate,Fall 2026,,,,Required,Required,Optional,REQUIRED,"A bachelor's degree in computer engineering, electrical engineering, or a closely related field is required. Applicants must submit online application, transcripts from all institutions attended, a resume or vitae, a statement of purpose, and three letters of recommendation. International students may also need to provide English proficiency scores (TOEFL/IELTS).",Not Required,,True,True,True,False,False,False,,True,False,False,False,True,True,False,False,False,,,,The Bradley Department of Electrical and Computer Engineering,,,,,,,,,The ECE department offers both an M.S. (thesis) degree and an M.S. (non-thesis) degree—both are research-based degrees based on graduate coursework. The M.S. (thesis) student participates in independent research done under the direct supervision of an ECE faculty member culminating in an M.S. thesis. The M.S. (non-thesis) degree is a course-based degree culminating in a research project and report. Broad areas of specialization are offered within the research-based programs. [4],,https://ece.vt.edu/grad/degrees.html,,,,FALSE,True,,4.0,3.0,,,,,,,,,,,,,,,,,,False,False,,,115.0,,,,6.5,,,59.0,,80,,,,,,,,,,,,,Assistantships and fellowships,FALSE,,,FALSE,FALSE,,,
,Master of Science in Computer Science and Applications,,,,,Graduate,Fall 2026,,,,,,Not Required,REQUIRED,"A complete application consists of: the Graduate School online application form, a non-refundable application fee, three letters of recommendation, official GRE scores from ETS (the general exam, not the subject exam), official TOEFL scores from ETS for international students whose native language is not English, and official transcripts of undergraduate and graduate records. [2] We expect a background in Mathematics to include courses in Linear Algebra, Discrete Mathematics, Statistics, and at least one year of Calculus. [2]",Not Required,,False,False,False,False,False,False,,True,False,False,False,False,True,False,False,False,,,,,,,,,,,,"['Algorithms and Theory', 'Computer Systems', 'Programming Languages', 'Numerical and Scientific Computing', 'Computer Architecture and Networking', 'Data and Information', 'Software Engineering', 'Human-Computer Interaction', 'Intelligent Systems', 'Computational Biology and Bioinformatics']","The Department of Computer Science graduate program prepares students for careers in research, teaching, and leadership in academic and industry positions. Our classes and research facilities are located at the flagship Blacksburg campus and in the greater Washington, D.C., area. Master of Science and Ph.D. students may study in either location. We offer funding opportunities to research-track Ph.D. and Master of Science students, and our growing list of active research areas provides a range options for doing pioneering work. [6] In all official Virginia Tech Graduate School documentation, our degree is referred to as Computer Science & Applications (CSA). [6]",,https://graduateschool.vt.edu/academics/programs.html,,,,FALSE,True,,,,,,,,,,,,,,,,,,,,,False,False,,,,,,,6.5,,,,,90,,,,,,,,,,,,,,FALSE,,,FALSE,FALSE,,,
,Master of Science in Crop and Soil Sciences,,,,,Graduate,Fall 2026,,,,,,Not Required,REQUIRED,"Admission to the Graduate School is contingent upon receipt of a four year (or 3 year degree recognized by the Bologna process) bachelor's degree from a regionally accredited college or university and the presentation of evidence of potential to pursue graduate work. [1] Regular Admission to a graduate degree is open to an applicant whose grade point average (GPA) meets or exceeds the 3.00 required by the Graduate School for the last half of the credits earned for the undergraduate (bachelors) degree, and whose academic background meets the requirements of the admitting academic unit. [2]",,,False,False,True,False,False,False,,True,False,False,False,False,True,False,False,False,,,,"School of Plant & Environmental Sciences (SPES), College of Agriculture and Life Sciences","$16,232/Year (In-State), $32,622/Year (Out-of-State)","$16,232/Year (In-State), $32,622/Year (Out-of-State) [10]",,,,,,,"The School of Plant and Environmental Sciences offers PhD and MS degrees in three programs: Crop and Soil Environmental Sciences; Horticulture; and Plant Pathology, Physiology, and Weed Science. [2] Within each program students are engaged in several fields of study related to departmental faculty research including resilient crop production, sustainable land management systems, ecological restoration, omic sciences, and allied technologies. [2]",,https://graduateschool.vt.edu/academics/programs.html,,,,FALSE,True,,4.0,3.0,,,,,,,,,,,,,,,,,,False,False,,,,,,,6.5,,,,,80,,,,,,,,,,,"Scholarships in the range of $1,000 to $2,000 are available, with some specific scholarships like the John Lee Pratt Graduate Scholar Program offering $1,500 for research support. [8, 24]",,"Merit-based, Need-based, Assistantships. [8, 24]",FALSE,,,FALSE,FALSE,,,
,Master of Science in Dairy Science,,,,,Graduate,Fall 2026,,,,Required,Required,Not Required,REQUIRED,"The School of Animal Sciences Graduate Program uses a holistic approach to admission. Our recommended metrics include an overall GPA of 3.0 and the GRE is encouraged with scores of 150 verbal and quantitative. The VT Graduate School requires a TOEFL score of 90. Materials are uploaded through the Graduate School portal. Items you will need to complete the application include Three letters of reference; Transcripts; Statement of professional goals; GPA, GRE metrics. [2]",Not Required,,False,True,True,False,False,False,,True,False,False,False,True,True,False,False,False,,,,College of Agriculture and Life Sciences,,,,,,,,,"Virginia Tech does not offer a specific Master of Science in Dairy Science. The university offers a Master of Science in Animal and Poultry Sciences. According to a third-party website, students in this program may specialize in areas such as genetics, genomics, immunology, management, muscle biology, neuroscience, nutrition, physiology, and product quality assurance, and interdisciplinary programs are encouraged. The official Virginia Tech website mentions that students in the undergraduate Animal and Poultry Sciences program can choose to study various animals, including livestock like beef cattle and sheep. However, a detailed description for the Master of Science in Animal and Poultry Sciences program is not available on the official university website.",,https://graduateschool.vt.edu/academics/programs.html,,,,FALSE,True,1,4.0,3.0,,,,,,,,,,,,,,,,,,False,False,,,120.0,,,,6.5,,,59.0,,80,,,,,,,,,,,"Over $85,000 in awards each year",,"Need-based, Academic record",FALSE,,,FALSE,FALSE,,,
,Master of Science in Data Science,,,,,Graduate,Fall 2026,,,,,Required,Optional,REQUIRED,"Receipt of a bachelor's degree from an accredited college or university; An undergraduate cumulative grade point average of 3.0 or higher on a 4.0 base for the equivalent of the last two years of undergraduate study. Note: Exceptions may be made to this rule upon recommendation of the department, providing that the applicant can present other substantial evidence of his or her ability to pursue graduate work at a satisfactory level. Recommended Prerequisites: Generically speaking, the recommended prerequisites for the M.S. in Data Science include: two semesters of calculus; one semester of linear algebra; two semesters of statistics; and one semester of computer programming.",Optional,,False,True,True,False,False,False,,True,False,False,False,True,True,False,False,False,,,,,,,,,,,,,"Virginia Tech's Master of Science in Data Science is a non-thesis degree that combines rigorous technical training with real-world projects, preparing graduates to navigate organizational complexities and translate data into action and value. The faculty's extensive industry experience delivers a blend of technical expertise and industry understanding to give graduates a distinct edge. With an M.S. in Data Science from Virginia Tech, you will stand out among the rest. [4]",,https://graduateschool.vt.edu/academics/programs.html,,,,FALSE,False,,,,,,,,,,,,,,,,,,,,,False,False,,,115.0,,,,6.5,,,59.0,,80,,,,,,,,,,,,,,FALSE,,,FALSE,FALSE,,,
,Master of Science in Dietetics and Clinical Nutrition,,,,,Graduate,Fall 2026,,,,Required,Required,Not Required,REQUIRED,"Applicants must have a bachelor's degree with a minimum GPA of 3.0. For direct entry, students must have met program-specific prerequisite courses. [12] An essay discussing your goals and how the program will help you achieve them is also necessary. [1]",Not Required,,True,False,True,False,False,False,,True,False,False,False,True,True,False,False,False,,,,College of Agriculture and Life Sciences,,,,,,,,,"The Department of Human Nutrition, Foods, and Exercise administers a Master of Science in Nutrition and Dietetics (MSND) to prepare graduates to become Registered Dietitian Nutritionists (RDNs). The Master of Science in Nutrition and Dietetics (MSND) program offers a competency-based curriculum which integrates didactic coursework and supervised experiential learning opportunities in a variety of settings in order to prepare future nutrition and dietetics practitioners to become leaders in a rapidly evolving field. The advanced coursework provided through the graduate program will allow students to master skills in the application of critical thinking, evidence-based practice and research, and communication with emphasis on nutrition counseling for behavior change.",,https://graduateschool.vt.edu/academics/programs.html,HNFE's graduate degree program in Nutrition and Dietetics is accredited by the Accreditation Council for Education in Nutrition and Dietetics (ACEND) as a Graduate Program in Nutrition and Dietetics.,,,FALSE,True,,4.0,3.0,,,,,,,,,,,,,,,,,,False,False,,,115.0,,,,6.5,,,59.0,,90,,,,,,,,,,,,,Merit-based,FALSE,,,FALSE,FALSE,,,
,Master of Science in Economics,,,,,Graduate,Fall 2026,,,,Required,Required,,,"Degree Requirement. Bachelor's degree from an accredited college or university.
GPA. Minimum cumulative grade point average of 3.0 (4.0 scale) for admission, but that requirement may be waived depending on the applicant's professional experience and accomplishments as identified through a holistic review of your application.
All graduate courses presume the student has had an intermediate microeconomic theory class and an intermediate macroeconomic theory class. Students are assumed to have a working knowledge of basic statistics, differential and integral calculus.",Not Required,,False,True,False,False,False,False,,False,False,False,False,False,False,False,False,False,,,,,,,,,,,,,"We provide the standard training in the a first year and the first half of the second year (microeconomics, macroeconomics and econometrics). After the compulsory training, students are mostly choosing courses from our four areas of focus: microeconomic theory, experimental and behavioral economics, labor and development economics, econometrics, and macroeconomics.",,https://graduateschool.vt.edu/academics/programs.html,,,,FALSE,False,,,,,,,,,,,,,,,,,,,,,False,False,,,,,,,,,,,,,,,,,,,,,,,,,,FALSE,,,FALSE,FALSE,,,
,Master of Science in Education in Health & Physical Education,,,,,Graduate,Fall 2026,,,,,,,,,,,False,False,False,False,False,False,,False,False,False,False,False,False,False,False,False,,,,,,,,,,,,,,,https://graduateschool.vt.edu/academics/programs.html,,,,FALSE,False,,4.0,3.0,,,,,,,,,,,,,,,,,,False,False,,,,,,,,,,,,,,,,,,,,,,,,,"Merit-based, Need-based",FALSE,,,FALSE,FALSE,,,
,Master of Science in Electrical Engineering,,,,,Graduate,Fall 2026,,,,Required,Required,Not Required,REQUIRED,"A Resume and a Statement of Purpose submitted with the online application. Three (3) letters of recommendation. The GRE is optional for all applicants. Applicants who already have scores (or can obtain them) are encouraged to submit them. Additionally, be aware that applicants with a lower GPA, or from a school from which Virginia Tech ECE may not be familiar, may benefit from providing strong GRE scores. TOEFL or IELTS exam for applicants earning undergraduate or graduate degrees from non-English institutions. [10]",,,False,True,False,False,False,False,,True,False,False,False,True,True,False,False,False,,,,Bradley Department of Electrical and Computer Engineering,,,,,,,,"['Communications and Networks', 'Cyber-physical Security', 'Electrical Power and Energy', 'Electronics, Photonics and MEMS', 'Machine Learning and Intelligent Systems', 'Signal and Image Processing, Systems, and Controls']","The Master of Science in Electrical Engineering is designed to help students understand and apply the principles of electrical engineering to the next generation of technologies improving communications, power and energy systems and micro- and nano-electronics. [1]",,https://graduateschool.vt.edu/academics/programs.html,,,,FALSE,True,,4.0,3.0,,,,,,,,,,,,,,,,,,False,False,,,,,,,6.5,,,59.0,,80,,,,,,,,,,,,,,FALSE,,,FALSE,FALSE,,,
,Master of Science in Engineering Mechanics,,,,,Graduate,Fall 2026,,,,Required,Required,Optional,REQUIRED,"Application requirements include: $75 application fee; A B.S. degree in engineering, mathematics, physics, or a related field from a recognized university; Three letters of recommendation. [3]",,,True,False,True,False,False,False,,True,False,False,False,True,True,False,False,False,,,,Department of Mechanical Engineering,"For the 2023-2024 academic year, the estimated graduate tuition and fees for a full-time student were not provided as a flat rate. Tuition is based on a per-credit-hour rate.",,,,,,,"['Biomechanics', 'Dynamics, control, and vibrations', 'Fluid mechanics', 'Solid mechanics']","The Engineering Mechanics (EM) program is strongly rooted in physics and mathematics, the basis of all mechanical sciences, and provides unique, interdisciplinary opportunities for research on design projects with far-reaching impact. We offer a Ph.D in engineering mechanics as well as a Master's of Science (M.S.) degree with a thesis option and a non-thesis option.",,https://graduateschool.vt.edu/academics/programs.html,,,"For the 2023-2024 academic year, the base tuition for graduate students in the College of Engineering was $865 per credit hour for in-state students and $1,694 per credit hour for out-of-state students. Additional mandatory fees also apply.",FALSE,True,A student is placed on academic probation if their cumulative GPA falls below 3.0. The student then has one semester to raise their GPA to 3.0 to return to good standing and avoid dismissal.,4.0,3.0,,,,,,,,,,,,,,,,,,False,False,,,115.0,,,,6.5,,,59.0,,80,,,,,,,,,,,,,Graduate Student Assistantships,FALSE,,,FALSE,FALSE,,,
,Master of Science in Environmental Engineering,,,,,Graduate,Fall 2026,,,,Required,Required,Optional,REQUIRED,"Admission to the MS in Environmental Engineering (MS ENE) degree program normally presupposes graduation from an accredited undergraduate engineering curriculum. Minimum requirements for admission are an undergraduate grade point average (GPA) of 3.0 or higher for the last 60 credit hours computed on a 4.0 scale. However, admission may be denied to students with higher qualifications, depending on the number of well-qualified applications received in a given year. To be considered for a graduate fellowship or assistantship, students should typically have an overall GPA of 3.5 or better for the last two years of undergraduate work.",Not Required,,True,False,False,False,False,False,,True,False,False,False,False,True,False,False,False,,,,,,,,,,,,,,,https://graduateschool.vt.edu/academics/programs.html,,,,FALSE,True,,,,,,,,,,,,,,,,,,,,,False,False,,,,,,,6.5,,,,,90,,,,,,,,,,,,,,FALSE,,,FALSE,FALSE,,,
,Master of Science in Fisheries and Wildlife Sciences,,,,,Graduate,Fall 2026,,,,Required,Required,Optional,REQUIRED,"Prospective students are strongly encouraged to reach out to potential advisors directly to discuss shared interests and explore opportunities for positions in their laboratories. Successful applicants typically have a GPA above 3.5 on a 4.0 scale for the last 60 semester hours of undergraduate coursework. Ph.D. applicants must have completed an M.S. from an accredited institution. Specific application requirements include a minimum GPA of 3.0, a scanned copy of college transcripts, and for international students, TOEFL IBT of 90 (with sub-scores of 20) or IELTS of 6.5. [2]",Not Required,,False,True,False,False,False,False,,True,False,False,False,False,True,False,False,False,,,,"Department of Fish and Wildlife Conservation, College of Natural Resources and Environment",,,,,,,,,,,https://graduateschool.vt.edu/academics/programs.html,,,,FALSE,True,,4.0,3.0,,,,,,,,,,,,,,,,,,False,False,,,,,,,6.5,,,,,90,,,,,,,,,,,,,"Assistantships, Fellowships, Scholarships, Loans",FALSE,,,FALSE,FALSE,,,
,Master of Science in Forestry,,,,,Graduate,Fall 2026,,,,,,,REQUIRED,"The Department of Forest Resources and Environmental Conservation evaluates graduate student applications through a holistic review of demonstrated abilities and experiences relevant to three indicators of success: i) personal qualities and characteristics, ii) academic achievements, and iii) work and research experiences. Students must apply online, through the Virginia Tech Graduate School. Students must indicate which faculty most closely align with their research and education goals in the online application form. [5]",Not Required,,False,False,True,False,False,False,,True,False,False,False,False,True,False,False,False,,,,,,,,,,,,,"The M.S. in Forest Resources and Environmental Conservation is a research-based degree that requires a thesis. Students pursuing the M.S. degree work with their advisory committee to develop a plan of study that is tailored to their individual interests and career goals. M.S. students must complete a minimum of 30 semester hours of credit, including 21 hours of coursework and 9 hours of research and thesis. Our M.S. program provides students with the opportunity to develop expertise in a wide range of fields, including forest biometrics, forest ecology and silviculture, forest economics and management, forest genetics and biotechnology, forest hydrology and soils, forest operations, natural resource policy, and wildlife and fisheries conservation.",,https://graduateschool.vt.edu/academics/programs.html,,,,FALSE,True,,,,,,,,,,,,,,,,,,,,,False,False,,,115.0,,,,6.5,,,,,80,,,,,,,,,,,,,,FALSE,,,FALSE,FALSE,,,
,Master of Science in Geography,,,,,Graduate,Fall 2026,,,,,Required,Not Required,REQUIRED,"The application must include an academic transcript, two-page personal statement, three letters of recommendation, and a writing sample. For international students for whom English is not the primary language, results from an English proficiency test (e.g., TOEFL) are required. [5] All applicants must meet the requirements for admission to the Graduate School at Virginia Tech. Admission is contingent upon receipt of a bachelor of science degree or bachelor of arts degree from an accredited college or university. [8]",Required,,False,True,False,False,False,False,,True,False,False,False,False,True,False,False,False,,,,College of Natural Resources and Environment,,,,,,,,"['Thesis Option', 'Non-Thesis Option', 'Accelerated M.S. degree program']"," The master's degree in geography develops specialists for academic, governmental, and industry positions through emphasis on: Cutting-edge geographic methods for analyzing and interpreting spatial and temporal processes. Formulation of original research questions in response to critical debates and gaps in the scientific literature. [7]",,https://graduateschool.vt.edu/academics/programs.html,,,,FALSE,True,,4.0,3.0,,,,,,,,,,,,,,,,,,False,False,,,,,,,6.5,,,,,4.5,,,,,,,,,,,,,"Graduate teaching assistantships, graduate research assistantships, CNRE travel grants, and the CNRE Satellite Beacon Program. [3]",FALSE,,,FALSE,FALSE,,,
,Master of Science in Geology and Earth Science,,,,,Graduate,Fall 2026,,,,Required,Required,Not Required,REQUIRED,"For your graduate application you will need: A one-to two-page, double-spaced personal statement. A brief statement that describes your research interests and career aspiration in geosciences. Resume/CV. Transcripts from previous academic institutions. Three letters of recommendation. (No GRE required). [3]",Not Required,,True,False,True,False,False,False,,True,False,False,False,True,True,False,False,False,,,,,,,,,,,,,,,https://graduateschool.vt.edu/academics/programs.html,,,,FALSE,True,,,,,,,,,,,,,,,,,,,,,False,False,,,115.0,,,,6.5,,,59.0,,80,,,,,,,,,,,,,,FALSE,,,FALSE,FALSE,,,
,Master of Science in Horticulture,,,,,Graduate,Fall 2026,,,,Required,Required,,REQUIRED,"Applicants should have a 3.0 GPA (4 point scale), unless there are documented extenuating circumstances. [8] The MS in Horticulture is available through Agriculture and Life Sciences; students apply to the MSLFS and select Horticulture as the program. [9] Recommendations – contact information for three individuals who can speak to your potential as a master’s student in the degree program. [8] A minimum of one must be a former professor or individual associated with an institution of higher education. [8]",Not Required,,False,True,False,False,False,False,,True,False,False,False,False,True,False,False,False,,,,School of Plant and Environmental Sciences,,,,,,,,,,,https://graduateschool.vt.edu/academics/programs.html,,,,FALSE,True,,4.0,3.0,,,,,,,,,,,,,,,,,,False,False,,,,,,,6.5,,,,,90,,,,,,,,,,,,,"Merit-based, Need-based",FALSE,,,FALSE,FALSE,,,
,Master of Science in Hospitality & Tourism Management,,,,,Graduate,Fall 2026,,,,,,Optional,REQUIRED,,,,False,False,False,False,False,False,,True,False,False,False,False,True,False,False,False,,,,"Howard Feiertag Department of Hospitality and Tourism Management, Pamplin College of Business",,,,,,,,"['Master of Science in Business Administration (MSBA) with a focus on Hospitality and Tourism Management', 'Hospitality and Tourism Business Analytics and Revenue Management (Graduate Certificate)', 'International Hospitality and Tourism Strategy (Graduate Certificate)', 'Entrepreneurship in Hospitality & Tourism Management (Graduate Certificate)']","As a comprehensive research university, the mission of the Virginia Tech Hospitality and Tourism Management (HTM) graduate program is to develop students' ability to systematically recognize, analyze, and address the challenges and problems of hospitality and tourism businesses. Our vision, which permeates throughout our graduate program, is to build on a legacy of teaching and research excellence and to create global leaders in the business of hospitality and tourism management.",,https://graduateschool.vt.edu/academics/programs.html,AACSB (Association to Advance Collegiate Schools of Business),,,FALSE,False,,4.0,3.0,,,,,,,,,,,,,,,,,,False,False,,,,,,,6.5,,,,,80,,,,,,,,,,,,,,FALSE,,,FALSE,FALSE,,,
,"Master of Science in Housing, Interior Design, Resource Management",,,,,Graduate,Fall 2026,,,,,,Not Required,REQUIRED,"Specific application requirements for the Master of Science in Housing, Interior Design, Resource Management are not detailed on the program's or the graduate school's websites. General application components for other master's programs in the School of Design include a formal application, official transcripts, and three letters of recommendation.",,,True,False,True,False,False,False,,True,False,False,False,True,True,True,False,False,,,,School of Design,,,,,,,,"['Consumer Studies', 'Fashion Merchandising and Design', 'Property Management', 'Residential Environments and Design']","The mission of the Apparel, Housing, and Resource Management housed in the School of Design is to improve quality of life for individuals, families, and the broader community by creating and extending knowledge in apparel, housing, and resource management. [3] We apply business, consumer, and design perspectives to teaching and learning, research, and outreach. [3] Within the context of interconnections between environmental, economic, and social factors, we incorporate innovative disciplinary perspectives into our teaching, research, and service for an enhanced quality of life and sustainable future. [2] The programs offer active learning opportunities including design studios, real-world projects, internships, study abroad, and undergraduate research. [1]",,https://design.vt.edu/apparel-housing-and-resource-management.html,Our program is accredited by the National Kitchen and Bath Association. This allows students to prepare for national certification exams. [7],,,FALSE,False,,,,,,,,,,,,,,,,,,,,,False,False,,,105.0,,,,6.5,,,53.0,,550,,,,,,,,,,,,,,FALSE,,,FALSE,FALSE,,,
,Master of Science in Human Development,,,,,Graduate,Fall 2026,,,,,Required,Not Required,REQUIRED,Applicants to the Human Development and Early Childhood Disorders master's program should have: A bachelor's degree or its equivalent. A grade point average (GPA) in undergraduate-level coursework of 3.0 or better on a 4.0-point scale. [3] Test Scores: GRE scores are optional. [3] Letters of Recommendation: Applicants must submit three letters of recommendation from individuals able to judge the candidate's potential for success in the master's degree program. [3] Admissions Essay: Applicants must submit an essay outlining their academic interests and career goals. [3] International applicants must submit a TOEFL score of at least 80 on the internet-based test. [3],,,True,True,False,False,False,False,,True,False,False,False,True,True,False,False,False,,,,College of Liberal Arts and Human Sciences,,,,,,,,,,,https://graduateschool.vt.edu/academics/programs.html,,,,FALSE,False,,4.0,3.0,,,,,,,,,,,,,,,,,,False,False,,,,,,,6.5,,,59.0,,80,,,,,,,,,,,,,"Assistantships, Fellowships, Scholarships",FALSE,,,FALSE,FALSE,,,
,Master of Science in Industrial Engineering,,,,,Graduate,Fall 2026,,,,,,Optional,REQUIRED,,,,False,True,True,False,False,False,,True,False,False,False,True,True,False,False,False,,,,Grado Department of Industrial and Systems Engineering,,,,,,,,,"The Master of Science in Industrial Engineering (MSIE) degree program provides a graduate-level introduction to the broad field of industrial engineering. The program consists of graduate-level coursework in operations research, statistics, and applied industrial engineering. The primary emphasis program is on modeling, analysis, and solution of problems arising in the traditional domains of manufacturing, warehousing, and supply chain systems.",,https://graduateschool.vt.edu/academics/programs.html,,,"$835/credit for residents and $1,637/credit for non-residents",FALSE,False,,4.0,3.0,,,,,,,,,,,,,,,,,,False,False,,,115.0,,,,6.5,,,59.0,,90,,,,,,,,,,,,,"graduate assistantships, fellowships",FALSE,,,FALSE,FALSE,,,
,Master of Science in Instructional Technology,,,,,Graduate,Fall 2026,,,,Required,Required,GRE,REQUIRED,"The Instructional Design and Technology Master's Degree program is a 30-credit hour degree program consisting of coursework in foundations of Instructional Design and Technology, research methods, and electives.",,,False,False,True,False,True,False,,True,False,False,False,False,True,True,False,False,,,,School of Education,,,,,,,,Instructional Design & Technology,"The Instructional Technology Online Master's Degree Program (ITMA) at Virginia Tech is designed for professional educators in K-12 schools, community colleges, and higher education, as well as corporate trainers and other instructional development professionals. [7] The program focuses on creating effective solutions to support learning and improved performance. [7] Students will earn a M.A.Ed. in Curriculum & Instruction with a specialization in Instructional Design & Technology. [7] The curriculum is dedicated to applying empirical understanding of how humans learn to the design, development, implementation, and evaluation of learning and performance support products, processes, and environments. [7] This 30-credit hour online program includes coursework in the foundations of Instructional Design and Technology, research methods, and electives. [7]",,https://graduateschool.vt.edu/academics/programs.html,,,,FALSE,False,,4.0,3.0,,,,,,,,,,,,,,,,,,False,False,,,125.0,,,,7.0,,,,,90,,,,,,,,,,,,,,FALSE,,,FALSE,FALSE,,,
,Master of Science in Materials Engineering,,,,,Graduate,Fall 2026,,,,,,Not Required,REQUIRED,,,,False,False,False,False,False,False,,True,False,False,False,False,True,False,False,False,,,,,,,,,,,,"['structure and properties of crystalline and non-crystalline materials', 'materials synthesis, processing, and fabrication', 'theoretical understanding and computer modeling of materials structures, properties and processes', 'phase transformations', 'thermodynamics and phase equilibria', 'diffusion and kinetics of solid state reactions', 'mechanical, thermal, electrical, optical, and magnetic property characterization of all material types', 'microelectronic and optoelectronic materials']","In collaboration with the Virginia Tech Graduate School, the Materials Science and Engineering department awards Master of Science (thesis required), Master of Engineering (non-thesis), and doctoral degrees. [10] The department has faculty and researchers working in ceramic engineering, metallurgy, polymer engineering, and related areas of mechanics, chemistry, physics, and electrical engineering. [10] The mix of available courses provide a balance between engineering and science, and research programs range from traditional to contemporary topics. [10] The Master of Science degree requires a thesis and is intended for students with an interest in applied research and development. [10] It requires the completion of 30 credit hours of work, with between 6 and 10 of these credit hours dedicated to thesis research (MSE 5994). [10] Most students spend two academic years completing the M.S. program of study. [10]",,https://graduateschool.vt.edu/academics/programs.html,,,,FALSE,True,,,,,,,,,,,,,,,,,,,,,False,False,,,,,,,6.5,,,,,"A minimum TOEFL score of 90 for the iBT (with a minimum of 20 in each subsection) is required for tests taken prior to January 21, 2026. For tests taken on or after January 21, 2026, a minimum overall score of 4.5 with subsection scores of 4.5 or greater is required.",,,,,,,,,,,,,,FALSE,,,FALSE,FALSE,,,
,Master of Science in Mathematics and Statistics,,,,,Graduate,Fall 2026,,,,,,Optional,REQUIRED,,,,True,False,False,False,False,False,,True,False,False,False,False,True,False,False,False,,,,College of Science,,,,,,,,,,,https://math.vt.edu/grad-math.html,,,,FALSE,False,,4.0,3.0,,,,,,,,,,,,,,,,,,False,False,,,,,,,6.5,,,,,80,,,,,,,,,,,,,Graduate Teaching Assistantships,FALSE,,,FALSE,FALSE,,,
,"Master of Science in Mathematics, Education Option",,,,,Graduate,Fall 2026,,,,,,Not Required,REQUIRED,,,,False,False,False,False,False,False,,True,False,False,False,True,True,False,False,False,,,,,,,,,,,,,,,https://graduateschool.vt.edu/academics/programs.html,,,,FALSE,False,,,,,,,,,,,,,,,,,,,,,False,False,,,,,,,6.5,,,59.0,,80,,,,,,,,,,,,,,FALSE,,,FALSE,FALSE,,,
,Master of Science in Mechanical Engineering,,,,,Graduate,Fall 2026,,,,Required,Required,Optional,REQUIRED,Applicants to ME graduate programs must apply through the Virginia Tech Graduate School Application. Application requirements include: $75 application fee Three references: All references must be submitted by the individual reference through the online process as part of your application. Letters of recommendation uploaded by the applicant will not be accepted. Statement of purpose: One page that articulates and demonstrates an applicant's specific qualifications and what that applicant's end goal might be once their work is completed. This document is submitted through the online application. Resume or CV. [4],Optional,,False,True,True,True,False,False,,True,False,False,False,True,True,True,False,False,,,,College of Engineering,,,,,,,,,"From the smallest cells to the largest spacecraft, mechanical engineers are trained in the science behind what makes things work. The VT ME graduate program, at approximately 300 graduate students and 70 faculty, is a large and interdisciplinary program spanning across all areas of research in engineering and science. Our program offers opportunities for graduate education in professional and research-based degrees across multiple campuses. A core curriculum is shared across all degrees and includes coursework in mathematics of physical systems; fundamentals of mechanical systems; design, manufacturing, and integration of physical systems; and experimental and computational methods in mechanical engineering. [14]",,https://graduateschool.vt.edu/academics/programs.html,,,,FALSE,True,,4.0,3.0,,,,,,,,,,,,,,,,,,False,False,,,105.0,112.0,,,6.5,,,67.0,,80,,,,,,,,,,,,,"Research Assistantships, Teaching Assistantships, Fellowships",FALSE,,,FALSE,FALSE,,,
,Master of Science in Natural Resources Conservation and Management,,,,,Graduate,Fall 2026,,,,,Required,,REQUIRED,"The Master of Science (M.S.) is a research-based degree designed to prepare students for additional graduate study or a career in science. [3] Minimum requirements for the M.S. include 30 total semester hours of credit, of which at least 20 hours must be graded. Research and thesis credits for the M.S. range from 6 to 10 hours. Prospective graduates are encouraged to identify and contact faculty members in their area of interest prior to applying. [3] Students must indicate which faculty most closely align with their research and education goals in the online application form. [3]",,,False,False,False,False,False,False,,True,False,False,False,False,True,True,False,False,,,,College of Natural Resources and Environment,,,,,,,,"['Biodiversity and Ecosystems', 'Cities and Urban Systems', 'Climate Resilience', 'Environmental Sustainability', 'Water and Marine Systems', 'Environmental Policy']",The Master of Natural Resources (MNR) degree is designed for professionals aiming to advance their careers or to shift to leadership roles in the environmental and sustainability fields or functions. Delivered through two flexible formats—online and hybrid—our innovative instruction allows you to immediately apply what you learn to real-world challenges.,,https://graduateschool.vt.edu/academics/programs.html,,,,FALSE,False,,4.0,,,,,,,,,,,,,,,,,,,False,False,,,,,,,6.5,,,,,80,,,,,,,,,,,,,"Merit-based, Research-based",FALSE,,,FALSE,FALSE,,,
,Master of Science in Nuclear Engineering,,,,,Graduate,Fall 2026,,,,Required,Required,Not Required,REQUIRED,"Applicants for the Master of Science in Nuclear Engineering should have a bachelor's degree in engineering or a related field such as physics or chemistry from an accredited institution, with a minimum GPA of 3.0 on a 4.0 scale. [9] Competitive applicants should have a target undergraduate GPA exceeding 3.2. [6] A degree in nuclear engineering or an emphasis or minor in it is preferred, though other science and engineering disciplines are considered. [6, 9] Required application materials include a statement of purpose and three letters of recommendation. [9] A one-page resume is also preferred. [6]",Not Required,,True,False,True,False,False,False,,True,False,False,False,True,True,False,False,False,,,,Department of Mechanical Engineering,,,,,,,,,,,https://graduateschool.vt.edu/academics/programs.html,,,,FALSE,False,,4.0,3.2,,,,,,,,,,,,,,,,,,False,False,,,120.0,,,,6.5,,,65.0,,90,,,,,,,,,,,,,assistantships/fellowships,FALSE,,,FALSE,FALSE,,,
,Master of Science in Nutrition Studies,,,,,Graduate,Fall 2026,,,,,,Not Required,REQUIRED,,,,True,False,False,False,False,False,,True,False,False,False,False,True,False,False,False,,,,College of Agriculture and Life Sciences,The MSND program follows standard tuition and fees for graduate students (Blacksburg campus) as outlined on the Bursar's Office website. [4],"The tuition and fees for the MSND program, which is in the same department, follow the standard graduate student rates for the Blacksburg campus. [4] Track One students are enrolled for 4 semesters. [4]",,,,,,"['Behavioral and Community Science', 'Clinical Physiology and Metabolism', 'Molecular and Cellular Science']","Our Master of Science in HNFE program provides a comprehensive exploration of advanced topics in human nutrition, foods, and exercise, preparing you for impactful roles in research, academia, and industry.",,https://graduateschool.vt.edu/academics/programs.html,,,,FALSE,False,,4.0,3.0,,,,,,,,,,,,,,,,,,False,False,,,,,,,6.5,,,,,90,,,,,,,,,,,,,Students pursuing a thesis-based graduate degree may receive funding through a graduate assistantship. [33],FALSE,,,FALSE,FALSE,,,
,Master of Science in Ocean Engineering,,,,,Graduate,Fall 2026,,,,Required,Required,Optional,REQUIRED,"An applicant should have a bachelor's degree, typically in engineering, mathematics, or physics from an accredited institution. A 3.0 GPA or better on a 4.0 scale is strongly recommended. For international applicants, official results from an English proficiency test such as the TOEFL Examination with a score of 90 or higher is strongly recommended. Three letters of recommendation are required. [14]",Not Required,,True,False,True,False,False,False,,True,False,False,False,False,True,False,False,False,,,,Kevin T. Crofton Department of Aerospace and Ocean Engineering,,,,,,,,"['Track A: M.S. in ocean engineering—thesis track', 'Track B: M.S. in ocean engineering—non-thesis track']","AOE's ocean engineering graduate program focuses on hydronautics, naval engineering, and autonomous systems. [5]",,https://graduateschool.vt.edu/academics/programs.html,,,,FALSE,True,,4.0,3.0,,,,,,,,,,,,,,,,,,False,False,,,,,,,,,,,,,,,,,,,,,,,,,,FALSE,,,FALSE,FALSE,,,
,Master of Science in Polymer Science and Engineering,,,,,Graduate,Fall 2026,,,,Required,Required,Not Required,REQUIRED,"The Macromolecular Science and Engineering (MACR) program is an interdisciplinary program. Students are admitted to the MACR program through a home department. You must apply to one of the approved participating departments and specify Macromolecular Science and Engineering (MACR) as your intended area of study. The participating departments are: Biological Systems Engineering, Chemical Engineering, Chemistry, Materials Science and Engineering, Mechanical Engineering, and Sustainable Biomaterials.",Not Required,,False,True,True,False,False,False,,True,False,False,False,True,True,False,False,False,,,,Graduate School,,,,,,,,"['Polymer mechanics', 'Polymers in medicine and biology', 'Polymer processing', 'Polymer structure', 'Polymer synthesis', 'Adhesion and surface science', 'Composites and structures', 'Micro- and opto- electronics']","The Macromolecular Science and Engineering (MACR) graduate degree is a university-based interdisciplinary degree program spanning multiple departments, with research and classes conducted under the direction of faculty from: Biomedical Engineering and Mechanics; Chemical Engineering; Chemistry; Civil and Environmental Engineering. Materials Science and Engineering; Mechanical Engineering; Sustainable Biomaterials. [2]",,https://graduateschool.vt.edu/academics/programs.html,,,,FALSE,True,,4.0,3.0,,,,,,,,,,,,,,,,,,False,False,,,125.0,,,,6.5,,,65.0,,90,,,,,,,,,,,,,,FALSE,,,FALSE,FALSE,,,
,Master of Science in Public Health,,,,,Graduate,Fall 2026,,,,,,Optional,REQUIRED,,,,False,False,True,False,False,False,,True,False,False,False,True,True,False,False,False,,,,,,,,,,,,"['Infectious Disease', 'Public Health Education']","The Master of Public Health (MPH) is a professional degree that prepares graduates to practice public health in local, state, regional, national, and global settings. [5] The Council on Education for Public Health (CEPH) accredits schools and programs in public health to ensure that their curriculum is appropriate to effectively prepare students to enter the public health workforce. [5] Requirements include a supervised practice experience where the student assumes job functions in public health. [5] Additionally, participation in a final culminating experience demonstrating competence in the field is required. [5] Students formulate their plan of study with faculty advisors to include 22 core credits, 9 concentration credits, and 8 professional preparation credits. [5] The MPH degree program offers two concentrations: infectious disease and public health education. [5] The program encourages students to make the most of their Virginia Tech MPH experience by completing additional public health-related Virginia Tech graduate courses, seeking additional skill-building opportunities, pursuing graduate certificates and working closely with faculty on research and service projects. [5] The VT MPH degree is offered in person only. [5]",,https://graduateschool.vt.edu/academics/programs.html,The Council on Education for Public Health (CEPH) accredits schools and programs in public health to ensure that their curriculum is appropriate to effectively prepare students to enter the public health workforce. [5],,,FALSE,False,,,,,,,,,,,,,,,,,,,,,False,False,,,115.0,,,,6.5,,,59.0,,80,,,,,,,,,,,,,,FALSE,,,FALSE,FALSE,,,
,Master of Science in Science and Technology in Society,,,,,Graduate,Fall 2026,,,,Required,Required,Optional,REQUIRED,"In addition to the admissions standards set by the Graduate School, students applying for an advanced degree program in STS must also meet the following requirements: A bachelor's degree from an accredited institution. A minimum grade point average of 3.0 (on a 4.0 scale). [3]",Required,,False,True,False,False,False,False,,True,False,False,False,False,True,False,False,False,,,,College of Liberal Arts and Human Sciences,,,,,,,,"['Bioethics', 'Nuclear Science, Technology, and Policy']","Research in STS analyzes how society affects the development and implementation of scientific, technological, and medical knowledges and practices and how these pursuits affect society. The research and scholarly interests of STS faculty cross a wide range of disciplinary boundaries: some rely on fieldwork, others are immersed in historical or governmental archival research. Students enter the program from fields such as the sciences, engineering, social sciences, humanities, and professional disciplines. The curriculum is intentionally adaptable, enabling students to shape their program around individual interests and career goals.",,https://graduateschool.vt.edu/academics/programs.html,,,,FALSE,False,,4.0,3.0,,,,,,,,,,,,,,,,,,False,False,,,,,,,6.5,,,,,90,,,,,,,,,,,,,,FALSE,,,FALSE,FALSE,,,
,Master of Science in Sociology,,,,,Graduate,Fall 2026,,,,Not Required,Required,Optional,REQUIRED,"In addition to the general application requirements of the Graduate School, applicants for the Master's program must have a minimum cumulative GPA of 3.25 (out of 4.0) for the last two years of undergraduate study and an overall GPA of 3.0 (on a 4.0 scale) in all Sociology courses taken. [7] Additional requirements include three letters of recommendation, preferably from former professors, and an academic writing sample. [7]",Required,,False,True,False,False,False,False,,True,False,False,False,True,True,False,False,False,,,,,,,,,,,,,"The M.S. and Ph.D. programs in sociology at Virginia Tech provide a strong grounding in the theories and methods of the discipline, with opportunities to apply and extend this knowledge in a variety of substantive areas. At the master’s level, students acquire a solid foundation in the discipline. The M.S. degree is often a stepping-stone to the Ph.D. at Virginia Tech or another institution, but it can also serve as a terminal degree for those who wish to apply their sociological knowledge in a variety of professional settings. M.S. students take a set of required courses and then, in consultation with a faculty advisor, choose from a wide range of elective courses to complete their program of study.",,https://graduateschool.vt.edu/academics/programs.html,,,,FALSE,False,,,,,,,,,,,,,,,,,,,,,False,False,,,,,,,6.5,,,59.0,,80,,,,,,,,,,,,,,FALSE,,,FALSE,FALSE,,,
,Master of Science in Statistics,,,,,Graduate,Fall 2026,,,,,,Not Required,REQUIRED,,,,False,False,False,False,False,False,,True,False,False,False,False,True,False,False,False,,,,College of Science,,,,,,,,,"Master of Science in Statistics. The Master of Science (MS) degree in Statistics provides advanced training in mathematical and applied statistics, exposure to statistics in a consulting or collaborative research environment and specialized coursework in a number of areas of emphasis. [1] The program is intended to prepare students for careers as practicing statisticians, to provide enhanced research expertise for students pursuing advanced degrees in other fields, and to strengthen the mathematical and statistical training of students preparing for PhD studies in statistics or a related field. [1]",,https://graduateschool.vt.edu/academics/programs.html,,,,FALSE,False,,4.0,3.0,,,,,,,,,,,,,,,,,,False,False,,,,,,,6.5,,,,,90,,,,,,,,,,,,,"Graduate assistantships, Fellowships",FALSE,,,FALSE,FALSE,,,
,Master of Science in Systems Engineering,,,,,Graduate,Fall 2026,,,,Not Required,Not Required,Optional,REQUIRED,"To apply for graduate school at Virginia Polytechnic Institute and State University, prospective students must submit an online application and pay a non-refundable $75 application fee. [3] Applicants are also required to include a scanned copy of their college transcripts with the online application. [3] An official transcript will be required after an offer of admission is received. [3] The Graduate School does not have a general requirement for entrance tests such as the GRE or GMAT; however, individual departments may require these scores. [3, 10] Similarly, the requirement for letters of recommendation is determined at the departmental level. [3] For international applicants, an English proficiency test such as TOEFL or IELTS is generally required. [4]",Not Required,,True,True,True,False,False,False,,True,False,False,False,True,True,True,False,False,,,,"Grado Department of Industrial and Systems Engineering, College of Engineering",,,,,,,,Systems Engineering,"The Master of Science (M.S.) and Master of Engineering (M.Eng.) degrees in Industrial and Systems Engineering (ISE) are designed to prepare students for careers in industry and consulting, as well as for further academic pursuits. The program provides a graduate-level foundation in industrial and systems engineering principles and practices. Students will gain expertise in areas such as operations research, manufacturing systems, human factors engineering, and management systems engineering. The curriculum is structured to offer flexibility, allowing students to tailor their studies to their specific career goals. The M.S. program requires a thesis, which provides an opportunity for in-depth research on a specific topic, while the M.Eng. program is a non-thesis, coursework-based degree.",,https://graduateschool.vt.edu/academics/programs.html,"The B.S. program in Industrial and Systems Engineering is accredited by the Engineering Accreditation Commission of ABET, https://www.abet.org. Information on the accreditation status of the graduate programs is not explicitly available on the departmental website.",,,FALSE,False,,4.0,3.0,,,,,,,,,,,,,,,,,,False,False,,,115.0,,,,6.5,,,59.0,,80,,,,,,,,,,,,,"The Grado Department of Industrial and Systems Engineering has an Excellence Fund used to support various needs, including funding scholarships for deserving students. [5] There are also scholarships awarded by national honor societies, such as the Robert and Jean Dryden Service Scholarship, in memory of a former head of the department. [16, 23]",FALSE,,,FALSE,FALSE,,,
,Master of Science to Ph.D. in Child and Adolescent Development Concentration,,,,,Graduate,Fall 2026,,,,Required,Required,Optional,REQUIRED,"The doctoral program in Human Development provides a systematic approach to observing, understanding, and analyzing human development across the lifespan, close relationships, and families within their individual, social, and historical contexts. Students complete coursework that includes developmental and systemic theories, qualitative and quantitative research methods and advanced statistical analysis, and opportunities to hone your area of expertise. [11] This program is designed for students with bachelor's degrees who intend to obtain a PhD. Students complete an M.S. en route to the Ph.D., completing a master's thesis before entering the doctoral portion of their program. [11]",Not Required,,True,False,False,False,False,False,,True,False,False,False,True,True,False,False,False,,,,College of Liberal Arts and Human Sciences,,"$8,231 per semester (on-campus, in-state, 9+ credits); $16,006 per semester (on-campus, out-of-state, 9+ credits) for the 2024-2025 academic year.",,,,,,Child and Adolescent Development (CAD),"The Child and Adolescent (CAD) content area focuses on understanding how to support optimal development for children and adolescents and their families. Students complete coursework that includes developmental theories, research methods and advanced statistical analysis, socio-emotional development, cognitive development, and parent-child interactions. The doctoral program in CAD focuses primarily on theory and research training for graduates interested in pursuing academic and research careers.",,https://graduateschool.vt.edu/academics/programs.html,,,"$865 per credit hour (on-campus, in-state); $1,673 per credit hour (on-campus, out-of-state) for the 2024-2025 academic year.",FALSE,False,,4.0,3.0,,,,,,,,,,,,,,,,,,False,False,,,115.0,,,,6.5,,,53.0,,80,,,,,,,,,,,,,"Assistantships, Fellowships",FALSE,,,FALSE,FALSE,,,
,Master of Urban and Regional Planning,,,,,Graduate,Fall 2026,,,,Required,Required,Not Required,REQUIRED,"The MURP program requires applicants to submit an online application form, application fee, official transcripts of previous academic work, personal statement, three letters of recommendation, and resume. [3]",,,False,True,True,False,False,False,,True,False,False,False,True,True,False,False,False,,,,School of Public and International Affairs,,,,,,,,"['Environmental Policy and Planning', 'Land Use and Physical Development Planning', 'Housing, Community, and Economic Development', 'International Development Planning', 'Transportation Planning and Policy', 'Planning Analytics', 'Urban Design']","The Master of Urban and Regional Planning program at Virginia Tech empowers you to solve complex planning challenges in government, consulting, or nonprofit roles—all in service of the greater good. [9] Students learn about planning practice in different contexts and governance systems; planning ethics, community and stakeholder engagement, social justice, and professional regulations; social, physical, environmental, economic, and other dimensions of complex planning problems; and professional skill development, with a focus on written, oral, visual, and digital communication, including social media in planning. [9]",,https://graduateschool.vt.edu/academics/programs.html,The School of Planning and Public Affairs urban planning masters program has been fully accredited by the Planning Accreditation Board (PAB) since 1970. [1],,,FALSE,False,,4.0,3.0,,,,,,,,,,,,,,,,,,False,False,,,115.0,,,,6.5,,,59.0,,80,,,,,,,,,,,,,Graduate Assistantships. [9],FALSE,,,FALSE,FALSE,,,
,Bachelor of Science in Accounting and Information Systems,,,,,Undergraduate,Fall 2026,,,,Not Required,Required,Not Required,Required,"To be a first-year applicant to Virginia Tech, you must complete: 18 units of high school coursework, including: 4 units of English; 3 units of math (includes algebra I, and algebra II); 2 units of laboratory science (chosen from biology, chemistry or physics); 2 units of social science (one must be history); 3 additional academic units (foreign language is highly recommended); 4 elective units. [3] When your application is complete, it will be reviewed holistically. [3] Factors that are considered in the application review process include academic rigor, grades, standardized test scores (if applicable), and personal factors such as activities and personal statements. [3]",Not Required,,True,False,False,False,False,False,,True,False,False,False,True,True,False,False,False,,,,Pamplin College of Business,,,,,,,,"['Accounting & Auditing', 'Tax Compliance & Planning', 'Accounting Information Systems & Controls']","The Department of Accounting and Information Systems strives to provide a world class accounting and information systems education to our students. With our Undergraduate Programs we seek to prepare students to enter the accounting and information systems professions with the skills and knowledge of business, information systems, and accounting concepts and practices. The Accounting & Information Systems Major (ACIS) is designed to help prepare graduates for the broadest range of accounting careers, including those in public accounting that require the CPA professional certification. [3] Graduates from these majors go on to careers as accountants, auditors, chief financial officers, consultants, controllers, cost accountants, financial analysts, forensic accountants, partners, business owners, treasurers, tax preparers, tax consultants, financial planners, information systems auditors, information systems professionals in enterprise risk assurance services, entrepreneurs, etc. [5]",,"The official university website for Virginia Polytechnic Institute and State University, commonly known as Virginia Tech, is vt.edu.

Virginia Tech is a public, land-grant research university with its main campus located in Blacksburg, Virginia. The university offers a wide range of undergraduate and graduate degree programs.","The Pamplin College of Business has maintained its accreditation with AACSB International - the Association to Advance Collegiate Schools of Business for undergraduate, master's, and Ph.D. programs in business and accounting.",,"In-state: $548/credit hour, Out-of-state: $1,432.25/credit hour. [3]",FALSE,False,,4.0,2,,,,,,,,,,,,,,,,,,False,False,,,115.0,,,,6.5,,,59.0,,80,,,,,,,,,,,,,Merit-based and need-based scholarships are available.,FALSE,,,FALSE,FALSE,,,False
,Bachelor of Science in Agribusiness,,,,,Undergraduate,Fall 2026,,,,Not Required,Not Required,Not Required,Required,,Not Required,,True,False,True,False,False,False,,True,False,False,False,True,True,False,False,False,,,,College of Agriculture and Life Sciences,"$16,526/Year for in-state residents and $38,977/Year for out-of-state residents. [4]",,,,,,,"['Agribusiness Management', 'Veterinary Business Management']","There are two options available under our Agribusiness Degree: Agribusiness Management and Veterinary Business Management. For students interested in farm, food, or small business management, the agribusiness management option offers students a chance to learn the ins and outs of the largest industry in the world – the food and fiber industry. Students will gain skills necessary to become industry leaders in careers such as management, lending, and analytics. This option allows students to develop expertise in agricultural finance, management, marketing, and agricultural price risk management. For students planning to continue their education in veterinary school, the Veterinary Business Management Option prepares students to apply for veterinary school while also taking business-oriented classes to assist in running a veterinary practice. The wide variety of courses in this option enable students to obtain the skills necessary to be competitive applicants for veterinary school. [4]",,"The official university website for Virginia Polytechnic Institute and State University, commonly known as Virginia Tech, is vt.edu.

Virginia Tech is a public, land-grant research university with its main campus located in Blacksburg, Virginia. The university offers a wide range of undergraduate and graduate degree programs.",,,,FALSE,False,,4.0,2,,,,,,,,,,,,,,,,,,False,False,,,,,,,6.5,,,59.0,,80,,,,,,,,,,,"valued between $200 and $4,000",,Merit-based and Need-based,FALSE,,,FALSE,FALSE,,,False
,Bachelor of Science in Agricultural Sciences,,,,,Undergraduate,Fall 2026,,,,Not Required,Required,Not Required,Required,"To be a first-year applicant to Virginia Tech, you must complete: 18 units of high school coursework, including: 4 units of English; 3 units of math (includes algebra I, geometry, and algebra II); 2 units of laboratory science (chosen from biology, chemistry or physics); 2 units of social science (one must be history); 3 additional academic units (foreign language is highly recommended); 4 elective units. [5]",Not Required,,True,False,False,False,False,False,,False,False,False,False,False,False,False,False,False,,,,College of Agriculture & Life Sciences,,,,,,,,"['Teaching and Learning in Agriculture', 'Community Leadership and Development']","Graduates of the Agricultural Sciences major will experience an interdisciplinary program of study designed to address the growing needs of today's evolving agricultural and food systems. This includes preparation for a variety of employment opportunities. The major complements and supports several new innovative minors on campus, including leadership and social change, and civic agriculture and food systems. Students enrolled in Agricultural Sciences typically study one of two areas: Teaching and Learning in Agriculture: for individuals interested in teaching high school agriculture, and/or working with youth organizations, with a seamless transition into a Master's program for licensure. Community Leadership and Development: for individuals interested in non-formal education and leadership development to improve the sustainability of communities across Virginia and the United States. The Agricultural Sciences Degree produces graduates with strengths in teaching and learning in formal and non-formal settings, community education and development, and leadership and social change. Students who can integrate their passion for agriculture with a commitment to working with people have virtually unlimited career opportunities. [5]",,"The official university website for Virginia Polytechnic Institute and State University, commonly known as Virginia Tech, is vt.edu.

Virginia Tech is a public, land-grant research university with its main campus located in Blacksburg, Virginia. The university offers a wide range of undergraduate and graduate degree programs.",,,,FALSE,True,,,2.0,,,,,,,,,,,,,,,,,,False,False,,,115.0,,,,6.5,,,59.0,,80,,,,,,,,,,,,,"Merit-based, Need-based",FALSE,,,FALSE,FALSE,,,False
,Bachelor of Technology in Agricultural Technology,,,,,Undergraduate,Fall 2026,,,,,,,Required,,,,False,False,False,False,False,False,,False,False,False,False,False,False,False,False,False,,,,College of Agriculture and Life Sciences,,,,,,,,,,,"The official university website for Virginia Polytechnic Institute and State University, commonly known as Virginia Tech, is vt.edu.

Virginia Tech is a public, land-grant research university with its main campus located in Blacksburg, Virginia. The university offers a wide range of undergraduate and graduate degree programs.",,,,FALSE,False,,,,,,,,,,,,,,,,,,,,,False,False,,,,,,,,,,,,,,,,,,,,,,,,,,FALSE,,,FALSE,FALSE,,,False
,Bachelor of Science in Animal and Poultry Sciences,,,,,Undergraduate,Fall 2026,,,,Not Required,Required,Not Required,,"To be a first-year applicant to Virginia Tech, you must complete 18 units of high school coursework, including: 4 units of English; 3 units of math (includes algebra I, and algebra II); 2 units of laboratory science (chosen from biology, chemistry or physics); 2 units of social science (one must be history); 3 additional academic units (foreign language is highly recommended); and 4 elective units. The application is reviewed holistically, considering academic rigor, grades, and personal factors like extracurricular activities and personal statements. [5]",Not Required,,True,False,False,False,False,False,,False,False,False,False,False,False,False,False,False,,,,College of Agriculture and Life Sciences,,,,,,,,"['Pre-Vet Option', 'Behavior and Welfare Option']","The Animal and Poultry Sciences degree provides students with a broad science-based education tailored to meet their needs and career goals. The program prepares students for careers in livestock, poultry, and equine industries, and with- companion- animals, laboratory animals, agribusiness, research, and teaching. [5] The curriculum also provides preparation for professional schools including veterinary medicine, medical school and other health professions, as well as graduate school. This major combines education in the basic sciences of animal nutrition, genetics, and physiology with management principles as applied to the raising and merchandising of beef cattle, horses, poultry, sheep, swine, and their products, as well as pets and other companion animals. [5] Students are encouraged to participate in independent studies, undergraduate research, and internship programs. Study abroad opportunities are also available. [5]",,"The official university website for Virginia Polytechnic Institute and State University, commonly known as Virginia Tech, is vt.edu.

Virginia Tech is a public, land-grant research university with its main campus located in Blacksburg, Virginia. The university offers a wide range of undergraduate and graduate degree programs.",,,,FALSE,True,,4.0,2,,,,,,,,,,,,,,,,,,False,False,,,,,,,,,,,,,,,,,,,,,,,"Scholarships ranging from $1,000 to $2,000 are available, with many others listed as 'varies'. [4, 16]",,"Merit-based, Need-based, leadership, and interest-based scholarships are available. [16]",FALSE,,,FALSE,FALSE,,,False
,Bachelor of Landscape Architecture in Landscape Architecture,,,,,Undergraduate,Fall 2026,,,,Not Required,Not Required,Not Required,Required,"To be a first-year applicant to Virginia Tech, you must complete: 18 units of high school coursework, including: 4 units of English; 3 units of math (includes algebra I, and algebra II); 2 units of laboratory science (chosen from biology, chemistry or physics); 2 units of social science (one must be history); 3 additional academic units (foreign language is highly recommended); 4 elective units. [7]",Not Required,,True,False,True,False,False,False,,True,False,False,False,True,True,False,False,False,,,,"School of Design, College of Architecture and Urban Studies",,,,,,,,"['site design', 'urban design', 'ecological design', 'environmental planning and design', 'regional landscape planning']","Virginia Tech's accredited Bachelor of Landscape Architecture degree combines design and design-thinking, creative invention and problem-solving, natural and human sciences, and community collaboration. [5] Landscape architecture encompasses the design, analysis, planning, management, and stewardship of sustainable environments. [4] As a landscape architecture major at Virginia Tech, you'll learn to design sustainable, resilient environments that support both human and ecological well-being. [8] Landscape architects design and engage the landscape across a wide range of projects and scales - from garden to plaza, to park, to entire regional landscapes. [4] The studio-based curriculum emphasizes hands-on projects that address real-world challenges across diverse communities. [8] Students engage with communities across the region to address real issues on real sites. [5] The program provides opportunities to specialize in site design, urban design, ecological design, environmental planning and design, and regional landscape planning. [4]",,"The official university website for Virginia Polytechnic Institute and State University, commonly known as Virginia Tech, is vt.edu.

Virginia Tech is a public, land-grant research university with its main campus located in Blacksburg, Virginia. The university offers a wide range of undergraduate and graduate degree programs.",The Bachelor of Landscape Architecture degree program is fully accredited by the Landscape Architecture Accreditation Board. [9] The degree program was most recently reaccredited in 2021 and is scheduled for reaccreditation in 2027. [9],,,FALSE,True,,4.0,,,,,,,,,,,,,,,,,,,False,False,,,115.0,,,,6.5,,,59.0,,80,,,,,,,,,,,Varies,,School of Design Annual Scholarship,FALSE,,,FALSE,FALSE,,,False
,Bachelor of Science in Applied Biological Sciences,,,,,Undergraduate,Fall 2026,,,,Not Required,Optional,Not Required,Required,"To be a first-year applicant to Virginia Tech, you must complete 18 units of high school coursework, including: 4 units of English; 3 units of math (includes algebra I, geometry, and algebra II); 2 units of laboratory science (chosen from biology, chemistry or physics); 2 units of social science (one must be history); 3 additional academic units (foreign language is highly recommended); and 4 elective units. [3, 5]",Not Required,,True,False,True,False,False,False,,True,False,False,False,True,True,True,False,False,,,,College of Science,,,,,,,,,,,"The official university website for Virginia Polytechnic Institute and State University, commonly known as Virginia Tech, is vt.edu.

Virginia Tech is a public, land-grant research university with its main campus located in Blacksburg, Virginia. The university offers a wide range of undergraduate and graduate degree programs.",,,,FALSE,True,"Only two attempts, including withdrawals, are allowed for core courses BIOL 1105, 1106, 1115, 1116, CHEM 1035, and CHEM 1036. [24, 29, 33]",4.0,"An overall GPA of 2.0 is required for good academic standing and graduation, with an in-major GPA of 2.2 required after attempting 45 credit hours. [24, 29, 33, 34]",,,,,,,,,,,,,,,,,,False,False,,,110.0,,,,6.0,,,54.0,,79,,,,,,,,,,,,,"Virginia Tech offers scholarships, grants, work-study, and federal loans, determined by the FAFSA and the university's General Scholarship Application. [41]",FALSE,,,FALSE,FALSE,,,False
,Bachelor of Science in Applied Economic Management,,,,,Undergraduate,Fall 2026,,,,Not Required,Not Required,Not Required,Required,Application for admission is made through the Common Application. First-year applicants who have only attended high school or have been home-educated within the U.S. are required to submit a Self-Reported Academic Record (STARS) for application review. [6] This is where applicants report their coursework and grades. [6] Official transcripts are required prior to the term of enrollment if an offer of admission is accepted. [6],Not Required,,True,False,False,,False,False,,True,False,False,False,False,True,False,False,False,,,,College of Agriculture and Life Sciences,"In-state: $16,526/Year, Out-of-state: $38,977/Year. The College of Agriculture and Life Sciences has an additional supplemental fee of $375.00/semester for full-time students for the 2025-2026 academic year. [19]",,,,,,,"['Community Economic Development', 'Environmental Economics: Management and Policy', 'International Trade and Development', 'Food and Health Systems Economics', 'Financial Planning Option']","Become a scholar in your chosen field with a foundation that prepares you to solve global challenges that deal with the economics of agriculture and natural resources. [1] The Department of Agricultural and Applied Economics, guided by the university's land-grant mission and motto Ut Prosim (That I May Serve), equips graduates with expertise in applied economics and agribusiness to address food, financial, health, development, policy, environmental, and social challenges in Virginia and beyond. [7]",,"The official university website for Virginia Polytechnic Institute and State University, commonly known as Virginia Tech, is vt.edu.

Virginia Tech is a public, land-grant research university with its main campus located in Blacksburg, Virginia. The university offers a wide range of undergraduate and graduate degree programs.","The Bachelor of Science in Applied Economic Management – Financial Planning Option is accredited by the Certified Financial Planner Board of Standards, Inc. [5, 10] The university as a whole is accredited by the Southern Association of Colleges and Schools Commission on Colleges, which allows the institution to award degrees from the associate through the doctoral level. [5]",,"For the 2025-2026 academic year, a tuition surcharge of $319.75 per credit hour is assessed for in-state undergraduate students for each semester after 125% of the degree requirements for their program has been completed. [19]",FALSE,False,,4.0,2,,,,,,,,,,,,,,,,,,False,False,,,,,,,6.5,,,,,90,,,,,,,,,,,"More than 500 scholarships, valued between $200 and $4,000, are awarded each year to students in the College of Agriculture and Life Sciences. [3]",,"Scholarships are awarded based on academic achievement, participation in extracurricular activities, career goals, and financial need. [3]",FALSE,,,FALSE,FALSE,,,False
,Bachelor of Arts in Art History,,,,,Undergraduate,Fall 2026,,,,Not Required,Not Required,Not Required,Required,"To be a first-year applicant to Virginia Tech, you must complete: 18 units of high school coursework, including: 4 units of English; 3 units of math (includes algebra I, and algebra II); 2 units of laboratory science (chosen from biology, chemistry or physics); 2 units of social science (one must be history); 3 additional academic units (foreign language is highly recommended); 4 elective units. [3]",Not Required,,True,False,True,False,False,False,,True,False,False,False,True,True,False,False,False,,,,"School of Visual Arts, College of Architecture, Arts, and Design","For the 2025-26 academic year, the full-time cost for a Virginia undergraduate student, including tuition and mandatory fees, is $16,526 annually. For an out-of-state undergraduate student, the cost is $38,977 annually. [22]",,,,,,,,"The Art History Bachelor of Arts Program in the School of Visual Arts provides a dynamic and engaged environment that allows students to explore the historical, cultural, and theoretical frameworks for visual and material culture as a part of the human experience. [2] Art history draws from an interdisciplinary process, and provides a means of assessing the production, circulation, and reception of visual content from past and present cultures. [2] Coursework develops a high level of visual literacy, critical thinking, and research abilities in order to understand and interpret the meaning of visual information, past and present. [2] The program combines classroom learning with opportunities for internships, study abroad, and hands-on experiences in museums and cultural institutions. [19] Courses in the Art History program span a range of inclusive global topics, including art and architecture of the ancient Mediterranean, the global Middle Ages, Early Modern Europe, the Americas, the Islamic world, East Asia, and India. [2] The curriculum is flexible, allowing students to customize their academic path and explore topics like museum studies, cultural preservation, and museum ethics. [19] Students are prepared for a variety of career paths in museums, galleries, non-profit administration, historic and cultural sites, cultural heritage management, auction houses, and publishing companies, as well as outlets that require proficiency in writing, research and analysis. [2]",,"The official university website for Virginia Polytechnic Institute and State University, commonly known as Virginia Tech, is vt.edu.

Virginia Tech is a public, land-grant research university with its main campus located in Blacksburg, Virginia. The university offers a wide range of undergraduate and graduate degree programs.",,,,FALSE,False,,4.0,2.0,,,,,,,,,,,,,,,,,,False,False,,,115.0,,,,6.5,,,59.0,,80,,,,,,,,,,,,,"Virginia Tech offers various types of financial aid including grants, loans, and work-study opportunities. [1] Scholarships can be based on academic merit or financial need. [3]",FALSE,,,FALSE,FALSE,,,False
,Bachelor of Science in Biochemistry,,,,,Undergraduate,Fall 2026,,,,Not Required,Required,Not Required,Required,"To be a first-year applicant to Virginia Tech, you must complete: 18 units of high school coursework, including: 4 units of English; 3 units of math (includes algebra I, and algebra II); 2 units of laboratory science (chosen from biology, chemistry or physics); 2 units of social science (one must be history); 3 additional academic units (foreign language is highly recommended); 4 elective units. [3]",Not Required,,True,False,True,False,False,False,,True,False,False,False,True,True,True,False,False,,,,College of Agriculture and Life Sciences,"The annual tuition and mandatory fees for the 2025-2026 academic year are $16,526 for Virginia residents and $38,977 for out-of-state students. [18] Biochemistry majors are also assessed a supplemental fee of $375.00 per semester for full-time enrollment. [16]",,,,,,,,"Biochemistry focuses on the chemical basis of biological processes. Students receive fundamental education in biochemistry, biology, chemistry, physics, and mathematics. [5] It is an interdisciplinary program that applies fundamental biochemical and molecular biological approaches to problems in medicine, agriculture, and environmental sciences. [5] The department supports student interest in computational molecular modeling, bioinformatics, and genomics. [5] Students are strongly encouraged to participate in undergraduate research with faculty members. [5] Through experiential learning, students can creatively use the skills and knowledge from their coursework to prepare for the future. [5] Graduates earn a bachelor of science degree and are prepared for employment and admission to graduate programs (M.S. and Ph.D.) and professional schools in medicine, nursing, dentistry, pharmacy, and veterinary medicine. [5]",,"The official university website for Virginia Polytechnic Institute and State University, commonly known as Virginia Tech, is vt.edu.

Virginia Tech is a public, land-grant research university with its main campus located in Blacksburg, Virginia. The university offers a wide range of undergraduate and graduate degree programs.","The department's curriculum is accredited by the American Society for Biochemistry and Molecular Biology (ASBMB). ASBMB accreditation is a national, independent, outcomes-based evaluation mechanism that recognizes excellence in B.S. or B.A. degree programs in biochemistry and molecular biology and related disciplines. [3]","The average financial aid amount is $10,993. [17]","For the 2025-2026 academic year, the cost per credit hour for a Virginia resident is $564.25, and for a non-Virginia resident, it is $2,439.25. [16]",FALSE,True,,4.0,2,,,,,,,,,,,,,,,,,,False,False,,,115.0,,,,6.5,,,59.0,,80,,,,,,,,,,,,,"Virginia Tech offers merit-based and need-based scholarships. [5] The Department of Biochemistry also awards departmental scholarships for rising juniors and seniors based on academic achievement, participation in extracurricular activities, and leadership; some may require demonstrated financial need. [6]",FALSE,,,FALSE,FALSE,,,False
,Bachelor of Science in Biological Sciences,,,,,Undergraduate,Fall 2026,,,,Not Required,Not Required,Not Required,Required,"To be a first-year applicant to Virginia Tech, you must complete 18 units of high school coursework, including: 4 units of English; 3 units of math (including algebra I, geometry, and algebra II); 2 units of laboratory science (chosen from biology, chemistry, or physics); 2 units of social science (one must be history); 3 additional academic units (foreign language is highly recommended); and 4 elective units. [11] All degree-seeking applicants are also required to complete the Ut Prosim Profile, which consists of four short-answer questions with a 120-word limit per question. [2]",Not Required,,True,True,True,False,False,False,,True,False,False,False,True,True,False,False,False,,,,College of Science,,,,,,,,"['Biomedical', 'Ecology, Evolution, and Behavior (EEB)', 'Biology Education']","The B.S. in Biological Sciences program provides majors with a broad education in the study of life. This curriculum exposes students to the fundamentals of the discipline: genetics, cell and molecular biology, evolutionary biology, and ecology. In addition, Biological Sciences majors may take advantage of elective courses on topics such as macromolecular structure, pathogenic bacteriology, cancer biology, infectious disease ecology, human genetics, and global change ecology. The curriculum prepares students for graduate school in a range of biological disciplines, as well as for professional schools in medicine, dentistry, veterinary medicine, pharmacy and related fields.",,"The official university website for Virginia Polytechnic Institute and State University, commonly known as Virginia Tech, is vt.edu.

Virginia Tech is a public, land-grant research university with its main campus located in Blacksburg, Virginia. The university offers a wide range of undergraduate and graduate degree programs.",,,,FALSE,True,,4.0,2.0,,,,,,,,,,,,,,,,,,False,False,,,115.0,,,,6.5,,,59.0,,80,,,,,,,,,,,,,"Merit-based, Need-based",FALSE,,,FALSE,FALSE,,,False
,Bachelor of Science in Biological Systems Engineering,,,,,Undergraduate,Fall 2026,,,,Not Required,Not Required,Not Required,Required,"All students wishing to study this major must first apply to General Engineering. [3] The application review is holistic, considering academic rigor, grades over time, preparation for the requested major, standardized test scores if applicable, and personal qualities demonstrated through extracurricular activities and essays. [14] Virginia Tech requires applicants to complete a Self-Reported Academic Record (SRAR) and answer four short-answer Ut Prosim Profile questions, as the university does not review the main Common App essay. [15, 16]",Not Required,,True,False,True,False,False,False,,True,False,False,False,True,True,False,False,False,,,,College of Engineering,,,,,,,,"['Biotechnology', 'Pre-health', 'Food', 'Environmental Health', 'Ecological Engineering']","Biological Systems Engineering connects biology and engineering to solve complex, critical problems in the areas of sustainability, human health, environmental stewardship, and agriculture. The program is invested in our student's success through our curriculum, dedicated advising, hands-on learning opportunities outside the classroom, supportive faculty and staff, scholarship opportunities, and the community atmosphere. [3, 18] Biological Systems Engineering has relatively small class sizes that promote meaningful student-faculty interaction. [3, 18] Departmental courses include significant ""hands-on"" components and an emphasis on professional skills such as communication, teamwork, and the creative process of engineering design. [3, 18] The program has 2 major options: Biological Systems Engineering (BSE) and Ecological Engineering (EcoE). [3] Students in each of these specialties are provided with a common foundation of biology and chemistry to expand core skills in math, physics, data science, and engineering design principles. [3] The BSE major has multiple paths that provide flexibility in the areas of biotechnology, pre-health, food, environmental health, and ecological engineering. [3, 18] The EcoE major is a structured curriculum providing the skills and training to solve pressing societal, ecological, and environmental challenges using a holistic, systems approach and integrating nature-based solutions. [3, 18]",,"The official university website for Virginia Polytechnic Institute and State University, commonly known as Virginia Tech, is vt.edu.

Virginia Tech is a public, land-grant research university with its main campus located in Blacksburg, Virginia. The university offers a wide range of undergraduate and graduate degree programs.","The Bachelor of Science in Biological Systems Engineering (BSBSE) degree program is offered through the College of Engineering and is accredited by the Engineering Accreditation Commission of ABET, under the commission's General Criteria and Program Criteria for Biological and Similarly Named Engineering Programs. [3]",,,FALSE,True,,4.0,,,,,,,,,,,,,,,,,,,False,False,,,115.0,,,,6.5,,,59.0,,80,,,,,,,,,,,,,,FALSE,,,FALSE,FALSE,,,False
,Bachelor of Science in Biomedical Engineering,,,,,Undergraduate,Fall 2026,,,,Not Required,Not Required,Not Required,Required,"To be a first-year applicant to Virginia Tech, you must complete: 18 units of high school coursework, including: 4 units of English; 3 units of math (includes algebra I, and algebra II); 2 units of laboratory science (chosen from biology, chemistry or physics); 2 units of social science (one must be history); 3 additional academic units (foreign language is highly recommended); 4 elective units. [21] When your application is complete, it will be reviewed holistically by our admissions committee. We will look at your achievement inside of the classroom, as well as who you are outside of the classroom. Factors that are considered in the application review process include: Rigor of academic program within context of school; Grades in courses, including trends over time; Standardized test scores (if applicable; test-optional for students entering through Fall 2028); Major requested on your application as we review by major at Virginia Tech. Personal Review includes: Activities outside of the classroom like jobs, clubs, sports, family responsibilities, service, research, etc.; Disciplinary record; First-generation college student status; Interest in the Corps of Cadets; Personal statements submitted through the Ut Prosim Profile; Residency; Veteran status. [21, 25]",Not Required,,True,False,True,False,False,False,,True,False,False,False,True,True,False,False,False,,,,,,,,,,,,,"Biomedical engineering (BME) is a discipline that applies engineering principles and design concepts to medicine and biology for healthcare purposes. Seeking to close the gap between engineering and medicine, this field combines the design and problem solving skills of engineering with medical and biological science to advance healthcare treatment, diagnosis, therapy, instrumentation, and technology. [5] The curriculum, administered by the College of Engineering, carries a heavy focus on fundamental engineering principles, requiring six core courses in this area. [5] Instruction also includes courses in biology, math, physics, and medical physiology. [5] Unlike other BME programs, Virginia Tech's program has an extensive foundation in fundamental engineering principles. [7] This approach means students will gain a more comprehensive understanding of broader engineering practice and cross-disciplinary teambuilding. [7] Students will have access to a variety of immersive, hands-on learning experiences throughout the program, including undergraduate research alongside program faculty, internships and clinical observation opportunities, and senior design projects. [5] Upon completion of the program, graduates will be prepared for employment in the fields of healthcare technology, biomedical device design, and healthcare data analytics – among others. [5] Graduates will also be strong candidates for professional schools in medicine and veterinary medicine as well as graduate programs in a variety of engineering disciplines. [5]",,"The official university website for Virginia Polytechnic Institute and State University, commonly known as Virginia Tech, is vt.edu.

Virginia Tech is a public, land-grant research university with its main campus located in Blacksburg, Virginia. The university offers a wide range of undergraduate and graduate degree programs.","The Bachelor of Science in Biomedical Engineering (BSBME) degree program at Virginia Tech is accredited by the Engineering Accreditation Commission of ABET, under the commission's General Criteria and the Program Criteria for Bioengineering and Biomedical and Similarly Named Engineering Programs. [4, 7]",,,FALSE,True,,,,,,,,,,,,,,,,,,,,,False,False,,,115.0,,,,6.5,,,59.0,,80,,,,,,,,,,,,,,FALSE,,,FALSE,FALSE,,,False
,Bachelor of Science in Building Construction,,,,,Undergraduate,Fall 2026,,,,Not Required,Required,Not Required,Required,"To be a first-year applicant to Virginia Tech, you must complete 18 units of high school coursework. [4] For the Bachelor of Science in Building Construction, this includes 4 units of English, 4 units of math (including algebra I, algebra II, and geometry), 2 units of laboratory science (chosen from biology, chemistry or physics), 2 units of social science (one must be history), 3 additional academic units (foreign language is highly recommended), and 4 elective units. [3, 4, 6] Eligibility for admission is determined holistically by the Virginia Tech Office of Undergraduate Admissions, which considers factors like academic rigor, grades, and personal statements. [6]",Not Required,,True,False,True,False,False,False,,True,False,False,False,True,True,False,False,False,,,,"Myers-Lawson School of Construction, College of Engineering",,,,,,,,"['Emergent Technologies for Construction', 'Housing, and Development', 'Information Systems in Built Environments', 'Sustainable Building Performance', 'Restricted Elective Track', 'Construction and Design option', 'Development, Real Estate, and Construction option']","The Bachelor of Science in Building Construction program at Virginia Tech's Myers-Lawson School of Construction focuses on the business and process of making buildings and the performance of buildings including operations, finance, energy, and sustainability. The curriculum includes a mix of core classes in construction science, building technology, and construction management, as well as elective courses in specialized areas such as structural engineering, sustainability, and historic preservation. The program also includes opportunities for hands-on experience, such as internships and co-ops, which allow students to apply their knowledge and skills in real-world settings. The program aims to prepare students for successful careers in the building industry and to equip construction industry professionals with the necessary tools for excellence in all phases of the built environment. Upon completion of the program, students should be able to create written and oral communications appropriate to the construction discipline, create a construction project safety plan, create construction project cost estimates and schedules, analyze professional decisions based on ethical principles, analyze methods, materials, and equipment used to construct projects, and apply electronic-based technology to manage the construction process. [1]",,"The official university website for Virginia Polytechnic Institute and State University, commonly known as Virginia Tech, is vt.edu.

Virginia Tech is a public, land-grant research university with its main campus located in Blacksburg, Virginia. The university offers a wide range of undergraduate and graduate degree programs.","The Bachelor of Science in Building Construction program at Virginia Tech's Myers-Lawson School of Construction is accredited by the American Council for Construction Education (ACCE). [1, 10]",,,FALSE,True,,4.0,2,,,,,,,,,,,,,,,,,,False,False,,,115.0,,,,6.5,,,59.0,,80,,,,,,,,,,,,,Merit-based and need-based,FALSE,,,FALSE,FALSE,,,False
,Bachelor of Science in Business Information Technology,,,,,Undergraduate,Fall 2026,,,,Not Required,Not Required,Not Required,Required,"To be a first-year applicant to Virginia Tech, you must complete: 18 units of high school coursework, including: 4 units of English; 3 units of math (includes algebra I, and algebra II); 2 units of laboratory science (chosen from biology, chemistry or physics); 2 units of social science (one must be history); 3 additional academic units (foreign language is highly recommended); 4 elective units. [4]",Not Required,,True,False,True,False,False,False,,True,False,False,False,True,True,False,False,False,,,,Pamplin College of Business,,,,,,,,"['Decision Support Systems (BIT-DSS)', 'Operations and Supply Chain Management (BIT-OSM)', 'Cybersecurity Management and Analytics (BIT-Cyber)']",The Business Information Technology (BIT) major is designed to provide students with expertise in the development and use of computer systems and quantitative modeling techniques for solving business problems and making managerial decisions. Students learn the necessary information technology and computing skills to develop and implement sophisticated business-related computer systems. The degree program focuses on the practical application of computing to business problem-solving.,,"The official university website for Virginia Polytechnic Institute and State University, commonly known as Virginia Tech, is vt.edu.

Virginia Tech is a public, land-grant research university with its main campus located in Blacksburg, Virginia. The university offers a wide range of undergraduate and graduate degree programs.",,,"For the 2025-2026 academic year, the per-credit-hour tuition rates for part-time undergraduate students (1-6 credit hours) vary. [39] In addition, there is a supplemental fee for students in the Pamplin College of Business. [39, 40]",FALSE,True,,4.0,,,,,,,,,,,,,,,,,,,False,False,,,115.0,,,,6.5,,,59.0,,80,,,,,,,,,,,Varies,,"The Pamplin College of Business offers both merit-based and need-based scholarships. [3, 37]",FALSE,,,FALSE,FALSE,,,False
,Bachelor of Science in Chemical Engineering,,,,,Undergraduate,Fall 2026,,,,Not Required,Not Required,Not Required,Required,"Admission to the College of Engineering at Virginia Tech for all first-year students is into the General Engineering program. After completing the first-year curriculum, students can declare a major in Chemical Engineering. The university conducts a holistic review of applications, considering academic performance, the rigor of the academic program, grades, and personal qualities as demonstrated in the Ut Prosim Profile.",Not Required,,True,False,True,False,False,False,,True,False,False,False,True,True,True,False,False,,,,College of Engineering,"For the 2025-26 academic year, annual tuition and mandatory fees are $16,526 for Virginia residents and $38,977 for out-of-state residents. [10] An additional Engineering Supplemental Fee is also assessed. [17]",,,,,,,,,,"The official university website for Virginia Polytechnic Institute and State University, commonly known as Virginia Tech, is vt.edu.

Virginia Tech is a public, land-grant research university with its main campus located in Blacksburg, Virginia. The university offers a wide range of undergraduate and graduate degree programs.",,,"For the 2025-2026 academic year, the per-credit-hour tuition rate for 12 or more hours is $564.25 for Virginia residents and $1,574.50 for non-Virginia residents. [3]",FALSE,True,,4.0,2,,,,,,,,,,,,,,,,,,False,False,,,,,,,,,,,,,,,,,,,,,,,,,Merit-based and need-based scholarships are available. [17],FALSE,,,FALSE,FALSE,,,False
,Bachelor of Science in Chemistry,,,,,Undergraduate,Fall 2026,,,,Not Required,Not Required,Not Required,Required,"To be a first-year applicant to Virginia Tech, you must complete 18 units of high school coursework, including: 4 units of English; 3 units of math (includes algebra I, geometry, and algebra II); 2 units of laboratory science (chosen from biology, chemistry or physics); 2 units of social science (one must be history); 3 additional academic units (foreign language is highly recommended); and 4 elective units. [3, 5] The university conducts a holistic review that considers academic factors (rigor, grades, optional test scores, and major) and personal factors (activities, disciplinary record, first-generation status, etc.). [5]",Not Required,,True,False,True,False,False,False,,True,False,False,False,True,True,False,False,False,,,,College of Science,"For the 2024-2025 academic year, the estimated undergraduate tuition for in-state students is $15,478 per year and for out-of-state students is $36,694 per year. There is no specific tuition fee mentioned for the Bachelor of Science in Chemistry program. [6]",,,,,,,,"The Bachelor of Science (B.S.) in Chemistry degree provides a graduate with a thorough understanding of synthetic methods, analytical and physical measurements, the use of scientific literature, computational methods, and communication in science. This degree provides the intellectual and practical basis for a wide variety of careers, especially those in which chemistry plays a significant role, including careers in the chemical industry, secondary teaching and government-based scientific work. The B.S. degree is ideal for students who are interested in pursuing graduate study in chemistry, pharmacy, medicine, and related fields.",,"The official university website for Virginia Polytechnic Institute and State University, commonly known as Virginia Tech, is vt.edu.

Virginia Tech is a public, land-grant research university with its main campus located in Blacksburg, Virginia. The university offers a wide range of undergraduate and graduate degree programs.",This bachelor of science (B.S.) degree is accredited by the American Chemical Society (ACS).,,"For the 2024-2025 academic year, the cost per credit hour for in-state undergraduate students is $548 and for out-of-state students is $1,432.25. [12]",FALSE,True,,4.0,2,,,,,,,,,,,,,,,,,,False,False,,,115.0,,,,6.5,,,59.0,,80,,,,,,,,,,,,,"Virginia Tech offers a variety of financial aid options including general and departmental scholarships, grants, loans, and work-study programs. [22, 31] The Multicultural Academic Opportunities Program (MAOP) also provides financial assistance to eligible undergraduate students from Virginia. [31]",FALSE,,,FALSE,FALSE,,,False
,Bachelor of Science in Civil Engineering,,,,,Undergraduate,Fall 2026,,,,Not Required,Not Required,Not Required,Required,"To be considered for first-year admission, applicants must have completed 18 units of high school coursework. This includes 4 units of English, 3 units of math (including algebra I, geometry, and algebra II), 2 units of laboratory science (chosen from biology, chemistry, or physics), 2 units of social science (one of which must be history), 3 additional academic units (with a strong recommendation for foreign language), and 4 elective units. [8] Admission to Virginia Tech is a holistic review process that considers both academic and personal achievements. [8] All students interested in engineering majors, including Civil Engineering, are first admitted into the General Engineering program. [6, 17]",Not Required,,False,True,True,False,False,False,,True,False,False,False,True,True,False,False,False,,,,"Charles E. Via, Jr. Department of Civil and Environmental Engineering","For the 2022-2023 academic year, students in the College of Engineering were subject to the university's base tuition and fees, in addition to specific engineering fees. The exact total can vary based on course load and residency status.",,,,,,,,"The Charles E. Via, Jr. Department of Civil and Environmental Engineering offers educational programs in all areas of civil engineering practice. Civil engineers are the principal designers, constructors, operators, and caretakers of many of the constructed facilities and systems that contribute to the high quality of life enjoyed in the United States. [12] Our CEE undergraduates are driven, innovative, and ready to tackle the world's toughest challenges. As part of one of the nation's leading programs, our students and faculty are making a real impact—designing resilient infrastructure, protecting natural resources, and building a more sustainable future. At Virginia Tech, we combine hands-on learning with cutting-edge research to shape a safer, smarter, and more sustainable world for all. [16]",,"The official university website for Virginia Polytechnic Institute and State University, commonly known as Virginia Tech, is vt.edu.

Virginia Tech is a public, land-grant research university with its main campus located in Blacksburg, Virginia. The university offers a wide range of undergraduate and graduate degree programs.","The Charles E. Via, Jr. Department of Civil and Environmental Engineering is ranked among the top 10 accredited civil and environmental engineering departments (US News & World Report) in the United States and our department is one of the largest programs in the United States. [12]",,,FALSE,True,,4.0,2,,,,,,,,,,,,,,,,,,False,False,,,115.0,,,,6.5,,,59.0,,80,,,,,,,,,,,,,"Scholarships and grants are available, which may be need-based or merit-based.",FALSE,,,FALSE,FALSE,,,False
,Bachelor of Arts in Classical Studies,,,,,Associate,Fall 2026,,,,Not Required,Not Required,,,"To be a first-year applicant to Virginia Tech, you must complete 18 units of high school coursework, including: 4 units of English; 3 units of math (includes algebra I, and algebra II); 2 units of laboratory science (chosen from biology, chemistry or physics); 2 units of social science (one must be history); 3 additional academic units (foreign language is highly recommended); and 4 elective units. The academic review is a holistic process that considers the rigor of the academic program, grades in courses, and standardized test scores if an applicant chooses to submit them. [17]",Not Required,,True,True,False,False,False,False,,False,False,False,False,False,False,False,False,False,,,,College of Liberal Arts and Human Sciences,,,,,,,,,"The Classical Studies major focuses on the languages and cultures of ancient Rome and Greece. [4] There are two components to the major: classical studies and classical languages. [4] Classical studies courses include mythology, history, art, literature, religion including biblical studies, philosophy, modern uses of the classical past, and archaeology. [4] The languages courses involve the study of Latin and ancient Greek. [4] Virginia Tech is an excellent place to study classics and our flexibility allows you to shape the major to fit a variety of goals. [4]",,"The official university website for Virginia Polytechnic Institute and State University, commonly known as Virginia Tech, is vt.edu.

Virginia Tech is a public, land-grant research university with its main campus located in Blacksburg, Virginia. The university offers a wide range of undergraduate and graduate degree programs.",,,,FALSE,False,,4.0,2.0,,,,,,,,,,,,,,,,,,False,False,,,,,,,,,,,,,,,,,,,,,,,,,,FALSE,,,FALSE,FALSE,,,False
,Bachelor of Science in Cognitive and Behavioral Neuroscience,,,,,Undergraduate,Fall 2026,,,,Not Required,Not Required,Not Required,Required,,Not Required,,True,False,False,False,False,False,,False,False,False,False,False,False,False,False,False,,,,College of Science,"In-state: $15,478/Year, Out-of-state: $36,694/Year (2024-2025)",,,,,,,,"The Cognitive and Behavioral Neuroscience major is the most flexible of the neuroscience degree options and is ideal for students interested in how the brain gives rise to behavior, decision-making, and complex mental processes. This major brings together biological, cognitive, and behavioral perspectives to explore topics such as memory, language, mood, sleep, learning, perception, and attention. Students examine how brain function shapes individual and social behavior and consider how neuroscience contributes to our understanding of mental health, human interaction, and society. The curriculum provides strong overlap with interests typically found in psychology, while maintaining a clear foundation in the biological sciences. Because of its broad scope and adaptability, this major supports a wide range of future goals—including graduate study in psychology, behavioral or cognitive neuroscience, as well as careers in law, public health, business, education, and policy. Its flexibility makes it a strong choice for students who want to keep multiple pathways open while building a solid foundation in both neuroscience and the study of behavior.",,"The official university website for Virginia Polytechnic Institute and State University, commonly known as Virginia Tech, is vt.edu.

Virginia Tech is a public, land-grant research university with its main campus located in Blacksburg, Virginia. The university offers a wide range of undergraduate and graduate degree programs.",,,"In-state: $548/Credit Hour, Out-of-state: $1,432.25/Credit Hour (2024-2025)",FALSE,True,,4.0,2,,,,,,,,,,,,,,,,,,False,False,,,115.0,,,,6.5,,,59.0,,80,,,,,,,,,,,,,"Merit-based, Need-based",FALSE,,,FALSE,FALSE,,,False
,Bachelor of Arts in Communication,,,,,Undergraduate,Fall 2026,,,,Not Required,Not Required,Not Required,Required,"To be a first-year applicant to Virginia Tech, you must complete 18 units of high school coursework, including: 4 units of English; 3 units of math (includes algebra I, and algebra II); 2 units of laboratory science (chosen from biology, chemistry or physics); 2 units of social science (one must be history); 3 additional academic units (foreign language is highly recommended); 4 elective units. [3]",Not Required,,True,True,False,False,False,False,,True,False,False,False,True,True,False,False,False,,,,College of Liberal Arts and Human Sciences,,,,,,,,,"The Communication major at Virginia Tech prepares students for careers in business, politics, human services, management, law, education, and ministry by developing effective persuasive and professional communication skills for a rapidly changing job market. [13] Students engage in critical thinking, problem-solving, conflict management, and strategies for interacting with colleagues and communities. [13, 17] The curriculum is flexible, providing a strong liberal arts background combined with career-oriented coursework. [20] Focusing on the dynamics of human communication, the program teaches students to be persuasive communicators across a variety of contexts, including face-to-face, public, and organizational settings. [7, 20]",,"The official university website for Virginia Polytechnic Institute and State University, commonly known as Virginia Tech, is vt.edu.

Virginia Tech is a public, land-grant research university with its main campus located in Blacksburg, Virginia. The university offers a wide range of undergraduate and graduate degree programs.",,,,FALSE,False,,,,,,,,,,,,,,,,,,,,,False,False,,,115.0,,,,6.5,,,59.0,,80,,,,,,,,,,,,,"In addition to university-wide scholarships, program-specific scholarships are available for communication majors. [13]",FALSE,,,FALSE,FALSE,,,False
,Bachelor of Science in Computational Modeling and Data Analytics,,,,,Undergraduate,Fall 2026,,,,Not Required,Required,Not Required,Required,"To be a first-year applicant to Virginia Tech, you must complete 18 units of high-school coursework, including: 4 units of English; 3 units of math (includes algebra I, and algebra II); 2 units of laboratory science (chosen from biology, chemistry or physics); 2 units of social science (one must be history); 3 additional academic units (foreign language is highly recommended); 4 elective units. Virginia Tech conducts a holistic review of applicants, considering academic factors such as course rigor and grades, as well as personal factors like extracurricular activities and personal statements. [4]",Not Required,,True,False,True,False,False,False,,True,False,False,False,True,True,False,False,False,,,,"College of Science, Academy of Data Science (a collaboration of the departments of Mathematics, Statistics, and Computer Science)",,,,,,,,"['Biological Sciences', 'Cryptography & Cybersecurity', 'Economics', 'Geosciences', 'Physics', 'Standard Track']","The Computational Modeling and Data Analytics (CMDA) program is a collaborative effort of the departments of Mathematics, Statistics, and Computer Science. It resides in the College of Science's Academy of Data Science. The curriculum prepares students as quantitative scientists ready to engage data and modeling problems wherever they may occur. CMDA is Virginia Tech's Big Data degree. The program focuses on extracting information from large data sets, as well as analyzing and solving problems by modeling, simulation, and optimization, drawing on the computational skills that make solving the complex problems of the 21st century possible. In addition to the standard degree option, CMDA offers specialized options in: Biological Sciences, Cryptography & Cybersecurity, Economics, Geosciences, and Physics. The CMDA requirements give students the flexibility to dive deeply into a particular area through choice of electives, a disciplinary track, or a minor or double major. CMDA majors learn practical skills that are valued by industry including: machine learning algorithms for analysis of big data sets; differential equation modeling of physical and biological phenomena; high performance computing, nimble programming skills (Java, C, MATLAB, R); data visualization; practical problem solving in teams; ethics of data and math modeling.",,"The official university website for Virginia Polytechnic Institute and State University, commonly known as Virginia Tech, is vt.edu.

Virginia Tech is a public, land-grant research university with its main campus located in Blacksburg, Virginia. The university offers a wide range of undergraduate and graduate degree programs.",,,,FALSE,True,,4.0,2,,,,,,,,,,,,,,,,,,False,False,,,115.0,,,,6.5,,,59.0,,80,,,,,,,,,,,"The Computational Modeling and Data Analytics program awards approximately $50,000 in Hamlett Scholarships each spring, primarily to continuing students.",,"The Office of University Scholarships and Financial Aid at Virginia Tech administers scholarships, grants, work-study, and loans. [2] Scholarships can be merit-based or need-based. The Computational Modeling and Data Analytics program offers Hamlett Scholarships and CMDA Undergraduate Research Grants.",FALSE,,,FALSE,FALSE,,,False
,Bachelor of Science in Computer Engineering,,,,,Undergraduate,Fall 2026,,,,Not Required,Required,,,"To be a first-year applicant to Virginia Tech, you must complete 18 units of high school coursework, including: 4 units of English; 3 units of math (includes algebra I, and algebra II); 2 units of laboratory science (chosen from biology, chemistry or physics); 2 units of social science (one must be history); 3 additional academic units (foreign language is highly recommended); and 4 elective units. [4]",Not Required,,True,False,False,False,False,False,,False,False,False,False,False,False,False,False,False,,,,College of Engineering,,,,,,,,"['Chip-Scale Integration', 'Controls, Robotics, and Autonomy', 'Machine Learning', 'Networking and Cybersecurity', 'Software Systems']","Computer Engineering (CPE) provides the critical technology base for a broad range of industries, including bioinformatics, computing hardware, computer networking and security, embedded computing, telecommunications, and video/image processing. [4] The program builds on a strong foundation in mathematics, physical science, and computer programming. [4] The curriculum covers a variety of technical areas, including computer architecture, digital system design, VLSI, embedded systems, networking, real-time systems, and artificial intelligence. [4] The program emphasizes industry-related hands-on experiences and opportunities for undergraduate research and co-op/internships. [4]",,"The official university website for Virginia Polytechnic Institute and State University, commonly known as Virginia Tech, is vt.edu.

Virginia Tech is a public, land-grant research university with its main campus located in Blacksburg, Virginia. The university offers a wide range of undergraduate and graduate degree programs.",The degree is accredited by the Engineering Accreditation Commission (EAC) of ABET for engineering. [3],,,FALSE,True,,4.0,2,,,,,,,,,,,,,,,,,,False,False,,,,,,,,,,,,,,,,,,,,,,,,,,FALSE,,,FALSE,FALSE,,,False
,Bachelor of Science in Computer Science,,,,,Undergraduate,Fall 2026,,,,Not Required,Required,Not Required,Required,"All degree-seeking applicants are required to complete The Ut Prosim Profile, which consists of four short-answer questions, each with a 120-word limit. [3, 18, 23]",Not Required,,True,True,False,False,False,False,,False,False,False,False,False,False,False,False,False,,,,College of Engineering,"$15,950 per year (in-state), $36,954 per year (out-of-state) for the 2024-2025 academic year.",,,,,,,"['Secure Computing', 'Data-Centric Computing']","In an ever-changing world where every educated person needs some knowledge of computing, the Department of Computer Science offers degree programs and courses to meet a variety of needs. [12] The department offers a bachelor of science degree to prepare specialists in the area of computer science itself, a minor in computer science, minors in specialized areas such as cybersecurity and human-computer interaction, and individual courses directed to the needs of non-majors who will be using computers as tools in their chosen careers. [12] The department also offers the M.S., M.Eng., and Ph.D. in computer science (see Graduate Catalog). [12] Computer science involves far more than just writing computer programs. [12] It is a technically rigorous field that requires a strong background in mathematics. [12] Computer scientists must be good at problem solving. [12] Their work requires the ability to think abstractly and to represent real-world objects and interactions in ways that can be manipulated by a computer. [12] The field of computer science is characterized by rapid change and entrepreneurship, with new opportunities emerging every year to improve life in diverse areas such as education, communication, science, commerce and entertainment. [12] The Secure Computing major offers a more specialized path for students who are especially interested in secure computing and cybersecurity topics. [12] The Data-Centric Computing Major offers a focus on topics in data science, data analytics, and computational aspects of big data computing. [12] All majors include a set of foundational courses in software design and development, algorithms, and computer organization at the freshmen and sophomore level. [12] Students at the junior and senior level select one theoretical course, several elective courses and a capstone course according to their individual interests. [12]",,"The official university website for Virginia Polytechnic Institute and State University, commonly known as Virginia Tech, is vt.edu.

Virginia Tech is a public, land-grant research university with its main campus located in Blacksburg, Virginia. The university offers a wide range of undergraduate and graduate degree programs.","The Bachelor of Science in Computer Science (BSCS) degree program is accredited by the Computing Accreditation Commission of ABET, under the commission's General Criteria and Program Criteria for Computer Science and Similarly Named Engineering Programs. [12]",,$299.50 per credit hour for in-state undergraduate students for each semester after 125% of the degree requirements for their program has been completed (for the 2024-2025 academic year). Standard per credit hour costs for part-time enrollment were not specified.,FALSE,False,,4.0,2.0,,,,,,,,,,,,,,,,,,False,False,,,115.0,,,,6.5,,,59.0,,80,,,,,,,,,,,,,"The College of Engineering offers various scholarships, which may be based on criteria such as academic merit, financial need, and specific major. Some scholarships may have residency requirements.",FALSE,,,FALSE,FALSE,,,False
,Bachelor of Science in Construction Engineering and Management,,,,,Undergraduate,Fall 2026,,,,Not Required,Not Required,Not Required,Required,"To be a first-year applicant to Virginia Tech, you must complete 18 units of high school coursework. [3] For the College of Engineering, this includes: 4 units of English, 4 units of math, 2 units of laboratory science (chosen from biology, chemistry or physics), 2 units of social science (one must be history), 3 additional academic units (foreign language is highly recommended), and 4 elective units. [3, 11] All students wishing to study Construction Engineering and Management should apply to General Engineering for their first year. [8] The application review is holistic, considering academic performance, rigor of the academic program, and personal statements submitted through the Ut Prosim Profile. [3, 7]",Not Required,,True,False,True,False,False,False,,True,False,False,False,True,True,True,False,False,,,,Myers-Lawson School of Construction,"The estimated tuition and fees for the 2024-2025 academic year for a new undergraduate student in the College of Engineering are not explicitly detailed in a single schedule on the Virginia Tech website. However, the site does mention a supplemental fee for undergraduate students in the College of Engineering. For students admitted Fall 2023 and later, this fee is $1,000.00 per semester for full-time students (7 or more credit hours) and $500.00 per semester for part-time students (1-6 credit hours). [8] General tuition and mandatory fees for undergraduates would be in addition to this supplemental fee.",,,,,,,Construction Safety Leadership,"The Myers-Lawson School of Construction offers a Bachelor of Science in Construction Engineering and Management (BS CEM). Courses are focused on construction engineering with a management emphasis and cover construction theory and applications. [2] The CEM program prepares students for engineering and management roles in all phases of construction projects. [2] The program emphasizes management techniques that are useful in organizing, planning, and controlling the activities of specialists working within the construction industry project environment and covers construction engineering aspects of heavy civil, industrial, commercial and building construction. [2] The degree focuses on a combination of design, technical and management topics preparing students for a career working at the interface of design and construction. [2] The CEM curriculum blends engineering, management, and business sciences into a study of the processes of construction whereby a designer's plans and specifications are converted into physical structures and facilities. [2] By combining technical knowledge with management skills, CEM graduates are well-prepared to take on leadership roles in the engineering and construction industry, working on projects that involve design, planning, execution, and delivery. [2] With this degree, students will gain a comprehensive understanding of the construction process, from initial planning to final completion. [2]",,"The official university website for Virginia Polytechnic Institute and State University, commonly known as Virginia Tech, is vt.edu.

Virginia Tech is a public, land-grant research university with its main campus located in Blacksburg, Virginia. The university offers a wide range of undergraduate and graduate degree programs.","The Bachelor of Science program in Construction Engineering and Management is accredited by the Engineering Accreditation Commission of ABET, abet.org, under the commission's General Criteria and Program Criteria for Construction and Similarly Named Engineering Programs. [3, 4] The degree is also accredited by the Applied and Natural Science and Commission (ANSAC) for Management. [2]",,,FALSE,True,3,4.0,2,,,,,,,,,,,,,,,,,,False,False,,,110.0,,,,6.0,,,54.0,,79,,,,,,,,,,,"Scholarships ranging from $5,000 to $25,000 are awarded, and one specific scholarship, the Robert H. Wells and Janice G. Wells Myers-Lawson School of Construction Scholarship, provides a full ride covering tuition, fees, room, and board for four years. [33]",,"Scholarships are awarded based on a combination of financial need, academic performance, demonstrated leadership, service, and a commitment to a career in the construction industry. [1]",FALSE,,,FALSE,FALSE,,,False
,Bachelor of Science in Consumer Studies,,,,,Undergraduate,Fall 2026,,,,Not Required,Not Required,Not Required,Required,"Virginia Tech requires first-year applicants to submit the Common Application. The university evaluates applicants based on a holistic review of their academic record (including grades and course rigor), responses to the Ut Prosim Profile questions, and an optional self-reported academic record. A personal essay is a standard part of the Common Application.",Not Required,,True,False,True,False,False,False,,True,False,False,False,True,True,False,False,False,,,,College of Liberal Arts and Human Sciences,,,,,,,,,"Graduates are prepared to analyze issues and problems from the perspective of consumers, businesses, and government. You'll learn to advocate for consumer interests, track economic, social, and political changes, and help consumers improve their personal and financial well-being. [3]",,"The official university website for Virginia Polytechnic Institute and State University, commonly known as Virginia Tech, is vt.edu.

Virginia Tech is a public, land-grant research university with its main campus located in Blacksburg, Virginia. The university offers a wide range of undergraduate and graduate degree programs.","Consumer Studies at Virginia Tech is one of the AFCPE's Registered Education Programs. By completing a two-course education program, students are qualified to take the Accredited Financial Counselor® (AFC®) certification exam. [3]",,,FALSE,False,Students must pass at least 67% of all attempted credit hours.,,2.0,,,,,,,,,,,,,,,,,,False,False,,,105.0,,,,6.5,,,59.0,,80,,,,,,,,,,,,,,FALSE,,,FALSE,FALSE,,,False
,Bachelor of Arts in Creative Writing,,,,,Undergraduate,Fall 2026,,,,Not Required,Not Required,Not Required,Required,"To apply to Virginia Tech, prospective students must complete the Common Application. All applicants are reviewed through a holistic process. This includes a review of academic achievements, as well as personal qualities, contributions to the community, and other life experiences. There are no specific course prerequisites listed for the Creative Writing major itself beyond general university admission requirements.",Not Required,,True,False,False,False,False,False,,False,False,False,False,False,False,False,False,False,,,,College of Liberal Arts and Human Sciences,,,,,,,,,"Participate in a wide range of courses reflective of your creative interests. You'll learn about major writers, literary traditions, and contemporary innovations. Under the guidance of published writers, you'll also develop a portfolio of material showcasing your range and versatility as a creative writer. You will work with a faculty mentor to experiment with language, find inspiration, grow as an artist, and share your work with peers and mentors. Learn how to brainstorm and experiment, gain experience performing your work for audiences, learn how to critique stories, poems, and plays in a workshop setting, and submit your work to literary magazines. [3]",,"The official university website for Virginia Polytechnic Institute and State University, commonly known as Virginia Tech, is vt.edu.

Virginia Tech is a public, land-grant research university with its main campus located in Blacksburg, Virginia. The university offers a wide range of undergraduate and graduate degree programs.",,,,FALSE,False,,4.0,2,,,,,,,,,,,,,,,,,,False,False,,,110.0,,,,6.0,,,54.0,,79,,,,,,,,,,,,,Merit-based and need-based,FALSE,,,FALSE,FALSE,,,False
,Bachelor of Science in Criminology,,,,,Undergraduate,Fall 2026,,,,Not Required,Not Required,Not Required,Required,"To be a first-year applicant to Virginia Tech, you must complete: 18 units of high school coursework, including: 4 units of English; 3 units of math (includes algebra I, geometry, and algebra II); 2 units of laboratory science (chosen from biology, chemistry or physics); 2 units of social science (one must be history); 3 additional academic units (foreign language is highly recommended); 4 elective units.",Not Required,,True,False,True,False,False,False,,True,False,False,False,True,True,False,False,False,,,,"College of Liberal Arts and Human Sciences, Department of Sociology",,,,,,,,Criminology Option,,,"The official university website for Virginia Polytechnic Institute and State University, commonly known as Virginia Tech, is vt.edu.

Virginia Tech is a public, land-grant research university with its main campus located in Blacksburg, Virginia. The university offers a wide range of undergraduate and graduate degree programs.",,,,FALSE,False,,4.0,2.0,,,,,,,,,,,,,,,,,,False,False,,,115.0,,,,6.5,,,59.0,,80,,,,,,,,,,,,,,FALSE,,,FALSE,FALSE,,,False
,Bachelor of Science in Crop and Soil Sciences,,,,,Undergraduate,Fall 2026,,,,Not Required,Required,Not Required,Required,"To be a first-year applicant to Virginia Tech, you must complete: 18 units of high school coursework, including: 4 units of English; 3 units of math (includes algebra I, and algebra II); 2 units of laboratory science (chosen from biology, chemistry or physics); 2 units of social science (one must be history); 3 additional academic units (foreign language is highly recommended); 4 elective units. [7]",Not Required,,True,False,True,False,False,False,,True,False,False,False,True,True,True,False,False,,,,"College of Agriculture and Life Sciences, School of Plant and Environmental Sciences",,,,,,,,"['Agronomy', 'Crop Genetics and Breeding', 'International Agriculture']","The Crop and Soil Sciences major prepares students for graduate school and careers in the private and public sectors working as agronomists, crop advisors, soil conservationists, extension agents, or secondary school teachers. Students in this major learn the principles of crop production, plant and soil science, nutrient management, and pest management to improve the productivity of large-scale field crops while protecting the environment. [5]",,"The official university website for Virginia Polytechnic Institute and State University, commonly known as Virginia Tech, is vt.edu.

Virginia Tech is a public, land-grant research university with its main campus located in Blacksburg, Virginia. The university offers a wide range of undergraduate and graduate degree programs.",,,,FALSE,True,,4.0,2.0,,,,,,,,,,,,,,,,,,False,False,,,115.0,,,,6.5,,,59.0,,80,,,,,,,,,,,200-4000,,"Academic achievement, participation in extracurricular activities, career goals, and financial need",FALSE,,,FALSE,FALSE,,,False
,Bachelor of Science in Dairy Science,,,,,Undergraduate,Fall 2026,,,,Not Required,Not Required,Not Required,Required,"To be a first-year applicant to Virginia Tech, you must complete 18 units of high school coursework, including: 4 units of English; 3 units of math (includes algebra I, geometry, and algebra II); 2 units of laboratory science (chosen from biology, chemistry or physics); 2 units of social science (one must be history); 3 additional academic units (foreign language is highly recommended); and 4 elective units. All applicants are subject to a holistic review that considers academic factors (rigor of program, grades, and optional test scores) and personal factors (activities, disciplinary record, and personal statements submitted through the Ut Prosim Profile). [3]",Not Required,,True,False,False,False,False,False,,False,False,False,False,False,False,False,False,False,,,,College of Agriculture and Life Sciences,,,,,,,,"['Dairy Business Management', 'Science/Pre-vet', 'Dual Emphasis Option']","The dairy science program covers the applied principles of animal nutrition, physiology, lactation, genetics, reproduction, and enterprise management. This curriculum provides a broad education in the natural sciences, animal biology, breeding, reproduction, nutrition, finance, and information management, as well as an in-depth and hands-on knowledge of dairy science. [1]",,"The official university website for Virginia Polytechnic Institute and State University, commonly known as Virginia Tech, is vt.edu.

Virginia Tech is a public, land-grant research university with its main campus located in Blacksburg, Virginia. The university offers a wide range of undergraduate and graduate degree programs.",,,"For the 2024-2025 academic year, the cost per credit hour for undergraduate students varies based on residency and other factors. The detailed schedule is available on the Virginia Tech Bursar's website. [18]",FALSE,True,,4.0,,,,,,,,,,,,,,,,,,,False,False,,,115.0,,,,6.5,,,59.0,,80,,,,,,,,,,,"The Department of Dairy Science offers over $85,000 in awards each year. [21]",,The Department of Dairy Science offers both need-based and merit-based scholarships. [21],FALSE,,,FALSE,FALSE,,,False
,Bachelor of Science in Economics,,,,,Undergraduate,Fall 2026,,,,Not Required,Optional,Not Required,Required,"To be a first-year applicant to Virginia Tech, you must complete 18 units of high school coursework, including: 4 units of English; 3 units of math (includes algebra I, and algebra II); 2 units of laboratory science (chosen from biology, chemistry or physics); 2 units of social science (one must be history); 3 additional academic units (foreign language is highly recommended); and 4 elective units. [6]",Not Required,,False,True,True,False,False,False,,True,False,False,False,True,True,False,False,False,,,,College of Science,"For the 2025-2026 academic year, the estimated total for tuition and fees for a Virginia resident undergraduate student is not explicitly broken down by college, but supplemental fees for some other colleges are listed. [26] The summer 2025 session has a per-credit-hour tuition rate. [11]",,,,,,,"['Economics with standard option', 'Economics with business option', 'Economics with policy and regulation option', 'Economics with managerial economics and data science option']","Students in the Economics program study economic issues at the state, national, and international levels. Areas of focus include Economics of Healthcare, Environmental Economics, Behavioral economics, Neuroeconomics, Experimental Economics, International Economics, and Big Data Economics.",,"The official university website for Virginia Polytechnic Institute and State University, commonly known as Virginia Tech, is vt.edu.

Virginia Tech is a public, land-grant research university with its main campus located in Blacksburg, Virginia. The university offers a wide range of undergraduate and graduate degree programs.","Virginia Polytechnic Institute and State Institution (Virginia Tech) is accredited by the Southern Association of Colleges and Schools Commission on Colleges (SACSCOC) to award associate, baccalaureate, masters, educational specialist, and doctorate degrees. [17, 20]",,Undergraduate Tuition is charged per credit hour with no minimum or maximum. [11],FALSE,True,,4.0,2,,,,,,,,,,,,,,,,,,False,False,,,115.0,,,,6.5,,,59.0,,80,,,,,,,,,,,A $7000 one-year scholarship is available through the College of Science Dean's Roundtable Scholarship. [12],,Merit-based and need-based,FALSE,,,FALSE,FALSE,,,False
,Bachelor of Science in Electrical Engineering,,,,,Undergraduate,Fall 2026,,,,Not Required,Not Required,Not Required,Required,"To be a first-year applicant to Virginia Tech, you must complete 18 units of high school coursework, including: 4 units of English, 3 units of math (includes algebra I, and algebra II), 2 units of laboratory science (chosen from biology, chemistry or physics), 2 units of social science (one must be history), 3 additional academic units (foreign language is highly recommended), and 4 elective units. [8]",Not Required,,True,False,True,False,False,False,,True,False,False,False,True,True,True,False,False,,,,Bradley Department of Electrical and Computer Engineering,,,,,,,,"['Applied Electromagnetics (APEL)', 'Controls, Robotics, and Autonomy (ECRA)', 'Energy and Power Electronics Systems (ERES)', 'Micro/Nanosystems (MNSY)', 'Wireless Communications and Signal Processing (WCSP)', 'Electrical Engineering (EE)']","A key competitive advantage offered to undergraduate students in the department is the ability of students to pursue one of twelve different majors. This is possible since the department is one of the largest ECE departments in the U.S. with faculty expertise across the spectrum of electrical and computer engineering. Traditional electrical and computer engineering programs consist of five basic areas: electricity (e.g. power systems) ... All students in the department go through a seven-course base curriculum during their second year and then branch into their choice of major. This approach reflects today's reality that the electrical and computer engineers create technology that is transforming modern life – from transportation, agriculture, and manufacturing, to healthcare, education, entertainment, and social interactions. Students pursuing an electrical engineering degree can select a major from Controls, Robotics & Autonomy, Wireless Communications & Signal Processing, Energy & Power Electronic Systems, Micro/Nanosystems, and Applied Electromagnetics. [12]",,"The official university website for Virginia Polytechnic Institute and State University, commonly known as Virginia Tech, is vt.edu.

Virginia Tech is a public, land-grant research university with its main campus located in Blacksburg, Virginia. The university offers a wide range of undergraduate and graduate degree programs.","The Bachelor of Science in Electrical Engineering (BSEE) degree program is accredited by the Engineering Accreditation Commission of ABET, under the commission's General Criteria and Program Criteria for Electrical, Computer, Communications, Telecommunication(s) and Similarly Named Engineering Programs. [12, 19]",,,FALSE,True,,,,,,,,,,,,,,,,,,,,,False,False,,,105.0,,,,6.5,,,59.0,,80,,,,,,,,,,,,,,FALSE,,,FALSE,FALSE,,,False
,Bachelor of Arts in English,,,,,Undergraduate,Fall 2026,,,,Not Required,Not Required,Not Required,Required,,Not Required,,True,False,True,False,False,False,,True,False,False,False,True,True,False,False,False,,,,College of Liberal Arts and Human Sciences,,,,,,,,"['Literature Option', 'Pre-Education Option', 'Pre-Law Option']","A major in English at Virginia Tech prepares you to think critically and solve problems. You can tailor your degree to your areas of interest, choosing an author, historical context, and genre to study. The sophisticated thought and analysis of literature will take you more deeply into literary studies or specifically prepare you for careers in education or law. [2] The department specializes in a range of authors, genres, and historical periods, ensuring you will have a mentor to guide you on your quest for knowledge. The literature, pre-education, or pre-law options help propel students into their chosen career field through alumni industry connections. [2] Graduates have pursued careers in publishing, law, teaching, and technical writing. [2] The program offers three main degree options: the Literature Option, which allows for immersion in various periods, genres, themes, and major figures of literature to prepare for graduate work in English; the Pre-Education Option, which covers content areas required by the state licensing board, including literature by minorities and women, linguistics, and sociolinguistics, preparing students for a graduate degree in English education and teacher certification; and the Pre-Law Option, which equips students with the superb reading and analytical skills necessary for law school and a legal career. [10]",,"The official university website for Virginia Polytechnic Institute and State University, commonly known as Virginia Tech, is vt.edu.

Virginia Tech is a public, land-grant research university with its main campus located in Blacksburg, Virginia. The university offers a wide range of undergraduate and graduate degree programs.",,,,FALSE,False,,4.0,2.0,,,,,,,,,,,,,,,,,,False,False,,,115.0,,,,6.5,,,59.0,,80,,,,,,,,,,,,,"Merit-based and need-based scholarships are available. Some scholarships may have additional criteria such as demonstrated leadership or being from the Appalachian region. [3, 12, 16]",FALSE,,,FALSE,FALSE,,,False
,Bachelor of Science in Environmental Conservation and Society,,,,,Undergraduate,Fall 2026,,,,Not Required,Not Required,Not Required,Required,"To apply, first-year students must use the Common App. Applicants are also required to complete a Self-reported Transcript and Academic Record System (STARS) record. In addition to the Common App essay, Virginia Tech requires applicants to answer its own short-answer questions as part of the application. [8]",Not Required,,True,False,True,False,False,False,,True,False,False,False,True,True,False,False,False,,,,College of Natural Resources and Environment,,,,,,,,"['Education and outreach', 'Leadership and sustainability', 'Recreation and tourism management']","Students majoring in environmental conservation and society take courses in the following core areas: forest and environmental sciences, natural resources policy, environmental interpretation, human dimensions, and information technology. Due to the integrated nature of the program, students will also take courses in other disciplines such as economics, government and politics, psychology, biology, and fish and wildlife management. [1] You'll help protect the environment while planning and leading outdoor recreational activities, educating the public and getting them excited about conservation, or leading sustainability initiatives. This major incorporates scientific environmental concerns while also focusing on the human aspects of ecosystem management. [1] It's a blend of life and social sciences, and you'll graduate with an understanding of stewardship and land-use ethics, as well as the communication and leadership skills needed to take an active role in engaging people with natural resources and their preservation. [1]",,"The official university website for Virginia Polytechnic Institute and State University, commonly known as Virginia Tech, is vt.edu.

Virginia Tech is a public, land-grant research university with its main campus located in Blacksburg, Virginia. The university offers a wide range of undergraduate and graduate degree programs.",,,,FALSE,True,,4.0,2,,,,,,,,,,,,,,,,,,False,False,,,115.0,,,,6.5,,,59.0,,80,,,,,,,,,,,,,"Merit-based, Need-based, Athletic, Field-specific, Identity-based, Community service, Military-affiliated, Employer-sponsored",FALSE,,,FALSE,FALSE,,,False
,Bachelor of Science in Environmental Data Science,,,,,Undergraduate,Fall 2026,,,,Not Required,Not Required,Not Required,,,Not Required,,True,False,False,False,False,False,,False,False,False,False,False,False,False,False,False,,,,College of Natural Resources and Environment,"$34,362.00 (28,99,258) per year",,,,,,,,"Today's environmental problems — think climate change, water quality and availability, human health, forest management and conservation — are increasingly complex and involve vast amounts of data. Environmental Data Sciencemajors can help address these challenges by mastering the methods and developing the tools needed to translate complex data into usable facts and figures. You'll develop analytical, decision-making, and data modeling skills that are critical for the job market and for pursing ongoing research to solve complex problems. Students majoring in environmental data science take core courses in topics such as forest science, geospatial analysis, environmental economics, and natural resources policy. Additional computation courses in the following areas are also required: business analytics and database technology, remote sensing, systems development, programming, forest photogrammetry, data science, and statistics.",,"The official university website for Virginia Polytechnic Institute and State University, commonly known as Virginia Tech, is vt.edu.

Virginia Tech is a public, land-grant research university with its main campus located in Blacksburg, Virginia. The university offers a wide range of undergraduate and graduate degree programs.",,,,FALSE,True,,4.0,2,,,,,,,,,,,,,,,,,,False,False,,,,,,,,,,,,,,,,,,,,,,,,,,FALSE,,,FALSE,FALSE,,,False
,Bachelor of Science in Environmental Horticulture,,,,,Undergraduate,Fall 2026,,,,Not Required,Optional,Not Required,Required,"To be a first-year applicant to Virginia Tech, you must complete 18 units of high school coursework, including: 4 units of English; 3 units of math (includes algebra I, and algebra II); 2 units of laboratory science (chosen from biology, chemistry or physics); 2 units of social science (one must be history); 3 additional academic units (foreign language is highly recommended); 4 elective units. [2]",Not Required,,True,False,True,False,False,False,,True,False,False,False,True,True,False,False,False,,,,"School of Plant and Environmental Sciences, College of Agriculture and Life Sciences","{'in-state': '$15,065.50 per year', 'out-of-state': '$36,123.00 per year'}",,,,,,,"Our Environmental Horticulture major offers concentrations in sustainable vegetable and fruit production, sustainable green industry, or horticultural science. [5]","Our Environmental Horticulture major offers concentrations in sustainable vegetable and fruit production, sustainable green industry, or horticultural science. Demand for our students is very high, and near 100% find gainful employment upon graduation. Students that concentrate in horticultural science position themselves well for graduate school and stimulating careers in fundamental or applied research. [5] The School of Plant and Environmental Sciences increases the college's capacity to tackle challenges in agriculture and food security, the green industry, plant biology, and the environment. The program covers a range of applied and basic environmental plant science topics, from plant-soil interactions, biotechnology, landscape design, sustainable urban landscaping, urban forestry, crop production, and plant breeding. [10]",,"The official university website for Virginia Polytechnic Institute and State University, commonly known as Virginia Tech, is vt.edu.

Virginia Tech is a public, land-grant research university with its main campus located in Blacksburg, Virginia. The university offers a wide range of undergraduate and graduate degree programs.",,,"{'in-state': '$564.25', 'out-of-state': '$1,488.50'}",FALSE,True,,4.0,2,,,,,,,,,,,,,,,,,,False,False,,,115.0,,,,6.5,,,59.0,,80,,,,,,,,,,,200-4000,,"academic achievement, participation in extracurricular activities, career goals, and financial need",FALSE,,,FALSE,FALSE,,,False
,Bachelor of Science in Environmental Policy and Planning,,,,,Undergraduate,Fall 2026,,,,Not Required,Not Required,Not Required,Required,"Admission to the Environmental Policy and Planning major is handled through the general first-year application process for Virginia Tech. There are no separate application requirements specific to the major. Applicants are reviewed holistically, considering academic performance (including rigor of curriculum and grades), personal statements, extracurricular activities, and other factors. Standardized test scores (SAT/ACT) are optional for students entering through Fall 2028.",Not Required,,True,False,False,False,False,False,,False,False,False,False,False,False,False,False,False,,,,College of Liberal Arts and Human Sciences,,,,,,,,,"TThe Bachelor of Science in Environmental Policy and Planning (EPP) major provides students with an interdisciplinary framework to view environmental problems. [2] Students will obtain the knowledge and skills needed to function as policymakers and planners who can understand complex environmental issues and develop enduring solutions. [2, 5] While science and technology are critical to meeting this challenge, they must be supported by policies and plans responsive to diverse political, economic, sociocultural, institutional, and regulatory contexts. [2] The EPP major builds on the Public and Urban Affairs (PUA) degree core that provides students with foundational knowledge in policy, planning, governance, and international affairs. [2, 5] The EPP major extends this knowledge through an interconnected sequence of courses that explore environmental policy and planning, land use, and environmental law. [2, 5]",,"The official university website for Virginia Polytechnic Institute and State University, commonly known as Virginia Tech, is vt.edu.

Virginia Tech is a public, land-grant research university with its main campus located in Blacksburg, Virginia. The university offers a wide range of undergraduate and graduate degree programs.",,,,FALSE,False,,4.0,2.0,,,,,,,,,,,,,,,,,,False,False,,,115.0,,,,6.5,,,59.0,,80,,,,,,,,,,,,,"Merit-based, Need-based",FALSE,,,FALSE,FALSE,,,False
,Bachelor of Science in Environmental Science,,,,,Undergraduate,Fall 2026,,,,Not Required,Not Required,,,"Application for admission, including the personal statement/essay, is required. Applicants must have completed or be in the process of completing a secondary school diploma or equivalent. Specific coursework requirements are not detailed for the Environmental Science program but general university-wide expectations for a strong academic profile apply.",Not Required,,True,False,False,False,False,False,,False,False,False,False,False,False,False,False,False,,,,"School of Plant and Environmental Sciences, College of Agriculture and Life Sciences","In-state: $17,276/year, Out-of-state: $39,727/year",,,,,,,,"The environmental science program at Virginia Tech is focused on understanding our absolute dependence on — and our unfortunate tendency to do great harm to — ecosystems, those fundamental units of the biosphere that provide us the air we breathe, the water we drink, the food we eat, the soil we live upon, and much more. [3] This interdisciplinary, student-oriented major emphasizes the essential role that ecosystem processes play in sustaining Earth's inhabitants. [3] Some of the program's options are aimed at preserving or protecting resources and the ecosystems that provide them. [3] Others are more focused on rehabilitation of ecosystems, so that they can sustain those who will live on the planet tomorrow. [3] Environmental Science graduates are in great demand, finding employment in the public and private sectors and in environmental advocacy. [3]",,"The official university website for Virginia Polytechnic Institute and State University, commonly known as Virginia Tech, is vt.edu.

Virginia Tech is a public, land-grant research university with its main campus located in Blacksburg, Virginia. The university offers a wide range of undergraduate and graduate degree programs.",,,"In-state: up to $8,263.00 for 12 or more credits per semester, Out-of-state: up to $19,488.50 for 12 or more credits per semester",FALSE,True,,4.0,2,,,,,,,,,,,,,,,,,,False,False,,,,,,,,,,,,,,,,,,,,,,,Varies,,Merit-based and need-based,FALSE,,,FALSE,FALSE,,,False
,Bachelor of Science in Equine Science,,,,,Undergraduate,Fall 2026,,,,,,Not Required,Required,"To be a first-year applicant to Virginia Tech, you must complete 18 units of high school coursework, including: 4 units of English; 3 units of math (includes algebra I, and algebra II); 2 units of laboratory science (chosen from biology, chemistry or physics); 2 units of social science (one must be history); 3 additional academic units (foreign language is highly recommended); 4 elective units. [3] The Graduate School does not have a general requirement for a resume, statement of purpose, or writing sample, but these may be required by individual programs. [14, 24]",,,True,True,True,False,False,False,,True,False,False,False,True,True,True,False,False,,,,,,,,,,,,Equine (Species Specialization within the B.S. in Animal and Poultry Sciences),"To prepare for the wide variety of career opportunities in animal and poultry sciences, students choose from one of three options: animal behavior, pre-vet, or no option. These options incorporate studies in areas such as animal behavior & welfare, a livestock business management, equine science, animal breeding and genetics, reproductive physiology, neurophysiology, embryology, nutrition, and biotechnology. The curriculum combines applications of biological sciences with significant hands-on experience, along with opportunities to work on the campus livestock and poultry research units and in the labs. Students also choose to study one or more groups of animals such as companion animal, equine, poultry, or livestock (beef cattle, sheep, and swine). [4]",,"The official university website for Virginia Polytechnic Institute and State University, commonly known as Virginia Tech, is vt.edu.

Virginia Tech is a public, land-grant research university with its main campus located in Blacksburg, Virginia. The university offers a wide range of undergraduate and graduate degree programs.","Virginia Polytechnic Institute and State University (Virginia Tech) is accredited by the Southern Association of Colleges and Schools Commission on Colleges (SACSCOC) to award associate, baccalaureate, masters, educational specialist, and doctorate degrees. [9]",,,FALSE,False,,,,,,,,,,,,,,,,,,,,,False,False,,,120.0,,,,6.5,,,59.0,,80,,,,,,,,,,,,,,FALSE,,,FALSE,FALSE,,,False
,Bachelor of Arts in Fashion Merchandising and Design,,,,,Associate,Fall 2026,,,,Not Required,Not Required,Optional,Required,"Virginia Tech's undergraduate admissions process is holistic, considering academic achievement (course rigor and grades), interest in the major, accomplishments and involvement outside the classroom, and the applicant's individual story and background.",Not Required,,True,False,False,,False,False,,True,False,False,False,False,True,False,False,False,,,,"College of Architecture, Arts, and Design",,,,,,,,,"The Fashion Merchandising and Design major prepares students who want to design, develop, and merchandise products in the exciting and fast paced global fashion industry. Through a cutting-edge curriculum, students gain skills in digital technologies, product knowledge, creative processes, and marketing and retail strategies. Courses in textiles, apparel construction, quality analysis, fashion promotions, and merchandising prepare students for a wide range of industry positions. [8]",,"The official university website for Virginia Polytechnic Institute and State University, commonly known as Virginia Tech, is vt.edu.

Virginia Tech is a public, land-grant research university with its main campus located in Blacksburg, Virginia. The university offers a wide range of undergraduate and graduate degree programs.","The Fashion Merchandising and Design (FMD) program at Virginia Tech is accredited by the National Association of Schools of Art and Design (NASAD) and the Textile and Apparel Programs Accreditation Commission (TAPAC). [1, 9]",,,FALSE,False,,4.0,,,,,,,,,,,,,,,,,,,False,False,,,,,,,6.5,,,,,90,,,,,,,,,,,,,,FALSE,,,FALSE,FALSE,,,False
,Bachelor of Science in Finance,,,,,Undergraduate,Fall 2026,,,,,,Not Required,Required,"For undergraduate admissions, Virginia Tech requires the submission of the Common Application, a non-refundable application fee, and a self-reported academic record. Applicants must also respond to the Virginia Tech short-answer questions. For graduate admissions, general requirements include a bachelor's degree from an accredited institution, but specific document requirements such as a resume, statement of purpose, and letters of recommendation are determined by individual programs.",,,True,True,True,False,False,False,,True,False,False,False,True,True,True,False,False,,,,Pamplin College of Business,"For the 2025-2026 academic year, the estimated undergraduate tuition and fees are $16,432 for Virginia residents and $38,865 for out-of-state students. [11] Students in the Pamplin College of Business are also assessed a supplemental fee of $2,550 per year. [17]",,,,,,,"['Corporate Financial Management', 'Investment Management and Chartered Financial Analyst (CFA®)', 'Financial Planning and Wealth Management (CFPF)', 'FinTech and Big Data Analytics', 'Finance and Real Estate (FREL)', 'Financial Risk Management']",,,"The official university website for Virginia Polytechnic Institute and State University, commonly known as Virginia Tech, is vt.edu.

Virginia Tech is a public, land-grant research university with its main campus located in Blacksburg, Virginia. The university offers a wide range of undergraduate and graduate degree programs.",,,"For the 2025-2026 academic year, the estimated undergraduate cost per credit hour is $568 for in-state students and $1,477 for out-of-state students. [11]",FALSE,False,,4.0,2,,,,,,,,,,,,,,,,,,False,False,,,115.0,,,,6.5,,,59.0,,80,,,,,,,,,,,,,"Virginia Tech offers various scholarships, including need-based and merit-based awards. [18] Specific scholarships are also available for students within the Department of Finance, Insurance, and Business Law. [19]",FALSE,,,FALSE,FALSE,,,False
,Bachelor of Science in Fish Conservation,,,,,Undergraduate,Fall 2026,,,,Not Required,Not Required,Not Required,Required,,Not Required,,True,False,True,False,False,False,,True,False,False,False,True,True,True,False,False,,,,College of Natural Resources and Environment,,,,,,,,"['Freshwater Fisheries Conservation', 'Marine Fisheries Conservation', 'Human Dimensions']","Addresses the study, conservation, and sustainable use of aquatic animals and aquatic habitats, including streams, wetlands, estuaries, and oceans. You'll study both the management of recreational and commercial fisheries as well as endangered species and ecosystems. You'll graduate prepared to take an active role in finding new and better ways to conserve, use, and sustain the world's vital aquatic resources. Students majoring in fish conservation take courses in the following core areas: natural resources and environment, population dynamics, human dimensions of fisheries and wildlife, evolutionary biology, legal foundations, public speaking and writing, chemistry, and statistics. Additional major coursework is also required in oceanography, ichthyology, fish ecology, fish management, ecology, and geographic information systems (GIS) technology. This is a very research-intensive major and provides excellent preparation for graduate school. [4, 6]",,"The official university website for Virginia Polytechnic Institute and State University, commonly known as Virginia Tech, is vt.edu.

Virginia Tech is a public, land-grant research university with its main campus located in Blacksburg, Virginia. The university offers a wide range of undergraduate and graduate degree programs.","Graduates in Fish and Wildlife Conservation meet certification requirements of the American Fisheries Society and The Wildlife Society, respectively. [3, 11]","The average aid amount for students who received grants or scholarships was $10,993. [14]",,FALSE,True,,4.0,2,,,,,,,,,,,,,,,,,,False,False,,,110.0,,,,6.0,,,54.0,,80,,,,,,,,,,,,,"Federal, State, and Institutional grants and scholarships are available. [20]",FALSE,,,FALSE,FALSE,,,False
,Bachelor of Science in Food and Health Systems,,,,,Undergraduate,Fall 2026,,,,Not Required,Optional,Not Required,,"To be a first-year applicant to Virginia Tech, you must complete: 18 units of high school coursework, including: 4 units of English; 3 units of math (includes algebra I, and algebra II); 2 units of laboratory science (chosen from biology, chemistry or physics); 2 units of social science (one must be history); 3 additional academic units (foreign language is highly recommended); 4 elective units.",Not Required,,True,False,False,False,False,False,,False,False,False,False,False,False,False,False,False,,,,College of Agriculture and Life Sciences,"$38,977/Year",,,,,,,Food and Health Systems Economics,"Students interested in both the food and health systems will expand their knowledge and gain skills to pursue careers in public health, nutrition and health economics, and government policy through the Food and Health Systems Economics major. [2] This major brings together economics expertise from both the food and the health systems to prepare students for fulfilling careers in both of these areas. [2] Students in this major learn about animal and crop production, food processing, and nutrition, as well as health as an integrated system. [5] Students will graduate from this major prepared to address the complex and interrelated issues that link food and health, from obesity issues to unexpected pandemics. [2] Courses in the major include: Food and Health Economics, Marketing Agricultural Products, Introduction to Public Health, and Production and Consumption Economics. [2]",,"The official university website for Virginia Polytechnic Institute and State University, commonly known as Virginia Tech, is vt.edu.

Virginia Tech is a public, land-grant research university with its main campus located in Blacksburg, Virginia. The university offers a wide range of undergraduate and graduate degree programs.",,,"$1,493.50/Hour (Non-Virginia Resident)",FALSE,True,,4.0,2.0,,,,,,,,,,,,,,,,,,False,False,,,,,,,,,,,,,,,,,,,,,,,,,"Merit-based, Need-based",FALSE,,,FALSE,FALSE,,,False
,Bachelor of Science in Food Science and Technology,,,,,Undergraduate,Fall 2026,,,,Not Required,Not Required,Not Required,Required,"To be a first-year applicant to Virginia Tech, you must complete 18 units of high school coursework, including: 4 units of English; 3 units of math (includes algebra I, geometry, and algebra II); 2 units of laboratory science (chosen from biology, chemistry or physics); 2 units of social science (one must be history); 3 additional academic units (foreign language is highly recommended); and 4 elective units. The application review process is a holistic review that considers academic rigor, grades, major requested, activities outside the classroom, disciplinary record, first-generation college student status, interest in the Corps of Cadets, personal statements submitted through the Ut Prosim Profile, residency, and veteran status. [6]",Not Required,,True,True,False,,False,False,,True,False,False,False,False,True,False,False,False,,,,College of Agriculture & Life Sciences,,,,,,,,"['Food Business', 'Food and Health', 'Science', 'Food and Beverage Fermentation']","Food Science and Technology utilizes the combined disciplines of engineering, biology, chemistry, microbiology, mathematics, physics, and biochemistry in an effort to improve the safety, health, preservation quality, and availability of the local and global food supply in order to help better feed the world. [6] Food science benefits consumers every day with healthier diets, better tasting affordable foods, and increased food safety. [3] The Food Science and Technology curriculum includes hands-on experiences that supports classroom instruction with practical applications and creative opportunities for product development. [3] The program prepares students for careers in product development, research, sales and marketing, quality assurance, production management, analytical and technical services, and regulatory affairs. [3, 6]",,"The official university website for Virginia Polytechnic Institute and State University, commonly known as Virginia Tech, is vt.edu.

Virginia Tech is a public, land-grant research university with its main campus located in Blacksburg, Virginia. The university offers a wide range of undergraduate and graduate degree programs.","{'accrediting_body': 'Institute of Food Technologists (IFT)', 'status': 'The program is recognized by the national Institute of Food Technologists (IFT) as having curricula and options that meet the ""IFT Undergraduate Education Standards for Degrees in Food Science."" [3]'}",,,FALSE,True,,4.0,2.0,,,,,,,,,,,,,,,,,,False,False,,,,,,,6.5,,,,,90,,,,,,,,,,,,,"Merit-based, Need-based, Field of Study Interest",FALSE,,,FALSE,FALSE,,,False
,Bachelor of Arts in French,,,,,Undergraduate,Fall 2026,,,,Not Required,Not Required,Not Required,Required,"To be a first-year applicant to Virginia Tech, you must complete 18 units of high school coursework, including: 4 units of English; 3 units of math (including algebra I and algebra II); 2 units of laboratory science (chosen from biology, chemistry, or physics); 2 units of social science (one of which must be history); 3 additional academic units (foreign language is highly recommended); and 4 elective units.",Not Required,,True,False,True,False,False,False,,True,False,False,False,True,True,False,False,False,,,,College of Liberal Arts and Human Sciences,,,,,,,,,"A French major prepares you to become proficient in this historical and global language. You'll gain analytical, writing, and public speaking skills that will prepare you for your careers. You will also develop a strong knowledge of French and Francophone cultures.",,"The official university website for Virginia Polytechnic Institute and State University, commonly known as Virginia Tech, is vt.edu.

Virginia Tech is a public, land-grant research university with its main campus located in Blacksburg, Virginia. The university offers a wide range of undergraduate and graduate degree programs.",,,,FALSE,False,,4.0,2.0,,,,,,,,,,,,,,,,,,False,False,,,115.0,,,,6.5,,,59.0,,80,,,,,,,,,,,,,"Merit-based, Need-based",FALSE,,,FALSE,FALSE,,,False
,Bachelor of Science in Geography,,,,,Undergraduate,Fall 2026,,,,Not Required,Optional,Not Required,Required,"To be a first-year applicant to Virginia Tech, you must complete: 18 units of high school coursework, including: 4 units of English; 3 units of math (includes algebra I, and algebra II); 2 units of laboratory science (chosen from biology, chemistry or physics); 2 units of social science (one must be history); 3 additional academic units (foreign language is highly recommended); 4 elective units. [6]",Not Required,,True,True,False,False,False,False,,False,False,False,False,False,False,False,False,False,,,,College of Natural Resources and Environment,"In-state: $15,948/year, Out-of-state: $40,442/year",,,,,,,"['Applied Climate Science', 'Environmental Geography', 'GIScience & Technology']","Starting fall 2026, the Bachelor of Science in Geography at Virginia Tech gives students the power to understand and shape the connections between people, places, and our planet. [3, 12] This degree builds on Virginia Tech's long tradition of geographic study, now offering students three new options designed to match their interests and career goals: Applied Climate Science, Environmental Geography, and GIScience & Technology. [3, 12] Each option blends geospatial tools, environmental analysis, and hands-on learning to prepare students for high-demand careers that make a difference, from climate resilience and resource management to urban planning, environmental stewardship, and data analytics. [3] Through applied research, lab projects, and field experiences, students gain the skills to make data-driven, science-based decisions that protect communities and environments around the world. [3] Coursework covers: Spatial analysis and algorithms in GIS, Remote sensing and environmental monitoring, Climate science and applied meteorology, Environmental systems and resource management, Cartography and geovisualization, and Programming in Python for geospatial applications. [3]",,"The official university website for Virginia Polytechnic Institute and State University, commonly known as Virginia Tech, is vt.edu.

Virginia Tech is a public, land-grant research university with its main campus located in Blacksburg, Virginia. The university offers a wide range of undergraduate and graduate degree programs.",,,"In-state: $548, Out-of-state: $1,432.25",FALSE,False,3,4.0,2.0,,,,,,,,,,,,,,,,,,False,False,,,115.0,,,,6.5,,,59.0,,80,,,,,,,,,,,,,"Merit-based, Need-based",FALSE,,,FALSE,FALSE,,,False
,Bachelor of Science in Geosciences,,,,,Undergraduate,Fall 2026,,,,Not Required,Optional,Not Required,Required,"To be a first-year applicant to Virginia Tech, you must complete: 18 units of high school coursework, including: 4 units of English; 3 units of math (includes algebra I, and algebra II); 2 units of laboratory science (chosen from biology, chemistry or physics); 2 units of social science (one must be history); 3 additional academic units (foreign language is highly recommended); 4 elective units. [4] When your application is complete, it will be reviewed holistically by our admissions committee. [4] Factors that are considered in the application review process include academic rigor, grades, standardized test scores (if applicable), major, activities, disciplinary record, first-generation status, interest in the Corps of Cadets, personal statements, residency, and veteran status. [4]",Not Required,,True,True,True,False,False,False,,True,False,False,False,True,True,False,False,False,,,,College of Science,,,,,,,,"['Geology', 'Geochemistry', 'Geophysics', 'Geobiology and Paleobiology', 'Environmental and Engineering Geosciences', 'Earth Science Education']","Geosciences offer exciting opportunities for students with an interest in applying a diverse range of science skills to understand the earth's properties and dynamic processes. [8] This is a highly interdisciplinary program that applies physics, chemistry, biology, computational techniques, and mathematics to understand and manage all aspects of Earth and the environment. [8] Geoscientists work everywhere in the world under almost any condition as they search for earth resources, address environmental risks and natural hazards, and supervise technical and business enterprises. [8] Virginia Tech's internationally recognized Geosciences faculty has developed six challenging options that lead to a B.S. in Geosciences. [8] Coursework emphasizes the acquisition and processing of field data beginning with a special course in field methods taken in the spring of the first year. [8] The geology option requires, and the other options recommend, that the student participate in a six-week field camp. [8] The B.S. in Geosciences provides pre-professional preparation that will allow students to continue their education in post graduate programs in science, law, and business. [8]",,"The official university website for Virginia Polytechnic Institute and State University, commonly known as Virginia Tech, is vt.edu.

Virginia Tech is a public, land-grant research university with its main campus located in Blacksburg, Virginia. The university offers a wide range of undergraduate and graduate degree programs.","Virginia Polytechnic Institute and State University (Virginia Tech) is accredited by the Southern Association of Colleges and Schools Commission on Colleges (SACSCOC) to award associate, baccalaureate, masters, educational specialist, and doctorate degrees. [12] Questions about the accreditation of Virginia Tech may be directed in writing to the Southern Association of Colleges and Schools Commission on Colleges at 1866 Southern Lane, Decatur, GA 30033-4097, by calling (404) 679-4500, or by using information available on SACSCOC's website (www.sacscoc.org). [12]",,,FALSE,False,,,2.0,,,,,,,,,,,,,,,,,,False,False,,,115.0,,,,6.5,,,59.0,,80,,,,,,,,,,,,,"Merit-based, Need-based",FALSE,,,FALSE,FALSE,,,False
,Bachelor of Arts in German,,,,,Undergraduate,Fall 2026,,,,Not Required,Not Required,Not Required,Required,"To be a first-year applicant to Virginia Tech, you must complete 18 units of high school coursework, including: 4 units of English; 3 units of math (includes algebra I, and algebra II); 2 units of laboratory science (chosen from biology, chemistry or physics); 2 units of social science (one must be history); 3 additional academic units (foreign language is highly recommended); and 4 elective units. [5]",Not Required,,True,False,True,False,False,False,,True,False,False,False,True,True,False,False,False,,,,College of Liberal Arts and Human Sciences,,,,,,,,,"The German major or minor focuses on language instruction, literary analysis, and exploration of the social, cultural, and political developments of the German speaking people and their nations. [6, 7] Students develop the analytical, critical thinking, and communication skills needed to succeed in a global society. [6, 7] There are many internships and study abroad opportunities like the faculty-led “VT in Germany” summer program. [7] The VT German program is a close-knit community and professors know each student. [7] The student-run German Culture Club, Teach for Jamie (an after-school program teaching German in local elementary schools), monthly coffee hours (Kaffeeklatsch), and other activities provide students with numerous opportunities to speak German. [7]",,"The official university website for Virginia Polytechnic Institute and State University, commonly known as Virginia Tech, is vt.edu.

Virginia Tech is a public, land-grant research university with its main campus located in Blacksburg, Virginia. The university offers a wide range of undergraduate and graduate degree programs.","Virginia Polytechnic Institute and State Institution (Virginia Tech) is accredited by the Southern Association of Colleges and Schools Commission on Colleges (SACSCOC) to award associate, baccalaureate, masters, educational specialist, and doctorate degrees. [4]",,,FALSE,False,,,2.0,,,,,,,,,,,,,,,,,,False,False,,,115.0,,,,6.5,,,59.0,,80,,,,,,,,,,,,,"Merit-based, Need-based, Study Abroad",FALSE,,,FALSE,FALSE,,,False
,Bachelor of Fine Arts in Graphic Design,,,,,Undergraduate,Fall 2026,,,,Not Required,Not Required,Not Required,Required,"Admission to Virginia Tech is competitive. The Office of Undergraduate Admissions conducts a holistic review of all applicants. This review includes academic components such as high school GPA, performance in core subjects, and academic honors. Non-academic factors considered include leadership experience, volunteer experience, extracurricular activities, and employment. A portfolio is not required for admission to the Graphic Design major as all students begin at the foundation level.",Not Required,,True,False,False,False,False,False,,False,False,False,False,False,False,False,False,False,,,,College of Architecture and Urban Studies,,,,,,,,,"The Graphic Design program at Virginia Tech prepares students for a career in graphic design by focusing on conceptual thinking, semiotics, and problem-solving tactics. The curriculum demands individual creativity, teamwork skills, and adaptability, ensuring graduates enter the job market with practical experience and a full, professionally reviewed portfolio. Students develop the creative and technical skills to craft powerful messages using imagery, typography, and design systems. The program emphasizes the power of visuals to communicate ideas and meaning across various platforms. Graduates are prepared for fields such as print design, editorial design, product and packaging design, web and interaction design, and advertising.",,"The official university website for Virginia Polytechnic Institute and State University, commonly known as Virginia Tech, is vt.edu.

Virginia Tech is a public, land-grant research university with its main campus located in Blacksburg, Virginia. The university offers a wide range of undergraduate and graduate degree programs.",,,,FALSE,False,,,,,,,,,,,,,,,,,,,,,False,False,,,105.0,,,,6.5,,,59.0,,80,,,,,,,,,,,,,Merit-based,FALSE,,,FALSE,FALSE,,,False
,Bachelor of Arts in History,,,,,Undergraduate,Fall 2026,,,,Not Required,Not Required,Not Required,Required,"To be a first-year applicant to Virginia Tech, you must complete 18 units of high school coursework. This includes 4 units of English, 3 units of math (including algebra I and II), 2 units of laboratory science (chosen from biology, chemistry, or physics), 2 units of social science (one must be history), 3 additional academic units (foreign language is highly recommended), and 4 elective units. [5] The application review process is holistic and considers academic factors such as the rigor of the academic program, grades, and standardized test scores (if submitted), as well as personal factors like extracurricular activities, disciplinary record, first-generation status, and personal statements. [5]",Not Required,,True,True,True,False,False,False,,True,False,False,False,True,True,False,False,False,,,,College of Liberal Arts and Human Sciences,,,,,,,,,"Studying history offers you new ways to think about people, places, and events in the past. In the process, it also helps you develop critical thinking skills, conduct research, analyze sources, craft arguments, and uncover the diverse ways that the past continues to shape the present. [5] We pride ourselves on an innovative curriculum, an emphasis on learning outside the classroom, and close-working relationships between our award-winning history faculty and our students, who leave well prepared for graduate or professional school. [5] Graduates often go into teaching, business, government, and other careers that value analytical thinking and strong research and writing skills. [5]",,"The official university website for Virginia Polytechnic Institute and State University, commonly known as Virginia Tech, is vt.edu.

Virginia Tech is a public, land-grant research university with its main campus located in Blacksburg, Virginia. The university offers a wide range of undergraduate and graduate degree programs.",,,,FALSE,False,,4.0,,,,,,,,,,,,,,,,,,,False,False,,,115.0,,,,6.5,,,53.0,,80,,,,,,,,,,,,,"Merit-based, Need-based",FALSE,,,FALSE,FALSE,,,False
,Bachelor of Science in Hospitality and Tourism Management,,,,,Undergraduate,Fall 2026,,,,Not Required,Not Required,,,"First-year applicants must apply using the Common App. Academic materials are to be submitted through the Applicant Portal. For applicants who have only attended high school or have been home-educated within the U.S., a Self-reported Transcript and Academic Record System (STARS) Record is required for review. [5]",Not Required,,True,False,,,,,,,,,,,,,,,,,,Pamplin College of Business,,,,,,,,"['HTM Analytics (HTMA)', 'HTM Services Management (HTMS)', 'HTM Entrepreneurship & Innovation (ENIN)', 'HTM Sustainability, Ethics, & Advocacy (SEA)']","The undergraduate program in hospitality and tourism management prepares students for leadership positions in hospitality and tourism, one of the world's largest industries. [3] The department, which is ranked as one of the best in the world, seeks to provide students with a balance of industry-focused educational opportunities with directed work experiences. [3] All students will take courses in hospitality, finance, food and beverage operations, tourism management, lodging operations, revenue management, and events. [3] Special emphasis is placed on developing analytical, decision-making, leadership and communications skills. [3] The HTM program prepares in-demand graduates for exciting management positions in the global hospitality and tourism industry. [6] Students obtain hands‐on experience through internships, field studies, experienced faculty, and frequent interaction with industry experts. [6] In addition to gaining a broad business education, HTM specialized courses are available in event management, hospitality finance, catering and restaurant management, tourism destination management, franchising, revenue management, international business, data analytics and security, and lodging operations. [6]",,"The official university website for Virginia Polytechnic Institute and State University, commonly known as Virginia Tech, is vt.edu.

Virginia Tech is a public, land-grant research university with its main campus located in Blacksburg, Virginia. The university offers a wide range of undergraduate and graduate degree programs.",The Department of Hospitality and Tourism Management is one of six departments in the Pamplin College of Business. Our curriculum and program are fully integrated into the College of Business and accredited by AACSB (The Association to Advance Collegiate Schools of Business). [7],,,FALSE,False,,4.0,2,,,,,,,,,,,,,,,,,,False,False,,,,,,,,,,,,,,,,,,,,,,,,,Merit-based and need-based scholarships are available. [3],FALSE,,,FALSE,FALSE,,,
,Bachelor of Science in Human Development,,,,,Undergraduate,Fall 2026,,,,Not Required,Not Required,Not Required,Required,"To earn a Bachelor of Science in Human Development, students must apply for general undergraduate admission to Virginia Tech. The program, housed within the Department of Human Development and Family Science, does not list additional application requirements beyond those for the university. The curriculum focuses on family relationships, human development across the lifespan, and the social and public policies that affect individuals and families. Students will also take courses in related fields to gain a broad perspective on issues affecting human development. [20]",Not Required,,True,True,True,False,False,False,,True,False,False,False,True,True,False,False,False,,,,College of Liberal Arts and Human Sciences,"$7,639/Semester",,,,,,,,"The Human Development major foci on how people learn and develop over the course of their lives in the context of family, community, and culture. [3] This discipline studies the physical, social, and cognitive areas of development from birth through old age. [3] For example, researchers look at how children are affected when their parents are incarcerated or how close friendships change as we grow older. The field mixes principles of psychology, sociology, and health to study and improve people's daily life experiences. [3] Graduates are prepared to work directly with children, adults, and families in health professions, agencies, and educational settings. [3]",,"The official university website for Virginia Polytechnic Institute and State University, commonly known as Virginia Tech, is vt.edu.

Virginia Tech is a public, land-grant research university with its main campus located in Blacksburg, Virginia. The university offers a wide range of undergraduate and graduate degree programs.",,,$636.58,FALSE,False,,4.0,2.0,,,,,,,,,,,,,,,,,,False,False,,,115.0,,,,6.5,,,59.0,,80,,,,,,,,,,,,,"Merit-based, Need-based",FALSE,,,FALSE,FALSE,,,False
,"Bachelor of Science in Human Nutrition, Foods, and Exercise",,,,,Undergraduate,Fall 2026,,,,Not Required,Required,Not Required,Required,"General application requirements for first-year admission include rigorous course selection in high school (such as AP, IB, and dual enrollment), grade trends, cumulative unweighted GPA, and satisfactory completion of all high school graduation requirements. [1] The application provides prompts for students to share information about themselves beyond their transcripts. [1] For the 'Human Nutrition, Foods, and Exercise' major, transfer students applying should have completed one semester of CHEM 1035 General Chemistry by the time of application. [10] International applicants must complete 3 units of math (including algebra I, geometry, and algebra II) and 2 units of laboratory science (chosen from biology, chemistry, or physics). Most international students selected for admission have completed more than the minimum requirements and have at least a B+ grade point average. [2]",Not Required,,False,True,True,False,False,False,,True,False,False,False,True,True,True,False,False,,,,College of Agriculture and Life Sciences,,,,,,,,"['Dietetics (DIET)', 'Science of Food, Nutrition, and Exercise (SFNE)', 'Exercise and Health Sciences', 'Nutrition and Dietetics (NAD)']","The mission of human nutrition, foods, and exercise is to discover, translate, and disseminate health-related advances in nutrition, food, and exercise sciences. [3] The curriculum builds on the biological, physical, and social sciences. [4] Many health issues including obesity, heart disease, and cancer have been associated with a person's food intake and level of exercise. [4] This has led to increasing emphases on health promotion and disease prevention, and nutrition and exercise professionals are integral members of the health care team. [4] The undergraduate options include dietetics (DIET), and the science of food, nutrition, and exercise (SFNE). [3] These options provide a strong science background in chemistry, biology, anatomy, physiology, and nutrition. [3] Students in the SFNE option are prepared for certifications through the American College of Sports Medicine as well as graduate and professional study in the health professions such as medicine, pharmacy, physical therapy, dentistry, nursing, and physician assistant. [3]",,"The official university website for Virginia Polytechnic Institute and State University, commonly known as Virginia Tech, is vt.edu.

Virginia Tech is a public, land-grant research university with its main campus located in Blacksburg, Virginia. The university offers a wide range of undergraduate and graduate degree programs.","The dietetics curriculum is accredited by the Accreditation Council for Education in Nutrition and Dietetics (ACEND), enabling graduates to apply for ACEND-accredited dietetic internships. [3] The Nutrition and Dietetics (NAD) major is a Didactic Program in Dietetics (DPD), fully accredited by the Accreditation Council for Education in Nutrition and Dietetics (ACEND®). [4]",,,FALSE,True,,4.0,3.0,,,,,,,,,,,,,,,,,,False,False,,,115.0,,,,6.5,,,59.0,,80,,,,,,,,,,,,,,FALSE,,,FALSE,FALSE,,,False
,Bachelor of Science in Industrial and Systems Engineering,,,,,Undergraduate,Fall 2026,,,,Not Required,Optional,Not Required,Required,"To be a first-year applicant to Virginia Tech, you must complete 18 units of high school coursework, including: 4 units of English; 3 units of math (includes algebra I, and algebra II); 2 units of laboratory science (chosen from biology, chemistry or physics); 2 units of social science (one must be history); 3 additional academic units (foreign language is highly recommended); and 4 elective units. [3] Applicants must submit a Self-reported Transcript and Academic Record System (STARS) Record. [3] All students wishing to major in Industrial and Systems Engineering should apply to General Engineering. [10]",Not Required,,True,False,True,False,False,False,,True,False,False,False,True,True,False,False,False,,,,College of Engineering,,,,,,,,,"The Bachelor of Science in Industrial and Systems Engineering at Virginia Tech is concerned with the design, improvement, and installation of integrated work systems of people, materials, equipment, and technology. The program emphasizes instruction in fundamental engineering principles based on the physical sciences, engineering sciences, mathematics, and statistics. These principles are applied in practical design experiences throughout the undergraduate curriculum. The curriculum covers a broad range of topics, particularly in the areas of Human Factors Engineering and Ergonomics, Management Systems Engineering, Manufacturing Systems Engineering, and Operations Research. The goal is to create value for organizations by improving the performance of integrated systems, such as enhancing quality and productivity, reducing costs, and improving worker safety and customer satisfaction.",,"The official university website for Virginia Polytechnic Institute and State University, commonly known as Virginia Tech, is vt.edu.

Virginia Tech is a public, land-grant research university with its main campus located in Blacksburg, Virginia. The university offers a wide range of undergraduate and graduate degree programs.","The Industrial and Systems Engineering (B.S.) program is accredited by the Engineering Accreditation Commission of ABET, https://www.abet.org, under the General Criteria and Program Criteria for Industrial Engineering and Systems Engineering and Similarly Named Engineering Programs. [1]",,,FALSE,True,,4.0,2.0,,,,,,,,,,,,,,,,,,False,False,,,115.0,,,,6.5,,,53.0,,80,,,,,,,,,,,,,Merit-based and need-based scholarships are available.,FALSE,,,FALSE,FALSE,,,False
,Bachelor of Fine Arts in Industrial Design,,,,,Undergraduate,Fall 2026,,,,Not Required,Not Required,Not Required,Required,"To be a first-year applicant to Virginia Tech, you must complete 18 units of high school coursework, including: 4 units of English; 3 units of math (includes algebra I, geometry, and algebra II); 2 units of laboratory science (chosen from biology, chemistry or physics); 2 units of social science (one must be history); 3 additional academic units (foreign language is highly recommended); and 4 elective units. [4] The application review is a holistic process that considers academic achievements and personal qualities. [4]",Not Required,,True,True,False,False,False,False,,True,False,False,False,True,True,False,False,False,,,,"School of Design, College of Architecture and Urban Studies","The university provides a combined figure for tuition and mandatory fees. For the 2025-26 academic year, this is estimated to be $16,526 for in-state and $38,977 for out-of-state undergraduates. [19] The Industrial Design program has an additional supplemental fee. [15]",,,,,,,,,,"The official university website for Virginia Polytechnic Institute and State University, commonly known as Virginia Tech, is vt.edu.

Virginia Tech is a public, land-grant research university with its main campus located in Blacksburg, Virginia. The university offers a wide range of undergraduate and graduate degree programs.",,"The average financial aid offer for freshmen students is reported as $7,036. [18]","For the 2024-2025 academic year, the per-credit-hour tuition rate for undergraduates is based on residency. For the summer 2025 session, the rate for Virginia residents is $466.75 per credit hour, and for non-residents, it is $1,325.00 per credit hour. [41] A surcharge of $299.50 per credit hour may be assessed for in-state students who have completed over 125% of their degree requirements. [15]",FALSE,False,,4.0,2,,,,,,,,,,,,,,,,,,False,False,,,115.0,,,,6.5,,,59.0,,80,,,,,,,,,,,"Scholarship amounts vary. For instance, the Presidential Campus Enrichment Grant can offer up to $5,000 a year for out-of-state students, and University Honors grants come with a $1,000 scholarship for the first year. [6] Scholarships for transfer students from Virginia's community colleges are at least $3,000. [20]",,"Virginia Tech offers both merit-based and need-based scholarships. [6, 23]",FALSE,,,FALSE,FALSE,,,False
,Bachelor of Arts in International Relations,,,,,Undergraduate,Fall 2026,,,,Not Required,Required,Not Required,Required,"To be a first-year applicant to Virginia Tech, you must complete: 18 units of high school coursework, including: 4 units of English; 3 units of math (includes algebra I, and algebra II); 2 units of laboratory science (chosen from biology, chemistry or physics); 2 units of social science (one must be history); 3 additional academic units (foreign language is highly recommended); 4 elective units. [3] The application is reviewed holistically, considering academic rigor, grades, personal statements, and other personal factors. [3]",Not Required,,True,False,False,False,False,False,,False,False,False,False,False,False,False,False,False,,,,College of Liberal Arts and Human Sciences,"The estimated undergraduate tuition for out-of-state students is approximately $36,694 per year. [27, 8] For in-state students, the tuition is approximately $15,478 per year. [27]",,,,,,,,We foster creative thinking about complex global problems and our graduates successfully serve their communities and the nation. Our program emphasizes the methods of analysis used in the social sciences and humanities to help you think critically about international phenomena and analyze the choices and challenges that arise. [1],,"The official university website for Virginia Polytechnic Institute and State University, commonly known as Virginia Tech, is vt.edu.

Virginia Tech is a public, land-grant research university with its main campus located in Blacksburg, Virginia. The university offers a wide range of undergraduate and graduate degree programs.",,,"For the 2024-25 academic year, the cost per credit hour is $548 for in-state students and $1,432.25 for out-of-state students. [15]",FALSE,False,,4.0,2,,,,,,,,,,,,,,,,,,False,False,,,115.0,,,,6.5,,,59.0,,80,,,,,,,,,,,Varies,,"Merit-based, Need-based, Leadership",FALSE,,,FALSE,FALSE,,,False
,Bachelor of Arts in International Studies,,,,,Undergraduate,Fall 2026,,,,Optional,Optional,Not Required,Required,"General application requirements for graduate admission at Virginia Tech include submitting an online application, paying a non-refundable application fee, and providing unofficial transcripts from all post-secondary institutions attended. Applicants must also provide the names and email addresses for those providing letters of recommendation, as the process is handled electronically. Many graduate programs require additional materials, and applicants should check with their specific program of interest for requirements such as a resume/CV, statement of purpose, writing samples, or standardized test scores (like the GRE/GMAT). For undergraduate first-year admission, Virginia Tech uses a holistic review process and is test-optional, meaning students can choose whether or not to submit SAT or ACT scores. The application is submitted through the Common App, and includes self-reported academic coursework and responses to the Ut Prosim Profile questions.",Optional,,True,True,True,False,False,False,,True,False,False,False,True,True,False,False,False,,,,College of Liberal Arts and Human Sciences,,,,,,,,"['International Studies (IS)', 'International Relations (IREL)', 'National Security & Foreign Affairs (NSFA)', 'Environment, Development, and Global Economy (EDGE)', 'European & Transatlantic Studies (EUTS)']","The International Studies Program offers five (5) majors, leading to a Bachelor of Arts degree in International Studies (BAIS). [6] The International Studies major examines the intersection of politics, culture, religion, economics, and history while emphasizing foreign language proficiency. [9] Students interested in international business, international organizations, government service, international development, environmental affairs, and international communication/journalism gain a comprehensive picture of world affairs. [9] Rooted in a strong liberal arts curriculum, the International Studies Program prepares students to enter careers in government service (Department of State, Department of Defense, Department of Homeland Security, the intelligence community), Foreign Service, think tanks, teaching, journalism, international governmental and non-governmental organizations, and global companies based in Virginia, nationally, and internationally. [6] The curriculum includes courses in international and comparative politics, international law and organizations, national and international security, foreign policy, global economy, and languages allowing students to learn about the world and various aspects of human interaction. [9]",,"The official university website for Virginia Polytechnic Institute and State University, commonly known as Virginia Tech, is vt.edu.

Virginia Tech is a public, land-grant research university with its main campus located in Blacksburg, Virginia. The university offers a wide range of undergraduate and graduate degree programs.","Virginia Polytechnic Institute and State University (Virginia Tech) is accredited by the Southern Association of Colleges and Schools Commission on Colleges (SACSCOC) to award associate, baccalaureate, masters, educational specialist, and doctorate degrees. [10] The official website does not mention a specific accreditation for the Bachelor of Arts in International Studies program.",,,FALSE,False,,4.0,2.0,,,,,,,,,,,,,,,,,,False,False,,,115.0,,,,6.5,,,59.0,,80,,,,,,,,,,,,,,FALSE,,,FALSE,FALSE,,,False
,Bachelor of Science in Landscape and Turf Management,,,,,Undergraduate,Fall 2026,,,,Not Required,Not Required,Not Required,,"General application requirements for first-year students at Virginia Tech include submission of the online Common Application, an official high school transcript, and one letter of recommendation. There are no specific additional requirements for the Landscape Design and Turfgrass Science major beyond the general university requirements. Most students admitted will have completed more than the minimum requirements and have at least a B+ grade-point average. [8]",Not Required,,True,True,False,False,False,False,,False,False,False,False,False,False,False,False,False,,,,,,,,,,,,"['Landscape Design', 'Turfgrass Management']","Landscape Design and Turfgrass Science majors learn to design, build, and manage beautiful and functional landscapes using science-based practices that contribute to environmental sustainability. [4] Students choose a concentration area that best meets their chosen career path. [4] Students in the Landscape Design concentration learn principles related to the design, installation, and maintenance of different types of landscapes in the public and private sectors. [4] Students working in Turfgrass Management concentration learn principles related to the care and management of lawns, landscapes, golf courses, and athletic fields. [4]",,"The official university website for Virginia Polytechnic Institute and State University, commonly known as Virginia Tech, is vt.edu.

Virginia Tech is a public, land-grant research university with its main campus located in Blacksburg, Virginia. The university offers a wide range of undergraduate and graduate degree programs.",,,,FALSE,True,,,,,,,,,,,,,,,,,,,,,False,False,,,,,,,,,,,,,,,,,,,,,,,,,,FALSE,,,FALSE,FALSE,,,False
,Bachelor of Arts in Literature,,,,,Undergraduate,Fall 2026,,,,Not Required,Not Required,Not Required,Required,"To be a first-year applicant to Virginia Tech, you must complete: 18 units of high school coursework, including: 4 units of English; 3 units of math (includes algebra I, and algebra II); 2 units of laboratory science (chosen from biology, chemistry or physics); 2 units of social science (one must be history); 3 additional academic units (foreign language is highly recommended); 4 elective units. [3]",Not Required,,True,False,False,False,False,False,,True,False,False,False,True,True,True,False,False,,,,College of Liberal Arts and Human Sciences,,,,,,,,Literature Option,"A major in English prepares you to think critically and solve problems. You can tailor your degree to your areas of interest, choosing an author, historical context, and genre to study. The sophisticated thought and analysis of literature will take you more deeply into literary studies or specifically prepare you for careers in education or law. [4] We specialize in a range of authors, genres, and historical periods, ensuring you will have a mentor to guide you on your quest for knowledge. Our literature, pre-education, or pre-law options help propel you into your chosen career field through alumni industry connections. [4] Our students have gone on to careers in publishing, law, teaching, and technical writing. [4] The B.A. in English with a Major in English, in the Literature Option, requires 45 hours in English, distributed as follows, and 120 hours overall. [3]",,"The official university website for Virginia Polytechnic Institute and State University, commonly known as Virginia Tech, is vt.edu.

Virginia Tech is a public, land-grant research university with its main campus located in Blacksburg, Virginia. The university offers a wide range of undergraduate and graduate degree programs.",,,,FALSE,False,,4.0,2.0,,,,,,,,,,,,,,,,,,False,False,,,115.0,,,,6.5,,,59.0,,80,,,,,,,,,,,,,"Merit-based, Need-based",FALSE,,,FALSE,FALSE,,,False
,Bachelor of Science in Management,,,,,Undergraduate,Fall 2026,,,,Not Required,Optional,Not Required,Required,"To be a first-year applicant to Virginia Tech, you must complete 18 units of high school coursework, including: 4 units of English; 3 units of math (including algebra I, geometry, and algebra II); 2 units of laboratory science (chosen from biology, chemistry or physics); 2 units of social science (one must be history); 3 additional academic units (foreign language is highly recommended); and 4 elective units. [3]",Not Required,,True,False,True,False,False,False,,True,False,False,False,True,True,False,False,False,,,,Pamplin College of Business,"For the 2024-25 academic year, the estimated tuition for an in-state undergraduate student is $13,152 and the total direct costs are estimated at $32,498 per year. [30] The Pamplin College of Business has an additional fee of $2,550 per year. [30] For the 2026-2027 academic year, the estimated in-state tuition and fees are $17,122 with total direct costs of $39,238. [45] For out-of-state students for 2026-2027, the estimated tuition and fees are not explicitly broken down but the total direct cost is estimated at $57,914. [44]",,,,,,,"['Entrepreneurship, Innovation, and Technology Management (EIT)', 'Human Resource Management (HRM)', 'Management Consulting & Analytics (MCA)', 'Management']","The Management major prepares students to be effective managers capable of adding value to a wide range of organizations and business contexts. Students learn versatile skills such as problem solving, communication, cross-functional thinking, leadership, ethics, and teamwork. This program involves course work in the a wide range of organizations and business contexts. Our courses build strong foundations in fundamental management processes and prepare students to drive and lead organizations to sustainable and profitable growth in an increasingly complex world. We equip students with the mindset, approaches, and tools to succeed in a global business environment and the ability to translate disruptive change into business opportunities.",,"The official university website for Virginia Polytechnic Institute and State University, commonly known as Virginia Tech, is vt.edu.

Virginia Tech is a public, land-grant research university with its main campus located in Blacksburg, Virginia. The university offers a wide range of undergraduate and graduate degree programs.","The Pamplin College of Business, which houses the Bachelor of Science in Management program, is accredited by The Association to Advance Collegiate Schools of Business (AACSB) International. [3, 10]",,,FALSE,False,,,,,,,,,,,,,,,,,,,,,False,False,,,115.0,,,,6.5,,,59.0,,80,,,,,,,,,,,,,"The Pamplin College of Business offers merit-based and need-based scholarships for incoming undergraduate students. [2] There are also other special interest scholarships, such as the David & Sharon Parcell Scholarship for students with good character and financial need, and the Wells Fargo Endowed Scholarship for rising seniors planning a banking career. [4, 7]",FALSE,,,FALSE,FALSE,,,False
,Bachelor of Science in Marketing Management,,,,,Undergraduate,Fall 2026,,,,Not Required,Required,Optional,Required,"To be a first-year applicant to Virginia Tech, you must complete: 18 units of high school coursework, including: 4 units of English; 3 units of math (includes algebra I, and algebra II); 2 units of laboratory science (chosen from biology, chemistry or physics); 2 units of social science (one must be history); 3 additional academic units (foreign language is highly recommended); 4 elective units. [4]",Not Required,,True,True,False,,False,False,,False,,,,False,True,False,False,False,,,,Pamplin College of Business,,,,,,,,"['Digital Marketing Strategy Concentration (DMS)', 'Professional Sales Concentration (PRSL)']","The undergraduate program in marketing management is designed to offer the student a broad business education with an emphasis on professional training for development of marketing strategies and managing marketing operations. [2, 14] Numerous specializations are afforded by the field, and can be combined with other disciplines to create a dynamic degree. [2] Marketing consists of the spectrum of activities that join production of goods and services with the consumer or industrial user. [2] Marketing management consists of planning, implementing, and controlling marketing activity. [2] Included among these activities are concepts such as helping design products or services to satisfy customers' needs, designing pricing strategies to achieve profitable utilization of resources, implementing distribution procedures to obtain a smooth flow from production to use, and evaluating the personal selling and advertising operations to assure that users have sound bases for their buying choices. [2] Marketing management is closely affiliated with such social and behavioral sciences as economics, sociology, and psychology, as well as such quantitative disciplines as accounting, statistics, management science, and computer science. [2]",,"The official university website for Virginia Polytechnic Institute and State University, commonly known as Virginia Tech, is vt.edu.

Virginia Tech is a public, land-grant research university with its main campus located in Blacksburg, Virginia. The university offers a wide range of undergraduate and graduate degree programs.",,,,FALSE,False,,4.0,,,,,,,,,,,,,,,,,,,False,False,,,,,,,6.5,,,,,90,,,,,,,,,,,,,,FALSE,,,FALSE,FALSE,,,False
,Bachelor of Science in Materials Science and Engineering,,,,,Undergraduate,Fall 2026,,,,Not Required,Required,Not Required,Required,"To be a first-year applicant to Virginia Tech, you must complete 18 units of high school coursework, including: 4 units of English; 3 units of math (includes algebra I, geometry, and algebra II); 2 units of laboratory science (chosen from biology, chemistry or physics); 2 units of social science (one must be history); 3 additional academic units (foreign language is highly recommended); and 4 elective units. [3, 4] Students typically enter the Materials Science and Engineering department after completing their first year of study in Virginia Tech's General Engineering program. [5] The application is evaluated holistically, considering academic rigor, grades, major interest, and personal factors like extracurricular activities and personal statements. [3]",Not Required,,True,False,True,False,False,False,,True,False,False,False,True,True,False,False,False,,,,College of Engineering,,,,,,,,"['biomaterials', 'ceramics', 'composites', 'electronic materials', 'metals', 'polymers', 'nanomaterials']","Materials engineers and scientists study the structure and properties of engineering materials on scales ranging from the atomic through the microscopic to the macroscopic. [3] These materials include ceramics and glasses, metals, polymers, composites, biomaterials, nanomaterials, semiconductors, and electronic, magnetic, and photonic materials. [3] Materials engineers develop new materials, improve traditional materials, and manufacture materials economically through synthesis, processing, and fabrication. [3] They seek to understand physical and chemical phenomena in material structures and to measure and characterize materials properties of all kinds including mechanical, electrical, optical, magnetic, thermal, and chemical. [3] They predict and evaluate the performance of materials as structural or functional elements in engineering systems and structures. [3] They work in teams with engineers in other disciplines in selecting, designing and processing materials for optimal performance. [3] Significant opportunities exist for graduates in the aerospace, automobile, transportation, medical, microelectronics, telecommunications, chemical, petroleum, energy storage, power generation, and energy conservation industries, as well as within the basic industries producing materials--for example, the copper, aluminum, steel, ceramics, glass, and polymer industries. [3] Opportunities also exist in government-operated engineering centers and research laboratories. [3] Graduates work in entry level engineering, manufacturing, materials selection and design, quality assurance and control, research and development, technical consulting, management, and sales and marketing. [3] Graduates have an excellent background for continuing education in science, engineering, medicine, law (e.g. patent law), and business. [3]",,"The official university website for Virginia Polytechnic Institute and State University, commonly known as Virginia Tech, is vt.edu.

Virginia Tech is a public, land-grant research university with its main campus located in Blacksburg, Virginia. The university offers a wide range of undergraduate and graduate degree programs.","The Bachelor of Science degree in materials science and engineering at Virginia Tech is accredited by the Engineering Accreditation Commission of ABET, under the commission's General Criteria and Program Criteria for Materials, Metallurgical, Ceramics, and Similarly Named Engineering Programs. [5]",,,FALSE,True,,4.0,,,,,,,,,,,,,,,,,,,False,False,,,115.0,,,,6.5,,,59.0,,80,,,,,,,,,,,,,"Merit-based, Need-based",FALSE,,,FALSE,FALSE,,,False
,Bachelor of Science in Mathematics,,,,,Undergraduate,Fall 2026,,,,Not Required,Required,Not Required,Required,"All degree-seeking applicants are required to submit the Ut Prosim Profile, which consists of four short-answer questions with a 120-word limit for each. [2] This profile allows applicants to provide information beyond their academic materials. The general application is reviewed holistically, considering academic rigor, grades, and optional standardized test scores. For the Bachelor of Science in Mathematics, a fourth unit of high school math is required, in addition to the general requirements of 4 units of English, 2 units of laboratory science, 2 units of social science, 3 additional academic units, and 4 elective units.",Not Required,,True,False,False,False,False,False,,False,False,False,False,False,False,False,False,False,,,,College of Science,"In-state: $16,526/Year, Out-of-state: $38,977/Year",,,,,,,,,,"The official university website for Virginia Polytechnic Institute and State University, commonly known as Virginia Tech, is vt.edu.

Virginia Tech is a public, land-grant research university with its main campus located in Blacksburg, Virginia. The university offers a wide range of undergraduate and graduate degree programs.",,,"In-state: $564.25/credit hour, Out-of-state: $1,506.75/credit hour",FALSE,True,3,4.0,2.0,,,,,,,,,,,,,,,,,,False,False,,,105.0,,,,6.5,,,59.0,,80,,,,,,,,,,,"Amount varies, with some specific scholarships for math majors being $500 or $1,000.",,Merit-based and need-based,FALSE,,,FALSE,FALSE,,,False
,Bachelor of Science in Mechanical Engineering,,,,,Undergraduate,Fall 2026,,,,Not Required,Not Required,Not Required,Required,"To be a first-year applicant to Virginia Tech, you must complete 18 units of high school coursework, including: 4 units of English; 3 units of math (including algebra I, and algebra II); 2 units of laboratory science (chosen from biology, chemistry or physics); 2 units of social science (one must be history); 3 additional academic units (foreign language is highly recommended); and 4 elective units. [4] The admissions process includes a holistic review of your academic achievements and personal experiences. [4]",Not Required,,True,False,True,False,False,False,,True,False,False,False,True,True,False,False,False,,,,College of Engineering,"$16,526 per year for Virginia residents and $38,977 per year for out-of-state residents for the 2025-26 academic year. [7]",,,,,,,,"The Bachelor of Science in Mechanical Engineering (BSME) degree program at Virginia Tech provides a strong fundamental background in the engineering sciences as well as mathematics, statistics, thermal fluid engineering, vibrations and controls, and mechanical design. This background is strengthened with instructional laboratories and design courses. Graduates are prepared for professional engineering careers or graduate study. Because of the breadth of the ME discipline, mechanical engineers work in a wide variety of technical areas and are employed in a range of job functions. Specialty areas within the mechanical engineering discipline include, among many others, acoustics, automotive engineering, biomechanics, CAD, controls, energy conversion and energy management, HVAC, materials, mechanical design, mechatronics, nuclear engineering, robotics and automation, and turbomachinery.",,"The official university website for Virginia Polytechnic Institute and State University, commonly known as Virginia Tech, is vt.edu.

Virginia Tech is a public, land-grant research university with its main campus located in Blacksburg, Virginia. The university offers a wide range of undergraduate and graduate degree programs.","The Bachelor of Science in Mechanical Engineering (BSME) degree program at Virginia Tech is accredited by the Engineering Accreditation Commission of ABET, under the commission's General Criteria and Program Criteria for Mechanical and Similarly Named Engineering Programs. [3]",,,FALSE,True,3,4.0,2.0,,,,,,,,,,,,,,,,,,False,False,,,115.0,,,,6.5,,,59.0,,80,,,,,,,,,,,"A yearly scholarship of $10,000 is available to Pell Grant-eligible students in the College of Engineering through the Student Engineers' Council Scholarship. [18]",,"Merit-based and need-based scholarships are available. [16, 17]",FALSE,,,FALSE,FALSE,,,False
,Bachelor of Science in Medical Laboratory Science,,,,,Undergraduate,Fall 2026,,,,,,Not Required,Required,"The 'Bachelor of Science in Medical Laboratory Science' program is offered by Virginia Commonwealth University (VCU) at the Southwest Virginia Higher Education Center, not by Virginia Polytechnic Institute and State University (Virginia Tech). [5] No such program was found on the official Virginia Tech website.",,,False,False,True,False,False,False,,True,False,False,False,True,True,False,False,False,,,,,,,,,,,,,,,https://www.swcenter.edu/vcu-medical-laboratory-science/,,,,FALSE,False,,,,,,,,,,,,,,,,,,,,,False,False,,,115.0,,,,6.5,,,59.0,,80,,,,,,,,,,,,,,FALSE,,,FALSE,FALSE,,,False
,Bachelor of Science in Meteorology,,,,,Undergraduate,Fall 2026,,,,Not Required,Not Required,Not Required,Required,"To be a first-year applicant to Virginia Tech, you must complete: 18 units of high school coursework, including: 4 units of English; 3 units of math (includes algebra I, geometry, and algebra II); 2 units of laboratory science (chosen from biology, chemistry or physics); 2 units of social science (one must be history); 3 additional academic units (foreign language is highly recommended); and 4 elective units. [4] The B.S. in meteorology program also has a rigorous curriculum that includes courses in math, physics, statistics, and geospatial science. [8] An in-major and overall GPA average of 2.0 is required for graduation. [12]",Not Required,,False,True,True,False,False,False,,True,False,False,False,True,True,False,False,False,,,,"College of Natural Resources and Environment, Department of Geography",,,,,,,,,"Meteorology majors acquire the knowledge and skills needed to understand one of the most influential phenomena on our planet: the weather. As a meteorology major, you'll acquire knowledge about both the scientific and human elements of weather-related phenomena, and you’ll combine an understanding of atmospheric physics and dynamics with a significant focus on geospatial technology. [8, 9, 10] This unique feature will allow you to better understand the impacts that weather has on the ground in the day-to-day lives of people. [8, 9] Students majoring in meteorology take courses in a variety of core areas that include geography, mapping and geospatial information science (GIS), human systems, math, physics, and statistics. [8, 9] Students must also complete degree requirements in the study of meteorology such as an introduction and survey of meteorology, weather analysis, severe weather, dynamic meteorology, synoptic meteorology, and physical meteorology. [8, 9] In addition, students are required to complete a field experience, which can include the annual Hokie Storm Chase trip across the Great Plains in late May, mountain and meteorological instrumentation field trips, internships, and undergraduate research. [8]",,"The official university website for Virginia Polytechnic Institute and State University, commonly known as Virginia Tech, is vt.edu.

Virginia Tech is a public, land-grant research university with its main campus located in Blacksburg, Virginia. The university offers a wide range of undergraduate and graduate degree programs.",The curriculum meets the requirements of the National Weather Service and the standards of the American Meteorological Society. [8],,,FALSE,True,,,,,,,,,,,,,,,,,,,,,False,False,,,115.0,,,,6.5,,,59.0,,80,,,,,,,,,,,,,Need-based and merit-based awards,FALSE,,,FALSE,FALSE,,,False
,Bachelor of Science in Microbiology,,,,,Undergraduate,Fall 2026,,,,,,Not Required,Required,,,,False,False,False,False,False,False,,False,False,False,False,False,False,False,False,False,,,,"College of Science, Department of Biological Sciences",,,,,,,,,,,"The official university website for Virginia Polytechnic Institute and State University, commonly known as Virginia Tech, is vt.edu.

Virginia Tech is a public, land-grant research university with its main campus located in Blacksburg, Virginia. The university offers a wide range of undergraduate and graduate degree programs.",,,,FALSE,False,,4.0,,,,,,,,,,,,,,,,,,,False,False,,,115.0,,,,6.5,,,59.0,,80,,,,,,,,,,,,,"Merit-based, Need-based",FALSE,,,FALSE,FALSE,,,False
,Bachelor of Science in Mining Engineering,,,,,Undergraduate,Fall 2026,,,,Not Required,Not Required,Not Required,Required,"Admission to the Bachelor of Science in Mining Engineering program for first-year students is handled through the General Engineering program. All students admitted to the College of Engineering at Virginia Tech are initially enrolled in General Engineering. [1] The application is submitted through the Common App, which includes a personal essay and a section to list activities.",Not Required,,True,False,True,False,False,False,,True,False,False,False,True,True,False,False,False,,,,Department of Mining and Minerals Engineering,,,,,,,,"Students can focus on areas of study in aggregates, explosives engineering, mineral processing, mining health and safety, data analytics, robotics, and other areas of interest. [7]","Our graduates serve society by designing and operating sustainable, safe mines and finding innovative ways to capture and process mineral resources and fuels. [7] Our bachelor's degree program pepares students to work in a range of fields, including geological exploration, mineral processing, green engineering, mining design and operation, explosives engineering, technical consulting, management, business and finance, and sales and marketing. [7] Through our Engineering Communications Program, they learn how to communicate their work through writing, speaking, and visual media. [7] And, they gain an excellent background for post-graduate studies in science, engineering, business, and other fields. [7] Students are empowered to succeed through our Cooperative Education Program that alternates semesters of study with professional employment. [7] Eligible students may also earn a university honors degree. [7]",,"The official university website for Virginia Polytechnic Institute and State University, commonly known as Virginia Tech, is vt.edu.

Virginia Tech is a public, land-grant research university with its main campus located in Blacksburg, Virginia. The university offers a wide range of undergraduate and graduate degree programs.",The Bachelor of Science degree in mining engineering at Virginia Tech is accredited by the Engineering Accreditation Commission of ABET. [6],,,FALSE,True,,4.0,2.0,,,,,,,,,,,,,,,,,,False,False,,,115.0,,,,6.5,,,59.0,,80,,,,,,,,,,,Varies,Nearly 100% of academically eligible (2.5+ GPA) students,Merit-based scholarships from corporate sponsors and alumni,FALSE,,,FALSE,FALSE,,,False
,Bachelor of Arts in Multimedia Journalism,,,,,Undergraduate,Fall 2026,,,,Optional,Optional,Not Required,Required,"For freshman applicants, a complete application includes the Common Application, the application fee, and a self-reported academic record (Courses and Grades section of the Common App). For graduate applicants, requirements vary by program, but generally include an online application, application fee, and transcripts from all institutions attended. Many graduate programs also require letters of recommendation, a resume or curriculum vitae, and a statement of purpose.",Optional,,True,True,False,False,False,False,,True,False,False,False,True,True,True,False,False,,,,College of Liberal Arts and Human Sciences,"In-state: $16,526/Year, Out-of-state: $38,977/Year",,,,,,,,"A major in Multimedia Journalism will prepare you for a career in all types of journalistic media. You’ll learn how to publish news across media platforms, from newspapers and magazines to television and the Internet. You will develop skills in writing, photography, interviewing, and digital video production. Other courses address media history, broadcast performance, media relations, sports journalism, new media, and ethics. [3]",,"The official university website for Virginia Polytechnic Institute and State University, commonly known as Virginia Tech, is vt.edu.

Virginia Tech is a public, land-grant research university with its main campus located in Blacksburg, Virginia. The university offers a wide range of undergraduate and graduate degree programs.","The School of Communication, which includes the Multimedia Journalism program, was accredited by the Accrediting Council for Education in Journalism and Mass Communication (ACEJMC) in 2024. [13]",,"In-state: $564.25, Out-of-state: $1,782.25",FALSE,False,,4.0,2,,,,,,,,,,,,,,,,,,False,False,,,,,,,,,,,,,,,,,,,,,,,,,,FALSE,,,FALSE,FALSE,,,False
,Bachelor of Arts in Music,,,,,Undergraduate,Fall 2026,,,,Not Required,Not Required,Not Required,Required,"Prospective music majors should visit https://sopa.vt.edu/auditions/music-admissions-auditions.html to learn more about program admissions policies and scholarship support. [3] All music education, music performance, and music composition major applicants must pass an audition to be considered for admission into the music major degree programs. [8] Within 48 hours of submitting your application to Virginia Tech, you should receive an email with a link to set up your Virginia Tech applicant portal. [8] In the applicant portal, you will find a supplemental music application that will allow you to select your preferred in-person audition date or plans to submit a video recording. [8]",Not Required,,True,False,True,False,False,False,,True,False,False,False,False,True,False,False,False,,,,"School of Performing Arts, College of Liberal Arts and Human Sciences",,,,,,,,"['Music General - Liberal Arts', 'Music Composition', 'Music Education', 'Music Performance', 'Music Technology', 'Creative Technologies in Music']","The music major offers small class sizes, free private instruction, flexibility to pursue double majors, and access to innovative technologies and workspaces. Individual ainstruction and opportunities for hands-on experience develop the musician, educator and artist in each student. The major offers options in composition, education, performance, technology, and creative technologies. Study with faculty and students from across the country and around the world. Whether on stage in Blacksburg or at Carnegie Hall, performing at local schools or touring the world, our student musicians are exposed to a range of experiences that transform the lives of both performer and audience.",,"The official university website for Virginia Polytechnic Institute and State University, commonly known as Virginia Tech, is vt.edu.

Virginia Tech is a public, land-grant research university with its main campus located in Blacksburg, Virginia. The university offers a wide range of undergraduate and graduate degree programs.",,,,FALSE,False,,,,,,,,,,,,,,,,,,,,,False,False,,,115.0,,,,6.5,,,,,80,,,,,,,,,,,"Scholarship amounts vary. For example, some scholarships within the College of Liberal Arts and Human Sciences range from $250 to $4,000. [18, 23, 26]",,"Merit-based and need-based scholarships are available. [16, 18, 23]",FALSE,,,FALSE,FALSE,,,False
,Bachelor of Science in Nanoscience,,,,,Undergraduate,Fall 2026,,,,Not Required,Not Required,Not Required,Required,"To be a first-year applicant to Virginia Tech, you must complete: 18 units of high school coursework, including: 4 units of English; 3 units of math (includes algebra I, and algebra II); 2 units of laboratory science (chosen from biology, chemistry or physics); 2 units of social science (one must be history); 3 additional academic units (foreign language is highly recommended); 4 elective units. [3]",Not Required,,True,False,True,False,False,False,,True,False,False,False,True,True,True,False,False,,,,College of Science,"Out-of-state undergraduate tuition and mandatory fees for the 2024-25 academic year are $37,777 annually. [10]",,,,,,,"['Nanoscience (NANO)', 'Nanoscience (NMED)']","Nanoscience is the fabrication, characterization, and application of extremely small materials (1-100 nanometers) with new or improved properties. The Nanoscience program produces students who are ready to attend the most competitive graduate programs in nanoscience, materials, or other sciences; to join cutting-edge corporate R&D in some of the most important and profitable industries in the world, such as information technology, communications, energy, drug development, imaging, and environmental technology; and who possess the scientific knowledge and entrepreneurial preparation to create their own start-up companies. Students also receive a broad training across the physical and life sciences, and undergraduate research is a key element of the program. [5]",,"The official university website for Virginia Polytechnic Institute and State University, commonly known as Virginia Tech, is vt.edu.

Virginia Tech is a public, land-grant research university with its main campus located in Blacksburg, Virginia. The university offers a wide range of undergraduate and graduate degree programs.",,,,FALSE,True,,4.0,2,,,,,,,,,,,,,,,,,,False,False,,,110.0,,,,6.0,,,54.0,,79,,,,,,,,,,,,,Merit-based and need-based scholarships are available.,FALSE,,,FALSE,FALSE,,,False
,Bachelor of Science in National Security and Foreign Affairs,,,,,Undergraduate,Fall 2026,,,,Not Required,Not Required,Not Required,Required,"To be considered for admission, first-year applicants must have completed the following high school coursework: 3 units of math (including algebra I, geometry, and algebra II) and 2 units of laboratory science (chosen from biology, chemistry, or physics). [5] It is also noted that most students selected for admission have completed more than the minimum requirements and have at least a B+ grade point average. [5] All majors within the College of Liberal Arts and Human Sciences, which includes National Security and Foreign Affairs, are non-restricted, meaning there are no specific additional entrance requirements. [9]",Not Required,,True,False,True,False,False,False,,True,False,False,False,True,True,True,False,False,,,,College of Liberal Arts and Human Sciences,,,,,,,,,"The National Security and Foreign Affairs major combines an academic and practical, hands-on approach to diplomatic and security studies with special emphasis on U.S. national security and foreign language proficiency. You will examine U.S. security and foreign policy to analyze threats that challenge security both at home and abroad. Courses will explore how to devise appropriate strategies and policies to address them. Students are required to reach proficiency in a foreign language. [5]",,"The official university website for Virginia Polytechnic Institute and State University, commonly known as Virginia Tech, is vt.edu.

Virginia Tech is a public, land-grant research university with its main campus located in Blacksburg, Virginia. The university offers a wide range of undergraduate and graduate degree programs.",,,,FALSE,False,,4.0,2.0,,,,,,,,,,,,,,,,,,False,False,,,115.0,,,,6.5,,,53.0,,80,,,,,,,,,,,,,"Merit-based, Need-based, Leadership",FALSE,,,FALSE,FALSE,,,False
,Bachelor of Science in Neuroscience,,,,,Undergraduate,Fall 2026,,,,Not Required,Not Required,Not Required,Required,"To be a first-year applicant to Virginia Tech, you must complete 18 units of high school coursework, including: 4 units of English; 3 units of math (includes algebra I, geometry, and algebra II); 2 units of laboratory science (chosen from biology, chemistry or physics); 2 units of social science (one must be history); 3 additional academic units (foreign language is highly recommended); 4 elective units. [3, 11]",Not Required,,False,True,True,False,False,False,,True,False,False,False,True,True,False,False,False,,,,,,,,,,,,"['Clinical Neuroscience', 'Cognitive and Behavioral Neuroscience', 'Computational and Systems Neuroscience', 'Neuroscience']","Embark on a journey into the brain with the Neuroscience undergraduate program at Virginia Tech. [8] This program, designed for ambitious students, offers dynamic majors: Clinical Neuroscience, Cognitive and Behavioral Neuroscience, Computational and Systems Neuroscience, and Neuroscience. [8] Whether you aspire to become a physician, researcher, or industry innovator, our curriculum ensures you are prepared. Many of our students follow a pre-med track, gaining a robust foundation that paves the way for medical school and beyond. [8] With a comprehensive education that spans the fundamentals of brain functioning, research, healthcare, and numerous other fields, you'll be equipped to tackle the complexities of the human brain and nervous system. [8] Our interdisciplinary approach integrates knowledge from biology, psychology, computer science, and more, fostering a holistic understanding of neuroscience. [8] As part of our Computational and Systems Neuroscience major, you'll also delve into artificial intelligence, gaining skills to leverage AI in understanding neural processes and developing innovative solutions. [8] Beyond academics, we emphasize professional development, ensuring you acquire essential problem-solving and critical thinking skills. [8] With global perspectives and study abroad opportunities, you'll be prepared to apply your knowledge in diverse, real-world contexts. [8] Join us to synthesize and apply knowledge in innovative ways, preparing you for a future where you can make a significant impact in your chosen field. [8]",,"The official university website for Virginia Polytechnic Institute and State University, commonly known as Virginia Tech, is vt.edu.

Virginia Tech is a public, land-grant research university with its main campus located in Blacksburg, Virginia. The university offers a wide range of undergraduate and graduate degree programs.",,,,FALSE,True,,,,,,,,,,,,,,,,,,,,,False,False,,,115.0,,,,6.5,,,53.0,,80,,,,,,,,,,,,,,FALSE,,,FALSE,FALSE,,,False
,Bachelor of Science in Ocean Engineering,,,,,Undergraduate,Fall 2026,,,,Not Required,Not Required,Not Required,Required,"Virginia Tech reviews applications through a holistic process. The primary factors considered are academic achievement, including the rigor of the student's high school curriculum and their grades. Applicants submit their academic record through the Self-Reported Academic Record (SRAR). Beyond academics, Virginia Tech also considers extracurricular activities, a student's personal statement (Ut Prosim Profile), and disciplinary record.",Not Required,,False,True,True,False,False,False,,True,False,False,False,True,True,False,False,False,,,,,,,,,,,,"['Aero/hydrodynamics', 'Dynamics, Control, and Estimation', 'Energy and the Environment', 'Naval Engineering', 'Propulsion', 'Space Engineering', 'Structures and Materials', 'Vehicle and System Design']","The Kevin T. Crofton Department of Aerospace and Ocean Engineering offers a Bachelor of Science degree in aerospace and ocean engineering. Students may major in either aerospace engineering or ocean engineering. These majors share many course requirements, because the two curricula cover a broad range of common interests and offer a wide range of technical electives. Students may double major—aerospace with ocean engineering or ocean with aerospace engineering. The Department also offers a minor in naval engineering, which is open to non-AOE students.. [3] The department's curricula are vehicle oriented, with an emphasis on propulsion, aero/hydrodynamics, stability and control, vehicle performance, vehicle structures, and energy and the environment. A year-long capstone design experience in the senior year uses the group design process to both better simulate the way design is done in the real world and promote the benefits of collaborative learning. [3] Ocean engineering (OE) deals with the design of ships of all types. The field is often called naval architecture. It involves fluid mechanics, propulsion, structures, vehicle dynamics, and marine engineering. The curriculum culminates in an international award-winning design sequence in which students design a complete ship. [6]",,"The official university website for Virginia Polytechnic Institute and State University, commonly known as Virginia Tech, is vt.edu.

Virginia Tech is a public, land-grant research university with its main campus located in Blacksburg, Virginia. The university offers a wide range of undergraduate and graduate degree programs.","The Bachelor of Science in Aerospace and Ocean Engineering (BSAOE) degree program, Ocean Engineering major is accredited by the Engineering Accreditation Commission of ABET, under the commission's General Criteria and Program Criteria for Naval Architecture, Marine Engineering, Ocean Engineering and Similarly Named Engineering Programs. [7]",,,FALSE,True,,,,,,,,,,,,,,,,,,,,,False,False,,,115.0,,,,6.5,,,59.0,,80,,,,,,,,,,,,,,FALSE,,,FALSE,FALSE,,,False
,Bachelor of Science in Packaging Systems and Design,,,,,Undergraduate,Fall 2026,,,,Not Required,Not Required,Not Required,Required,A minimum of 120 credit hours is required for graduation. An in-major and overall GPA of 2.0 is required for graduation. A sequence of two (2) foreign language courses is required for graduation unless two (2) high school credits of the same foreign language or six (6) transfer credit hours of foreign language have been earned.,Not Required,,True,False,True,False,False,False,,True,False,False,False,True,True,True,False,False,,,,College of Natural Resources and Environment,,,,,,,,,"If you are looking for a creative, interesting and always-changing field, where design is the key to engineering products that are easily recycled and re-used to reduce waste for a greener planet, then you are needed in the Packaging Systems and Design program of Virginia Tech. The Packaging Systems and Design program of Virginia Tech a includes several aspects of sustainable materials and biomaterials in packaging for transportation, storage and delivery of products that must withstand loads, and how all components of the “package” interact. [13] This major will help enhance your understanding of cradle to grave issues in the recycling and re-use of packaging materials as well as explore how those issues are critical both to the environment as well as to business economics. [13] Increasingly important in packaging is the development of new materials that can be used with foods and drugs for storage and delivery. [13]",,"The official university website for Virginia Polytechnic Institute and State University, commonly known as Virginia Tech, is vt.edu.

Virginia Tech is a public, land-grant research university with its main campus located in Blacksburg, Virginia. The university offers a wide range of undergraduate and graduate degree programs.",,,,FALSE,True,,4.0,2.0,,,,,,,,,,,,,,,,,,False,False,,,110.0,,,,6.5,,,59.0,,80,,,,,,,,,,,"The College of Natural Resources and Environment awarded over $423,000 in scholarships for the 2023-2024 academic year to over 110 undergraduate students. [1] The Department of Sustainable Biomaterials has over $57,000 in scholarships to award each year. [40] Specific scholarship amounts within the college include awards of approximately $1,200, $1,800, $2,450, and up to around $17,000. [1]",,"Need-based and merit-based scholarships are available. [1] Criteria for some scholarships include demonstrated interest in the forest industry, academic achievement, extracurricular leadership, and community service. [40] There is also a scholarship specifically for students majoring in Packaging Systems and Design. [24]",FALSE,,,FALSE,FALSE,,,False
,Bachelor of Arts in Philosophy,,,,,Undergraduate,Fall 2026,,,,Not Required,Required,Not Required,Required,"To be a first-year applicant to Virginia Tech, you must complete 18 units of high school coursework, including: 4 units of English; 3 units of math (includes algebra I, and algebra II); 2 units of laboratory science (chosen from biology, chemistry or physics); 2 units of social science (one must be history); 3 additional academic units (foreign language is highly recommended); 4 elective units. In addition, all degree-seeking applicants are required to complete the Ut Prosim Profile, which consists of four short-answer questions with a 120-word limit per response. [8]",Not Required,,True,False,False,False,False,False,,False,False,False,False,False,False,False,False,False,,,,College of Liberal Arts and Human Sciences,,,,,,,,Pre-Medical Professions,"Courses in philosophy aim at critical understanding and rigorous evaluation of the concepts underlying our views concerning the nature of reality, what sorts of things there are, what can be known, what is of value, and what people ought to do and to aim at. [12] The department offers both B.A. and M.A. degrees. [12] Philosophy majors receive a strong liberal arts education and are prepared for careers that require a broad perspective and independent judgment. [12] They are prepared for graduate work in a variety of scholarly and professional fields. [12] An undergraduate philosophy major is especially appropriate for the student considering law school, medical school, or other professional schools. [12] In addition, philosophy may be chosen as a minor. [12] Major in philosophy at Virginia Tech to engage with the world of ideas and learn effective reasoning. [7] Work with award-winning faculty to gain hands-on experience through special projects, study abroad, and internships. [7] The major offers a degree track in pre-medical professions for students interested in pursuing careers in health or medicine. [7] The philosophy major positions you for graduate and professional school as well as a variety of careers in business, education, government, journalism, law, medicine, and public policy. [7]",,"The official university website for Virginia Polytechnic Institute and State University, commonly known as Virginia Tech, is vt.edu.

Virginia Tech is a public, land-grant research university with its main campus located in Blacksburg, Virginia. The university offers a wide range of undergraduate and graduate degree programs.",,,"For the 2023-2024 academic year, the per-credit-hour tuition rate for undergraduate students taking 1-11 credits is $483.25 for Virginia residents and $1,372.75 for non-Virginia residents. Additional fees apply per credit hour. [4]",FALSE,False,"While there isn't a specific maximum number of failing grades, students are limited to three attempts for any single course. Academic standing is based on GPA, and a cumulative GPA below 2.0 results in academic probation, which can lead to suspension if not rectified.",4.0,2.0,,,,,,,,,,,,,,,,,,False,False,,,115.0,,,,6.5,,,59.0,,80,,,,,,,,,,,"The Presidential Scholarship Initiative offers an award that covers the full cost of tuition, fees, room, and board for eligible in-state students. [23] Other leadership scholarships administered by the Division of Student Affairs typically range from $1,000 to $4,000. [23]",,Virginia Tech offers both need-based and merit-based scholarships. [23],FALSE,,,FALSE,FALSE,,,False
,"Bachelor of Arts in Philosophy, Politics, and Economics",,,,,Undergraduate,Fall 2026,,,,Not Required,Required,Not Required,Required,"To be a first-year applicant to Virginia Tech, you must complete 18 units of high school coursework, including: 4 units of English; 3 units of math (includes algebra I, geometry, and algebra II); 2 units of laboratory science (chosen from biology, chemistry or physics); 2 units of social science (one must be history); 3 additional academic units (foreign language is highly recommended); and 4 elective units. All applicants must also submit the Ut Prosim Profile, which consists of four short-answer questions with a 120-word limit per question. [3, 4]",Not Required,,True,False,True,False,False,False,,True,False,False,False,True,True,False,False,False,,,,College of Liberal Arts and Human Sciences,,,,,,,,,"You will study some of the most important social, ethical, economic, and political problems that our contemporary societies face. Our program thinks about the wellbeing of individuals and societies in the 21st century. You will have the opportunity to take classes from many different disciplines and complete a research project. [10] Our world faces problems that often cut across the boundaries of academic programs. [10] Questions concerning market regulations, responsibilities of non-profit organizations, environmental sustainability, poverty, and global justice are all concepts that can only be considered through multiple perspectives. A major in philosophy, politics, and economics provides such analysis. [10] You will develop comprehensive solutions that are economically sound, socially, ethically, and politically informed to solve complex problems. [10]",,"The official university website for Virginia Polytechnic Institute and State University, commonly known as Virginia Tech, is vt.edu.

Virginia Tech is a public, land-grant research university with its main campus located in Blacksburg, Virginia. The university offers a wide range of undergraduate and graduate degree programs.",,,,FALSE,False,,4.0,2,,,,,,,,,,,,,,,,,,False,False,,,115.0,,,,6.5,,,59.0,,80,,,,,,,,,,,,,"Merit-based, Need-based, Departmental",FALSE,,,FALSE,FALSE,,,False
,Bachelor of Science in Physics,,,,,Undergraduate,Fall 2026,,,,Not Required,Not Required,Not Required,Required,"To be a first-year applicant to Virginia Tech, you must complete: 18 units of high school coursework, including: 4 units of English; 3 units of math (includes algebra I, and algebra II); 2 units of laboratory science (chosen from biology, chemistry or physics); 2 units of social science (one must be history); 3 additional academic units (foreign language is highly recommended); 4 elective units. The application is reviewed holistically, considering academic rigor, grades, and standardized test scores if submitted.",Not Required,,True,False,False,False,False,False,,False,False,False,False,False,False,False,False,False,,,,College of Science,"For the 2024-2025 academic year, the estimated annual tuition for a full-time undergraduate student is part of the overall 'Fees' and is not listed as a separate line item. The combined tuition and mandatory fees are approximately $15,950 per year for in-state students and $36,956 per year for out-of-state students.",,,,,,,"['Physics Education', 'Pre-Health', 'Pre-Law']","The physics curriculum provides a broad background in scientific inquiry, quantitative problem solving, emerging research frontiers, and communication skills. [4] Students can pursue either a B.S. or a B.A. according to their career goals. [4] The B.S. is recommended for students interested in graduate study or in leadership or technical positions in industry or government. [4] It may lead to a 5-year B.S./M.S. for qualified students. [4] The B.A. allows students to pursue a more flexible program with a strong background in physics. [4] It is ideal for students interested in science-education certification or as a pre-med or pre-law degree. [4] Students are strongly encouraged to participate in undergraduate research opportunities. [4] Many of these projects are highly interdisciplinary. [4] Internships and study-abroad experiences can be arranged. [4] The department offers excellent computer facilities and a student machine shop. [4]",,"The official university website for Virginia Polytechnic Institute and State University, commonly known as Virginia Tech, is vt.edu.

Virginia Tech is a public, land-grant research university with its main campus located in Blacksburg, Virginia. The university offers a wide range of undergraduate and graduate degree programs.",,,"For the 2024-2025 academic year, the per-credit-hour tuition for undergraduate students is $559.75 for Virginia residents and $1,424.50 for non-residents.",FALSE,True,,4.0,2.0,,,,,,,,,,,,,,,,,,False,False,,,110.0,,,,6.0,,,54.0,,79,,,,,,,,,,,,,"Virginia Tech offers a variety of scholarships, including merit-based and need-based awards.",FALSE,,,FALSE,FALSE,,,False
,Bachelor of Arts in Political Science,,,,,Undergraduate,Fall 2026,,,,Not Required,Not Required,Not Required,Required,"To be a first-year applicant to Virginia Tech, you must complete: 18 units of high school coursework, including: 4 units of English. 3 units of math (includes algebra I, and algebra II) 2 units of laboratory science (chosen from biology, chemistry or physics) 2 units of social science (one must be history) 3 additional academic units (foreign language is highly recommended) 4 elective units. [3]",Not Required,,True,False,True,False,False,False,,True,False,False,False,True,True,True,False,False,,,,College of Liberal Arts and Human Sciences,,,,,,,,"['Legal Studies Option', 'National Security Option (NSEC)', 'Social and Political Justice (SPJ) Option']","The department offers courses leading to degrees in Political Science and International Studies. These courses provide understanding of political systems, forms of government, international relations and other political processes throughout the world. Political science courses also offer preparation for careers in government, business, nonprofit/nongovernemnt organizations, law, politics, and education. [9] The general option encourages students to take courses in all of the subfields of political science, including political theory, comparative politics and government, U.S. politics and government, international relations, and research methodologies and methods. [9] This permits students to describe, analyze, and evaluate governments, public policies, and political processes, systems, and behaviors, locally, nationally and globally. [9] Students choosing this option pursue careers in government, nongovernmental organizations, business, education, law, policy analysis, and politics. [9]",,"The official university website for Virginia Polytechnic Institute and State University, commonly known as Virginia Tech, is vt.edu.

Virginia Tech is a public, land-grant research university with its main campus located in Blacksburg, Virginia. The university offers a wide range of undergraduate and graduate degree programs.",,,,FALSE,False,,4.0,2,,,,,,,,,,,,,,,,,,False,False,,,110.0,,,,6.0,,,54.0,,79,,,,,,,,,,,,,"Merit-based, Need-based, Athletic, Community service",FALSE,,,FALSE,FALSE,,,False
,Bachelor of Science in Psychology,,,,,Undergraduate,Fall 2026,,,,Not Required,Not Required,Not Required,Required,"To be a first-year applicant to Virginia Tech, you must complete: 18 units of high school coursework, including: 4 units of English; 3 units of math (includes algebra I, and algebra II); 2 units of laboratory science (chosen from biology, chemistry or physics); 2 units of social science (one must be history); 3 additional academic units (foreign language is highly recommended); 4 elective units. [3] The application is reviewed holistically, considering academic rigor, grades, major requested, and personal qualities as expressed through activities and personal statements in the Ut Prosim Profile. [3]",Not Required,,True,False,True,False,False,False,,True,False,False,False,True,True,False,False,False,,,,College of Science,"For the 2025-2026 academic year, the estimated full-time undergraduate tuition and mandatory fees for Virginia residents are not yet published on the Bursar's website. The most recent comprehensive fee information is for the 2024-2025 academic year. Specific program fees for Psychology were not detailed.",,,,,,,,"Psychology a rich discipline that lies at the crossroads of biology and society. A hub science, it bridges such disparate fields as biology, education, health, business, sociology, marketing, engineering, and neuroscience. Psychological science is integral to understanding the fundamental building blocks of human behavior and necessary for addressing current societal issues. [11] The program provides a strong, broad-based education. [7, 11] Students study all aspects of psychology and, through research, can pursue an area of interest such as clinical, counseling, developmental, experimental, industrial-organizational, physiological, or social psychology through their choice of courses. [7, 11] Graduates receive a B.S. and are prepared for positions in community agencies, hospitals, rehabilitation centers, prisons, schools, industry, and government agencies. [7, 11] It is important to note, however, that a career as a professional psychologist requires graduate training. [7]",,"The official university website for Virginia Polytechnic Institute and State University, commonly known as Virginia Tech, is vt.edu.

Virginia Tech is a public, land-grant research university with its main campus located in Blacksburg, Virginia. The university offers a wide range of undergraduate and graduate degree programs.",,,"For the 2025-2026 academic year, the per-credit-hour tuition rate for undergraduate students has not yet been published. Please refer to the Virginia Tech Bursar's website for the most up-to-date information.",FALSE,True,"While a specific maximum number of failing grades is not stated, students must maintain good academic standing. According to the university's academic eligibility policies, undergraduates must maintain a minimum cumulative GPA of 2.0 to be in good academic standing. [24] Falling below this can lead to academic warning, probation, and eventually suspension.",4.0,"A minimum cumulative GPA of 2.0 is required to remain in good academic standing and to graduate. [24] For admission to the major, specific prerequisites must be completed, but a minimum GPA for entry into the major is not explicitly stated on the official website.",,,,,,,,,,,,,,,,,,False,False,,,115.0,,,,6.5,,,59.0,,80,,,,,,,,,,,,,"Virginia Tech offers a variety of scholarships, including merit-based scholarships, need-based scholarships, and scholarships for specific fields of study. These can be from the university itself, individual colleges, or private donors.",FALSE,,,FALSE,FALSE,,,False
,Bachelor of Arts in Public and Urban Affairs,,,,,Undergraduate,Fall 2026,,,,Not Required,Not Required,Not Required,Required,"To be a first-year applicant to Virginia Tech, you must complete 18 units of high school coursework, including 4 units of English, 3 units of math, 2 units of laboratory science, 2 units of social science, 3 additional academic units, and 4 elective units. Virginia Tech conducts a holistic review of applications, considering academic rigor, grades, and personal qualities demonstrated through activities and personal statements. [7]",Not Required,,False,True,True,False,False,False,,True,False,False,False,True,True,False,False,False,,,,,,,,,,,,"['Smart and Sustainable Cities (SSC)', 'Environmental Policy and Planning (EPP)']","To create future leaders, we need students who have a global perspective, who are able to work collaboratively with diverse people in transdisciplinary settings, engage in critical and creative thinking, and make decisions based on evidence and a deep sense of ethics. It is this vision that underpins our new undergraduate program. [2] In the fall of 2018, our first cohort of students began one of our two new majors in Smart and Sustainable Cities (SSC) and Environmental Policy and Planning (EPP). [2] Both of these majors are offered as part of a Bachelor of Arts in Public and Urban Affairs (PUA). [2] The SSC major is completely new and is one of the first majors in the United States to integrate urban analytics and sustainable urbanization. [2] The EPP major draws from the long and successful legacy of the Bachelor of Science in Environmental Policy and Planning, and will provide students with the knowledge and skills needed to understand complex environmental challenges and develop enduring solutions. [2]",,"The official university website for Virginia Polytechnic Institute and State University, commonly known as Virginia Tech, is vt.edu.

Virginia Tech is a public, land-grant research university with its main campus located in Blacksburg, Virginia. The university offers a wide range of undergraduate and graduate degree programs.",,,,FALSE,False,,,,,,,,,,,,,,,,,,,,,False,False,,,115.0,,,,6.5,,,59.0,,80,,,,,,,,,,,,,,FALSE,,,FALSE,FALSE,,,False
,Bachelor of Arts in Public Health,,,,,Undergraduate,Fall 2026,,,,,,,,,,,True,True,False,False,False,False,,False,False,False,False,False,False,False,False,False,,,,Virginia-Maryland College of Veterinary Medicine,,,,,,,,,,,"The official university website for Virginia Polytechnic Institute and State University, commonly known as Virginia Tech, is vt.edu.

Virginia Tech is a public, land-grant research university with its main campus located in Blacksburg, Virginia. The university offers a wide range of undergraduate and graduate degree programs.",,,"In-state: $548.00/credit hour, Out-of-state: $1,432.25/credit hour (2024-2025)",FALSE,False,,,2.0,,,,,,,,,,,,,,,,,,False,False,,,,,,,,,,,,,,,,,,,,,,,,,"Merit-based, Need-based",FALSE,,,FALSE,FALSE,,,False
,Bachelor of Arts in Public Relations,,,,,Undergraduate,Fall 2026,,,,Not Required,Not Required,Not Required,Required,"Virginia Tech does not offer a specific major in 'Bachelor of Arts in Public Relations'. Public Relations is a major within the School of Communication. As such, applicants should follow the general first-year application requirements for admission to the university.",Not Required,,True,False,False,False,False,False,,False,False,False,False,False,False,False,False,False,,,,College of Liberal Arts and Human Sciences,"Undergraduate In-state: $16,526/year, Undergraduate Out-of-state: $38,977/year",,,,,,,,,,"The official university website for Virginia Polytechnic Institute and State University, commonly known as Virginia Tech, is vt.edu.

Virginia Tech is a public, land-grant research university with its main campus located in Blacksburg, Virginia. The university offers a wide range of undergraduate and graduate degree programs.",,,"In-state: $564.25/credit hour, Out-of-state: $1,805.25/credit hour",FALSE,False,,4.0,2,,,,,,,,,,,,,,,,,,False,False,,,110.0,,,,6.0,,,54.0,,79,,,,,,,,,,,,,"Merit-based, Need-based",FALSE,,,FALSE,FALSE,,,False
,Bachelor of Science in Real Estate,,,,,Undergraduate,Fall 2026,,,,Not Required,Not Required,Not Required,Required,Application to the Bachelor of Science in Real Estate is handled through the general first-year application process to Virginia Tech. Applicants must use the Common Application. There are no specific program requirements listed for the Real Estate major beyond the general university admission requirements for first-year students. The university conducts a holistic review of applicants.,Not Required,,True,False,True,False,False,False,,True,False,False,False,True,True,True,False,False,,,,Pamplin College of Business,"$15,948/Year for in-state students and $40,442/Year for out-of-state students for the 2024-2025 academic year. [17]",,,,,,,The Bachelor of Science in Real Estate at Virginia Tech offers two majors: Real Estate for Commercial Properties and Real Estate for Residential Properties.,"The B.S. Real Estate degree provides students with comprehensive, interdisciplinary training. Courses in real estate development, finance, law, management, and market analysis are combined with electives and experiential learning activities to prepare students for careers in all segments of the real estate industry. The curriculum was developed in collaboration with industry leaders, many of whom engage with students over the course of their studies by guest lecturing, serving as mentors, and offering internship opportunities.",,"The official university website for Virginia Polytechnic Institute and State University, commonly known as Virginia Tech, is vt.edu.

Virginia Tech is a public, land-grant research university with its main campus located in Blacksburg, Virginia. The university offers a wide range of undergraduate and graduate degree programs.",,,The university's tuition and fees schedule does not provide a flat per-credit-hour rate for all undergraduate courses. The cost for part-time enrollment (1-6 credit hours) is available on the Bursar's Office website. [17],FALSE,False,,4.0,2.0,,,,,,,,,,,,,,,,,,False,False,,,110.0,,,,6.0,,,54.0,,79,,,,,,,,,,,"Undergraduate scholarships in the Blackwood Department of Real Estate have a recommended minimum of $50,000 to $100,000 or more. [40] Specific scholarship amounts, like the Lucy B. Coleman Scholarship, vary. [34]",,"Scholarships are available based on academic achievement, financial need, and an interest in specific fields like banking and real estate. [44]",FALSE,,,FALSE,FALSE,,,False
,Bachelor of Arts in Religion and Culture,,,,,Undergraduate,Fall 2026,,,,Not Required,Required,Not Required,,"Admissions for the Bachelor of Arts in Religion and Culture is paused for the 2026-2027 academic year. For general freshman applicants, Virginia Tech requires the Common Application, which includes a personal essay. Applicants must also self-report their high school transcript. An application fee of $55 is required. [2]",Not Required,,True,False,False,False,False,False,,False,False,False,False,False,False,False,False,False,,,,College of Liberal Arts and Human Sciences,,,,,,,,,"As an interdisciplinary department, our students gain experience using multiple methodologies by working with our faculty who specialize in fields as diverse as linguistic and cultural anthropology, literature, religious studies, history, ethnomusicology, communication, musicology, and cultural studies. [4] As the only Department of Religion and Culture in the nation, we are able to offer a unique perspective on the role religion plays all across the world. [4] We offer opportunities to participate in undergraduate research, get real-world experience through internships, and engage with global culture while studying abroad. [4] Our classes explore the past, present, and future of religious and cultural change on human life around the world. [6] During their course of study, students investigate how factors such as geography, history, and popular culture shape communities and traditions and influence politics and society. [6] They graduate with highly sought-after skills, including the ability to think critically and value diversity. [6]",,"The official university website for Virginia Polytechnic Institute and State University, commonly known as Virginia Tech, is vt.edu.

Virginia Tech is a public, land-grant research university with its main campus located in Blacksburg, Virginia. The university offers a wide range of undergraduate and graduate degree programs.",,,,FALSE,False,,4.0,2.0,,,,,,,,,,,,,,,,,,False,False,,,,,,,,,,,,,,,,,,,,,,,,,"Merit-based, Need-based",FALSE,,,FALSE,FALSE,,,False
,Bachelor of Science in Smart and Sustainable Cities,,,,,Undergraduate,Fall 2026,,,,Not Required,Not Required,Not Required,Required,"Application requirements for first-year students are not specified on a dedicated checklist on the university's website. Applicants typically apply through the Common Application, which includes a personal essay. Specific document requirements beyond the standard application, such as a resume or separate statement of purpose, are not mentioned for general admission.",Not Required,,True,False,True,False,False,False,,True,False,False,False,True,True,False,False,False,,,,College of Liberal Arts and Human Sciences,,,,,,,,"['Urban Policy and Decision-Making', 'GIS and Data', 'Cities, Culture, and Place', 'Economics', 'International Development']","In this major, you will learn about the dynamics of urban change over time and space. [3] You will also gain a deep understanding of sustainable urban development and how smart technology and urban analytics can be used to create solutions for the cities of the future. The core of the major consists of two parallel tracks. The first track focuses on urban analytics and decision-making, where students develop modeling and data visualization skills. [3, 4] The second track focuses on sustainable urbanization and the future of cities, with a focus on the interdependence of social, economic, environmental, and technological factors. [3, 4] These tracks are integrated through a course on data and the art of decision-making and a fusion studio where students apply their knowledge to real-world problems. [3, 4]",,"The official university website for Virginia Polytechnic Institute and State University, commonly known as Virginia Tech, is vt.edu.

Virginia Tech is a public, land-grant research university with its main campus located in Blacksburg, Virginia. The university offers a wide range of undergraduate and graduate degree programs.",,,,FALSE,False,,4.0,2,,,,,,,,,,,,,,,,,,False,False,,,115.0,,,,6.5,,,59.0,,80,,,,,,,,,,,,,"All first-time students are considered for the Virginia Tech Scholars Scholarship program. The College of Liberal Arts and Human Sciences also offers various scholarships, some based on merit and others on financial need.",FALSE,,,FALSE,FALSE,,,False
,Bachelor of Arts in Sociology,,,,,Undergraduate,Fall 2026,,,,Not Required,Required,Not Required,Required,"To apply for first-year admission, applicants must have completed 18 units of high school coursework, including 4 units of English, 3 units of math (including algebra I and II), 2 units of laboratory science (from biology, chemistry, or physics), 2 units of social science (one must be history), 3 additional academic units (foreign language is highly recommended), and 4 elective units. The application is subject to a holistic review which considers academic performance (grades, rigor of curriculum, and optional standardized test scores) and a personal review of activities, a disciplinary record, first-generation status, interest in the Corps of Cadets, and personal statements through the Ut Prosim Profile. [3]",Not Required,,True,True,False,False,False,False,,False,False,False,False,False,False,False,False,False,,,,College of Liberal Arts and Human Sciences,,,,,,,,,,,"The official university website for Virginia Polytechnic Institute and State University, commonly known as Virginia Tech, is vt.edu.

Virginia Tech is a public, land-grant research university with its main campus located in Blacksburg, Virginia. The university offers a wide range of undergraduate and graduate degree programs.",,,,FALSE,False,,,,,,,,,,,,,,,,,,,,,False,False,,,115.0,,,,6.5,,,59.0,,80,,,,,,,,,,,,,"Grants, scholarships, loans, and work-study opportunities.",FALSE,,,FALSE,FALSE,,,False
,Bachelor of Arts in Spanish,,,,,Undergraduate,Fall 2026,,,,Not Required,Not Required,Not Required,Required,"To be a first-year applicant to Virginia Tech, you must complete 18 units of high school coursework. This includes 4 units of English, 3 units of math (including algebra I, geometry, and algebra II), 2 units of laboratory science (from biology, chemistry, or physics), 2 units of social science (one must be history), 3 additional academic units, and 4 elective units. Foreign language is highly recommended. [5] Virginia Tech uses a holistic review process, considering academic rigor, grades, intended major, personal statements (Ut Prosim Profile), and activities outside the classroom. [5, 17] First-year applicants who have only attended high school in the U.S. must submit a Self-reported Transcript and Academic Record System (STARS) Record. [9]",Not Required,,True,False,True,False,False,False,,True,False,False,False,True,True,False,False,False,,,,College of Liberal Arts and Human Sciences,,,,,,,,,"The Spanish major offers courses in Hispanic culture, literature, film, linguistics, and Spanish for professions such as medical, business, teaching, and translation. [5] Students have multiple study abroad options, including a six-week summer program in Madrid, a pilgrimage on the Camino de Santiago, a summer or semester-long program in Ecuador, and an exchange program with the Universidad de Oviedo. [5] There is also a two-week, on-campus summer immersion program for advanced undergraduate students. [5] You'll take coursework focused on improving your verbal and written communication skills to master the language. [4] We spotlight Hispanic culture, literature, linguistics, and professional preparation. [4] Our students study business and translation as it relates to the Hispanic community. [4]",,"The official university website for Virginia Polytechnic Institute and State University, commonly known as Virginia Tech, is vt.edu.

Virginia Tech is a public, land-grant research university with its main campus located in Blacksburg, Virginia. The university offers a wide range of undergraduate and graduate degree programs.",,,,FALSE,False,,4.0,2.0,,,,,,,,,,,,,,,,,,False,False,,,115.0,,,,6.5,,,59.0,,80,,,,,,,,,,,,,"Grants, loans, scholarships, and employment-based opportunities such as Federal Work-Study. Scholarships can be institutional or external.",FALSE,,,FALSE,FALSE,,,False
,Bachelor of Science in Statistics,,,,,Undergraduate,Fall 2026,,,,Not Required,Not Required,Not Required,Required,"To be a first-year applicant to Virginia Tech, you must complete: 18 units of high school coursework, including: 4 units of English; 3 units of math (includes algebra I, and algebra II); 2 units of laboratory science (chosen from biology, chemistry or physics); 2 units of social science (one must be history); 3 additional academic units (foreign language is highly recommended); 4 elective units. [3]",Not Required,,True,True,,,False,False,,True,False,False,False,False,True,False,False,False,,,,College of Science,"{'in-state': '$15,948 per year', 'out-of-state': '$40,442 per year'}",,,,,,,"['Statistics with statistical data science option', 'Statistics with statistical methods and theory option']","Statistics is the development and application of methods to collect, analyze, interpret, and learn from data. The study of statistics is crucial in understanding the world around us. All scientific fields rely on statistics to turn data into meaningful information. Good statistical practice relies on comprehensive critical thinking that merges quantitative, mathematical and computer science skills with qualitative forms of thought. [3] Our curriculum couples math, probability, inference, and computer science courses with statistical application, technical writing, and communication classes. We encourage students to minor in other areas and give academic credit for internships. When students major in Statistics, they receive a Bachelor of Science in Statistics and find employment in industry and at government agencies. Graduates in statistics are well prepared to begin graduate school in applied areas. [3]",,"The official university website for Virginia Polytechnic Institute and State University, commonly known as Virginia Tech, is vt.edu.

Virginia Tech is a public, land-grant research university with its main campus located in Blacksburg, Virginia. The university offers a wide range of undergraduate and graduate degree programs.",,,"{'in-state': '$548 per credit hour', 'out-of-state': '$1,432.25 per credit hour'}",FALSE,True,,4.0,2,,,,,,,,,,,,,,,,,,False,False,,,,,,,6.5,,,,,90,,,,,,,,,,,Varies,,"Merit-based, Need-based",FALSE,,,FALSE,FALSE,,,False
,Bachelor of Fine Arts in Studio Art,,,,,Undergraduate,Fall 2026,,,,Not Required,Required,Not Required,Required,"As a Studio Art major, you will take 120 credit hours for a Bachelor of Fine Arts (BFA) degree, including Virginia Tech's Pathways General Education. During the first year, students complete a series of Foundations Studio courses together with all SOVA BFA majors. These courses introduce drawing, painting, photography, and sculpture. Students also take courses in professional practices. The curriculum includes opportunities for elective courses in graphic design, creative technologies, and art history. A two-course capstone experience, Senior Studio, culminates in a professional public exhibition. [13]",Not Required,,True,False,True,False,False,False,,True,False,False,False,True,True,False,False,False,,,,School of Visual Arts,"$15,950 per year for in-state students and $37,163 per year for out-of-state students for the 2024-2025 academic year. [37]",,,,,,,,"Situated within a nationally recognized research institution, SOVA attracts students and faculty who value the study of art in a broad cultural and intellectual context. Pursuing a B.F.A. degree in Studio Art equips emerging artists with critical thinking skills, visual and cultural literacy, and the technical skills to communicate their ideas through visual art. As a Studio Art major, you will take 120 credit hours for a Bachelor of Fine Arts (BFA) degree, including Virginia Tech's Pathways General Education. During the first year, students complete a series of Foundations Studio courses together with all SOVA BFA majors. Students begin taking their required studio art courses in their second semester and continue throughout year two. During dissipate, Studio Art majors move on to build skills through core studio courses in painting, drawing, sculpture, and photography. Our students also take courses in professional practices that prepare them for careers in a variety of creative fields. Studio Art students and faculty produce research and creative work that spans disciplinary boundaries. Our flexible curriculum includes opportunities for students to take elective courses in graphic design, creative technologies, and art history.",,"The official university website for Virginia Polytechnic Institute and State University, commonly known as Virginia Tech, is vt.edu.

Virginia Tech is a public, land-grant research university with its main campus located in Blacksburg, Virginia. The university offers a wide range of undergraduate and graduate degree programs.",,,,FALSE,False,,4.0,,,,,,,,,,,,,,,,,,,False,False,,,115.0,,,,6.5,,,59.0,,80,,,,,,,,,,,,,Merit-based and/or need-based,FALSE,,,FALSE,FALSE,,,False
,Bachelor of Science in Sustainable Biomaterials,,,,,Undergraduate,Fall 2026,,,,Not Required,Not Required,Not Required,,"Prospective undergraduate students apply for admission through the Virginia Tech Office of Admissions. Admission is competitive, so pay careful attention to all deadlines and requirements. Also, if you are interested in a major in CNRE, make sure you list this program as your first choice major when you apply. [1]",Not Required,,True,False,False,False,False,False,,False,False,False,False,False,False,False,False,False,,,,,,,,,,,,"['Sustainable Biomaterials Science', 'Sustainable Residential Structures']","Students pursing a major in sustainable biomaterials are working to build a “greener” future through the innovative use of natural resources to make the cutting-edge products our society needs. This major focuses on the development of products made from renewable natural materials; you'll learn about the use of these materials in the consumer products, green construction, and biofuel industries. In addition, you'll also acquire the skills and knowledge needed to produce and market these materials. [1] Students majoring in sustainable biomaterials take common core courses in the following areas: wood, design, and craftsmanship; structure and properties of sustainable biomaterials; forest products marketing; biodeterioration, bioconversion, and bioenergy; and entrepreneurial wood design and innovation. [1]",,"The official university website for Virginia Polytechnic Institute and State University, commonly known as Virginia Tech, is vt.edu.

Virginia Tech is a public, land-grant research university with its main campus located in Blacksburg, Virginia. The university offers a wide range of undergraduate and graduate degree programs.","The Sustainable Biomaterials major is accredited by the Society of Wood Science and Technology, the recognized accrediting body. [2, 11]",,,FALSE,True,,,,,,,,,,,,,,,,,,,,,False,False,,,,,,,,,,,,,,,,,,,,,,,,,,FALSE,,,FALSE,FALSE,,,False
,Bachelor of Arts in Theatre Arts,,,,,Undergraduate,Fall 2026,,,,Not Required,Not Required,Not Required,Required,"Virginia Tech requires first-year applicants to submit the Common Application, a non-refundable application fee, and to self-report their high school transcript. An essay is also a required part of the Common Application. Letters of recommendation are not required but may be submitted.",Not Required,,True,False,True,False,False,False,,True,False,False,False,True,True,False,False,False,,,,School of Performing Arts,,,,,,,,,"An interdisciplinary degree, the bachelor of arts in theatre and cinema provides a comprehensive education in the context of a broad liberal arts course of study. The curriculum emphasizes the theoretical, the historical, and the practical. The program provides a foundation in dramatic literature, theatre and film history, play-writing, and production. Advanced courses are available in acting, scene and costume design, lighting, theatre production, and cinema studies and production. The school produces between 12 and 18 theatre pieces annually, led by practicing artists/teachers. Students are encouraged to become involved in all areas of production. Auditions and crew assignments are open to all university students.",,"The official university website for Virginia Polytechnic Institute and State University, commonly known as Virginia Tech, is vt.edu.

Virginia Tech is a public, land-grant research university with its main campus located in Blacksburg, Virginia. The university offers a wide range of undergraduate and graduate degree programs.","{'accrediting_body_name': 'National Association of Schools of Theatre', 'status': 'Accredited'}",,"For the 2025-2026 academic year, the undergraduate tuition for Virginia residents is $564.25 per credit hour for 12 or more credits, and for non-Virginia residents, it is $1,654.00 per credit hour for 12 or more credits. [32]",FALSE,False,,,,,,,,,,,,,,,,,,,,,False,False,,,115.0,,,,6.5,,,59.0,,80,,,,,,,,,,,,,The College of Liberal Arts and Human Sciences offers scholarships based on merit and financial need. [1],FALSE,,,FALSE,FALSE,,,False
,"Bachelor of Science in Water: Resources, Policy, and Management",,,,,Undergraduate,Fall 2026,,,,Not Required,Not Required,Not Required,Required,,Not Required,,False,True,True,False,False,False,,True,False,False,False,True,True,True,False,False,,,,College of Natural Resources and Environment,,,,,,,,"['Water Science Specializations', 'Water Policy Specializations']","Students in the water: resources, policy, and management major are preparing to solve problems facing our global water system such as the development of efficient water systems for homes, ensuring a supply of clean drinking water, and managing the effects of climate change. [3] The program requires core courses in areas such as watershed assessment, management, and policy; water quality; watershed hydrology; water resources and environmental issues; and physics. [3, 5] Students also complete courses in a number of water science specialization areas such as aquatic ecosystems, hydrology, water quality, and/or water treatment and public health, as well as courses in water law, planning, and economics; geospatial technology; water policy; and technical writing. [3, 5] Graduates are prepared to take an active role in finding new and better ways to conserve, use, and sustain vital water resources. [4]",,"The official university website for Virginia Polytechnic Institute and State University, commonly known as Virginia Tech, is vt.edu.

Virginia Tech is a public, land-grant research university with its main campus located in Blacksburg, Virginia. The university offers a wide range of undergraduate and graduate degree programs.",An option is available for students interested in pursuing a Professional Hydrology certification with the American Institute of Hydrology after completing their B.S. and five years of experience. [1],,,FALSE,True,,4.0,,,,,,,,,,,,,,,,,,,False,False,,,110.0,,,,6.0,,,54.0,,550,,,,,,,,,,,,,need-based and merit-based,FALSE,,,FALSE,FALSE,,,False
,Bachelor of Science in Wildlife Conservation,,,,,Undergraduate,Fall 2026,,,,Not Required,Not Required,Optional,Required,"To be a first-year applicant to Virginia Tech, you must complete 18 units of high school coursework. This includes 4 units of English, 3 units of math (including algebra I, geometry, and algebra II), 2 units of laboratory science (chosen from biology, chemistry, or physics), 2 units of social science (one must be history), 3 additional academic units (foreign language is highly recommended), and 4 elective units. [3]",Not Required,,True,False,False,False,False,False,,True,False,False,False,True,True,True,False,False,,,,College of Natural Resources and Environment,"$16,526 per year (in-state), $38,977 per year (out-of-state) for the 2025-26 academic year. [8]",,,,,,,Human Dimensions,"Students can pursue an option in human dimensions and learn about the human considerations that may be the cause or cure for conservation challenges and threats to fish and wildlife populations. [3] The wildlife conservation major addresses both the scientific and human elements of ecosystem management. [3] It covers terrestrial species and their habitats, including birds, mammals, reptiles, and amphibians. [3] You'll study a broad scope of issues, including disease, genetics, human impacts, endangered species, invasive species, and ecosystem management. [3] You'll graduate prepared to take an active role in finding new and better ways to conserve, use, and sustain the world's vital wildlife resources. [3] This is a very research-intensive major and provides excellent preparation for graduate school. [3] Students majoring in wildlife conservation take courses in the following core areas: natural resources and environment, population dynamics, human dimensions of fisheries and wildlife, evolutionary biology, legal foundations, public speaking and writing, chemistry, and statistics. [3] Additional major coursework is also required in wildlife biology, wildlife field biology, conservation, wildlife habitat, genetics, geographic information systems (GIS), ecology, biology, and physical science. [3]",,"The official university website for Virginia Polytechnic Institute and State University, commonly known as Virginia Tech, is vt.edu.

Virginia Tech is a public, land-grant research university with its main campus located in Blacksburg, Virginia. The university offers a wide range of undergraduate and graduate degree programs.","Graduates in Fish and Wildlife Conservation meet certification requirements of the American Fisheries Society and The Wildlife Society, respectively. [9]","For the 2023-2024 academic year, the College of Natural Resources and Environment awarded over $423,000 in scholarships to more than 110 undergraduate students. [19]","For the 2025-2026 academic year, the in-state tuition rate per semester for 12 or more credit hours is $8,263.00, and the out-of-state rate is $19,488.50. The per-credit-hour surcharge for in-state undergraduate students who have completed 125% of their degree requirements is $319.75. [18]",FALSE,True,,4.0,2,,,,,,,,,,,,,,,,,,False,False,,,,,,,6.5,,,53.0,,80,,,,,,,,,,,"The Camp-Younts Foundation Scholarship in Wildlife and the Class of 1952 Scholarship provide an approximate amount of $1,200. [19]",,The university and the College of Natural Resources and Environment offer both need-based and merit-based awards. [19],FALSE,,,FALSE,FALSE,,,False
,Minor in Actuarial Science,,,,,Undergraduate,Fall 2026,,,,Not Required,Not Required,Not Required,Not Required,"The Actuarial Science (ACSC) Minor at Virginia Tech requires the completion of 18 credit hours from three areas of study: Mathematical Statistics, Finance, and Economics. A minor GPA of 2.0 or higher is required, and a grade of B- or better must be earned in specific courses to be eligible for the Society of Actuaries Validation by Educational Experience. [3, 4]",Not Required,,True,False,False,False,False,False,,False,False,False,False,False,False,False,True,False,,,,College of Science,"For the 2025-26 academic year, the annual tuition and mandatory fees are $16,526 for in-state undergraduate students and $38,977 for out-of-state undergraduate students. [3]",,,,,,,,"""Through their knowledge of statistics, finance, and business, actuaries assess the risk of events occurring and help create policies that minimize risk and its financial impact on companies and clients. One of the main functions of actuaries is to help businesses assess the risk of certain events occurring and formulate policies that minimize the cost of that risk."" - Bureau of Labor Statistics. [4] The minor is open to students in all majors, though it is most beneficial if the student is a College of Business or College of Science (statistics, mathematics, or economics) major due to the courses required for the minor. [4] Some of the courses in the minor serve as starting points for learning the concepts covered on the first two actuarial exams (P/1 and FM/2). [4] Most companies hiring actuaries want to see that the students have attempted at least one of the first two exams before graduation. [4] The other courses in the minor meet the Validation by Educational Experience (VEE) requirements of the Society of Actuaries. [4]",,"The official university website for Virginia Polytechnic Institute and State University, commonly known as Virginia Tech, is vt.edu.

Virginia Tech is a public, land-grant research university with its main campus located in Blacksburg, Virginia. The university offers a wide range of undergraduate and graduate degree programs.",,,"For the 2025-26 academic year, the tuition surcharge for certain in-state undergraduate students is $319.75 per credit hour. [6] A detailed breakdown of per-credit hour rates is available on the Bursar's website. [6]",FALSE,True,,4.0,2.0,,,,,,,,,,,,,,,,,,False,False,,,,,,,,,,,,,,,,,,,,,,,"Scholarship amounts vary; for example, the Presidential Campus Enrichment Grant offers up to $5,000 a year, and the Undergraduate Scholar Program offers awards ranging from $500 to $2,000. [9, 11]",,Merit-based and need-based. [7],FALSE,,,FALSE,FALSE,,,False
,Minor in Adaptive Brain and Behavior,,,,,Undergraduate,Fall 2026,,,,Not Required,Not Required,Not Required,Required,"The 18-hour minor in Adaptive Brain and Behavior includes two 3-hour introductory gateway courses, 3 hours of foundational courses, 6 hours of elective courses, and a 3-hour capstone course. For the courses attempted for this minor, students must have a GPA of 2.0 or better. [2, 7, 13]",Not Required,,True,False,True,False,False,False,,True,False,False,False,True,True,False,False,False,,,,College of Liberal Arts and Human Sciences,,,,,,,,,"The Adaptive Brain and Behavior (ABB) minor will help students bridge learning between natural sciences, social science, and the humanities at the nexus of neurophysiology, behavior, and social environment. [3, 5] In addition to meeting Pathways requirements, students completing the ABB minor benefit from having a multidisciplinary perspective on factors that impact health, wellbeing and resilience, and a deeper understanding of the neurobiological underpinnings of thoughts, beliefs, behaviors, and social influences. [3, 5] This minor is valuable to any student interested in how the brain and related neurobiological systems influence individual development, as well as families, schools, communities, and other social-systemic factors. The ABB minor will be professionally relevant to students preparing for a wide variety of disciplines including, but not limited to, biomedical engineering, teaching, counseling, therapy, economics, medicine, and other allied health professions. [3, 4] The 18-hour minor in Adaptive Brain and Behavior includes two 3-hour introductory gateway course, 3 hours of foundational courses, 6 hours of elective courses, and a 3-hour capstone course. [3] For the courses attempted for this minor, students must have a GPA of 2.0 or better. [3]",,"The official university website for Virginia Polytechnic Institute and State University, commonly known as Virginia Tech, is vt.edu.

Virginia Tech is a public, land-grant research university with its main campus located in Blacksburg, Virginia. The university offers a wide range of undergraduate and graduate degree programs.",,,,FALSE,False,,4.0,2,,,,,,,,,,,,,,,,,,False,False,,,115.0,,,,6.5,,,59.0,,80,,,,,,,,,,,,,,FALSE,,,FALSE,FALSE,,,False
,Minor in Advertising,,,,,Undergraduate,Fall 2026,,,,,,Not Required,,,,,False,False,False,False,False,False,,False,False,False,False,False,False,False,False,False,,,,College of Liberal Arts and Human Sciences,"For the 2025-26 academic year, annual tuition and mandatory fees are $16,526 for Virginia undergraduate students and $38,977 for out-of-state undergraduate students.",,,,,,,,"The Advertising Minor introduces students from outside mass communication disciplines to basic principles of paid persuasive communication. The minor requires students to earn 15 credits from units within the School of Communication and 3 credits from the Marketing Department in the Pamplin College of Business. Courses available through the advertising minor address topics such as advertising theory, persuasion, advertising copywriting, account planning, media buying, and social media theory and analytics.",,"The official university website for Virginia Polytechnic Institute and State University, commonly known as Virginia Tech, is vt.edu.

Virginia Tech is a public, land-grant research university with its main campus located in Blacksburg, Virginia. The university offers a wide range of undergraduate and graduate degree programs.",,,,FALSE,False,,4.0,2.0,,,,,,,,,,,,,,,,,,False,False,,,,,,,,,,,,,,,,,,,,,,,,,"The College of Liberal Arts and Human Sciences offers a variety of scholarships, with many requiring the FAFSA, suggesting they are need-based. An example of a scholarship within the college is the Mary Karen Read Memorial Scholarship, with awards ranging from $1,000 to $3,000. [8]",FALSE,,,FALSE,FALSE,,,False
,Minor in Africana Studies,,,,,Undergraduate,Fall 2026,,,,Not Required,Not Required,Not Required,Required,"To add the Minor in Africana Studies, students in the College of Liberal Arts and Human Sciences must submit a ""Change of Minor"" form. [3, 5] Graduation with the minor requires the completion of 18 credit hours. [7] A minimum GPA of 2.0 is required in all courses taken to fulfill the minor, and at least 6 of the credit hours must be at the 3000 level or above. [7]",Not Required,,True,False,True,False,False,False,,True,False,False,False,True,True,False,False,False,,,,College of Liberal Arts and Human Sciences,"The university's Bursar's Office provides tuition and fee schedules for undergraduates. For the 2025-2026 academic year, the full-time undergraduate cost per semester, including tuition and comprehensive fees, is $8,263.00 for Virginia residents and $19,488.50 for non-Virginia residents, for 12 or more credit hours. [13] There is no supplemental fee specifically listed for the College of Liberal Arts and Human Sciences. [34]",,,,,,,,"Africana Studies is an interdisciplinary academic field that focuses on the history, experiences, and culture of people of African descent. Africana scholars study the African continent as well as the African Diaspora. [9] Students explore historical and contemporary African-centered perspectives in History, Political Science and Public Policy, Education, English, Psychology, Religion, Gender, and more. The knowledge and skills learned are of use in a wide range of settings: business, government, community development, nonprofit organizations, law, medicine, and education. [9] It is excellent preparation for graduate school in Africana studies, political science, sociology, anthropology, history, and social work. [9] Africana studies is an interdisciplinary field that teaches students to critically assess present cultural forces, structural forces, and historical conditions impacting people of African descent. [4] You will study the economic, legal, psychological, educational, social, and moral status of people of African descent. [8] The curriculum includes courses in literature, history, sociology, political science, religion and culture, and gender relations. [8]",,"The official university website for Virginia Polytechnic Institute and State University, commonly known as Virginia Tech, is vt.edu.

Virginia Tech is a public, land-grant research university with its main campus located in Blacksburg, Virginia. The university offers a wide range of undergraduate and graduate degree programs.",,,"For the 2025-2026 academic year, undergraduate tuition and fees for one credit hour are $564.25 for Virginia residents and $1,808.50 for non-residents. [13]",FALSE,False,,4.0,2.0,,,,,,,,,,,,,,,,,,False,False,,,115.0,,,,6.5,,,59.0,,80,,,,,,,,,,,"The Presidential Scholarship Initiative (PSI) is a competitive scholarship that covers full tuition, fees, and room and board for in-state Virginia students with significant financial need. [7] Other scholarship awards, such as those for leadership, typically range from $1,000 to $4,000. [7]",,"Virginia Tech offers various scholarships, including need-based and merit-based awards. [7] There are also specific scholarships for students in the College of Liberal Arts and Human Sciences, athletic scholarships, and military scholarships. [4, 7]",FALSE,,,FALSE,FALSE,,,False
,Minor in Agribusiness and Entrepreneurship,,,,,Undergraduate,Fall 2026,,,,Not Required,Not Required,Not Required,Required,"To declare the Minor in Agribusiness and Entrepreneurship, a student must have already declared a major at Virginia Tech. [8] There are specific course prerequisites that must be met before enrolling in the minor's required courses. [8] A minimum grade of 'C' or better is required for each course taken for the minor, and a cumulative GPA of 2.0 or higher is necessary. [8] Additionally, a minimum GPA of 2.0 is required in all courses taken to fulfill the minor's requirements. [3, 9] The minor is not available to students majoring in Agribusiness, Applied Economic Management, Environmental Economics: Management & Policy, International Trade and Development or Food and Health Systems Economics. [3]",Not Required,,True,False,True,False,False,False,,True,False,False,False,True,True,False,False,False,,,,College of Agriculture and Life Sciences,,,,,,,,,"Students are introduced to the world's largest industry: the food industry. Courses supplement an agricultural economics base and provide the skills needed to become managers, business owners, and more in the agricultural sector. [3, 6]",,"The official university website for Virginia Polytechnic Institute and State University, commonly known as Virginia Tech, is vt.edu.

Virginia Tech is a public, land-grant research university with its main campus located in Blacksburg, Virginia. The university offers a wide range of undergraduate and graduate degree programs.",,,,FALSE,False,,4.0,2,,,,,,,,,,,,,,,,,,False,False,,,115.0,,,,6.5,,,53.0,,80,,,,,,,,,,,,,,FALSE,,,FALSE,FALSE,,,False
,Minor in Agricultural and Applied Economics,,,,,Undergraduate,Fall 2026,,,,Not Required,Not Required,Not Required,Not Required,"A minimum minor GPA of 2.0 in all courses taken to fulfill the minor is required. This minor is not available to students majoring in Agribusiness, Applied Economic Management, Environmental Economics: Management & Policy, International Trade and Development or Food and Health Systems Economics.",Not Required,,True,False,False,False,False,False,,False,False,False,False,False,False,False,True,False,,,,,,,,,,,,,"Inspired by our land grant mission and motto Ut Prosim (That I May Serve), we teach, conduct research, and distribute findings that empower a diverse audience of students, stakeholders, and alumni to change the world. [7] Our faculty and graduates have expertise in applied economics and agribusiness principles that, in turn, help address the food, financial, health, development, policy, environmental, and social needs in Virginia and beyond. [7] Students receive a world-renowned education and leave as leaders prepared to serve their communities by addressing the world's most challenging problems. [7] This minor is not available to students majoring in Agribusiness, Applied Economic Management, Environmental Economics: Management & Policy, International Trade and Development or Food and Health Systems Economics. [3, 4, 6]",,"The official university website for Virginia Polytechnic Institute and State University, commonly known as Virginia Tech, is vt.edu.

Virginia Tech is a public, land-grant research university with its main campus located in Blacksburg, Virginia. The university offers a wide range of undergraduate and graduate degree programs.",,,,FALSE,False,,,,,,,,,,,,,,,,,,,,,False,False,,,,,,,,,,,,,,,,,,,,,,,,,,FALSE,,,FALSE,FALSE,,,False
,Minor in Animal and Poultry Sciences,,,,,Undergraduate,Fall 2026,,,,Not Required,Not Required,Not Required,Not Required,"A minimum of 18 credit hours is required to earn a minor in Animal and Poultry Sciences. [1, 3, 5] At least 6 of these credit hours must be at the 3000 or 4000 level. [1, 5] A minimum GPA of 2.0 is required in all courses taken that count toward the minor. [1, 3, 5] To stay in the minor program, students are required to complete at least 3 credits from the listed courses each academic year. [1, 3, 5]",Not Required,,True,False,False,False,False,False,,False,False,False,False,False,False,False,True,False,,,,College of Agriculture and Life Sciences,,,,,,,,,"Provide students with the opportunity to pursue hands-on learning related to the animal science field. Students develop a general understanding of the biology, industry structures, and uses of production and companion animals. [5]",,"The official university website for Virginia Polytechnic Institute and State University, commonly known as Virginia Tech, is vt.edu.

Virginia Tech is a public, land-grant research university with its main campus located in Blacksburg, Virginia. The university offers a wide range of undergraduate and graduate degree programs.",,,,FALSE,True,,,2,,,,,,,,,,,,,,,,,,False,False,,,,,,,,,,,,,,,,,,,,,,,,,Need-based and academic achievement-based scholarships are available for graduate students in the College of Agriculture and Life Sciences.,FALSE,,,FALSE,FALSE,,,False
,Minor in Animal and Poultry Sciences Equine,,,,,Undergraduate,Fall 2026,,,,Not Required,Not Required,Not Required,Not Required,"A minimum of 18 credit hours are required, with no less than 6 hours at the 3000- or 4000-level. A minimum GPA of 2.0 which includes all courses taken that count toward the minor is required. To remain in the minor, students must complete at least three credits from the required courses each academic year. [2, 3, 4]",Not Required,,True,False,False,False,False,False,,False,False,False,False,False,False,False,False,False,,,,College of Agriculture and Life Sciences,,,,,,,,,"The Animal and Poultry Sciences Equine (APEQ) minor requires a minimum of 18 credit hours, with at least 6 of those hours at the 3000 or 4000 level. [3, 7] A minimum GPA of 2.0 for all courses counting toward the minor is required. [3] Core courses for the minor are Introduction to Animal and Poultry Science and Introduction to the Equine Industry. [5, 7] Students must also complete at least twelve credits from a list of elective courses. [5] These electives cover a range of topics including, but not limited to, Beginning Equitation, Horse Handling Practicum, Equine Science and Management, Animal Breeding and Genetics, Animal Nutrition and Feeding, Physiology of Reproduction, and Horse Production and Management. [5, 7]",,"The official university website for Virginia Polytechnic Institute and State University, commonly known as Virginia Tech, is vt.edu.

Virginia Tech is a public, land-grant research university with its main campus located in Blacksburg, Virginia. The university offers a wide range of undergraduate and graduate degree programs.",,,,FALSE,True,,4.0,2,,,,,,,,,,,,,,,,,,False,False,,,,,,,,,,,,,,,,,,,,,,,Varies,,"Merit-based, Need-based",FALSE,,,FALSE,FALSE,,,False
,Minor in Appalachian Cultures and Environments,,,,,Undergraduate,Fall 2026,,,,Not Required,Not Required,Not Required,,"The application process for the Minor in Appalachian Cultures and Environments involves several steps for current students. First, a student must print and complete the ""Request to Change minor"" form. [3] The student then needs to declare the minor in the Religion and Culture Department, located in 115 Lane Hall, and get a departmental signature on the form. [3] Finally, the completed form must be submitted to the CLAHS (College of Liberal Arts and Human Sciences) Undergraduate Academic Affairs office in Wallace Hall, Suite 238. [3] The minor consists of 18 credit hours, including 6 required credits and 12 elective credits. [3] A minimum cumulative GPA of 2.0 is required for all courses taken for the minor. [3]",Not Required,,True,False,False,False,False,False,,False,False,False,False,False,False,False,False,False,,,,College of Liberal Arts and Human Sciences,,,,,,,,,"The Appalachian Cultures and Environments (APCE) minor provides students with an understanding of the places, cultures, histories, artistic expressions, ecologies, and politics of the Appalachian region historically and currently. [3] Courses within the minor examine socioeconomic and environmental conditions in Southwest Virginia, and Appalachia more broadly, and illuminate ways in which Appalachian places and issues are inextricably linked to global places and issues. [3] The minor develops critical thinking, analytical skills, and a deeper understanding of the Appalachian region valuable in a wide variety of fields. [4] As students examine socioeconomic and environmental conditions of Appalachia, they discover the ways in which Appalachian places and issues are linked to global places and issues. [4] Students also participate in hands-on learning experiences that will enhance future employment opportunities. [4] The 18-hour minor in Appalachian Cultures and Environments includes a 3-hour introductory course, 12 hours of elective courses, and a 3-hour capstone course. [3]",,"The official university website for Virginia Polytechnic Institute and State University, commonly known as Virginia Tech, is vt.edu.

Virginia Tech is a public, land-grant research university with its main campus located in Blacksburg, Virginia. The university offers a wide range of undergraduate and graduate degree programs.",,,"For the 2024-2025 academic year, the cost per credit hour is $548 for in-state students and $1,432.25 for out-of-state students. [11]",FALSE,False,,4.0,2,,,,,,,,,,,,,,,,,,False,False,,,,,,,,,,,,,,,,,,,,,,,"The Dorothy McCombs Scholarship awards $1,000 annually to an undergraduate student who is from the Appalachian region or has close ties to it and has taken at least one Appalachian Studies course. [23]",,Need-based and merit-based scholarships are available. [26],FALSE,,,FALSE,FALSE,,,False
,Minor in Applied Music,,,,,Undergraduate,Fall 2026,,,,Not Required,Not Required,Not Required,Not Required,An audition is required to be admitted as an applied music minor. [11] Enrollment is dependent on faculty availability in the appropriate applied studio. [3] A GPA of 2.0 or higher is required in the minor. [3],Not Required,,True,False,False,False,False,False,,False,False,False,False,False,False,False,True,False,,,,School of Performing Arts,,,,,,,,,"The Applied Music Minor offers an exciting and immersive course of study tailored for students passionate about honing their skills as performers. While this curriculum does include courses in music history and theory, students will spend the bulk of their time focused on instrumental or vocal performance via applied lessons and ensembles. Students that complete the requirements for this minor may give an optional 30-minute recital. An audition is required.",,"The official university website for Virginia Polytechnic Institute and State University, commonly known as Virginia Tech, is vt.edu.

Virginia Tech is a public, land-grant research university with its main campus located in Blacksburg, Virginia. The university offers a wide range of undergraduate and graduate degree programs.",,,,FALSE,False,,4.0,2.0,,,,,,,,,,,,,,,,,,False,False,,,,,,,,,,,,,,,,,,,,,,,,,Merit-based,FALSE,,,FALSE,FALSE,,,False
,Minor in Arabic,,,,,Undergraduate,Fall 2026,,,,Not Required,Not Required,Not Required,Not Required,"Required: 18 semester hours. A student must complete all courses with at least a minimum 2.0 Minor GPA for all hours attempted. In addition, a minimum grade of “C” (2.0) must be earned in each course completed for the Arabic minor. [3, 5] Courses used to fulfill minor requirements may not be taken as Pass/Fail. [3]",Not Required,,True,False,False,False,False,False,,False,False,False,False,False,False,False,True,False,,,,College of Liberal Arts and Human Sciences,"Tuition for Virginia undergraduate students will be $16,526 annually, and out-of-state undergraduate tuition will be $38,977 annually for the 2025-26 academic year. [3]",,,,,,,,"Learn the fundamentals of Arabic language and culture by participating in this experience-based program. In addition to studying Modern Standard Arabic, you will become familiar with the spoken dialects of the Arab world. [15] We offer Arabic at elementary, intermediate, and advanced levels. Our language courses are proficiency-based and include reading, writing, speaking, grammar, and cultural competency. [4] Courses such as Arabic literature and culture and Arab cinema (in translation) will help you develop familiarity in both literacy skills and cultural movements. [4] In your Arabic-learning journey, you have access to personalized support. You will connect with conversation partners and peer tutors of Arabic, and work closely with various Middle East related student organizations. [4] This allows you to interact with students of Arab heritage in an informal setting that promotes cross-cultural understanding. [4]",,"The official university website for Virginia Polytechnic Institute and State University, commonly known as Virginia Tech, is vt.edu.

Virginia Tech is a public, land-grant research university with its main campus located in Blacksburg, Virginia. The university offers a wide range of undergraduate and graduate degree programs.",,10993,,FALSE,False,,,2,,,,,,,,,,,,,,,,,,False,False,,,,,,,,,,,,,,,,,,,,,,,"up to $6,000",,"Merit-based, Need-based",FALSE,,,FALSE,FALSE,,,False
,Minor in Art History,,,,,Undergraduate,Fall 2026,,,,Not Required,Not Required,Not Required,,"The minor in art history is an 18-credit degree. [6] To graduate with the minor, students must complete all courses for the minor with a GPA of 2.0 or better and maintain an overall GPA of 2.0. [11, 13] The curriculum consists of the two-semester Survey of the History of Art (ART 2385-86), two courses at the 3000-level, and two at the 4000-level. [6] To add the minor, students must submit the ""Request to Change Minor"" form. [9]",Not Required,,True,False,False,False,False,False,,False,False,False,False,False,False,False,False,False,,,,"School of Visual Arts, College of Architecture, Arts, and Design","The tuition for the program is included in the student's overall tuition and is not a separate fee. For the 2025-2026 academic year, the annual undergraduate tuition and mandatory fees are $16,526 for in-state students and $38,977 for out-of-state students. [5, 7]",,,,,,,,"Art History is a Humanities discipline that examines the forms, context, and meaning of visual and material culture throughout history as part of the cultural record of human achievement. [3] The Art History minor provides a framework to analyze and understand the visual world around us, emphasizing skills in visual literacy, close looking, writing, and critical thinking that complement any major. [3] The minor consists of 18 hours (6 classes) of courses that introduce students to the study of the visual arts through basic approaches to the field. [3, 5] The 18 hours are distributed among 2 Survey of Art History courses (ART 2385 and ART 2386), 2 elective Art History period courses at the 3000 level, and 2 Special Topics in Art History courses at the 4000 level. [3]",,"The official university website for Virginia Polytechnic Institute and State University, commonly known as Virginia Tech, is vt.edu.

Virginia Tech is a public, land-grant research university with its main campus located in Blacksburg, Virginia. The university offers a wide range of undergraduate and graduate degree programs.",,,"For the 2024-2025 academic year, the cost per credit hour was $548 for in-state students and $1,432.25 for out-of-state students. [8] For the 2025-2026 academic year, a surcharge of $319.75 per credit hour will be assessed for in-state students who have completed over 125% of their degree requirements. [6] Detailed per-credit hour rates for 2025-2026 are not yet fully detailed, but annual tuition has been established. [5]",FALSE,False,"Students are limited to three attempts for any single course. Enrolling for a fourth attempt will result in being dropped from the course. [3, 4, 25]",4.0,2.0,,,,,,,,,,,,,,,,,,False,False,,,,,,,,,,,,,,,,,,,,,,,"Scholarship amounts vary; for example, the Multicultural Academic Opportunities Program (MAOP) offers awards ranging from $500 to $2,000. [16]",,"Virginia Tech offers both merit-based and need-based scholarships. [14, 16]",FALSE,,,FALSE,FALSE,,,False
,Minor in Asian Studies,,,,,Associate,Fall 2026,,,,Not Required,Not Required,,,A specific checksheet or list of course requirements for the Minor in Asian Studies (also listed as Asian Area Studies) could not be located on the official Virginia Polytechnic Institute and State University (vt.edu) website. The general university page for minors indicates that minors require a minimum of 18 credit hours.,Not Required,,True,False,False,False,False,False,,False,False,False,False,False,False,False,False,False,,,,,,,,,,,,,"Through a minor in Asian Studies, you'll explore the diverse histories, cultures, philosophies, societies, art, and politics of Asia. [2] Through the building of language skills, you will develop a deeper and more intimate knowledge of different Asian communities. [2] You'll be able to take electives in history, culture, language, and social sciences, including courses like these: Islamic Art and Architecture. [2] Revolutionary China. [2] Geography of Tea. [2] Introductory Korean. [2] History of Indian Subcontinent. [2] Economics of China. [2] Asian American Experience. [2] The Minor in Asian Studies (ASIA) requires the satisfactory completion of a minimum of 18 semester hours with a minimum 2.0 GPA in all courses. [5]",,"The official university website for Virginia Polytechnic Institute and State University, commonly known as Virginia Tech, is vt.edu.

Virginia Tech is a public, land-grant research university with its main campus located in Blacksburg, Virginia. The university offers a wide range of undergraduate and graduate degree programs.",,,,FALSE,False,,,,,,,,,,,,,,,,,,,,,False,False,,,,,,,,,,,,,,,,,,,,,,,,,,FALSE,,,FALSE,FALSE,,,False
,Minor in Astronomy,,,,,Associate,Fall 2026,,,,,,Not Required,Not Required,,,,False,False,False,False,False,False,,False,False,False,False,False,False,False,True,False,,,,"College of Science, Department of Physics","In-state: $16,526/year, Out-of-state: $38,977/year for undergraduate tuition and mandatory fees (2025-2026 academic year). This is not specific to the minor program. [11]",,,,,,,,"The Minor in Astronomy is open to all students. But it is mainly intended for two groups: (1) students majoring in science, mathematics, or engineering, who wish to pursue a graduate degree in astronomy or astrophysics, or (2) students who wish to enlarge their understanding of astronomy and astrophysics at the undergraduate level. [4] The Astronomy Minor is designed for undergraduate students who want to acquire a deeper understanding of the universe. This may include students who want to supplement their major, students interested in entering astronomy professionally, and those who simply have a keen interest in the subject. The minor is open to students in all majors (provided, of course, that they satisfy the prequisites as well as the required courses.). [5] The Minor requires 18 credits, which include courses in introductory astronomy (with no prerequisites) and courses in astrophysics (which require calculus-based introductory physics, PHYS 2305-2306, as a prerequisite). [4]",,"The official university website for Virginia Polytechnic Institute and State University, commonly known as Virginia Tech, is vt.edu.

Virginia Tech is a public, land-grant research university with its main campus located in Blacksburg, Virginia. The university offers a wide range of undergraduate and graduate degree programs.","Virginia Polytechnic Institute and State Institution (Virginia Tech) is accredited by the Southern Association of Colleges and Schools Commission on Colleges (SACSCOC) to award associate, baccalaureate, masters, educational specialist, and doctorate degrees. [16]",,,FALSE,False,3,4.0,2.0,,,,,,,,,,,,,,,,,,False,False,,,,,,,,,,,,,,,,,,,,,,,"Virginia Tech undergraduates received $196 million in grants and scholarships in the last fiscal year. [11] Specific programs offer awards ranging from $500 to $2,000. [16]",,"Merit-based and need-based scholarships are available. [9, 20] The university also offers grants. [16]",FALSE,,,FALSE,FALSE,,,False
,Minor in Behavioral Decision Science,,,,,Undergraduate,Fall 2026,,,,Not Required,Not Required,Not Required,Required,"To add the Minor in Behavioral Decision Science, students must complete the College of Science Change of Second Major/Minor/Option Form. [11]",Not Required,,False,False,False,False,False,False,,False,False,False,False,False,False,False,False,False,,,,Academy of Integrated Science,"In-state: $16,526/Year, Out-of-state: $38,977/Year",,,,,,,,"The Behavioral Decision Science Pathways Minor is for any person who wishes to better understand and influence human decision-making processes. [4] The program builds expertise in behavioral science research and methods, and how they can be leveraged to help people make better decisions in their private and professional lives. [4] Our courses also prepare students to leverage behavioral science to help collectives of people in civic and organizational (e.g., business) contexts make better choices--including the crafting of more effective policies in the public and private sectors. [4] Insights from the fields of psychology, neuroscience, and economics will provide you with a strong foundation to navigate the complexities of applied decision-making, and a toolkit for ethically influencing others' decisions to achieve better personal, professional, and societal outcomes. [3, 4] The 18-credit hour minor includes 9 hours of Core requirements, 6 hours of Elective courses, and a 3-credit hour Capstone course. [3, 4] This Minor, housed in the Academy of Integrated Science, is an interdisciplinary program in collaboration with the Psychology, Economics, and Neuroscience departments. [4]",,"The official university website for Virginia Polytechnic Institute and State University, commonly known as Virginia Tech, is vt.edu.

Virginia Tech is a public, land-grant research university with its main campus located in Blacksburg, Virginia. The university offers a wide range of undergraduate and graduate degree programs.",,10993,,FALSE,False,,4.0,2,,,,,,,,,,,,,,,,,,False,False,,,110.0,,,,6.0,,,54.0,,79,,,,,,,,,,,"Up to $5,000 a year",,Merit-based and need-based,FALSE,,,FALSE,FALSE,,,False
,Minor in Biodiversity Conservation,,,,,Undergraduate,Fall 2026,,,,Not Required,Not Required,Not Required,Not Required,"To declare the Minor in Biodiversity Conservation, students must make an advising appointment with the Biodiversity Conservation Minor Coordinator and then declare the minor at the CNRE Advising Center in 138 Cheatham Hall. [5, 12] To complete the minor, students must finish 18 credit hours, which includes 6 hours of required courses, 9 hours of electives from specific categories, and a 3-hour capstone course. [3] A minimum cumulative GPA of 2.0 is required for all courses taken for the minor. [5] Students majoring in the Fish and Wildlife Conservation Degree are not eligible for this minor. [5, 12]",Not Required,,True,False,False,False,False,False,,False,False,False,False,False,False,False,True,False,,,,College of Natural Resources and Environment,,,,,,,,,"The Biodiversity Conservation Minor considers how earth's resources are being depleted at an increasing rate and pushing environmental systems to the brink of an environmental crisis. Students will explore how overutilization of animal and plant populations, loss and degradation of habitats in the U.S. and across the world, and pollution are all impacting the biological diversity of the planet. [3] ...In this minor, students will take courses that help them gain a global and ethical perspective of environmental issues and discover that economics, policy, and social factors must be considered for effective management of declining resources and wild populations of animals. [3] The capstone class...will contribute to developing their inquiry and problem-solving abilities, which will serve them well in whatever professional path they follow. [3] The 18-credit hour minor in Biodiversity Conservation includes 6 hours of required courses and 9 hours of elective courses selected from three categories: one from the human dimensions area, one from the natural resources area, and another one from either area, as well as a 3-hour capstone course. [3]",,"The official university website for Virginia Polytechnic Institute and State University, commonly known as Virginia Tech, is vt.edu.

Virginia Tech is a public, land-grant research university with its main campus located in Blacksburg, Virginia. The university offers a wide range of undergraduate and graduate degree programs.",,,,FALSE,True,,4.0,2,,,,,,,,,,,,,,,,,,False,False,,,,,,,,,,,,,,,,,,,,,,,Varies,,"Merit-based, Need-based",FALSE,,,FALSE,FALSE,,,False
,Minor in Biological Physics,,,,,Undergraduate,Fall 2026,,,,Not Required,Not Required,,,"The minor in Biological Physics is open to all Virginia Tech students (except Bachelors of Science with a major in Physics or in Biological Sciences, due to course overlap) and requires the completion of 22 credit hours. [3] A minimum overall and in-minor GPA of 2.0 is required for graduation. [4]",Not Required,,True,False,False,False,False,False,,False,False,False,False,False,False,False,False,False,,,,College of Science,,,,,,,,,"The minor in Biological Physics is open to all Virginia Tech students (except Bachelors of Science with a major in Physics or in Biological Sciences, due to course overlap) and requires the completion of 22 credit hours. [3] The minor provides students with an integrated understanding of how the union of physics and biology can lead to strong synergies. [3] The minor is of value to students from a range of majors in the College of Science and in the College of Engineering. [3] Student learn how physics can be used towards a systems-level understanding of complex and biological systems, and how their in-major training can be applied to understand biological systems. [3] Students will understand the fundamental physical principles behind whole-cell and organismal behavior and biological characterization. [3] Emphasis lies on development of skills in statistical physics, polymer physics, cellular and molecular biology, and biophysics, with special attention to how these fields intersect. [3]",,"The official university website for Virginia Polytechnic Institute and State University, commonly known as Virginia Tech, is vt.edu.

Virginia Tech is a public, land-grant research university with its main campus located in Blacksburg, Virginia. The university offers a wide range of undergraduate and graduate degree programs.",,,,FALSE,True,,4.0,2,,,,,,,,,,,,,,,,,,False,False,,,,,,,,,,,,,,,,,,,,,,,,,"['Merit-Based', 'Need-Based']",FALSE,,,FALSE,FALSE,,,False
,Minor in Biological Sciences,,,,,Undergraduate,Fall 2026,,,,Not Required,Not Required,Not Required,Not Required,"To add the Minor in Biological Sciences, students must meet with an Academic Advisor and complete the required College of Science form with an academic advisor's approval. [4] The minor requires 32-34 total credits. [12] Students must earn a ""C"" or better in BIOL 1105, 1106, 1115, 1116, CHEM 1035, and CHEM 1036, or their equivalents, with only two attempts allowed for each course. [8, 11] An in-minor and overall GPA of 2.0 is required to graduate with the minor. [8, 11]",Not Required,,True,False,False,False,False,False,,False,False,False,False,False,False,False,True,False,,,,College of Science,,,,,,,,,"The Minor in Biological Sciences provides students with a broad education in the study of life. The curriculum exposes students to the fundamentals of the discipline: genetics, cell and molecular biology, evolutionary biology, and ecology. Required courses include Principles of Biology with labs, Genetics, Cell Function and Differentiation, Evolutionary Biology, Ecology, and General Chemistry. Students must also select two elective courses from a wide range of topics such as Human Genetics, Plant Taxonomy, Animal Physiology, Molecular Biology, and Cancer Biology, among others. [5, 11]",,"The official university website for Virginia Polytechnic Institute and State University, commonly known as Virginia Tech, is vt.edu.

Virginia Tech is a public, land-grant research university with its main campus located in Blacksburg, Virginia. The university offers a wide range of undergraduate and graduate degree programs.",,,"$564.25 per credit hour for in-state residents and $1,474.50 per credit hour for out-of-state residents for the 2025-2026 academic year.",FALSE,True,,4.0,2,,,,,,,,,,,,,,,,,,False,False,,,,,,,,,,,,,,,,,,,,,,,,,"Virginia Tech's Office of Scholarships and Financial Aid offers various types of aid including grants, scholarships, loans, and work-study programs.",FALSE,,,FALSE,FALSE,,,False
,Minor in Biomedical Engineering,,,,,Undergraduate,Fall 2026,,,,Not Required,Not Required,,,"To apply for the Minor in Biomedical Engineering, students must be enrolled in one of the degree-granting programs offered by the Virginia Tech College of Engineering. [3] Interested students are required to complete the minor application which is integrated into the Change of Major application process. [3] Acceptance into the minor is contingent upon meeting the requirements of the College of Engineering's change of major process. [3] For successful completion, a student must maintain a 3.0 in-minor GPA. [9]",Not Required,,True,False,False,False,False,False,,False,False,False,False,False,False,False,False,False,,,,"Department of Biomedical Engineering and Mechanics, College of Engineering",,,,,,,,,"Obtaining a minor in biomedical engineering opens a student's undergraduate experience to topics such as medical physiology, biomaterials, biomechanics, tissue engineering, and more. [3] The BME minor is 18 credits and includes many elective options. [3] To obtain a minor in Biomedical Engineering (BME) students must first be accepted into the BME minor program. Once accepted, a student must take 6 hours of required coursework and 12 hours of approved elective courses, with a minimum of 6 hours of approved elective courses with a BMES designator. [7] A maximum of 6 hours of BMES 4994 can count towards the approved elective requirements. [7] For successful completion of the minor, students must maintain a 3.0 in-Minor GPA with a minimum grade of C- or better in all courses that the student counts toward the minor. [6] No pass/fail courses will be accepted. [6]",,"The official university website for Virginia Polytechnic Institute and State University, commonly known as Virginia Tech, is vt.edu.

Virginia Tech is a public, land-grant research university with its main campus located in Blacksburg, Virginia. The university offers a wide range of undergraduate and graduate degree programs.",,,,FALSE,True,,4.0,3.0,,,,,,,,,,,,,,,,,,False,False,,,,,,,,,,,,,,,,,,,,,,,,,,FALSE,,,FALSE,FALSE,,,False
,Minor in Blue Planet,,,,,Undergraduate,Fall 2026,,,,Not Required,Not Required,Not Required,Not Required,"The 20-credit hour minor in Blue Planet includes a 3-hour introductory course, 9 hours of one specialization (either water and society or the science of water), 6 hours of elective courses, and a 2-hour capstone course. [2] All courses for the minor must be taken A/F and completed with a minimum in-minor GPA of 2.0. [5] Current students at Virginia Tech who wish to add the minor must complete the Minor Declaration form. [8]",Not Required,,True,False,False,False,False,False,,False,False,False,False,False,False,False,True,False,,,,The Blue Planet minor is an interdisciplinary program that includes courses from ten departments across Virginia Tech.,,,,,,,,,,,"The official university website for Virginia Polytechnic Institute and State University, commonly known as Virginia Tech, is vt.edu.

Virginia Tech is a public, land-grant research university with its main campus located in Blacksburg, Virginia. The university offers a wide range of undergraduate and graduate degree programs.",,,,FALSE,True,,,,,,,,,,,,,,,,,,,,,False,False,,,,,,,,,,,,,,,,,,,,,,,,,,FALSE,,,FALSE,FALSE,,,False
,Minor in Business,,,,,Undergraduate,Fall 2026,,,,Not Required,Not Required,Not Required,Not Required,"In order to apply for a minor in Business, students must meet the following criteria: be enrolled in a degree-granting major outside the Pamplin College of Business (Real Estate majors are eligible to pursue the Business minor), have at least a 2.00 overall GPA at Virginia Tech, and have completed MATH 1524 (or equivalents). [3, 4, 5]",Not Required,,True,False,False,False,False,False,,False,False,False,False,False,False,False,True,False,,,,Pamplin College of Business,,,,,,,,,"The Business minor is available to students enrolled in a degree-granting major outside the Pamplin College of Business (exception: Real Estate, Commercial Development and Investment, and Residential Development and Investment students are eligible to pursue the business minor). [11] Students pursuing this minor will complete 40 credit hours in accounting, information technology, marketing, management, and finance. [11] This minor will give students a foundation in all areas of business and is commonly pursued by students majoring in engineering, liberal arts, and science. [11]",,"The official university website for Virginia Polytechnic Institute and State University, commonly known as Virginia Tech, is vt.edu.

Virginia Tech is a public, land-grant research university with its main campus located in Blacksburg, Virginia. The university offers a wide range of undergraduate and graduate degree programs.",,,"The Bursar's office at Virginia Tech provides a detailed breakdown of tuition and fees. As of the 2025-2026 academic year, specific per-credit-hour rates for undergraduate students are listed, which would apply to the courses for the minor. Additionally, there is a Pamplin College of Business Supplemental Fee, though its applicability to minor students is not explicitly stated. [18]",FALSE,False,,4.0,2.0,,,,,,,,,,,,,,,,,,False,False,,,,,,,,,,,,,,,,,,,,,,,,,,FALSE,,,FALSE,FALSE,,,False
,Minor in Business Sustainability,,,,,Undergraduate,Fall 2026,,,,Not Required,Not Required,Not Required,Required,Application to the minor in Business Sustainability is open to all university students with at least a 2.50 overall GPA at Virginia Tech. [3],Not Required,,False,False,True,False,False,False,,True,False,False,False,True,True,True,False,False,,,,Pamplin College of Business,,,,,,,,,"The Business Sustainability minor provides a broad and holistic business perspective for some of the most important topics and challenges in today's world: climate change, biodiversity, circular economy, human rights, and social issues along global supply chains. [3] Business as a major stakeholder plays a success-critical role in finding solutions to the above challenges. [3] While sustainability is covered by educational offerings at Virgina Tech from a natural science, engineering and human sciences perspective, a robust business and entrepreneurial perspective is necessary for a holistic view that connects the dots among different stakeholders and that allows students from various disciplines to understand and manage sustainability in a cross-functional and holistic way. [3]",,"The official university website for Virginia Polytechnic Institute and State University, commonly known as Virginia Tech, is vt.edu.

Virginia Tech is a public, land-grant research university with its main campus located in Blacksburg, Virginia. The university offers a wide range of undergraduate and graduate degree programs.","The Pamplin College of Business is a member of The Association to Advance Collegiate Schools of Business, AACSB International. All programs are accredited by the AACSB. [12]",,,FALSE,False,,4.0,2.5,,,,,,,,,,,,,,,,,,False,False,,,110.0,,,,6.0,,,54.0,,79,,,,,,,,,,,,,"Merit-based, Need-based, and leadership-based scholarships are available. [17, 8]",FALSE,,,FALSE,FALSE,,,False
,Minor in Chemistry,,,,,Undergraduate,Fall 2026,,,,Not Required,Not Required,Not Required,Required,"The Minor in Chemistry requires the completion of 22 credit hours, including courses in General Chemistry, Organic Chemistry, and Physical Chemistry, along with a 3-hour 3000-4000 level chemistry elective. [11, 15] A minimum overall GPA of 2.0 for all courses counted towards the minor is required. [12, 15]",Not Required,,True,False,False,False,False,False,,False,False,False,False,False,False,False,False,False,,,,College of Science,"$16,526/Year (in-state), $38,977/Year (out-of-state)",,,,,,,,"An undergraduate minor in chemistry is a formal recognition of a student's commitment to the study of the field. A minor in chemistry is for students who are interested in chemistry but do not have the time to commit to a full major. A list of approved courses is available on the departmental advising web page.

The Chemistry minor requires 27 credits of basic and advanced courses. You will learn not only the basic principles of general chemistry, chemistry laboratory but also acquire deep expertise and knowledge through upper-division electives for advanced study to match your particular interests. In addition to 12-15 credits of elementary chemistry courses, students can select up to a minimum of four upper-division courses of three or more credits in at least two areas of chemistry (organic, physical, analytical, inorganic, or nuclear chemistry) in addition to one laboratory course.",,"The official university website for Virginia Polytechnic Institute and State University, commonly known as Virginia Tech, is vt.edu.

Virginia Tech is a public, land-grant research university with its main campus located in Blacksburg, Virginia. The university offers a wide range of undergraduate and graduate degree programs.",,,"$564.25/credit hour (in-state), $1,719.50/credit hour (out-of-state)",FALSE,True,3,4.0,2.0,,,,,,,,,,,,,,,,,,False,False,,,115.0,,,,6.5,,,59.0,,80,,,,,,,,,,,"Varies. Awards can range from $500 to $5,000.",,Merit-based and need-based,FALSE,,,FALSE,FALSE,,,False
,Minor in Chinese Studies,,,,,Undergraduate,Fall 2026,,,,Not Required,Not Required,Not Required,Required,"A minimum grade of “C” must be earned in each course completed for the Chinese Studies minor and an average GPA of 2.0 in all courses taken for the Chinese Studies minor is required for completion. [6, 8, 9] Courses used to fulfill minor requirements may not be taken Pass/Fail. [6, 8, 9] The minor requires 18 credit hours of coursework. [6, 8, 9]",Not Required,,True,False,True,False,False,False,,True,False,False,False,True,True,False,False,False,,,,College of Liberal Arts and Human Sciences,"For the 2025-2026 academic year, the full-time undergraduate tuition and mandatory fees per semester for 12 or more credit hours are $7,699.75 for Virginia residents and $19,488.50 for non-Virginia residents. [8]",,,,,,,,"Learning Mandarin Chinese provides students with many scholastic and professional opportunities. A large portion of the world's population speaks Chinese as their primary language and China is an important presence in the global economy. [4] China has one of the world's oldest cultures. It is one of the most populated nations on earth. Mandarin Chinese is spoken in many Asian countries, and is the mother tongue to many languages. Chinese civilization has a rich heritage of novels, stories, poems, drama, and, film. Being able to study these in the language in which they were written helps you connect with the Chinese culture more fully. [4] At Virginia Tech, you will study the Mandarin Chinese language, composition, literature, and culture. Courses include the Arts of China and Japan, and Governments and Politics of Asia. [4]",,"The official university website for Virginia Polytechnic Institute and State University, commonly known as Virginia Tech, is vt.edu.

Virginia Tech is a public, land-grant research university with its main campus located in Blacksburg, Virginia. The university offers a wide range of undergraduate and graduate degree programs.",,,,FALSE,False,,4.0,2.0,,,,,,,,,,,,,,,,,,False,False,,,115.0,,,,6.5,,,59.0,,80,,,,,,,,,,,,,"Virginia Tech offers both merit-based and need-based scholarships. [21, 23]",FALSE,,,FALSE,FALSE,,,False
,Minor in Cinema,,,,,Undergraduate,Fall 2026,,,,Not Required,Not Required,,,A minimum GPA of 2.0 is all courses taken to fulfill the minor is required. [4],Not Required,,True,False,False,False,False,False,,False,False,False,False,False,False,False,False,False,,,,"College of Liberal Arts and Human Sciences, School of Performing Arts",,,,,,,,,"Required Minor Courses: CINE 2054, Introduction to Cinema, 3 credits. Elective Courses: Select five of the following for 15 credits: CINE 2064, CINE 3214, CINE 3224, CINE 3184, CINE 3514, CINE 3524, CINE 3534, CINE/ENGL 3544, AFST/CINE 3444, CINE 4084, CINE 4534, CINE 4144. A minimum of 6 credit hours must be completed at the 3000 or 4000 academic level. A minimum GPA of 2.0 in all courses taken to fulfill the minor is required. Film or cinema focused courses from other departments across the university may be used to fulfill requirements for the minor upon approval by the minor coordinator. Up to six hours of special offerings, such as Independent Study (4974) or Undergraduate Research (4994) in any department may be used to fulfill requirements for the minor where appropriate. Permission to include such courses must be granted by the minor coordinator. [7]",,"The official university website for Virginia Polytechnic Institute and State University, commonly known as Virginia Tech, is vt.edu.

Virginia Tech is a public, land-grant research university with its main campus located in Blacksburg, Virginia. The university offers a wide range of undergraduate and graduate degree programs.",,,,FALSE,False,,4.0,2,,,,,,,,,,,,,,,,,,False,False,,,,,,,,,,,,,,,,,,,,,,,,,"Merit-based, Need-based",FALSE,,,FALSE,FALSE,,,False
,Minor in Civic Agriculture and Food Systems,,,,,Undergraduate,Fall 2026,,,,Not Required,Not Required,Not Required,Required,"To declare the Minor in Civic Agriculture and Food Systems, students must register with the Office of Academic Programs in the College of Agriculture & Life Sciences, located in 1060 Litton-Reaves Hall. [3, 9, 10] The program requires the completion of 18 credit hours, consisting of 12 credits of required courses and 6 credits of free electives. [3, 8] A minimum GPA of 2.0 is required in all courses taken to fulfill the minor. [3, 10] All courses for the minor must be taken on an A-F basis unless they are only offered as Pass/Fail. [3, 8]",Not Required,,True,False,False,False,False,False,,True,False,False,False,True,True,True,False,False,,,,College of Agriculture and Life Sciences,"$16,526/Year (in-state); $38,977/Year (out-of-state) for 2025-2026",,,,,,,,"The minor in Civic Agriculture and Food Systems embodies a commitment to developing and strengthening an economically, environmentally, and socially sustainable system of agriculture and food systems that relies on local resources and serves local markets and citizens. [5, 7, 8] The minor serves the needs of all students and is designed to promote academic enhancement, personal growth, and civic engagement while strengthening student's capacity to learn about civic agriculture and food systems through reflection and experiential practice to solve real-world problem. [3, 5, 7] This interdisciplinary minor provides students with knowledge and skills to promote academic enhancement, personal growth, and civic engagement through reflection and experiential practice to address and solve 'real-world' problems. [4, 6] The minor in Civic Agriculture and Food Systems requires the completion of 18 credits; 12 credits required courses and 6 credits free electives from the list provided. [3, 5, 7]",,"The official university website for Virginia Polytechnic Institute and State University, commonly known as Virginia Tech, is vt.edu.

Virginia Tech is a public, land-grant research university with its main campus located in Blacksburg, Virginia. The university offers a wide range of undergraduate and graduate degree programs.",,,"For the 2025-2026 academic year, the tuition surcharge for excess credits is $319.75 per credit hour for in-state undergraduate students. [19] The College of Agriculture and Life Sciences has a supplemental fee for undergraduate full-time students (7 or more credit hours) of $375.00 per semester. [19]",FALSE,False,,4.0,2,,,,,,,,,,,,,,,,,,False,False,,,110.0,,,,6.0,,,54.0,,80,,,,,,,,,,,,,"Merit-based, Need-based",FALSE,,,FALSE,FALSE,,,False
,Minor in Classical Studies,,,,,Associate,Fall 2026,,,,Not Required,Not Required,Not Required,Required,"The Minor in Classical Studies in the Department of Modern and Classical Languages and Literatures requires the completion of 18 credit hours from a specified list of courses. [3, 12, 15] At least 6 of these credit hours must be at the 3000 or 4000 level, and a maximum of 6 credit hours can be from the 1000 level. [3, 12] Students are required to maintain a 2.0 GPA in the minor, and a minimum grade of C (2.0) must be earned in all courses taken for the minor. [3] No course taken on a Pass/Fail basis can be included. [3]",Not Required,,True,False,False,False,False,False,,False,False,False,False,False,False,False,False,False,,,,College of Liberal Arts and Human Sciences,"Tuition is assessed on a per-credit-hour basis and varies depending on residency status. For the 2025-2026 academic year, the cost for a Virginia resident taking 12 or more credit hours is $7,699.75 per semester in tuition and fees, while for a non-resident it is $19,488.50 per semester. [30]",,,,,,,,"We study the languages, literatures, art, history, and culture of the ancient Greek and Roman world. [5] Studying classical languages and cultures like Greek and Latin will help deepen your understanding of many other languages. [4] They provide insights to the source of language as we use it today. Much of current language and institution is based upon the models of classical culture and language. Having a knowledge of classical languages and cultures makes you more prepared for fields including law, political science, medicine, history of science, anthropology, literary studies, history, linguistics, communications, and education. At Virginia Tech, you will study the classical languages, compositions, literatures, and cultures. [4]",,"The official university website for Virginia Polytechnic Institute and State University, commonly known as Virginia Tech, is vt.edu.

Virginia Tech is a public, land-grant research university with its main campus located in Blacksburg, Virginia. The university offers a wide range of undergraduate and graduate degree programs.",,,"For the 2025-2026 academic year, undergraduate tuition for Virginia residents is $564.25 per credit hour for 1-6 credit hours, with varying rates for higher course loads. For non-Virginia residents, the rate is $1,564.25 per credit hour for 1-6 credit hours, also with varying rates for more credits. [30] There are also additional mandatory fees per semester. [30]",FALSE,False,,4.0,2,,,,,,,,,,,,,,,,,,False,False,,,110.0,,,,6.0,,,54.0,,79,,,,,,,,,,,,,"The Department of Religion and Culture offers scholarships, some of which are based on GPA and financial need. [8]",FALSE,,,FALSE,FALSE,,,False
,Minor in Climate and Society,,,,,Undergraduate,Fall 2026,,,,Not Required,Not Required,Not Required,Required,"The 18-hour minor in Climate and Society includes two 3-hour required introductory courses, 9 hours of electives, and a required 3-hour capstone course. [3]",Not Required,,True,False,True,False,False,False,,True,False,False,False,True,True,True,False,False,,,,"College of Natural Resources and Environment, Department of Forest Resources and Environmental Conservation","$16,526/Year (in-state undergraduate), $38,977/Year (out-of-state undergraduate) for the 2025-2026 academic year. [5, 6]",,,,,,,,"This minor provides students with the opportunity to explore and understand the science, causes, impacts, and policy of climate change at the local, regional, and international levels from different perspectives. [1] The minor brings together coursework from the physical/natural sciences, environment and ecosystems, and human dimensions and policy, as well as the option to explore additional coursework on methodological approaches that will provide students with the capacity to understand and analyze climate change impacts on society and the environment. [1] Students will develop the skills and knowledge needed to not only understand the science, causes, and impacts of climate change, but also understand the actions needed to mitigate and/or adapt to climate change from both environmental and social perspectives. [1] The 18-hour minor in Climate and Society includes two 3-hour required introductory courses, 9 hours of electives, and a required 3-hour capstone course. [1] This minor is hosted by the Department of Forest Resources and Environmental Conservation in collaboration with other departments across Virginia Tech. [1]",,"The official university website for Virginia Polytechnic Institute and State University, commonly known as Virginia Tech, is vt.edu.

Virginia Tech is a public, land-grant research university with its main campus located in Blacksburg, Virginia. The university offers a wide range of undergraduate and graduate degree programs.",,,"$548/credit hour for in-state, $1,432/credit hour for out-of-state (2025-2026). [3, 10]",FALSE,False,,4.0,2,,,,,,,,,,,,,,,,,,False,False,,,110.0,,,,6.0,,,54.0,,79,,,,,,,,,,,"Varies. For example, the Undergraduate Scholar Program offers awards ranging from $500 to $2,000. [21]",,Merit-based and need-based. [22],FALSE,,,FALSE,FALSE,,,False
,Minor in Commodity Market Analytics,,,,,Undergraduate,Fall 2026,,,,,Required,Not Required,Not Required,"To be a first-year applicant to Virginia Tech, you must complete: 18 units of high school coursework, including: 4 units of English; 3 units of math (includes algebra I, and algebra II); 2 units of laboratory science (chosen from biology, chemistry or physics); 2 units of social science (one must be history); 3 additional academic units (foreign language is highly recommended); 4 elective units. Applications are reviewed holistically, considering academic factors (rigor of program, grades, trends, and standardized test scores if submitted) and personal factors (activities, disciplinary record, first-generation status, Ut Prosim Profile, and residency).",,,True,True,False,False,False,False,,False,False,False,False,False,False,False,True,False,,,,"Department of Agricultural and Applied Economics, College of Agriculture and Life Sciences","For the 2025-26 academic year, annual undergraduate tuition and mandatory fees are $16,526 for in-state students and $38,977 for out-of-state students. [22]",,,,,,,,"A comprehensive description of the program, its objectives, and what students will learn is not available on the official Virginia Polytechnic Institute and State University website. The available information on the university's academic catalog primarily lists the required courses and credit hours for the minor. A minimum of 18 credit hours are required to complete the minor, and a minimum GPA of 2.0 is needed in all courses taken for the minor. [2, 3]",,"The official university website for Virginia Polytechnic Institute and State University, commonly known as Virginia Tech, is vt.edu.

Virginia Tech is a public, land-grant research university with its main campus located in Blacksburg, Virginia. The university offers a wide range of undergraduate and graduate degree programs.",,"Scholarships for the College of Agriculture and Life Sciences, the college offering this minor, are valued between $200 and $4,000. [26]","The cost per credit hour for the 2024-25 academic year is $548 for in-state students and $1,432.25 for out-of-state students. [12]",FALSE,False,,4.0,2,,,,,,,,,,,,,,,,,,False,False,,,,,,,,,,,,,,,,,,,,,,,"Varies. More than 500 scholarships valued between $200 and $4,000 are awarded each year to students in the College of Agriculture and Life Sciences. [26]",,"Scholarships are awarded based on academic achievement, participation in extracurricular activities, career goals, and financial need. [26] Both need-based and merit-based scholarships are available. [38]",FALSE,,,FALSE,FALSE,,,False
,Minor in Communicating and Engaging with Science,,,,,Undergraduate,Fall 2026,,,,Not Required,Not Required,Not Required,Not Required,"To add the 'Minor in Communicating and Engaging with Science', current Virginia Tech students should consult with their academic advisor and then use the 'Change of Minor' form provided by the College of Liberal Arts and Human Sciences. There is no minimum GPA required to add a minor in this college. [5]",Not Required,,True,False,False,False,False,False,,False,False,False,False,False,False,False,True,False,,,,Academy of Transdisciplinary Studies in the College of Liberal Arts and Human Sciences,,,,,,,,"['Track A: Recommended for students who need to strengthen their foundational knowledge of science and quantitative reasoning', 'Track B: Recommended for students who need to strengthen their knowledge about communicating science']","The Pathways minor in Communicating and Engaging with Science equips students with the skills to evaluate scientific information and communicate complex topics effectively. [2] Designed for both STEM and non-STEM majors, this transdisciplinary program helps students develop essential abilities for understanding, interpreting, and sharing scientific concepts in diverse professional and everyday contexts. [2] Upon completion of this minor, students will be well equipped to engage in communication and thought about scientific topics, regardless of their primary discipline. [3] They will be able to critically evaluate scientific information, ask thoughtful questions, identify and debunk misinformation or misinterpretation of scientific findings, and apply science to their daily lives. [3] This minor is hosted by the Academy of Transdisciplinary Studies in the College of Liberal Arts and Human Sciences in collaboration with numerous departments across Virginia Tech. [3]",,"The official university website for Virginia Polytechnic Institute and State University, commonly known as Virginia Tech, is vt.edu.

Virginia Tech is a public, land-grant research university with its main campus located in Blacksburg, Virginia. The university offers a wide range of undergraduate and graduate degree programs.",,,,FALSE,False,,4.0,,,,,,,,,,,,,,,,,,,False,False,,,,,,,,,,,,,,,,,,,,,,,,,"Virginia Tech awards scholarships through the Office of University Scholarships and Financial Aid as well as colleges and departments; these can be need or non-need based and consider factors like GPA, major, and campus involvement. [13]",FALSE,,,FALSE,FALSE,,,False
,Minor in Community Systems and Engagement,,,,,Undergraduate,Fall 2026,,,,Not Required,Not Required,Not Required,Not Required,"The Pathways Minor in Community Systems and Engagement requires the completion of 18 credit hours. A GPA of 2.0 or higher is required in the minor, and no more than 50% of the graded course credits for the minor may be double-counted toward a student's major requirements. [3, 4, 5, 6, 8] The minor is open to undergraduate students from all majors. [4, 5, 8]",Not Required,,True,False,False,False,False,False,,False,False,False,False,False,False,False,True,False,,,,"School of Public and International Affairs, College of Liberal Arts and Human Sciences",,,,,,,,,"The Community Systems and Engagement (CSE) Pathways Minor encourages participation by undergraduate students from all majors. The minor prepares students to address persistent community issues through active citizenship and systems thinking competency. By combining community engagement, service learning, and applied problem solving, the minor creates substantial opportunities for experiential learning. [4]",,"The official university website for Virginia Polytechnic Institute and State University, commonly known as Virginia Tech, is vt.edu.

Virginia Tech is a public, land-grant research university with its main campus located in Blacksburg, Virginia. The university offers a wide range of undergraduate and graduate degree programs.",,,,FALSE,False,,4.0,2,,,,,,,,,,,,,,,,,,False,False,,,,,,,,,,,,,,,,,,,,,,,,,"Merit-based, Need-based",FALSE,,,FALSE,FALSE,,,False
,Minor in Computer Science,,,,,Undergraduate,Fall 2026,,,,Not Required,Not Required,Not Required,Required,"To declare the Computer Science minor, a student must be enrolled in a degree-granting major. They must have also completed either CS 2114 or CS 2505 with a minimum grade of 'C'. [4, 5] Applications to add the minor are submitted through HokieSpa and are reviewed by the College of Engineering's Dean's Academic Affairs Team. [3] To successfully complete the minor, a GPA of at least 2.0 is required for all courses with a CS designator. [4]",Not Required,,True,False,True,False,False,False,,True,False,False,False,True,True,True,False,False,,,,College of Engineering,,,,,,,,,"The Department of Computer Science provides minors for students who are pursuring other majors but wish to add a supplemental focus. [3] The minor consists of 21 credits spread over seven courses. [3] In a contemporary world where every educated person must have some knowledge of computing, the Department of Computer Science offers degree programs and courses to meet a variety of needs. [10] Computer science involves far more than just writing computer programs. It is a technically rigorous field that requires a strong background in mathematics. Computer scientists must be good at problem solving. [10] Their work requires the ability to think abstractly and to represent real-world objects and interactions in ways that can be manipulated by a computer. [10]",,"The official university website for Virginia Polytechnic Institute and State University, commonly known as Virginia Tech, is vt.edu.

Virginia Tech is a public, land-grant research university with its main campus located in Blacksburg, Virginia. The university offers a wide range of undergraduate and graduate degree programs.","The Bachelor of Science in Computer Science (BSCS) degree program is accredited by the Computing Accreditation Commission of ABET, under the commission's General Criteria and the Program Criteria for Computer Science and Similarly Named Engineering Programs. [10, 11] The accreditation status for the minor program is not explicitly mentioned.",,,FALSE,True,,,,,,,,,,,,,,,,,,,,,False,False,,,115.0,,,,6.5,,,59.0,,80,,,,,,,,,,,,,,FALSE,,,FALSE,FALSE,,,False
,Minor in Consumer Studies,,,,,Undergraduate,Fall 2026,,,,Not Required,Not Required,Not Required,Required,"To add the Minor in Consumer Studies, students should consult with their academic advisor and use the 'Change of Minor (DocuSign)' form available on the College of Liberal Arts and Human Sciences website. [4] A GPA is not required to add a minor for new students. [4] A minimum GPA of 2.0 in all courses taken to fulfill the minor is required for graduation. [8]",Not Required,,True,False,False,False,False,False,,False,False,False,False,False,False,False,False,False,,,,College of Liberal Arts and Human Sciences,"In-state: $16,526/Year, Out-of-state: $38,977/Year",,,,,,,,"The consumer studies minor provides you with an overview of the role of consumers in the marketplace, consumer rights and responsibilities, and household financial and other resource management. [3]",,"The official university website for Virginia Polytechnic Institute and State University, commonly known as Virginia Tech, is vt.edu.

Virginia Tech is a public, land-grant research university with its main campus located in Blacksburg, Virginia. The university offers a wide range of undergraduate and graduate degree programs.",Our advisors will also work with you to select the appropriate courses that prepare you to sit for the Accredited Financial Counselor (AFC) examination. [3],,"In-state: $564.25/credit hour (tuition only), Out-of-state: $2,493.50/credit hour (tuition only)",FALSE,False,,,2.0,,,,,,,,,,,,,,,,,,False,False,,,115.0,,,,6.5,,,59.0,,80,,,,,,,,,,,,,"Merit-based, Need-based",FALSE,,,FALSE,FALSE,,,False
,Minor in Crop and Soil Environmental Sciences,,,,,Undergraduate,Fall 2026,,,,Not Required,Not Required,Not Required,Required,"The requirements to declare the minor are not detailed as a formal application process. The university catalog indicates that for information on the minor, students should consult the department office or website. The general process for adding a minor at a university is for currently enrolled students to meet with an academic advisor and submit a declaration form.",Not Required,,True,False,False,False,False,False,,False,False,False,False,False,False,False,False,False,,,,College of Agriculture and Life Sciences,"For the 2025-26 academic year, annual tuition and mandatory fees are $16,526 for in-state undergraduate students and $38,977 for out-of-state undergraduate students. [5]",,,,,,,,Students in this minor will gain essential knowledge about crop and soil science and their management in agricultural systems. [2] This is a great minor for anyone who wants to learn more about the production of crops used to feed the world. [2],,"The official university website for Virginia Polytechnic Institute and State University, commonly known as Virginia Tech, is vt.edu.

Virginia Tech is a public, land-grant research university with its main campus located in Blacksburg, Virginia. The university offers a wide range of undergraduate and graduate degree programs.",,,"In-state: $438.50, Out-of-state: $1,325.00",FALSE,True,,4.0,2.0,,,,,,,,,,,,,,,,,,False,False,,,115.0,,,,6.5,,,59.0,,80,,,,,,,,,,,,,"Merit-based, Need-based",FALSE,,,FALSE,FALSE,,,False
,Minor in Cybersecurity,,,,,Undergraduate,Fall 2026,,,,Not Required,Not Required,Not Required,Not Required,"To declare the Cybersecurity Minor, a student must be in a degree-granting major and have completed one of the following courses: CS 3214 or ECE 3574. [13] Students wishing to declare their intention to complete the cybersecurity minor must first successfully complete CS 3214 OR ECE 3574. [11] Students must obtain a GPA of 2.0 or better over the courses used to satisfy the requirements of the minor. [11] The Cybersecurity Minor is restricted to students in the BSEE, BSPCE, and BSCS degree programs only. [13] To apply for the cybersecurity minor and view application deadlines, please visit the Department of Engineering Education and fill out a College of Engineering Minor Application. [11]",Not Required,,True,False,False,False,False,False,,False,False,False,False,False,False,False,True,False,,,,College of Engineering,,,,,,,,,"Virginia Tech's College of Engineering offers an undergraduate minor in cybersecurity. Cybersecurity under this minor covers the fields of Information Security, Network Security, and Computer System Security. [3] This minor seeks to provide a core technical basis for careers in secure system design and operation. [3, 4] Virginia Tech's undergraduate education in cybersecurity, while hands-on, focuses on core principles of security rather than specific information technology components and systems from specific vendors. [3] Students graduating with a degree in computer science or computer engineering with a minor in cybersecurity could expect careers in software engineering, embedded systems engineering, or information systems management, with an emphasis on designing, developing, operating, or analyzing security features or subsystems. [3, 4]",,"The official university website for Virginia Polytechnic Institute and State University, commonly known as Virginia Tech, is vt.edu.

Virginia Tech is a public, land-grant research university with its main campus located in Blacksburg, Virginia. The university offers a wide range of undergraduate and graduate degree programs.",,,,FALSE,True,,4.0,2.0,,,,,,,,,,,,,,,,,,False,False,,,,,,,,,,,,,,,,,,,,,,,,,Service-based,FALSE,,,FALSE,FALSE,,,False
,Minor in Data and Decisions,,,,,Undergraduate,Fall 2026,,,,Not Required,Not Required,Not Required,Not Required,"The process to add the minor is to complete the Change of Second Major/Minor/Option Form, available on the College of Science forms page. [2] The 18-credit hour minor requires a GPA of 2.0 or better for the courses attempted for the minor. [4] Some courses listed on the checksheet may have prerequisites. [4]",Not Required,,True,False,False,False,False,False,,False,False,False,False,False,False,False,False,False,,,,"The minor is interdisciplinary, coordinated by the Academy of Data Science within the College of Science, with coursework from the College of Science and the Pamplin College of Business. [36, 5, 6]","There is no specific tuition fee for the minor. For the 2025-26 academic year, the approved annual tuition and mandatory fees for a full-time undergraduate student are $16,526 for Virginia residents and $38,977 for out-of-state students. [13]",,,,,,,,"Today's students are tomorrow's doctors, lawyers, politicians, industrial leaders, patients, parents, volunteers, and neighbors who will make important decisions that will impact both themselves and our society. To make these decisions, data serve as an important resource for gathering ""objective” information and evaluating risk (or lack thereof) from multiple perspectives. Students in this minor will develop skills to think critically and use data responsibly to formulate judgments beyond their personal inferences/preferences. At the completion of this minor, students will be able to consume and use data responsibly, ethically, collaboratively, effectively, and efficiently. Such skills are both marketable professionally and useful personally, as data literacy is essential for living in the 21st century. [4]",,"The official university website for Virginia Polytechnic Institute and State University, commonly known as Virginia Tech, is vt.edu.

Virginia Tech is a public, land-grant research university with its main campus located in Blacksburg, Virginia. The university offers a wide range of undergraduate and graduate degree programs.",,,"For the 2024-2025 academic year, the estimated undergraduate cost per credit hour is $548 for in-state students and $1,432.25 for out-of-state students. [3] Note that these rates are subject to change and may not include additional college or course-specific fees. [4]",FALSE,False,,4.0,2.0,,,,,,,,,,,,,,,,,,False,False,,,,,,,,,,,,,,,,,,,,,,,,,"Virginia Tech offers scholarships based on both academic merit and financial need, which are awarded through the Office of University Scholarships and Financial Aid, as well as by individual colleges and departments. [11, 12]",FALSE,,,FALSE,FALSE,,,False
,Minor in Design,,,,,Undergraduate,Fall 2026,,,,Not Required,Not Required,,,"The Design + Technology + Creative Expression minor requires the completion of 18 credit hours. This includes a 3-hour foundational course, 9 credit hours of mid-level electives from three different categories (Understand, Explore, and Materialize), a required 3-hour mid-level course, and a required 3-hour capstone course. [10, 11, 12] A minimum GPA of 2.0 is required in all courses taken to fulfill the minor. [11] At least 6 credits must be at the 3000-level or above. [11]",Not Required,,True,False,False,False,False,False,,False,False,False,False,False,False,False,False,False,,,,,,,,,,,,,"Students from related disciplines may pursue a minor in Industrial Design. The concentration requires the completion of 18 credit hours at the main campus, including a studio offered during the summer. Classes may be taken in any order. [4]",,"The official university website for Virginia Polytechnic Institute and State University, commonly known as Virginia Tech, is vt.edu.

Virginia Tech is a public, land-grant research university with its main campus located in Blacksburg, Virginia. The university offers a wide range of undergraduate and graduate degree programs.",,,,FALSE,False,,,,,,,,,,,,,,,,,,,,,False,False,,,,,,,,,,,,,,,,,,,,,,,,,,FALSE,,,FALSE,FALSE,,,False
,Minor in Design Studies for Innovation,,,,,Undergraduate,Fall 2026,,,,Not Required,Required,Not Required,Not Required,"To apply as a first-year applicant to Virginia Tech, you must complete 18 units of high school coursework. The application is reviewed holistically, considering academic factors such as program rigor, grades, and optional standardized test scores, as well as personal factors. [3] Personal factors include activities, a disciplinary record, and personal statements submitted through the Ut Prosim Profile. [3] Applicants are required to submit a Self-reported Transcript and Academic Record System (STARS) Record. [5]",Not Required,,True,True,False,False,False,False,,False,False,False,False,False,False,False,True,False,,,,"College of Architecture, Arts, and Design",,,,,,,,,,,https://www.vt.edu/academics/minors/design-tech-creative.html,,,,FALSE,False,,4.0,2,,,,,,,,,,,,,,,,,,False,False,,,,,,,,,,,,,,,,,,,,,,,,,"Merit-based, Need-based",FALSE,,,FALSE,FALSE,,,False
,Minor in Disability Studies,,,,,Undergraduate,Fall 2026,,,,,,Not Required,,,,,False,False,False,False,False,False,,False,False,False,False,False,False,False,False,False,,,,College of Liberal Arts and Human Sciences,,,,,,,,,"The Disability Studies minor includes a multi-disciplinary curriculum with courses in human development; apparel, housing and resource management; psychology; education; and science, technology, and society. [2, 7] The program will provide students with a multi-disciplinary view of how disability is defined and what barriers to full inclusion are faced by individuals with disabilities. [2, 6] This interdisciplinary minor is available to any student who seeks to broaden their understanding of disability, including how disability and people with disabilities are treated in society and in different academic disciplines. [2] It is relevant for careers ranging from equipment engineering to classroom teaching to legal policymaking. [3, 7]",,"The official university website for Virginia Polytechnic Institute and State University, commonly known as Virginia Tech, is vt.edu.

Virginia Tech is a public, land-grant research university with its main campus located in Blacksburg, Virginia. The university offers a wide range of undergraduate and graduate degree programs.",,,,FALSE,False,,4.0,2.0,,,,,,,,,,,,,,,,,,False,False,,,,,,,,,,,,,,,,,,,,,,,,,"General scholarships, need-based and merit-based are available. Specific scholarships for students with disabilities are also listed.",FALSE,,,FALSE,FALSE,,,False
,Minor in Displacement Studies,,,,,Undergraduate,Fall 2026,,,,Not Required,Not Required,Not Required,Not Required,"To add the Minor in Displacement Studies, current students must submit a 'Change of Minor' form. [6] Consultation with an academic advisor is recommended before submitting the request. [6] A GPA of 2.0 is required in the minor courses to graduate, and the minor consists of 18 credit hours. [4]",Not Required,,True,False,False,False,False,False,,False,False,False,False,False,False,False,True,False,,,,,,,,,,,,,,,"The official university website for Virginia Polytechnic Institute and State University, commonly known as Virginia Tech, is vt.edu.

Virginia Tech is a public, land-grant research university with its main campus located in Blacksburg, Virginia. The university offers a wide range of undergraduate and graduate degree programs.",,,,FALSE,False,,,,,,,,,,,,,,,,,,,,,False,False,,,,,,,,,,,,,,,,,,,,,,,,,,FALSE,,,FALSE,FALSE,,,False
,Minor in Diversity and Community Engagement,,,,,Undergraduate,Fall 2026,,,,Not Required,Not Required,Not Required,Not Required,"The program is open to all Virginia Tech students with a grade point average of at least 2.0 on a 4.0 scale. [6] The minor requires a minimum of 18 credit hours, and all courses must be taken for a letter grade of A/F. [8, 4] A minimum GPA of 2.0 is required in all courses taken to fulfill the minor. [8] The curriculum includes two required courses (SOC 2034 and SOC 4294) and 12 credit hours of electives chosen from five approved areas. [4, 6] At least 9 of the elective hours must be at the 3000-4000 level. [4]",Not Required,,True,False,False,False,False,False,,False,False,False,False,False,False,False,True,False,,,,College of Liberal Arts and Human Sciences,,,,,,,,,"The Diversity and Community Engagement minor at Virginia Tech examines how a richer understanding of diversity allows for more effective work and life within communities. [4] The program is designed to prepare students for success in a global society by examining diversity in both local and international contexts and exploring how identities and social categories impact the understanding of social, civic, and work situations. [3, 4] Rooted in Virginia Tech's Principles of Community, the minor aims to teach students to value human diversity, linking learning objectives with service to others. [3, 4] It follows the university's motto, ""Ut Prosim"" (That I May Serve), by engaging students in a hands-on approach to prepare them for leadership roles in their communities. [4] The curriculum is interdisciplinary, consisting of 18 credit hours, which includes required courses and electives. [3] The program emphasizes service-oriented community projects, and students will gain knowledge and skills essential for effective civic engagement and future employment. [3, 4]",,"The official university website for Virginia Polytechnic Institute and State University, commonly known as Virginia Tech, is vt.edu.

Virginia Tech is a public, land-grant research university with its main campus located in Blacksburg, Virginia. The university offers a wide range of undergraduate and graduate degree programs.",,,,FALSE,False,,4.0,2.0,,,,,,,,,,,,,,,,,,False,False,,,,,,,,,,,,,,,,,,,,,,,,,"Merit-based, Need-based",FALSE,,,FALSE,FALSE,,,False
,Minor in Early Childhood Development and Education,,,,,Undergraduate,Fall 2026,,,,Not Required,Not Required,Not Required,Not Required,"To add the Minor in Early Childhood Development and Education, students in the College of Liberal Arts and Human Sciences should use the 'Change of Minor (DocuSign)' form. It is recommended to consult with an academic advisor before submitting the request. According to the college's undergraduate forms page, new students do not need to have a GPA to add a minor. [2] The program checksheet mentions that a university minimum GPA of 2.0 and an in-minor minimum GPA of 2.0 are required. [1]",Not Required,,True,False,False,False,False,False,,False,False,False,False,False,False,False,True,False,,,,College of Liberal Arts and Human Sciences,,,,,,,,,"Gain expertise in children's development in early life and how young children's development impacts how they learn. Prepare to teach young children in educational settings and gain knowledge that can be used to advocate for them. Engage in experiential learning centered on early childhood education. [2] The Early Childhood Development and Education minor helps students of any major learn the basics of developmentally appropriate practice in early childhood education. [2] Students take in-depth courses in early childhood development and early childhood curriculum. [2] Students choose elective courses offered by multiple departments that provide them with in-depth knowledge about individual and social issues that impact children's learning and prepare them to serve and advocate for young children in a variety of ways. [2] Students also engage in experiential learning giving them real-life experience helping young children learn. [2] For students earning teaching licensure in Virginia Tech's Elementary Education major, the Early Childhood Development and Education minor can also be used to help students earn the Virginia State add-on endorsement for early childhood for three-year-olds and four-year-olds. [2]",,"The official university website for Virginia Polytechnic Institute and State University, commonly known as Virginia Tech, is vt.edu.

Virginia Tech is a public, land-grant research university with its main campus located in Blacksburg, Virginia. The university offers a wide range of undergraduate and graduate degree programs.",,,,FALSE,False,,4.0,2,,,,,,,,,,,,,,,,,,False,False,,,,,,,,,,,,,,,,,,,,,,,,,"Merit-based, Need-based, Athletic, Community service, Employer, Military",FALSE,,,FALSE,FALSE,,,False
,Minor in Ecological Cities,,,,,Undergraduate,Fall 2026,,,,Not Required,Not Required,Not Required,Not Required,A minimum of 18 credit hours is required to graduate with an Ecological Cities minor. [5] The 18-credit hour minor includes 9 hours of required Pathways courses and 9 hours of elective courses. [6] A minimum GPA of 2.0 in courses comprising the minor is required to complete the minor. [5] Current students at Virginia Tech who wish to add a minor in the College of Natural Resources and Environment must complete the Minor Declaration form. [9],Not Required,,True,False,False,False,False,False,,False,False,False,False,False,False,False,True,False,,,,School of Design,"Tuition and mandatory fees for the 2025-26 academic year are $16,526 for in-state undergraduate students and $38,977 for out-of-state undergraduate students. [4]",,,,,,,,"The way we design, create, and manage cities and other urbanized areas will have a significant impact on our future quality of life and the global environment. Professionals are now faced with a new and complex challenge: integrating the natural world into the built environment for the benefit of society. Students completing the Ecological Cities Minor will be better prepared to critically analyze sustainable design and practice in cities and its scientific and cultural underpinnings. Students will gain unique experiences working with classmates from other disciplines on common problems, giving them a considerable advantage in their future careers. The minor will be at the leading edge in training professionals to work in collaborative, interdisciplinary integrated design teams. [4]",,"The official university website for Virginia Polytechnic Institute and State University, commonly known as Virginia Tech, is vt.edu.

Virginia Tech is a public, land-grant research university with its main campus located in Blacksburg, Virginia. The university offers a wide range of undergraduate and graduate degree programs.",,,"In-state: $564.25/credit hour, Out-of-state: $1,617.25/credit hour.",FALSE,False,,4.0,2,,,,,,,,,,,,,,,,,,False,False,,,,,,,,,,,,,,,,,,,,,,,,,"Merit-based, Need-based. [20, 22]",FALSE,,,FALSE,FALSE,,,False
,Minor in Economics,,,,,Undergraduate,Fall 2026,,,,Not Required,Not Required,Not Required,Not Required,"The minor requires students to complete 18 credit hours which include: ECON 2005 (Principles of Economics), ECON 2006 (Principles of Economics), ECON 3104 (Microeconomic Theory), ECON 3204 (Macroeconomic Theory), and two 3000 or 4000 level Economics electives. [4, 7] A GPA of 2.0 is required for the minor. [4] To add the minor, students must complete the 'Change of Second Major/Minor/Option Form' from the College of Science. [7]",Not Required,,True,False,False,False,False,False,,False,False,False,False,False,False,False,True,False,,,,,,,,,,,,,"The economics minor provides students a foundation in economic theory as well as the opportunity to explore applications related to a students interests and career objectives. The minor is open to students from any major! Students pursuing the economics minor complete 18 credit hours that consist of a core sequence or introductory courses, a core sequence of theory courses, and two upper-level electives. [4]",,"The official university website for Virginia Polytechnic Institute and State University, commonly known as Virginia Tech, is vt.edu.

Virginia Tech is a public, land-grant research university with its main campus located in Blacksburg, Virginia. The university offers a wide range of undergraduate and graduate degree programs.",,,,FALSE,False,,,,,,,,,,,,,,,,,,,,,False,False,,,,,,,,,,,,,,,,,,,,,,,,,,FALSE,,,FALSE,FALSE,,,False
,"Minor in Economics of Diversity, Equity, and Inclusion",,,,,Undergraduate,Fall 2026,,,,Not Required,Not Required,Not Required,Not Required,"To declare a minor in Economics of Diversity, Equity, and Inclusion, current Virginia Tech students should contact the undergraduate advising office in the Department of Economics. The specific process for declaring a minor typically involves filling out a form and ensuring the student's academic plan meets the requirements for the minor. As this is a minor for current students, there is no formal application process that requires materials such as resumes or test scores.",Not Required,,True,False,False,False,False,False,,False,False,False,False,False,False,False,True,False,,,,"College of Science, Department of Economics","In-state: $16,526/year, Out-of-state: $38,977/year. [3]",,,,,,,,"The Department of Economics offers students in other majors the opportunity to minor in Economics or Economics of Diversity, Equity, and Inclusion. [3] A student majoring in Economics or any option in Economics cannot complete this minor. [5]",,"The official university website for Virginia Polytechnic Institute and State University, commonly known as Virginia Tech, is vt.edu.

Virginia Tech is a public, land-grant research university with its main campus located in Blacksburg, Virginia. The university offers a wide range of undergraduate and graduate degree programs.",,"$10,993","Virginia Residents: $529, Out-of-State Residents: $1,388. [5]",FALSE,True,,4.0,2.0,,,,,,,,,,,,,,,,,,False,False,,,,,,,,,,,,,,,,,,,,,,,Varies,,Merit-based and need-based scholarships are available. [32],FALSE,,,FALSE,FALSE,,,False
,Minor in Ecosystem for Human Well-Being,,,,,Undergraduate,Fall 2026,,,,Not Required,Not Required,Not Required,Required,"To add the minor, students must complete the online form found on the CALS Student Forms Page. [3, 5] Students must have a minimum GPA of 2.0 for all courses used to complete the minor. [3, 5] The minor requires 18 credit hours. [3, 4, 5]",Not Required,,True,False,True,False,False,False,,True,False,False,False,True,True,False,False,False,,,,College of Agriculture & Life Sciences,"In-state: $16,526/Year, Out-of-state: $38,977/Year. [3]",,,,,,,,"The Ecosystems for Human Well-Being minor examines the connection between ecosystems and the services they provide to communities, cultural impact on the environment, and the pathways associated with human and animal health risks. [3] This minor will allow students to examine the world from multiple perspectives in the context of a critical global and ethical issue: the planet’s life support systems. [3] It is appropriate for students from numerous disciplines, especially those with an interest in the “One-Health” concept. [3] Students in STEM fields such as Environmental Science, Biological Science, and Human Nutrition, Foods, and Exercise will find this minor applicable to their future careers. [3] It may also interest students in Population Health Sciences who would like additional environmental science content, and non-STEM majors seeking to fulfill their Pathways requirements in the natural sciences. [3] The 18-hour minor includes a 3-hour required introductory course, a 3-hour required mid-level course, 9 hours of electives, and a required 3-hour capstone course. [3]",,"The official university website for Virginia Polytechnic Institute and State University, commonly known as Virginia Tech, is vt.edu.

Virginia Tech is a public, land-grant research university with its main campus located in Blacksburg, Virginia. The university offers a wide range of undergraduate and graduate degree programs.",,,"For Virginia residents, the cost per credit hour is $564.25. [5]",FALSE,True,,4.0,2,,,,,,,,,,,,,,,,,,False,False,,,115.0,,,,6.5,,,59.0,,80,,,,,,,,,,,,,"Merit-based and need-based scholarships are available. [25, 29]",FALSE,,,FALSE,FALSE,,,False
,Minor in Engineering Science & Mechanics,,,,,Undergraduate,Fall 2026,,,,Not Required,Not Required,Not Required,,"To add the Minor in Engineering Science and Mechanics, students must complete the College of Engineering Minor Application online. [3] The program is non-restricted, meaning it does not have specific criteria students must meet to be eligible for entry beyond being an enrolled student. [9] To obtain the minor, a student must complete 21 credit hours of specified courses, earn an in-minor GPA of 2.0, and achieve a minimum grade of C- in each course. [6]",Not Required,,True,False,False,False,False,False,,False,False,False,False,False,False,False,False,False,,,,College of Engineering,"For the 2024-25 academic year, tuition and mandatory fees for Virginia undergraduate students are $15,950 annually, and for out-of-state undergraduate students, it is $37,777 annually. [4] This does not include the College of Engineering supplemental fee.",,,,,,,,"This undergraduate minor offers a unique route to students' academic and career objectives, focusing on fundamental engineering principles. Students majoring in mechanical engineering can earn this minor with no additional courses, as required courses for the minor can double count towards the major. This minor is ideal for non-ME majors who wish to strengthen their mechanics background and pursue an engineering-related career. Graduates with a minor in engineering science and mechanics are prepared to assume and successfully carry out any engineering assignment. Additionally, this strong background in the fundamentals is excellent preparation for graduate work. The<seg_125>flexible curriculum can also be used to give tailored, focused instruction in mechanics of materials, vibrations and controls, kinematics and dynamics, thermal sciences, the dynamics of fluids and gases, biomedical engineering, computer applications, and business.",,"The official university website for Virginia Polytechnic Institute and State University, commonly known as Virginia Tech, is vt.edu.

Virginia Tech is a public, land-grant research university with its main campus located in Blacksburg, Virginia. The university offers a wide range of undergraduate and graduate degree programs.",,,"For the 2024-25 academic year, the cost per credit hour for in-state undergraduate students is $548, and for out-of-state students, it is $1,432.25. [5]",FALSE,True,,4.0,2,,,,,,,,,,,,,,,,,,False,False,,,,,,,,,,,,,,,,,,,,,,,,,Merit-based and need-based,FALSE,,,FALSE,FALSE,,,False
,Minor in English - Creative Writing,,,,,Undergraduate,Fall 2026,,,,Not Required,Not Required,Not Required,Required,"To declare a minor in the College of Natural Resources and Environment, to which the Department of English and its programs belong, you must complete a form at the college's Advising Center. [12] A minimum GPA of 2.0 in the minor courses is required for graduation.",Not Required,,True,False,True,False,False,False,,True,False,False,False,True,True,True,False,False,,,,College of Liberal Arts and Human Sciences,,,,,,,,,"The Creative Writing minor at Virginia Tech helps students hone their writing skills by working creatively with language in a variety of genres. [4] The program focuses on a workshop approach, engaging students in the craft of creative writing. [4] Students participate in a wide range of courses reflective of their creative interests, learning about major writers, literary traditions, and contemporary innovations. [4, 11] Under the guidance of published writers, students also develop a portfolio of material showcasing their range and versatility as a creative writer. [4, 11] The minor requires 18 credit hours to complete. [3]",,"The official university website for Virginia Polytechnic Institute and State University, commonly known as Virginia Tech, is vt.edu.

Virginia Tech is a public, land-grant research university with its main campus located in Blacksburg, Virginia. The university offers a wide range of undergraduate and graduate degree programs.",,,"In-state: $548/credit hour, Out-of-state: $1,432/credit hour",FALSE,False,,4.0,2.0,,,,,,,,,,,,,,,,,,False,False,,,115.0,,,,6.5,,,58.0,,80,,,,,,,,,,,,,Merit-based and need-based,FALSE,,,FALSE,FALSE,,,False
,Minor in Entomology,,,,,Undergraduate,Fall 2026,,,,Not Required,Not Required,Not Required,Not Required,"A formal Entomology minor is available to students in any discipline area who request entrance to the program, and who complete the course requirements. [1]",Not Required,,True,False,False,False,False,False,,False,False,False,False,False,False,False,True,False,,,,College of Agriculture and Life Sciences,,,,,,,,,"A general description of entomology is provided, stating that it is both a basic and an applied science dealing with the study of insects and their impact on humanity's health, economy, and welfare. [12] The department does not offer an undergraduate degree but provides service courses, a university core curriculum course, and an undergraduate minor. [4] The goal of the teaching program is to foster lifelong learning and provide students with knowledge and understanding of entomology. [5] The minor itself is available to students from any discipline who meet the course requirements. [6]",,"The official university website for Virginia Polytechnic Institute and State University, commonly known as Virginia Tech, is vt.edu.

Virginia Tech is a public, land-grant research university with its main campus located in Blacksburg, Virginia. The university offers a wide range of undergraduate and graduate degree programs.",,,,FALSE,True,,,,,,,,,,,,,,,,,,,,,False,False,,,,,,,,,,,,,,,,,,,,,,,,,,FALSE,,,FALSE,FALSE,,,False
,Minor in Entrepreneurship - New Venture Growth,,,,,Undergraduate,Fall 2026,,,,Not Required,Required,Not Required,Not Required,"Admission will be competitive and will be based on the following criteria: Minimum 2.00 overall GPA; Completion of two Pathway courses or admission to the Innovate living-learning community; Written statement of interest in the entrepreneurial purpose associated with new venture growth (not to exceed 1 page). [1, 2, 3]",Not Required,,True,False,False,False,False,False,,False,False,False,False,False,False,False,True,False,,,,Pamplin College of Business,"In-state: $16,526/Year, Out-of-state: $38,977/Year",,,,,,,,"The Minor in Entrepreneurship: New Venture Growth is open to any non-business student at Virginia Tech who wants to develop knowledge and skills in entrepreneurship. [2] The program focuses on the knowledge and skills necessary to create new ventures and lead their early growth. [4] It provides the tools, skillset, experiences, and mindset needed to succeed in the entrepreneurial world. [2] Whether aiming to launch a startup, innovate within a corporation, or simply enhance their employability, students will find this program an enriching and transformative experience. [2] The objective is to provide students with the knowledge and skills needed to convert ideas into business successes, particularly in the context of engineering and science-based technology commercialization. [4] This program offers a unique opportunity for students across all disciplines to complement their major area of study with an entrepreneurial mindset and skillset that is highly valued in today's economy. [2]",,"The official university website for Virginia Polytechnic Institute and State University, commonly known as Virginia Tech, is vt.edu.

Virginia Tech is a public, land-grant research university with its main campus located in Blacksburg, Virginia. The university offers a wide range of undergraduate and graduate degree programs.",,,,FALSE,False,,4.0,2,,,,,,,,,,,,,,,,,,False,False,,,,,,,,,,,,,,,,,,,,,,,Varies,,"Merit-based, Need-based, and special interest",FALSE,,,FALSE,FALSE,,,False
,Minor in Environmental Economics,,,,,Undergraduate,Fall 2026,,,,,,,,"For first-year applicants, Virginia Tech conducts a holistic review that considers academic achievements within the context of the applicant's high school, including rigor of the program and grades. [5] The review also includes personal factors such as activities, personal statements submitted through the Ut Prosim Profile, and first-generation college student status. [5] For graduate admissions, applicants apply to the Graduate School, but the admission requirements are largely determined by the individual departments or programs. [10] The Graduate School itself does not require entrance exams like the GRE or GMAT, but specific programs may. [10, 12]",,,True,True,False,False,False,False,,False,False,False,False,False,False,False,False,False,,,,College of Agriculture & Life Sciences,,,,,,,,,"Students are introduced to the problems of rural poverty, use of natural resources, and provision of public services to non-urban areas. Courses include topics on resource use, public policy, sustainability, and environmental justice. [10] This minor is not available to students majoring in Agribusiness, Applied Economic Management, Environmental Economics: Management & Policy, International Trade and Development or Food and Health Systems Economics. Some courses required for this major have pre-/co-requisites and/or enrollment requirements. [4]",,"The official university website for Virginia Polytechnic Institute and State University, commonly known as Virginia Tech, is vt.edu.

Virginia Tech is a public, land-grant research university with its main campus located in Blacksburg, Virginia. The university offers a wide range of undergraduate and graduate degree programs.",,,,FALSE,False,,4.0,2.0,,,,,,,,,,,,,,,,,,False,False,,,,,,,,,,,,,,,,,,,,,,,,,,FALSE,,,FALSE,FALSE,,,False
,Minor in Environmental Policy and Planning,,,,,Undergraduate,Fall 2026,,,,Not Required,Not Required,Not Required,Not Required,In-minor GPA: Students must have a 2.0 or above in-minor GPA to complete the SSC minor. All courses listed below are used in the computation of the in-minor GPA. Intra-SPIA Program majoring and minoring: copolymers of the graded course credits required for the Minor in Environmental Policy and Planning may be double-counted by a student also enrolling in a major under the Bachelor of Arts in Public and Urban Affairs. Prerequisite Statement: Some courses listed on this checksheet have prerequisites. Be sure to consult the University Catalog and/or check with your advisor. [1],Not Required,,True,False,False,False,False,False,,False,False,False,False,False,False,False,True,False,,,,"School of Public and International Affairs, College of Liberal Arts and Human Sciences",,,,,,,,,"The environmental policy and planning minor provides students with an interdisciplinary framework to view environmental problems. Students will obtain the knowledge and skills needed to function as policymakers and planners who can understand complex environmental issues and develop enduring solutions. The EPP minor extends knowledge in policy, planning, governance, and international affairs through an interconnected sequence of courses that explore environmental policy and planning, urban planning, transdisciplinary problem solving, land use, and environmental law.",,"The official university website for Virginia Polytechnic Institute and State University, commonly known as Virginia Tech, is vt.edu.

Virginia Tech is a public, land-grant research university with its main campus located in Blacksburg, Virginia. The university offers a wide range of undergraduate and graduate degree programs.",,,,FALSE,False,,4.0,2.0,,,,,,,,,,,,,,,,,,False,False,,,,,,,,,,,,,,,,,,,,,,,,,"Need-based and merit-based grants, scholarships, work-study, and loans",FALSE,,,FALSE,FALSE,,,False
,Minor in Environmental Science,,,,,Undergraduate,Fall 2026,,,,Not Required,Not Required,Not Required,Not Required,"Students can apply for this minor by completing the “Add a Minor” form found on the CALS Student Forms webpage. A minimum GPA of 2.0 is required for courses taken towards the minor. The minor requires a total of 21 credits. [3, 11]",Not Required,,True,False,False,False,False,False,,False,False,False,False,False,False,False,True,False,,,,School of Plant and Environmental Sciences,"In-state: $16,526/year, Out-of-state: $38,977/year",,,,,,,,"The Environmental Science (ENSC) Minor exposes students to important physical, chemical, and biological processes. [3] Students take both basic and applied courses related to the environment. [3] The minor requires a minimum of 21 total credits to complete, and students must maintain a minimum GPA of 2.0 for courses taken towards the minor. [2] Some courses listed for this minor may have prerequisites or co-requisites. [2] Students majoring in Environmental Science are not eligible to add the Environmental Science Minor. [4]",,"The official university website for Virginia Polytechnic Institute and State University, commonly known as Virginia Tech, is vt.edu.

Virginia Tech is a public, land-grant research university with its main campus located in Blacksburg, Virginia. The university offers a wide range of undergraduate and graduate degree programs.","Virginia Polytechnic Institute and State University (Virginia Tech) is accredited by the Southern Association of Colleges and Schools Commission on Colleges (SACSCOC) to award associate, baccalaureate, masters, educational specialist, and doctorate degrees. [8]",,"In-state: $548, Out-of-state: $1,432.25",FALSE,True,,4.0,2,,,,,,,,,,,,,,,,,,False,False,,,,,,,,,,,,,,,,,,,,,,,,,Merit-based and need-based,FALSE,,,FALSE,FALSE,,,False
,"Minor in Environmental, Social and Governance Analytics",,,,,Undergraduate,Fall 2026,,,,Not Required,Not Required,Not Required,Not Required,"In order to apply for a Minor in ESG (Environmental, Social and Governance) Analytics, students must have a GPA of 2.50 or above. [1, 2, 3, 4]",Not Required,,True,False,False,False,False,False,,False,False,False,False,False,False,False,True,False,,,,"Pamplin College of Business, Department of Finance","For the 2025-26 academic year, the annual tuition and mandatory fees for a Virginia resident undergraduate student will be $16,526. For an out-of-state undergraduate student, the annual cost will be $38,977. [16]",,,,,,,,"The Department of Finance has developed an ESG minor to make students, especially Business majors, aware of environmental, social, and governance criteria that are used in evaluation of companies and investments. The minor will prepare students to understand the effect of ESG on investment performance, access to funding, and evaluation of corporate policies. [3]",,"The official university website for Virginia Polytechnic Institute and State University, commonly known as Virginia Tech, is vt.edu.

Virginia Tech is a public, land-grant research university with its main campus located in Blacksburg, Virginia. The university offers a wide range of undergraduate and graduate degree programs.",,,"For Summer 2025, the per-credit-hour tuition rate for undergraduate Virginia residents starts at $438.50, and for non-Virginia residents, it starts at $1,325.00. [33] An additional surcharge of $299.50 per credit hour may be assessed for in-state students who have completed over 125% of their degree requirements. [3]",FALSE,False,,4.0,2.5,,,,,,,,,,,,,,,,,,False,False,,,,,,,,,,,,,,,,,,,,,,,"The Pamplin Leader Award provides a one-year $1,000 tuition scholarship. [34]",,"The Pamplin College of Business offers merit-based and need-based scholarships, such as the Pamplin Merit Scholarship and the Pamplin Advantage Scholarship. [13] Some scholarships require a separate application, while others are based on the general university application. [13, 20]",FALSE,,,FALSE,FALSE,,,False
,Minor in Event & Experience Management,,,,,Undergraduate,Fall 2026,,,,Not Required,Not Required,Not Required,Not Required,"The minor in Event and Experience Management (EEMG) is open to all Virginia Tech students with a GPA of at least 2.50 and who have at least 12 earned credit hours here at Virginia Tech. [3, 6] Students can apply for the EEMG minor at http://pampl.in/addminor. [3, 6] Students cannot pursue the EEMG Major and Minor simultaneously. [3, 6]",Not Required,,True,False,False,False,False,False,,False,False,False,False,False,False,False,True,False,,,,Pamplin College of Business,"For the 2025-26 academic year, tuition and mandatory fees for Virginia undergraduate students will be $16,526 annually, and for out-of-state undergraduate students, it will be $38,977 annually. [5]",,,,,,,The Hospitality & Tourism Pathways minor in Event and Experience Management provides options of emphasis in sales management or event operations management. [6],"The Hospitality & Tourism Pathways minor in Event and Experience Management is available prequel to all students at Virginia Tech and provides options of emphasis in sales management or event operations management. The minor consists of 18 credit hours and provides students with content and practical experiences leading to professional growth opportunities in the event management industry. This creates career opportunities for students who aspire to design, plan, and manage the execution of events or for those who prefer the challenge of sales and the techniques involved in building customer relationships through effective communication and interpersonal skills. [6]",,"The official university website for Virginia Polytechnic Institute and State University, commonly known as Virginia Tech, is vt.edu.

Virginia Tech is a public, land-grant research university with its main campus located in Blacksburg, Virginia. The university offers a wide range of undergraduate and graduate degree programs.",,,,FALSE,False,,4.0,2,,,,,,,,,,,,,,,,,,False,False,,,,,,,,,,,,,,,,,,,,,,,,,"Merit-based, Need-based",FALSE,,,FALSE,FALSE,,,False
,Minor in Food Science and Technology,,,,,Undergraduate,Fall 2026,,,,Not Required,Not Required,Not Required,Required,"A minimum GPA of 2.0 in all courses taken to fulfill the minor is required. The minor requires the completion of 18 credit hours, including 14 credit hours of required courses and at least 4 credit hours of restricted FST electives. [7, 8]",Not Required,,True,False,True,False,False,False,,True,False,False,False,True,True,False,False,False,,,,College of Agriculture and Life Sciences,"$16,526 per year for in-state and $38,977 per year for out-of-state undergraduate students for the 2025-26 academic year. [4]",,,,,,,,"Food science benefits consumers every day with healthier diets, better tasting affordable foods, and increased food safety. In the Department of Food Science and Technology, you really do get to play with your food! Food Science is an exciting area that applies a blend of basic sciences such as biology, chemistry and physics with microbiology, biochemistry, mathematics and engineering to improve the taste, nutrition and value of the world's food supply. [4] The Food Science and Technology curriculum includes hands-on experiences that supports classroom instruction with practical applications and creative opportunities for product development. [4]",,"The official university website for Virginia Polytechnic Institute and State University, commonly known as Virginia Tech, is vt.edu.

Virginia Tech is a public, land-grant research university with its main campus located in Blacksburg, Virginia. The university offers a wide range of undergraduate and graduate degree programs.","The program is recognized by the national Institute of Food Technologists (IFT) as having curricula and options that meet the ""IFT Undergraduate Education Standards for Degrees in Food Science."" [4]","$10,993","$548 for in-state and $1,432 for out-of-state undergraduates. [5]",FALSE,True,,4.0,2.0,,,,,,,,,,,,,,,,,,False,False,,,115.0,,,,6.5,,,59.0,,80,,,,,,,,,,,,,"Virginia Tech offers both merit-based and need-based scholarships. [27] For maximum consideration, students should complete the General Scholarship Application and the FAFSA by January 22nd. [17]",FALSE,,,FALSE,FALSE,,,False
,"Minor in Food, Nutrition and Health",,,,,Undergraduate,Fall 2026,,,,,,,,,,,False,False,False,False,False,False,,False,False,False,False,False,False,False,False,False,,,,,,,,,,,,,,,"The official university website for Virginia Polytechnic Institute and State University, commonly known as Virginia Tech, is vt.edu.

Virginia Tech is a public, land-grant research university with its main campus located in Blacksburg, Virginia. The university offers a wide range of undergraduate and graduate degree programs.",,,,FALSE,False,,,,,,,,,,,,,,,,,,,,,False,False,,,,,,,,,,,,,,,,,,,,,,,,,,FALSE,,,FALSE,FALSE,,,False
,Minor in Forest Resources,,,,,Undergraduate,Fall 2026,,,,Not Required,Not Required,Not Required,Not Required,"To declare the Minor in Forestry, students must complete the appropriate form at the College of Natural Resources and Environment Advising Center. To complete the minor, students must finish a minimum of 21 credits from the approved course list with a minimum G.P.A. of 2.0 in those courses. [7]",Not Required,,True,False,False,False,False,False,,False,False,False,False,False,False,False,True,False,,,,"College of Natural Resources and Environment, Department of Forest Resources and Environmental Conservation",,,,,,,,,"The forestry minor is ideal for those in related natural resource fields such as wood products, fisheries, wildlife, and recreation, who would like to broaden their ability to work with forest-related issues. Expertise is gained in ecology, forestry fundamentals, tree identification, and land measurements. [14]",,"The official university website for Virginia Polytechnic Institute and State University, commonly known as Virginia Tech, is vt.edu.

Virginia Tech is a public, land-grant research university with its main campus located in Blacksburg, Virginia. The university offers a wide range of undergraduate and graduate degree programs.",,,,FALSE,True,,4.0,2,,,,,,,,,,,,,,,,,,False,False,,,,,,,,,,,,,,,,,,,,,,,Varies,,Need-based and merit-based,FALSE,,,FALSE,FALSE,,,False
,Minor in French,,,,,Undergraduate,Fall 2026,,,,Not Required,Not Required,Not Required,Not Required,"To declare one of the French minors, please fill out a form that is available at https://liberalarts.vt.edu/forms.html by clicking on ""Change of Primary Major, Second Major and/or Minors"" and then clicking on ""Request to Change Second Major or Minor form"". [13]",Not Required,,True,False,False,False,False,False,,False,False,False,False,False,False,False,True,False,,,,College of Liberal Arts and Human Sciences,,,,,,,,,"Our dedicated faculty offers individualized attention, helping you learn the fundamentals of French language and culture. [12] French is taught in every country in the world and spoken on five continents. [11] The United Nations, NATO, UNESCO, and the International Olympic Committee all use French as one of their official working languages. [11] France has a rich culture, especially in fashion, cuisine, and the arts. [11] This culture is part of what makes France the number one tourist destination. [11] Having a knowledge of French gives you a professional advantage in the international job markets, including opportunities in Europe, Canada, and Africa. [11] Having a working knowledge of the French language can also open up opportunites at renowned universities around the world. [11] At Virginia Tech, you will study the French language, composition, literature, and culture. [11] Courses include French Culture from World Wars to Global Present, Oral Proficiency, Business French, and Special Topics in French Life, Literature, and Language. [11]",,"The official university website for Virginia Polytechnic Institute and State University, commonly known as Virginia Tech, is vt.edu.

Virginia Tech is a public, land-grant research university with its main campus located in Blacksburg, Virginia. The university offers a wide range of undergraduate and graduate degree programs.",,,,FALSE,False,,,,,,,,,,,,,,,,,,,,,False,False,,,,,,,,,,,,,,,,,,,,,,,,,,FALSE,,,FALSE,FALSE,,,False
,"Minor in Gender, Science, and Technology",,,,,Undergraduate,Fall 2026,,,,Not Required,Not Required,Not Required,Not Required,"The Minor in Gender, Science, and Technology (GST) requires the completion of 18 credit hours. [5, 7, 8] A minimum GPA of 2.0 is required in all courses taken to fulfill the minor. [3, 4, 5, 7] For additional information, interested students should contact the program coordinator. [5, 8]",Not Required,,True,False,False,False,False,False,,False,False,False,False,False,False,False,True,False,,,,College of Liberal Arts and Human Sciences,,,,,,,,,"Cultivate an understanding of the complex ways in which gender intertwines with science and technology. By combining classes from the women's and gender studies program and the Science, Technology and Society Department, students will learn to question many of the assumptions that employers, politicians, schools, and scientists hold about gender. A gender, science, and technology minor will make students more competitive in the job market, helping them excel in the fields that shape the job market, including STEM policy, development work, and entrepreneurial activity.",,"The official university website for Virginia Polytechnic Institute and State University, commonly known as Virginia Tech, is vt.edu.

Virginia Tech is a public, land-grant research university with its main campus located in Blacksburg, Virginia. The university offers a wide range of undergraduate and graduate degree programs.",,,"For the 2024-2025 academic year, the in-state undergraduate tuition surcharge for each semester after 125% of the degree requirements have been completed is $299.50 per credit hour. [9] Part-time rates are also available on the university's bursar website.",FALSE,False,,4.0,2,,,,,,,,,,,,,,,,,,False,False,,,,,,,,,,,,,,,,,,,,,,,,,"Virginia Tech offers various scholarships, and the consideration for many, such as those in the College of Science, requires the Free Application for Federal Student Aid (FAFSA), suggesting need-based opportunities. [18] Other scholarships may be based on merit, leadership, or other specific criteria. [18]",FALSE,,,FALSE,FALSE,,,False
,Minor in Geographic Information Science,,,,,Undergraduate,Fall 2026,,,,Not Required,Not Required,,,"Steps for completing the minor In Geographic Information Science for Non-Majors: Declare minor using a 'Major/Option/Minor Form' found In the CNRE Advising Center, 138 Cheatham Hall. Include minor Information when updating the application for degree In Hokie Spa. A minimum overall GPA of 2.0 in these courses is required to complete the minor. [9, 13]",Not Required,,True,False,False,False,False,False,,False,False,False,False,False,False,False,False,False,,,,College of Natural Resources and Environment,"For the 2025-26 academic year, the annual tuition and mandatory fees for a Virginia undergraduate student will be $16,526, and for an out-of-state undergraduate student, it will be $38,977. [5]",,,,,,,,"Utilize cutting-edge geospatial and satellite imaging technology to solve problems related to natural disasters, the spread of disease, urban sprawl, climate change, transportation, the global economy, and more. [15]",,"The official university website for Virginia Polytechnic Institute and State University, commonly known as Virginia Tech, is vt.edu.

Virginia Tech is a public, land-grant research university with its main campus located in Blacksburg, Virginia. The university offers a wide range of undergraduate and graduate degree programs.",,,,FALSE,True,,4.0,2,,,,,,,,,,,,,,,,,,False,False,,,,,,,,,,,,,,,,,,,,,,,"Scholarships of at least $3,000 are available for transfer students from Virginia's community colleges who are admitted to the College of Engineering. [18] For other students, the scholarship amounts vary. [20, 21]",,Merit-based and need-based scholarships are available. [18],FALSE,,,FALSE,FALSE,,,False
,Minor in Geography,,,,,Undergraduate,Fall 2026,,,,Not Required,Not Required,Not Required,Not Required,"To declare the Minor in Geography, current students must use a 'Minor Declaration Form' which can be found on the CNRE Advising Center website. [9] A minimum overall GPA of 2.0 in the courses for the minor is required for completion. [9]",Not Required,,True,False,False,False,False,False,,False,False,False,False,False,False,False,True,False,,,,College of Natural Resources and Environment,"For the 2025-2026 academic year, annual tuition and mandatory fees for Virginia undergraduate students are $16,526 and for out-of-state undergraduate students are $38,977. [5]",,,,,,,,"Geography integrates social and natural sciences in a way that no other field does. [17] Geographers solve pressing social and environmental problems in our globalized and rapidly changing world. [17] We tackle issues related to both the human and physical aspects of climate change, natural disasters, disease spread, water resources, transportation, urban sprawl, forest and ecosystem degradation, and many more. [17] As a geography major, you can learn to apply cutting-edge skills in geospatial information systems (GIS), satellite image analysis, modeling, qualitative and quantitative analysis, and laboratory and field techniques. [17] Students can tailor their studies toward the areas of human, environmental, or geospatial analysis, but will gain valuable knowledge in all three areas. [17] That integrative background, along with a tool kit of valuable analytical skills, will prepare students for a wide variety of employment opportunities across private, public, and government sectors. [17] If you want to travel, study abroad, and learn about cultures, customs, landscapes, and political systems, geography truly is your passport to the globe. [17] Geography majors take fundamental courses in the areas of human geography, world regions, and physical geography, as well as courses in mapping and GIS. [17] Students also choose from major courses in areas such as sustainability, water resources, global conflict, weather, environmental problems, medical geography, mountain geography, remote sensing, policy and planning, and the geography of local and world regions. [17] The minor requires a minimum of 21 credit hours, including required courses in Human Geography, World Regions, and Physical Geography, along with geography electives. [18]",,"The official university website for Virginia Polytechnic Institute and State University, commonly known as Virginia Tech, is vt.edu.

Virginia Tech is a public, land-grant research university with its main campus located in Blacksburg, Virginia. The university offers a wide range of undergraduate and graduate degree programs.","Virginia Polytechnic Institute and State Institution (Virginia Tech) is accredited by the Southern Association of Colleges and Schools Commission on Colleges (SACSCOC) to award associate, baccalaureate, masters, educational specialist, and doctorate degrees. [13]",,,FALSE,False,,4.0,2.0,,,,,,,,,,,,,,,,,,False,False,,,,,,,,,,,,,,,,,,,,,,,,,Merit-based and need-based,FALSE,,,FALSE,FALSE,,,False
,Minor in Geosciences,,,,,Undergraduate,Fall 2026,,,,Not Required,Not Required,Not Required,,"To be admitted to the minor, students must have a minimum GPA of 2.5 and have completed at least 30 credit hours in their major. [4] A prerequisite of GEOL 100 Physical Geology (or equivalent) is also required. [4] In order to graduate with the minor, a student must complete at least 18 credit hours of required and elective courses and maintain a minimum in-minor GPA of 2.0. [3, 12]",Not Required,,True,False,False,False,False,False,,False,False,False,False,False,False,False,False,False,,,,College of Science,"$16,526/Year (in-state), $38,977/Year (out-of-state)",,,,,,,,"The Department of Geosciences offers a minor for students who wish to develop a working knowledge of earth systems to complement their primary majors. [7, 11] In order to minor in Geosciences, a student must complete the courses below with a minimum in-minor GPA of 2.0. [7, 11]",,"The official university website for Virginia Polytechnic Institute and State University, commonly known as Virginia Tech, is vt.edu.

Virginia Tech is a public, land-grant research university with its main campus located in Blacksburg, Virginia. The university offers a wide range of undergraduate and graduate degree programs.",,"$10,993",,FALSE,True,3,4.0,2,,,,,,,,,,,,,,,,,,False,False,,,,,,,,,,,,,,,,,,,,,,,Varies,52%,"Merit-based, Need-based",FALSE,,,FALSE,FALSE,,,False
,Minor in German,,,,,Undergraduate,Fall 2026,,,,Not Required,Not Required,Not Required,,"18 hours of coursework at the 2000-level and above are required. A minimum grade of “C” must be earned in each course, and an overall GPA of 2.0 in all courses for the minor is required for completion. At least 25% of the German minor (a minimum of 2 courses) must be taken at Virginia Tech. Courses that do not count toward the minor include GER 2724, GER 2964, and GER 4964. [15]",Not Required,,True,False,False,False,False,False,,False,False,False,False,False,False,False,False,False,,,,College of Liberal Arts and Human Sciences,,,,,,,,,"Join more than 120 million German speakers as you study the most widely spoken language in the European Union and the second most used language in the sciences worldwide. [9] German and English share the same parent language. [9] They share many similar features, and speakers of one often find it easy to learn the other. German is among the ten most commonly spoken languages in the world. [9] It is a language of science, invention, and innovation. [9] More than 100 Nobel prizes have been awarded to professionals, researchers, and authors. [9] Many great philosophers, writers, artists, scientists, and composers spoke German as their native language. [9] Being able to read their publications in the original language in which they were written can give you an advantage while pursuing research. [9] Having a working knowledge of German will give you a competitive edge in many fields, including the sciences, engineering, banking, medicine, technology, philosophy, and publication. [9] At Virginia Tech, you will improve your German language skills while you study current issues, classical and contemporary literature, art, and culture of the German-speaking countries. [9] Courses include Culture of the German-Speaking Countries and Topics in German Cinema. [9]",,"The official university website for Virginia Polytechnic Institute and State University, commonly known as Virginia Tech, is vt.edu.

Virginia Tech is a public, land-grant research university with its main campus located in Blacksburg, Virginia. The university offers a wide range of undergraduate and graduate degree programs.",,,,FALSE,False,,,,,,,,,,,,,,,,,,,,,False,False,,,,,,,,,,,,,,,,,,,,,,,,,Study Abroad,FALSE,,,FALSE,FALSE,,,False
,Minor in Global Engagement,,,,,Undergraduate,Fall 2026,,,,Not Required,Not Required,Not Required,Not Required,A minimum of 18 hours is required to graduate with an Global Engagement minor. GPA requirement: GPA of 2.0 is required for the Global Engagement minor. [3],Not Required,,True,False,False,False,False,False,,False,False,False,False,False,False,False,True,False,,,,College of Liberal Arts and Human Sciences,,,,,,,,,"The global engagement minor offers a chance to explore world politics and diplomacy in greater depth. [5] This experiential learning minor offers students a hands-on, practical approach to the study of global issues. [11] The global engagement minor will increase your involvement in research and experiential learning related to international education, allowing you to connect academic concepts with real-life experiences. [5] You will explore international relations through a range of educational opportunities: Study abroad, In-class simulations, Field studies, Undergraduate research, Internships and externships, International organizations models, including Model United Nations, Model NATO, Model Organization of American States, Model African Union, and Model Arab League. [5]",,"The official university website for Virginia Polytechnic Institute and State University, commonly known as Virginia Tech, is vt.edu.

Virginia Tech is a public, land-grant research university with its main campus located in Blacksburg, Virginia. The university offers a wide range of undergraduate and graduate degree programs.",,,,FALSE,False,,,2,,,,,,,,,,,,,,,,,,False,False,,,,,,,,,,,,,,,,,,,,,,,,,"Merit-based, Need-based",FALSE,,,FALSE,FALSE,,,False
,Minor in Global Food Security and Health,,,,,Undergraduate,Fall 2026,,,,Not Required,Not Required,Not Required,Not Required,"To declare the Minor in Global Food Security and Health, students register with the Office of Academic Programs in the College of Agriculture and Life Sciences. [1, 3] The minor requires the completion of 19 credit hours, including 13 credits of required courses and 6 credits of free electives. [1, 2, 3] A minimum GPA of 2.0 is required in all courses taken to fulfill the minor. [1, 3]",Not Required,,True,False,False,False,False,False,,False,False,False,False,False,False,False,True,False,,,,College of Agriculture and Life Sciences,,,,,,,,,"Aninterdisciplinary program that explores the biophysical, technological, and institutional drives that contribute to global food security and population health. The minor also provides students with directed, internationally-oriented experiential learning opportunities, such as study abroad, undergraduate research, internship, or service-learning placement.",,"The official university website for Virginia Polytechnic Institute and State University, commonly known as Virginia Tech, is vt.edu.

Virginia Tech is a public, land-grant research university with its main campus located in Blacksburg, Virginia. The university offers a wide range of undergraduate and graduate degree programs.",,,,FALSE,False,,4.0,2.0,,,,,,,,,,,,,,,,,,False,False,,,,,,,,,,,,,,,,,,,,,,,,,"Merit-based, leadership, and financial need-based scholarships are available.",FALSE,,,FALSE,FALSE,,,False
,Minor in History,,,,,Undergraduate,Fall 2026,,,,,,Not Required,Not Required,,,,False,False,False,False,False,False,,False,False,False,False,False,False,False,True,False,,,,College of Liberal Arts and Human Sciences. [38],Specific tuition for the Minor in History program is not detailed; students are subject to the general university tuition and fees. The university's cost of attendance page provides estimates for the overall cost. [43],,,,,,,"['Empires, Colonialism, and Globalization', 'Ideas, Traditions, and Cultures', 'Science, Technology, Environment, and Medicine', 'Conflict, War, and Peace']","Historians interpret the past to make it understandable and relevant to the present and future. Our history minors learn to think like historians, perform careful research, and communicate what they find in meaningful ways. [4] To earn this minor, students must complete eighteen credit hours of approved courses from four predefined areas of study. [4]",,"The official university website for Virginia Polytechnic Institute and State University, commonly known as Virginia Tech, is vt.edu.

Virginia Tech is a public, land-grant research university with its main campus located in Blacksburg, Virginia. The university offers a wide range of undergraduate and graduate degree programs.",,,"The cost per credit hour for the 2024-2025 academic year was $548 for in-state undergraduate students and $1,432.25 for out-of-state undergraduate students. [7]",FALSE,False,,4.0,2,,,,,,,,,,,,,,,,,,False,False,,,,,,,,,,,,,,,,,,,,,,,Varies. [23],,Virginia Tech offers both merit-based and need-based scholarships. [23],FALSE,,,FALSE,FALSE,,,False
,Minor in Human-Computer Interaction,,,,,Undergraduate,Fall 2026,,,,Not Required,Not Required,Not Required,Not Required,"HCI minors must earn at least a “C” (2.0) in CS 3724, HIST 2604, and COMM 2084. [5] Students must have an HCI Minor GPA of at least 2.0 to successfully complete the minor. [3, 5] Student must be in a degree-granting major before declaring the minor. [3, 5] Some courses listed on this checksheet have prerequisites. [3, 5] It is the student's responsibility to be aware of prerequisites and to ensure that all prerequisites are completed prior to enrolling in the chosen course. [3, 5] Some courses may be restricted to specific majors in some semesters. [3]",Not Required,,True,False,False,False,False,False,,False,False,False,False,False,False,False,True,False,,,,"The minor in Human-Computer Interaction (HCI) is an interdisciplinary minor, with required courses from the departments of History, Sociology, Science, Technology, and Society (STS), Communication, and Computer Science. The administrative home for the minor appears to be within the College of Engineering, as the primary contact is a Computer Science academic advisor.",,,,,,,,,This minor is intended for both current CS majors and for students who are pursuing other majors but wish to add a supplemental focus on HCI.,,"The official university website for Virginia Polytechnic Institute and State University, commonly known as Virginia Tech, is vt.edu.

Virginia Tech is a public, land-grant research university with its main campus located in Blacksburg, Virginia. The university offers a wide range of undergraduate and graduate degree programs.",,,,FALSE,True,,4.0,2,,,,,,,,,,,,,,,,,,False,False,,,,,,,,,,,,,,,,,,,,,,,,,Merit-based and need-based scholarships are available.,FALSE,,,FALSE,FALSE,,,False
,Minor in Human Development,,,,,Undergraduate,Fall 2026,,,,Not Required,Not Required,Not Required,Not Required,,Not Required,,True,False,False,False,False,False,,False,False,False,False,False,False,False,True,False,,,,College of Liberal Arts and Human Sciences,"A specific tuition fee for a minor is not listed. The cost is covered by the general undergraduate tuition. For the 2025-2026 academic year, the annual tuition and mandatory fees are $16,526 for in-state undergraduate students and $38,977 for out-of-state undergraduate students. [8]",,,,,,,,,,"The official university website for Virginia Polytechnic Institute and State University, commonly known as Virginia Tech, is vt.edu.

Virginia Tech is a public, land-grant research university with its main campus located in Blacksburg, Virginia. The university offers a wide range of undergraduate and graduate degree programs.",,,,FALSE,False,,4.0,2.0,,,,,,,,,,,,,,,,,,False,False,,,,,,,,,,,,,,,,,,,,,,,,,"Merit-based and need-based scholarships are available. [4, 35]",FALSE,,,FALSE,FALSE,,,False
,Minor in Humanities for Public Service,,,,,Undergraduate,Fall 2026,,,,Not Required,Required,Not Required,Not Required,"To be a first-year applicant to Virginia Tech, you must complete 18 units of high school coursework, including: 4 units of English; 3 units of math (includes algebra I, and algebra II); 2 units of laboratory science (chosen from biology, chemistry or physics); 2 units of social science (one must be history); 3 additional academic units (foreign language is highly recommended); and 4 elective units. Virginia Tech conducts a holistic review of applications, considering academic achievement and personal qualities. The academic review includes the rigor of your high school program, grades, and standardized test scores if submitted. The personal review considers activities outside the classroom (jobs, clubs, sports, family responsibilities, service, research), disciplinary record, first-generation status, interest in the Corps of Cadets, personal statements via the Ut Prosim Profile, residency, and veteran status. [4]",Not Required,,True,True,False,False,False,False,,False,False,False,False,False,False,False,True,False,,,,College of Liberal Arts and Human Sciences,,,,,,,,,"This a major that puts the Virginia Tech motto Ut Prosim (“That I may serve”) into action. It reflects the many ways our students and alumni pursue careers in service to their communities and the world. The courses in this major will provide you with the knowledge to approach the religious and cultural issues confronting modern society, while also allowing you the flexibility to work with our faculty on specialized topics from environmental issues in Appalachia to the impact of artificial intelligence on humans. This major also includes an internship to give you experience that will benefit your future career.",,https://liberalarts.vt.edu/academics/majors-and-minors/humanities-for-public-service-major.html,,,,FALSE,False,,4.0,2,,,,,,,,,,,,,,,,,,False,False,,,,,,,,,,,,,,,,,,,,,,,,,,FALSE,,,FALSE,FALSE,,,False
,Minor in Innovation,,,,,Undergraduate,Fall 2026,,,,Not Required,Not Required,Not Required,Required,"The Pathways Minor in Innovation is a declarable minor for undergraduate students at Virginia Tech. [1] It is part of the university's Pathways to General Education curriculum. [5, 6] There are no specific application procedures or documents required to declare this minor beyond being an enrolled undergraduate student. The first term to declare the minor was Fall 2018. [1, 7]",Not Required,,True,False,False,,False,False,,True,False,False,False,False,True,True,False,False,,,,College of Engineering,"$16,526 (in-state, annual) / $38,977 (out-of-state, annual) for 2025-2026. [7]",,,,,,,,"The Innovation minor provides a core sequence of classes with opportunities to practice innovative problem-solving skills, as well as elective credits for students to pursue their personal interests. [3] This minor also fills a unique niche by helping students expand their entrepreneurial ideas through customer discovery and business model activities. [3, 4] At the end of the minor, students will have a capstone opportunity to unite their skills in innovation with what they have learned in their major. [3, 4] Students will gain a critical perspective on the topic of innovation by using creative inquiry, design, and collaboration and explore innovation at the nexus of arts, science, technology, and design. [4] The program includes a capstone experience that involves innovations, technologies, intellectual property, and market opportunities in partnership with area businesses, where students work with actual inventors, engineers, scientists, entrepreneurs, advisors, and other potential collaborators. [4]",,"The official university website for Virginia Polytechnic Institute and State University, commonly known as Virginia Tech, is vt.edu.

Virginia Tech is a public, land-grant research university with its main campus located in Blacksburg, Virginia. The university offers a wide range of undergraduate and graduate degree programs.",,"$10,993",,FALSE,False,,4.0,,,,,,,,,,,,,,,,,,,False,False,,,,,,,6.5,,,,,90,,,,,,,,,,,"Varies. Specific scholarships can range from $500 to over $3,000. [25, 29]",,Merit-based and Need-based,FALSE,,,FALSE,FALSE,,,False
,Minor in Integrated Health and Wellness,,,,,Undergraduate,Fall 2026,,,,Not Required,Not Required,Optional,Required,"Students choosing the minor in Integrative Health and Wellness will register with the CALS Academic Programs Office, 1060 Litton Reaves Hall. A minimum GPA of 2.0 in all courses taken to fulfill the minor is required. [9]",Not Required,,True,False,False,,False,False,,True,False,False,False,False,True,True,False,False,,,,,,,,,,,,,"The Minor in Integrative Health and Wellness requires the completion of 18 credit hours. A minimum GPA of 2.0 in all courses taken to fulfill the minor is required. [4, 7, 10] Students choosing the minor will register with the College of Agriculture and Life Sciences (CALS) Academic Programs Office. [4, 10] A faculty advisor in the CALS Academic Programs Office will serve as a counterpart to the student's major advisor. [4, 10] The required courses include Personal Health, Introduction to Integrative Health, and Integrative Health Practices, totaling 9 credits. [7, 9] Students must also select a minimum of 9 credits from a list of restricted elective courses, with at least 6 of these credits being at the 3000 or 4000 level. [7, 9]",,"The official university website for Virginia Polytechnic Institute and State University, commonly known as Virginia Tech, is vt.edu.

Virginia Tech is a public, land-grant research university with its main campus located in Blacksburg, Virginia. The university offers a wide range of undergraduate and graduate degree programs.",,,,FALSE,False,,,,,,,,,,,,,,,,,,,,,False,False,,,,,,,6.5,,,,,90 (iBT) or 550 (PBT),,,,,,,,,,,,,,FALSE,,,FALSE,FALSE,,,False
,Minor in Integrated Security,,,,,Undergraduate,Fall 2026,,,,Not Required,Not Required,Not Required,Required,"The minor is open to all undergraduate students at Virginia Tech, regardless of their major. [1] To declare the Minor in Integrated Security, students must email abrantly@vt.edu. [1] Students are also encouraged to see an advisor in the Political Science department for assistance. [1] A minimum overall and in-minor GPA of 2.0 is required for graduation with the minor. [8]",Not Required,,True,False,False,False,False,False,,False,False,False,False,False,False,False,False,False,,,,College of Liberal Arts and Human Sciences,,,,,,,,,,,"The official university website for Virginia Polytechnic Institute and State University, commonly known as Virginia Tech, is vt.edu.

Virginia Tech is a public, land-grant research university with its main campus located in Blacksburg, Virginia. The university offers a wide range of undergraduate and graduate degree programs.",,,"For the 2025-2026 academic year, undergraduate tuition for Virginia residents is $564.25 per credit hour. For non-Virginia residents, it is $1,481.50 per credit hour.",FALSE,True,,4.0,2.0,,,,,,,,,,,,,,,,,,False,False,,,115.0,,,,6.5,,,59.0,,80,,,,,,,,,,,,,Merit-based and need-based,FALSE,,,FALSE,FALSE,,,False
,Minor in International Business,,,,,Undergraduate,Fall 2026,,,,Not Required,Not Required,Not Required,Required,"Freshman, sophomores, juniors, and seniors who have at least a 2.0 overall GPA are eligible for the International Business minor. [4, 12] The minor consists of 18 credit hours of course work, four years of a foreign language (which may be satisfied by high school coursework), and an approved international experience. [4, 12] For students not in the Pamplin College of Business, the international experience must be a Pamplin-specific study abroad or international internship. [4, 12] Applications for the minor are available in 1046 Pamplin Hall. [11]",Not Required,,True,False,True,False,False,False,,True,False,False,False,True,True,False,False,False,,,,Pamplin College of Business,,,,,,,,Korea Track. [11],"The International Business minor is open to all Virginia Tech students with a GPA of at least 2.0 and is designed for those who wish to learn how to conduct business in an international setting. [4, 5] It provides students with a rigorous foundation for success in today's global business environment by exposing them to a wide variety of business, cultural, and global perspectives. [4] The program requires 18 credit hours of coursework, a foreign language requirement, and an international experience. [3] Non-Pamplin College of Business students are required to participate in a Pamplin-specific international experience to earn the minor. [3, 5] To complete the minor, students must pass all required and elective courses with an average GPA of 2.0 and no course grade lower than a C-. [5]",,"The official university website for Virginia Polytechnic Institute and State University, commonly known as Virginia Tech, is vt.edu.

Virginia Tech is a public, land-grant research university with its main campus located in Blacksburg, Virginia. The university offers a wide range of undergraduate and graduate degree programs.",,,,FALSE,False,,4.0,2,,,,,,,,,,,,,,,,,,False,False,,,115.0,,,,6.5,,,59.0,,80,,,,,,,,,,,,,Need-based and merit-based,FALSE,,,FALSE,FALSE,,,False
,Minor in International Public Policy,,,,,Undergraduate,Fall 2026,,,,Not Required,Not Required,Not Required,Not Required,"A minimum of 18 hours is required to graduate with an International Public Policy minor. [2] A GPA of 2.0 is required for the minor. [2] All courses listed on the checksheet are included in the International Public Policy minor GPA calculation. [2] The minor emphasizes the role of international organizations in global economy and development. [3] Students will take 18 credit hours for the minor. [3] Available courses include Global Governance and Public Policy, Global Environmental Issues, Human Security, Global Economic Governance and Policy, and Global Development. [3]",Not Required,,True,False,False,False,False,False,,False,False,False,False,False,False,False,True,False,,,,"College of Liberal Arts & Human Sciences, Department of Political Science",,,,,,,,,"Our program emphasizes the role of international organizations in global economy and development. You will think critically about governance and political economy, environment and development, and international public health. [3]",,"The official university website for Virginia Polytechnic Institute and State University, commonly known as Virginia Tech, is vt.edu.

Virginia Tech is a public, land-grant research university with its main campus located in Blacksburg, Virginia. The university offers a wide range of undergraduate and graduate degree programs.",,,,FALSE,False,,4.0,2,,,,,,,,,,,,,,,,,,False,False,,,,,,,,,,,,,,,,,,,,,,,,,"Merit-based, Need-based",FALSE,,,FALSE,FALSE,,,False
,Minor in International Studies,,,,,Undergraduate,Fall 2026,,,,Not Required,Not Required,Not Required,Not Required,"To declare the Minor in International Studies at Virginia Tech, there are no application documents such as a resume or statement of purpose mentioned on the official website. The process involves adding the minor, and students are directed to contact specific advisors for guidance. The curriculum for the minor requires a total of 18 credit hours, including courses such as ""Introduction to United States Government and Politics"" and ""The Global Economy to World Politics."" While not a requirement, the department strongly encourages students pursuing this minor to also study a foreign language.",Not Required,,True,False,False,False,False,False,,False,False,False,False,False,False,False,True,False,,,,College of Liberal Arts and Human Sciences,,,,,,,,,"The minor in International Studies (IS) offers students an interdisciplinary approach to the study of global affairs. [2] This minor offers a multidisciplinary approach to the analysis and management of global problems. [6] It provides a broad political and global perspective. [3] Adopting an experiential learning approach, this minor seeks to encourage and reward Virginia Tech students who wish to explore and study the ""international"" through a variety of educational tools, such as study abroad, in-class simulations, participation in various international organizations models (e.g., Model UN, Model NATO, Model OAS), field studies, undergraduate research, internships and externships, and educational programs and engagement opportunities offered by U.S. national federal agencies and other organizations. [2]",,"The official university website for Virginia Polytechnic Institute and State University, commonly known as Virginia Tech, is vt.edu.

Virginia Tech is a public, land-grant research university with its main campus located in Blacksburg, Virginia. The university offers a wide range of undergraduate and graduate degree programs.",,,"$529/Credit (In-state) and $1,388/Credit (Out-of-state).",FALSE,False,,4.0,2,,,,,,,,,,,,,,,,,,False,False,,,,,,,,,,,,,,,,,,,,,,,,,Merit-based and need-based,FALSE,,,FALSE,FALSE,,,False
,Minor in Italian,,,,,Undergraduate,Fall 2026,,,,Not Required,Not Required,Not Required,Required,"Required: 18 credit hours in Italian at the 2000-level and above. A student must complete all courses with at least a minimum 2.0 Minor GPA for all hours attempted. In addition, a minimum grade of 'C' (2.0) must be earned in each course completed for the Italian minor. Courses used to fulfill minor requirements may not be taken as Pass/Fail.",Not Required,,True,False,True,False,False,False,,True,False,False,False,True,True,False,False,False,,,,College of Liberal Arts and Human Sciences,,,,,,,,,"Italy is one of the top five economies in the world, and many employers are seeking people who speak both Italian and English. Having a working knowledge of Italian makes you more marketable in fields including interior design, fashion, graphic design, the culinary arts, robotics, engineering, religious studies, political science, and philosophy. At Virginia Tech, you will study the Italian language, composition, literature, and culture. Courses include Italian Languages and Cultures and Italian Literature in Context. Italian visualizations have made global contributions in cuisine, design, fashion, art, philosophy, religion, politics, and history. Some of the world's most famous writers and artists, including Michelangelo and Dante, were Italian. Understanding the Italian language and culture can deepen your understanding of such important works of art. [3]",,"The official university website for Virginia Polytechnic Institute and State University, commonly known as Virginia Tech, is vt.edu.

Virginia Tech is a public, land-grant research university with its main campus located in Blacksburg, Virginia. The university offers a wide range of undergraduate and graduate degree programs.",,,,FALSE,False,,4.0,2.0,,,,,,,,,,,,,,,,,,False,False,,,115.0,,,,6.5,,,59.0,,80,,,,,,,,,,,,,"Merit-based, Need-based",FALSE,,,FALSE,FALSE,,,False
,Minor in Japanese Studies,,,,,Undergraduate,Fall 2026,,,,Not Required,Not Required,Not Required,Not Required,"To declare the Minor in Japanese Studies, students must be currently enrolled at Virginia Tech. The minor requires the completion of 18 credit hours. This includes 12 hours of required intermediate and advanced Japanese language courses (JPN 2105, JPN 2106, JPN 3105, JPN 3106) and 6 hours of elective courses. A minimum grade of “C” must be earned in each course, and a minimum in-minor GPA of 2.0 is required. Courses for the minor cannot be taken on a Pass/Fail basis. [6, 22]",Not Required,,True,False,False,False,False,False,,False,False,False,False,False,False,False,False,False,,,,College of Liberal Arts and Human Sciences,"Tuition and mandatory fees for an in-state undergraduate student for the 2025-26 academic year are $16,526 and $38,977 for an out-of-state undergraduate student. [9]",,,,,,,,"Learning Japanese provides students with many scholastic and professional opportunities due to its designation as a critical language. Japan is well known for its love of precision, design, and mastery. Japanese language and culture have been developing for thousands of years, offering a full and rich history, including books, stories, poetry, and arts including cuisine, calligraphy, painting, and performance. Japanese culture is so prevalent in it affects a globally, especially in popular culture, technology, and fashion. Proficiency in the Japanese language connects you with this rich and diverse culture. Studying Japanese can also introduce you to the variety of Asian languages that are commonly used and become a gateway to the wider cultures there. Having a knowledge of Japanese makes you more marketable in fields including journalism, translation, engineering, technology, international law, foreign service, teaching and research, international business and banking, and international development. At Virginia Tech, you will study the Japanese language, composition, literature, and culture. Courses include Arts of China and Japan and Government and Politics of Japan.",,"The official university website for Virginia Polytechnic Institute and State University, commonly known as Virginia Tech, is vt.edu.

Virginia Tech is a public, land-grant research university with its main campus located in Blacksburg, Virginia. The university offers a wide range of undergraduate and graduate degree programs.",,,,FALSE,False,,4.0,2,,,,,,,,,,,,,,,,,,False,False,,,,,,,,,,,,,,,,,,,,,,,"The Galen Richard Kline Study Abroad Scholarship provides awards that have ranged between $500 and $3000. Additionally, students enrolling in a language immersion course can apply to receive up to $5,000.",,"The university offers program-specific scholarships, including need-based and study abroad scholarships for language studies. [16, 26]",FALSE,,,FALSE,FALSE,,,False
,Minor in Jewish Studies,,,,,Undergraduate,Fall 2026,,,,Not Required,Not Required,Not Required,Required,"The Minor, which is available starting with the 2020-2022 catalog, consists of 15 semester hours (9 hours upper division) of the following coursework: 3 hours chosen from one of these two introductory courses: JS 304M “Jewish Civilization:Beginning to 1492” (usually offered in the fall term); JS 304N “Jewish Civilization: 1492 to Present” (usually offered in the spring term). Twelve additional hours of Jewish studies courses, of which nine (9) must be upper-division. Of these nine hours, three hours must be a topic from JS 363 and three hours must be a topic from JS 364 or JS 365. The twelve additional hours can include L A 320J, Jewish Studies Internship. [1]",Not Required,,True,False,False,False,False,False,,False,False,False,False,False,False,False,False,False,,,,"College of Liberal Arts and Human Sciences, Department of Religion and Culture",,,,,,,,,"The Judaic Studies program at Virginia Tech offers a minor that allows students to explore, examine, and critically engage with the rich and multifaceted history, religion, and culture of the Jewish people. [8] The program is multidisciplinary and complements various existing courses and programs dedicated to major religions and cultures at the university. [8] Students in the minor will examine the origins of Judaism, with a particular focus on the Hebrew Bible and Jewish traditions. [4] They will also study the evolution of Jewish history and politics. [4] The curriculum covers topics such as the Hebrew language, the history of the Middle East, the Hebrew Bible/Old Testament, the Holocaust, and Torah and Tradition. [4, 8] The minor is designed to help students understand how the Jewish people have crossed geographic and cultural borders, influencing modern Western civilization. [4, 12] It requires 18 credit hours, consisting of two required courses and four elective courses chosen from different units. [8] The program is open to students in all majors and aims to provide a tailored academic experience through close work with a faculty advisor. [8]",,"The official university website for Virginia Polytechnic Institute and State University, commonly known as Virginia Tech, is vt.edu.

Virginia Tech is a public, land-grant research university with its main campus located in Blacksburg, Virginia. The university offers a wide range of undergraduate and graduate degree programs.",,,"Summer 2025: $466.75/credit for in-state undergraduates, $1,325.00/credit for out-of-state undergraduates. [5]",FALSE,False,,,2.0,,,,,,,,,,,,,,,,,,False,False,,,115.0,,,,6.5,,,59.0,,80,,,,,,,,,,,,,,FALSE,,,FALSE,FALSE,,,False
,Minor in Landscape Architecture,,,,,Undergraduate,Fall 2026,,,,,,,,,,,False,False,False,False,False,False,,False,False,False,False,False,False,False,False,False,,,,"School of Design, College of Architecture, Arts, and Design",,,,,,,,,"The Minor in Landscape Architecture is for students from any department and requires the completion of a minimum of 18 semester hours. [8] Completing the minor trains students to understand how the decisions of designers, planners, and land managers influence the form and function of everyday landscapes. [2] The program exposes students to the histories, theories, and processes by which landscapes are shaped and modified. [2] The curriculum includes required courses such as LAR 1254 Environment and Natural Systems, LAR 1264 Seeing, Understanding, & Representing Landscape and the Built Environment, and LAR 2254 Social and Cultural Landscapes, along with at least nine credit hours of elective courses. [8] All courses for the minor must be taken for an A-F grade and completed with a minimum in-minor GPA of 2.0. [8]",,"The official university website for Virginia Polytechnic Institute and State University, commonly known as Virginia Tech, is vt.edu.

Virginia Tech is a public, land-grant research university with its main campus located in Blacksburg, Virginia. The university offers a wide range of undergraduate and graduate degree programs.",,,,FALSE,False,,4.0,2,,,,,,,,,,,,,,,,,,False,False,,,,,,,,,,,,,,,,,,,,,,,Varies,,Merit-based,FALSE,,,FALSE,FALSE,,,False
,Minor in Leadership and Social Change,,,,,Undergraduate,Fall 2026,,,,Not Required,Not Required,Not Required,Not Required,"The Leadership and Social Change minor is open to all Virginia Tech undergraduate students with a cumulative GPA of at least 2.50. [1, 2] An application is no longer required. [2]",Not Required,,True,False,False,False,False,False,,False,False,False,False,False,False,False,True,False,,,,College of Agriculture and Life Sciences,,,,,,,,,"The Leadership and Social Change minor introduces students to the academic study of leadership and provides them with interdisciplinary skills to solve complex societal issues at the local, national, and international levels. [4] The program offers students a theoretical foundation combined with the practical knowledge and skills necessary to lead in a complex global work environment. [3] While engaging in the study of leadership, students will also learn about the Social Change Model of Leadership Development created specifically for college students. [4] This model helps students understand themselves (individual values), how to work with others (group values), and how to better serve their communities (society values). [4, 6] The minor is open to students from all majors, particularly those seeking to lead or serve others as an agent of change in their future academic, professional, and/or civic life. [4]",,"The official university website for Virginia Polytechnic Institute and State University, commonly known as Virginia Tech, is vt.edu.

Virginia Tech is a public, land-grant research university with its main campus located in Blacksburg, Virginia. The university offers a wide range of undergraduate and graduate degree programs.",,,,FALSE,False,,4.0,2.5,,,,,,,,,,,,,,,,,,False,False,,,,,,,,,,,,,,,,,,,,,,,1000-4000,,"Merit-based, Need-based, Leadership",FALSE,,,FALSE,FALSE,,,False
,Minor in Leading Global Sustainability,,,,,Undergraduate,Fall 2026,,,,Not Required,Not Required,Not Required,Required,"To declare the Pathways to Sustainability Minor, students must be currently enrolled at Virginia Tech. The process involves submitting a 'Major/Option/Minor Form' which can be found at the CNRE (College of Natural Resources and Environment) Advising Center in 138 Cheatham Hall. [4] There are no specific application documents like a resume or statement of purpose required for declaration. For graduation, a minimum overall GPA of 2.0 in the minor courses is required, and all courses for the minor must be taken for an A-F grade unless they are only offered Pass/Fail. [4]",Not Required,,True,False,True,False,False,False,,True,False,False,False,True,True,True,False,False,,,,"College of Natural Resources and Environment, Department of Geography","In-state: $16,526/Year, Out-of-state: $38,977/Year",,,,,,,,,,"The official university website for Virginia Polytechnic Institute and State University, commonly known as Virginia Tech, is vt.edu.

Virginia Tech is a public, land-grant research university with its main campus located in Blacksburg, Virginia. The university offers a wide range of undergraduate and graduate degree programs.",,,,FALSE,False,,4.0,2.0,,,,,,,,,,,,,,,,,,False,False,,,110.0,,,,6.0,,,54.0,,79,,,,,,,,,,,,,"Merit-based, Need-based",FALSE,,,FALSE,FALSE,,,False
,Minor in Legal Studies,,,,,Undergraduate,Fall 2026,,,,Not Required,Not Required,Not Required,Not Required,"The 18-credit minor in Science, Technology & Law requires three STL core courses and three elective courses (3 credits each). Students must complete at least 6 hours at the 3000-level or higher in the core courses. [19]",Not Required,,True,False,False,False,False,False,,False,False,False,False,False,False,False,True,False,,,,,,,,,,,,,"A primary objective of the minor is for students to be able to identify and discuss broad scientific problems, in addition to social and ethical issues. Courses connect “intellectual creations” (i.e. ideas, inventions, new technologies, etc.) to all facets of intellectual property (IP) law, including patents, copyrights, trademarks, and trade secrets. Related challenges in areas ranging from bioethics to the internet are considered in context. [1]",,https://www.pathways.prov.vt.edu/minors/showcase/stl.html,,,,FALSE,True,,,,,,,,,,,,,,,,,,,,,False,False,,,,,,,,,,,,,,,,,,,,,,,,,,FALSE,,,FALSE,FALSE,,,False
,Minor in Linguistics,,,,,Undergraduate,Fall 2026,,,,Not Required,Not Required,Not Required,Required,"The Pathways Minor in Language Sciences requires 18 hours. In order to graduate with a Minor in Language Sciences, students must complete all courses comprising the minor with a GPA of 2.0 or better. [3]",Not Required,,True,False,False,False,False,False,,False,False,False,False,False,False,False,False,False,,,,,,,,,,,,,,,"The official university website for Virginia Polytechnic Institute and State University, commonly known as Virginia Tech, is vt.edu.

Virginia Tech is a public, land-grant research university with its main campus located in Blacksburg, Virginia. The university offers a wide range of undergraduate and graduate degree programs.",,,,FALSE,False,,,,,,,,,,,,,,,,,,,,,False,False,,,115.0,,,,6.5,,,59.0,,80,,,,,,,,,,,,,,FALSE,,,FALSE,FALSE,,,False
,Minor in Logic and Analytic Philosophy,,,,,Undergraduate,Fall 2026,,,,Not Required,Optional,,,"To obtain a Philosophy Minor, students must complete a total of 18 credit hours in Philosophy. [12] This includes either PHIL 1504 (Language and Logic) or PHIL 3505 (Modern Logic & Its Development), six hours of Philosophy courses at the 3000 or 4000 level, an additional Philosophy course at the 3000 or 4000 level or a course from the History of Philosophy Sequence, and six hours of electives in Philosophy. [12] A minimum GPA of 2.0 is required for the minor. [10, 12] General admission to Virginia Tech as a first-year student requires the completion of 18 units of high school coursework. [5]",Not Required,,False,True,False,False,False,False,,False,False,False,False,False,False,False,False,False,,,,College of Liberal Arts and Human Sciences,"For the 2025-26 academic year, annual tuition and mandatory fees for a Virginia undergraduate student are $16,526 and for an out-of-state undergraduate student are $38,977. [5]",,,,,,,,"Courses in philosophy aim at critical understanding and rigorous evaluation of the concepts underlying our views concerning the nature of reality, what sorts of things there are, what can be known, what is of value, and what people ought to do and to aim at. [4] Philosophy minors must complete at least 18 hours of philosophy, including one of PHIL 1504 Critical Thinking or PHIL 3505 Modern Logic and Its Development, two courses at the 3000-4000 level, an additional course from either the 3000-4000 level or in the history sequence (PHIL 2115 Ancient Through Medieval Philosophy, PHIL 2116 Ancient Through Medieval Philosophy, PHIL 2125 History of Modern Philosophy, or PHIL 2126 History of Modern Philosophy), and an additional 6 hours of electives in Philosophy at any level. [4, 3]",,"The official university website for Virginia Polytechnic Institute and State University, commonly known as Virginia Tech, is vt.edu.

Virginia Tech is a public, land-grant research university with its main campus located in Blacksburg, Virginia. The university offers a wide range of undergraduate and graduate degree programs.",,,The tuition surcharge for the 2025-26 academic year is $319.75 per credit hour for in-state undergraduate students who exceed 125% of their degree requirements.,FALSE,False,,4.0,2.0,,,,,,,,,,,,,,,,,,False,False,,,,,,,,,,,,,,,,,,,,,,,,,Merit-based and need-based scholarships are available.,FALSE,,,FALSE,FALSE,,,False
,Minor in Materials Science and Engineering,,,,,Undergraduate,Fall 2026,,,,Not Required,Not Required,Not Required,Not Required,"The minor requires 18 credit hours, with a minimum GPA of 2.0 in the minor. This includes 9 hours of required courses and 9 hours of electives from an approved list.",Not Required,,True,False,False,False,False,False,,False,False,False,False,False,False,False,True,False,,,,,,,,,,,,,,,https://catalog.vt.edu/undergraduate/minors/materials-society-minor/,,,,FALSE,True,,,,,,,,,,,,,,,,,,,,,False,False,,,,,,,,,,,,,,,,,,,,,,,,,,FALSE,,,FALSE,FALSE,,,False
,Minor in Mathematics,,,,,Undergraduate,Fall 2026,,,,Not Required,Not Required,Not Required,Required,"At least 26 credits comprised of: MATH 1225 Calculus of a Single Variable, MATH 1226 Calculus of a Single Variable, MATH 2204 Introduction to Multivariable Calculus, MATH 2114 Introduction to Linear Algebra, MATH 2214 Introduction to Differential Equations and 9 hours of approved mathematics courses numbered 3000 or higher. [3] Students are required to have a 2.0 in-minor GPA, and all courses for the minor must be taken in A-F grade mode. [3] A minimum of 7 credits for the math minor must be taken at Virginia Tech. [3, 4, 5]",Not Required,,True,False,True,False,False,False,,True,False,False,False,True,True,True,False,False,,,,College of Science,,,,,,,,,"Students can obtain a Minor in Mathematics with seventeen (17) credits of required courses in calculus, linear algebra, and differential equations, plus an additional nine (9) elective credits. [3] The elective courses must all be MATH courses. [3] Some restrictions apply. [3]",,"The official university website for Virginia Polytechnic Institute and State University, commonly known as Virginia Tech, is vt.edu.

Virginia Tech is a public, land-grant research university with its main campus located in Blacksburg, Virginia. The university offers a wide range of undergraduate and graduate degree programs.",,,"For the 2024-2025 academic year, the per-credit-hour tuition for part-time undergraduate students is $664.58 for Virginia residents and $1,544.54 for non-residents. [9]",FALSE,True,,4.0,2.0,,,,,,,,,,,,,,,,,,False,False,,,115.0,,,,6.5,,,59.0,,80,,,,,,,,,,,,,Virginia Tech offers both need-based and merit-based scholarships. [12],FALSE,,,FALSE,FALSE,,,False
,Minor in Meteorology,,,,,Undergraduate,Fall 2026,,,,Not Required,Not Required,,,"To declare the minor, students must use a 'Minor Declaration Form' found on the College of Natural Resources and Environment (CNRE) Advising Center website. [9, 11] Completion of the minor requires a minimum of 21 credit hours with a minimum overall GPA of 2.0 in the courses taken for the minor. [9, 11, 15] All courses must be taken for an A-F grade unless they are only offered P/F, and the minor must include 6 or more credits at the 3000 level or above. [9, 15]",Not Required,,True,False,False,False,False,False,,False,False,False,False,False,False,False,False,False,,,,College of Natural Resources and Environment,"For the 2025-26 academic year, annual tuition and mandatory fees are $16,526 for in-state undergraduates and $38,977 for out-of-state undergraduates. [3, 6]",,,,,,,,,,"The official university website for Virginia Polytechnic Institute and State University, commonly known as Virginia Tech, is vt.edu.

Virginia Tech is a public, land-grant research university with its main campus located in Blacksburg, Virginia. The university offers a wide range of undergraduate and graduate degree programs.",,,The cost per credit hour for the 2025-2026 academic year is detailed on the university's Bursar website and varies based on residency and the number of credits taken. [13],FALSE,True,,4.0,2,,,,,,,,,,,,,,,,,,False,False,,,,,,,,,,,,,,,,,,,,,,,,,"Virginia Tech offers a variety of scholarships, including merit-based and need-based, through the Office of University Scholarships and Financial Aid, as well as individual colleges and departments. [15, 25]",FALSE,,,FALSE,FALSE,,,False
,Minor in Micro/Nanosystems,,,,,Undergraduate,Fall 2026,,,,,,Optional,Required,"For undergraduate (first-year) admission, applicants must have completed 18 units of high school coursework. The application is reviewed holistically, considering academic achievement and extracurriculars. For graduate admission, applicants must hold the equivalent of a four-year bachelor's degree from a regionally accredited institution with a minimum 3.0 cumulative GPA and provide transcripts. Individual graduate programs may have more rigorous requirements. [1]",,,False,True,False,,False,False,,True,False,False,False,False,True,False,False,False,,,,,,,,,,,,,,,"The official university website for Virginia Polytechnic Institute and State University, commonly known as Virginia Tech, is vt.edu.

Virginia Tech is a public, land-grant research university with its main campus located in Blacksburg, Virginia. The university offers a wide range of undergraduate and graduate degree programs.",,,,FALSE,False,,,2.0,,,,,,,,,,,,,,,,,,True,True,,,,,,,6.5,,,,,90,,,,,,,,,,,,,"Merit-based, Need-based",FALSE,,,FALSE,FALSE,,,False
,Minor in Music,,,,,Undergraduate,Fall 2026,,,,Not Required,Not Required,Not Required,Required,"For current Virginia Tech students, the process to add the 'Minor in Music' involves filling out the 'Request to Change Minor' form. [4] A GPA of 2.0 or higher is required in the 18 credit hours of courses for the Music minor. [5] While the general music minor does not require an audition, an audition is necessary for students who wish to take individual applied lessons as part of their coursework. [5, 6]",Not Required,,True,False,False,False,False,False,,True,False,False,False,True,True,False,False,False,,,,"School of Performing Arts, College of Architecture, Arts, and Design",,,,,,,,,"Virginia Tech's music program offers four distinct music minors geared towards students from all disciplines. [3] The general Music minor offers students the opportunity to explore a broad spectrum of music courses without the requirement of applied study or ensemble participation. [3] By engaging in a curriculum focused on music theory, history, and culture, music minors gain a greater understanding of how music shapes the world around us. [3] The minor requires students to engage with musical theories, materials, and techniques, the study of music in history and culture, and performance, while also providing the flexibility for students to emphasize areas that interest them most. [4]",,"The official university website for Virginia Polytechnic Institute and State University, commonly known as Virginia Tech, is vt.edu.

Virginia Tech is a public, land-grant research university with its main campus located in Blacksburg, Virginia. The university offers a wide range of undergraduate and graduate degree programs.",,,"The cost per credit hour for the 2024-25 academic year is $548 for in-state students and $1,432.25 for out-of-state students. [4] For the 2025-26 academic year, a surcharge of $319.75 per credit hour will be assessed for in-state undergraduate students who have completed over 125% of their degree requirements. [9]",FALSE,False,,4.0,2,,,,,,,,,,,,,,,,,,False,False,,,,,,,6.5,,,59.0,,80,,,,,,,,,,,,,"The School of Performing Arts offers performing arts scholarships to its students. [27] Virginia Tech also offers both need-based and merit-based scholarships. [34, 40]",FALSE,,,FALSE,FALSE,,,False
,Minor in Music Theatre,,,,,Undergraduate,Fall 2026,,,,,,Not Required,Not Required,,,,False,False,False,False,False,False,,False,False,False,False,False,False,False,True,False,,,,,,,,,,,,,,,https://sopa.vt.edu/future-students.html,,,,FALSE,False,,,,,,,,,,,,,,,,,,,,,False,False,,,,,,,,,,,,,,,,,,,,,,,,,,FALSE,,,FALSE,FALSE,,,False
,Minor in National Security and Foreign Affairs,,,,,Undergraduate,Fall 2026,,,,Not Required,Not Required,,,"A minimum of 18 credit hours is required to graduate with a National Security and Foreign Affairs (NSFA) minor. A minimum GPA of 2.0 is required for all courses included in the minor. [6, 9] Some courses listed on the checksheet may have prerequisites. [6]",Not Required,,True,False,False,False,False,False,,False,False,False,False,False,False,False,False,False,,,,College of Liberal Arts and Human Sciences,,,,,,,,,"The national security and foreign affairs minor at Virginia Tech provides an opportunity to delve into a globally relevant subject in more detail. [6] In this minor, students learn how states and governments handle their internal and external security issues and conduct their foreign policies. [3] Students will have the chance to take courses such as Introduction to United States Government and Politics, Introduction to World Politics, National Security, Security Studies, Foreign policy and diplomacy, U.S. Russian Foreign policies, and National Security Strategies, along with elective courses from International Studies and Political Sciences. [6]",,"The official university website for Virginia Polytechnic Institute and State University, commonly known as Virginia Tech, is vt.edu.

Virginia Tech is a public, land-grant research university with its main campus located in Blacksburg, Virginia. The university offers a wide range of undergraduate and graduate degree programs.",,,,FALSE,False,,4.0,2.0,,,,,,,,,,,,,,,,,,False,False,,,,,,,,,,,,,,,,,,,,,,,,,,FALSE,,,FALSE,FALSE,,,False
,Minor in Natural Resources Recreation,,,,,Undergraduate,Fall 2026,,,,Not Required,Not Required,Not Required,Not Required,"To add the Minor in Natural Resources Recreation, current students must sign up at the Advising Center of the College of Natural Resources and Environment (138 Cheatham Hall) and complete the Minor Declaration form. [4, 5] A minimum average GPA of 2.0 in the minor's 18 credit hours of courses is required for completion. [3, 5] Students majoring in Environmental Conservation & Society are not eligible to declare this minor. [3, 5]",Not Required,,True,False,False,False,False,False,,False,False,False,False,False,False,False,True,False,,,,College of Natural Resources and Environment,"For the 2025-2026 academic year, the annual tuition and mandatory fees for undergraduate students are $16,526 for Virginia residents and $38,977 for out-of-state residents. [7, 8]",,,,,,,,"The Natural Resources Recreation (NRR) minor focuses on the tools and perspectives needed to manage and maintain high-quality recreation resources and experiences. [6] The program emphasizes the ecology of the setting, the psychology of recreation experiences, and the management science behind trails, parks, scenery, and facilities management. [6, 7] The minor requires the completion of 18 credit hours. [3, 4] A minimum GPA of 2.0 in the minor courses is required, and all courses must be taken for an A-F grade unless they are only offered on a Pass/Fail basis. [3, 4] Students majoring in Environmental Conservation & Society are not eligible to declare this minor. [3, 4]",,"The official university website for Virginia Polytechnic Institute and State University, commonly known as Virginia Tech, is vt.edu.

Virginia Tech is a public, land-grant research university with its main campus located in Blacksburg, Virginia. The university offers a wide range of undergraduate and graduate degree programs.",,,"The tuition surcharge for the 2025-2026 academic year is $319.75 per credit hour for in-state undergraduate students who have completed over 125% of their degree requirements. [3] The per-credit-hour tuition rate for the winter 2026 session is $564.25 for residents and $1,627.75 for non-residents. [5]",FALSE,False,,,2,,,,,,,,,,,,,,,,,,False,False,,,,,,,,,,,,,,,,,,,,,,,"Scholarship amounts vary. For example, the Pamplin Leadership Award and the University Honors grants offer a $1,000 scholarship for the first year to in-state students. The Presidential Campus Enrichment Grant provides up to $5,000 a year for out-of-state students, and the Presidential Initiative for Excellence offers up to $4,000 a year for out-of-state students.",,Virginia Tech offers both merit-based and need-based scholarships.,FALSE,,,FALSE,FALSE,,,False
,Minor in Naval Engineering,,,,,Undergraduate,Fall 2026,,,,Not Required,Not Required,Not Required,Not Required,"The Naval Engineering minor is classified as non-restricted, which means it does not have any specific criteria that students must meet to be eligible for entry. [6] To officially add the minor, students must complete the COE Minor Application. [4]",Not Required,,True,False,False,False,False,False,,False,False,False,False,False,False,False,True,False,,,,College of Engineering,"Tuition and mandatory fees for a Virginia undergraduate student are $16,526 annually, and for an out-of-state undergraduate, they are $38,977 annually for the 2025-26 academic year. [10]",,,,,,,,"Naval Engineering is defined as a field of study and expertise that includes all engineering and sciences as applied in the research, development, design, construction, operation, maintenance and logistic support of surface and subsurface ships, craft, aircraft, and vehicles (manned and autonomous) used by the Navy for the Nation's defense. [4, 5, 6] It is inherently multi-disciplinary involving all departments from the College of Engineering. [4, 6] This minor will enable undergraduate students throughout the college of engineering to better prepare for and aspire to this critical profession. [4, 6] This minor supports the requirements of the Naval Engineering Education Consortium in which students may also participate. [4] The consortium provides opportunities for industry and US Navy mentors, projects, internships, co-ops and job opportunities. [4]",,"The official university website for Virginia Polytechnic Institute and State University, commonly known as Virginia Tech, is vt.edu.

Virginia Tech is a public, land-grant research university with its main campus located in Blacksburg, Virginia. The university offers a wide range of undergraduate and graduate degree programs.",,,"For the 2025-26 academic year, the surcharge for completing more than 125% of degree requirements is $319.75 per credit hour. [19] Specific per-credit hour tuition rates for part-time enrollment are also available. [19]",FALSE,True,,,2,,,,,,,,,,,,,,,,,,False,False,,,,,,,,,,,,,,,,,,,,,,,"The College of Engineering offers a variety of scholarships. For example, the Student Engineers' Council Scholarship provides $10,000 a year to Pell Grant-eligible students. [14] Scholarships for transfer students from Virginia's community colleges are at least $3,000. [7]",,Merit-based and need-based scholarships are available. [8] Completion of the FAFSA is essential for determining financial need. [8],FALSE,,,FALSE,FALSE,,,False
,Minor in Nuclear Engineering,,,,,Undergraduate,Fall 2026,,,,Not Required,Not Required,Not Required,Not Required,"The minor consists of 18 credits, including four required courses: MATH 2214, NSEG 3145, NSEG 3146, and NSEG 3604. [3] Students must also choose two elective courses (6 credits total). [3] To graduate with the minor, students must maintain a 2.0 in-minor GPA and earn a minimum grade of C- or better in all courses that count toward the minor. [11] The application process is handled through the Engineering Education website, which provides application dates and instructions for currently enrolled students to add an engineering minor. [3]",Not Required,,True,False,False,False,False,False,,False,False,False,False,False,False,False,True,False,,,,,,,,,,,,,"In Fall 2019, the VT Nuclear Engineering Program established a Minor in Nuclear Engineering for students enrolled in Engineering or Science disciplines. The purpose of this Minor is two fold: 1. Provide a more thorough foundation in nuclear engineering. 2. Prepare the engineering or science students for a career in the nuclear industry or for graduate studies in nuclear engineering. [5]",,"The official university website for Virginia Polytechnic Institute and State University, commonly known as Virginia Tech, is vt.edu.

Virginia Tech is a public, land-grant research university with its main campus located in Blacksburg, Virginia. The university offers a wide range of undergraduate and graduate degree programs.",,,,FALSE,True,,,,,,,,,,,,,,,,,,,,,False,False,,,,,,,,,,,,,,,,,,,,,,,,,,FALSE,,,FALSE,FALSE,,,False
,Minor in Organizational Leadership,,,,,Undergraduate,Fall 2026,,,,Not Required,Not Required,Not Required,Not Required,"Application to the minor in Organizational Leadership is open to all VT students with at least a 2.5 GPA and at least 24 semester hours at VT. [2] Applicants should present an application form to the Associate Dean for Undergraduate Programs. [3, 5] An advising meeting with the Director of the Business Leadership Center is required before the minor becomes official. [5] The minor requires a minimum of 18 credit hours to complete. [2]",Not Required,,True,False,False,False,False,False,,False,False,False,False,False,False,False,True,False,,,,Pamplin College of Business,"In-state: $16,526/year, Out-of-state: $38,977/year",,,,,,,,"The minor in Organizational Leadership is a cross-disciplinary undergraduate minor that provides a strong business foundation for organizational leadership. The minor is focused into four tiers that build on one another, including leadership in context, learning to be a leader, leadership in action, and advancing leadership. The minor will develop students' leadership capabilities and equip them with the knowledge and skills needed to successfully lead in business and professional contexts. It offers a leadership model focused on organizational resiliency, setting it apart from other leadership programs on campus. [3, 8] The curriculum enables students to serve as more effective leaders within their organizations. [9] Each student takes courses to improve their competencies across four areas: creativity and innovation; critical and strategic thinking; intercultural communication; and holistic thinking and ethical reasoning. [9] Students also participate in a leadership field experience which enables them to develop areas specific to their own needs. [9]",,"The official university website for Virginia Polytechnic Institute and State University, commonly known as Virginia Tech, is vt.edu.

Virginia Tech is a public, land-grant research university with its main campus located in Blacksburg, Virginia. The university offers a wide range of undergraduate and graduate degree programs.",,,,FALSE,False,,4.0,2.5,,,,,,,,,,,,,,,,,,False,False,,,,,,,,,,,,,,,,,,,,,,,,,Merit-based and need-based,FALSE,,,FALSE,FALSE,,,False
,Minor in Peace Studies and Social Justice,,,,,Undergraduate,Fall 2026,,,,Not Required,Not Required,Not Required,Not Required,"The application process for adding a minor for an already enrolled student is not detailed in the search results. The requirements for the minor itself are course-based: an 18-credit hour program that includes a 3-hour required introductory course, 12 hours of elective courses from four categories, and a 3-hour required integrative capstone course. [1] Students interested in adding the minor should talk to their advisor. [10]",Not Required,,True,False,False,False,False,False,,False,False,False,False,False,False,False,True,False,,,,College of Liberal Arts and Human Sciences,,,,,,,,,"This 18-credit hour minor in Peace Studies and Social Justice includes a 3-hour required introductory course focused on the root causes of violence and strategies of promoting peace; 12 hours of elective courses from four categories designed to build on students' understanding of the root causes of violence, the triggers of violence, and the strategies for remediating violence, and a 3-hour required integrative capstone course. [3] The minor will introduce students to the broad principles of peace studies and social justice to build a foundational understanding of the causes and consequences of violence and strategies for peacefully managing conflict. [3] It will address how social justice, peace, and violence are intertwined and manifested in the real world, why they matter, and what gives rise to them. [4] The minor in Peace Studies and Social Justice will help students develop the skills needed to become the next generation of peace scholars and activists and empower them to be leaders in designing and developing strategies to reduce violence, promote non-violence, and build a more peaceful and just society. [3, 5] Peace education is a rapidly growing multidisciplinary field, informed by a vision of a global civil society based on nonviolence and ethical values that include mutual respect, tolerance, principles of social justice and democracy, socioeconomic wellbeing, and sustainable management of natural resources. [5]",,"The official university website for Virginia Polytechnic Institute and State University, commonly known as Virginia Tech, is vt.edu.

Virginia Tech is a public, land-grant research university with its main campus located in Blacksburg, Virginia. The university offers a wide range of undergraduate and graduate degree programs.",,,,FALSE,False,,4.0,2.0,,,,,,,,,,,,,,,,,,False,False,,,,,,,,,,,,,,,,,,,,,,,,,"Merit-based, Need-based, Departmental",FALSE,,,FALSE,FALSE,,,False
,"Minor in Philosophy, Politics, and Economics",,,,,Undergraduate,Fall 2026,,,,Not Required,Not Required,,,The PPE minor requires 18 credits hours to be obtained from two required courses (the PPE Gateway Course and the PPE Capstone Course) and four elective courses (to be taken from core an applied areas). [1],Not Required,,True,False,False,False,False,False,,False,False,False,False,False,False,False,False,False,,,,"College of Liberal Arts and Human Sciences [30, 31]",,,,,,,,,"The minor in Philosophy, Politics, and Economics (hereafter shortened to PPE) is designed to expose students to the practical problems of organizing and running human society. [3] The minor stands at the confluence of three major fields of study –Philosophy, Political Science, and Economics – and combines elements of these into a coherent framework in which to address questions about the nature of citizenship and the role individuals can and must play in making critical decisions facing society. [3] Students pursuing the PPE minor are expected to develop the ability to read and listen critically, to reason analytically concerning questions of public policy (especially economic policy), to engage in thoughtful moral judgment, and to write and speak clearly. [3] The minor combines the best of the three participating fields: confronting the ethical issues of philosophy, the policy questions of political science, and the quantitative analytical problems of economics. [3] The integrated study of three disciplines trains students to make decisions that are not only economically sound but also socially, ethically, and politically informed. [5] The minor allows students to develop a unique set of skills that arises from actively engaging in the social sciences and related fields combined with philosophical reflection. [5] It equips students with foundational skills to address some of the major socioeconomic problems of our globalized world. [5]",,"The official university website for Virginia Polytechnic Institute and State University, commonly known as Virginia Tech, is vt.edu.

Virginia Tech is a public, land-grant research university with its main campus located in Blacksburg, Virginia. The university offers a wide range of undergraduate and graduate degree programs.",,"$10,993 [3]","For the 2024-2025 academic year, the cost per credit hour for undergraduate students is $548 for Virginia residents and $1,432 for out-of-state students. [3]",FALSE,False,,4.0,,,,,,,,,,,,,,,,,,,False,False,,,,,,,,,,,,,,,,,,,,,,,Varies [19],,Merit-based and need-based [32],FALSE,,,FALSE,FALSE,,,False
,Minor in Physics,,,,,Undergraduate,Fall 2026,,,,Not Required,Not Required,Not Required,Not Required,"The Minor in Physics is for current Virginia Tech students and requires the completion of 21 credit hours with a minimum overall and in-minor GPA of 2.0 for graduation. [3] To declare the minor, students in the College of Science need to complete a 'Change of Second Major/Minor/Option Form'. [8]",Not Required,,True,False,False,False,False,False,,False,False,False,False,False,False,False,True,False,,,,College of Science,,,,,,,,,,,"The official university website for Virginia Polytechnic Institute and State University, commonly known as Virginia Tech, is vt.edu.

Virginia Tech is a public, land-grant research university with its main campus located in Blacksburg, Virginia. The university offers a wide range of undergraduate and graduate degree programs.",,,,FALSE,True,,4.0,2,,,,,,,,,,,,,,,,,,False,False,,,,,,,,,,,,,,,,,,,,,,,,,,FALSE,,,FALSE,FALSE,,,
,Minor in Plant Health Sciences,,,,,Undergraduate,Fall 2026,,,,Not Required,Not Required,Not Required,Not Required,"To complete the Minor in Plant Health Sciences, students must complete a total of 19 credit hours. This includes choosing one entry-level course from a specified list, completing 11 credits of required core courses, choosing one plant/plant pest course from a given list, and choosing one elective course. A 2.0 GPA across all courses taken for the minor is required for graduation. [4]",Not Required,,True,False,False,False,False,False,,False,False,False,False,False,False,False,True,False,,,,College of Agriculture and Life Sciences,"In-state: $16,526/Year, Out-of-state: $38,977/Year",,,,,,,,"This minor focuses on managing plant health in response to a variety of stress such as pathogens, weeds, insects, and environmental conditions. [6] Courses offered under this program are designed to furnish basic knowledge of the nature, diagnosis, and control of plant diseases; identification, biology, and control of weeds; plant metabolism, nutrition, molecular biology, and growth regulation; invasive plant biology; and modern pest management and pesticide usage. [10]",,"The official university website for Virginia Polytechnic Institute and State University, commonly known as Virginia Tech, is vt.edu.

Virginia Tech is a public, land-grant research university with its main campus located in Blacksburg, Virginia. The university offers a wide range of undergraduate and graduate degree programs.",,,,FALSE,True,,4.0,2,,,,,,,,,,,,,,,,,,False,False,,,,,,,,,,,,,,,,,,,,,,,,,"General scholarships, Need-based aid, Merit-based aid",FALSE,,,FALSE,FALSE,,,False
,Minor in Political Science,,,,,Undergraduate,Fall 2026,,,,Not Required,Not Required,Not Required,Required,"To declare a Minor in Political Science, current Virginia Tech students must submit a ""Change of Minor"" form. [8, 9] The process is managed through the College of Liberal Arts and Human Sciences and typically involves consulting with an academic advisor. [8] The minor requires the completion of eighteen hours of Political Science courses, with at least six hours at the 3000-4000 level. [3, 4] A 2.0 GPA is required for the minor. [4]",Not Required,,True,False,True,False,False,False,,True,False,False,False,True,True,False,False,False,,,,College of Liberal Arts and Human Sciences,"$16,526/Year (in-state); $38,977/Year (out-of-state)",,,,,,,,Enhance your studies by gaining a deeper understanding of political theory and practice from both U.S. and world perspectives.,,"The official university website for Virginia Polytechnic Institute and State University, commonly known as Virginia Tech, is vt.edu.

Virginia Tech is a public, land-grant research university with its main campus located in Blacksburg, Virginia. The university offers a wide range of undergraduate and graduate degree programs.",,,"$564.25 (in-state, tuition only)",FALSE,False,,4.0,2.0,,,,,,,,,,,,,,,,,,False,False,,,115.0,,,,6.5,,,59.0,,80,,,,,,,,,,,"Generally two $500 scholarships are awarded to political science majors; other scholarships available through the college range from $1,000 to $4,000. [19, 42]",,"Merit-based, Need-based",FALSE,,,FALSE,FALSE,,,False
,"Minor in Politics, Philosophy and Economics",,,,,Undergraduate,Fall 2026,,,,Not Required,Not Required,Not Required,Not Required,"To complete the Minor in Philosophy, Politics, and Economics (PPE) at Virginia Tech, students must complete a total of 18 credit hours. This includes one required gateway course (PPE 2894), one required capstone course (PPE 4884), and one course from each of the three core areas: Philosophy, Political Science, and Economics. An additional elective course from any of the three core areas is also required. The official catalog does not specify a formal application process beyond being a student at the university.",Not Required,,True,False,False,False,False,False,,False,False,False,False,False,False,False,True,False,,,,"Philosophy, Political Science, and Economics",,,,,,,,,"An interdisciplinary minor, PPE is the integrated study of three disciplines: philosophy, politics, and economics. It trains students to make decisions that are not only economically sound, but also socially, ethically, and politically informed. The minor allows students to develop a unique set of skills that arises from actively engaging in the social sciences and related fields combined with philosophical reflection. It equips students with foundational skills to address some of the major socioeconomic problems of our globalized world. The PPE Minor allows students to deepen their understanding of the foundations of their core disciplines as well as explore some of their implications for other fields of study and society. [9] In addition, in its unique form at Virginia Tech, the PPE Minor represents an ideal complementary degree for students who are majoring in degree programs in the following fields: Business, Engineering, Urban Affairs and Planning, Agricultural and Applied Economics, Geography, Fish and Wildlife Conservation, and Forest Res. and Environmental Conservation. The PPE Minor allows students in these fields, and other fields that, in some form, engage with topics and/or analyses that entail social, ethical, political, and economic dimensions, to complement their knowledge and skills with relevant studies in the humanities and social sciences. [9] This minor is part of the Pathways to General Education. [9]",,"The official university website for Virginia Polytechnic Institute and State University, commonly known as Virginia Tech, is vt.edu.

Virginia Tech is a public, land-grant research university with its main campus located in Blacksburg, Virginia. The university offers a wide range of undergraduate and graduate degree programs.",,10993,$319.75 per credit hour for in-state undergraduate students beyond 125% of degree requirements.,FALSE,False,,4.0,2,,,,,,,,,,,,,,,,,,False,False,,,,,,,,,,,,,,,,,,,,,,,,,"Merit-based, Need-based",FALSE,,,FALSE,FALSE,,,False
,Minor in Professional and Technical Writing,,,,,Undergraduate,Fall 2026,,,,Not Required,Not Required,Not Required,Required,"To declare a minor in Professional and Technical Writing, current Virginia Tech students should contact the academic advisor for the program, Dawn Knight. [9, 13, 14, 16] The process is administrative and does not have specific application document requirements.",Not Required,,True,False,False,False,False,False,,False,False,False,False,False,False,False,False,False,,,,College of Liberal Arts and Human Sciences,,,,,,,,,"This minor provides students with opportunities to learn and apply advanced strategies for writing academic, professional, and civic documents. Students examine the theoretical, interdisciplinary, and professional aspects of writing and develop their expository, persuasive, organizational, and stylistic skills through close analysis of rhetorical situations and the features and approaches of successful writing. [3] The strong communication and analytical skills developed while earning this minor contribute to student success in a wide variety of professional careers as well as graduate education. [3] The minor is a valuable asset for students interested in working in media organizations, trade and professional associations, and non-profit organizations related to the arts, schools, and social change. [3] It is also beneficial to students interested in careers in business, science, engineering, accounting, and many others that demand strong writing and communication skills for promotion and advancement. [3]",,"The official university website for Virginia Polytechnic Institute and State University, commonly known as Virginia Tech, is vt.edu.

Virginia Tech is a public, land-grant research university with its main campus located in Blacksburg, Virginia. The university offers a wide range of undergraduate and graduate degree programs.",,,,FALSE,False,,,2.0,,,,,,,,,,,,,,,,,,False,False,,,115.0,,,,6.5,,,59.0,,80,,,,,,,,,,,,,"Need-based, Merit-based",FALSE,,,FALSE,FALSE,,,False
,Minor in Psychology,,,,,Undergraduate,Fall 2026,,,,Not Required,Not Required,Not Required,Not Required,"The psychology minor is open to all Virginia Tech students and requires 18 credit hours. [7] These credits include required courses such as PSYC 1004 Introductory Psychology and PSYC 1094 Principles of Psychological Research. [14, 16] Students must also complete one foundation course (from a list including PSYC 2034, 2044, 2064, or 2084), one 1000-2000 level psychology elective, and two psychology courses at the 3000-level or above. [16, 17] A minimum GPA of 2.0 in all courses taken for the minor is required to graduate. [17] To add the minor, students must fill out the ""Change of Second Major/Minor/Option"" form. [16]",Not Required,,True,False,False,False,False,False,,False,False,False,False,False,False,False,True,False,,,,College of Science,"$8,263/Semester (In-state) or $19,488.50/Semester (Out-of-state); $16,526/Year (In-state) or $38,977/Year (Out-of-state)",,,,,,,,"The psychology minor is open to all Virginia Tech students. It requires 18 credits, which include required introductory and research methods courses, plus restricted electives within the psychology curriculum. The minor can help further a student's understanding of human behavior, physiology, development, cognition, and social processes. It is a popular minor for students with majors in the College of Science, College of Liberal Arts and Human Sciences, and Pamplin College of Business. [3]",,"The official university website for Virginia Polytechnic Institute and State University, commonly known as Virginia Tech, is vt.edu.

Virginia Tech is a public, land-grant research university with its main campus located in Blacksburg, Virginia. The university offers a wide range of undergraduate and graduate degree programs.",,4184,"In-state: $438.50, Out-of-state: $1,325.00 (Summer 2025 rates)",FALSE,True,,4.0,2,,,,,,,,,,,,,,,,,,False,False,,,,,,,,,,,,,,,,,,,,,,,,,"Merit-based, Need-based, Grants, Loans, Work-Study",FALSE,,,FALSE,FALSE,,,False
,Minor in Public and Urban Affairs,,,,,Undergraduate,Fall 2026,,,,Not Required,Not Required,Not Required,Required,"The process for adding a minor at Virginia Tech involves being a current student and submitting the appropriate declaration form. Students are advised to consult with their primary advisor and an advisor for the minor they intend to add. [3, 7] For some minors within the same school, an in-minor GPA of 2.0 is required for completion of the minor. [4, 5]",Not Required,,True,False,False,False,False,False,,True,False,False,False,True,True,True,False,False,,,,"School of Public and International Affairs [28, 29, 30]",,,,,,,,,"The Minor in Public and Urban Affairs requires the completion of 18 credit hours. [3, 4] This includes UAP 1024: Public Issues in Urban Society, UAP 3014: Urban Policy and Planning, and 12 hours from an approved list of UAP courses. [3, 4] The Urban Affairs and Planning Program (UAP) offers this minor alongside the B.A. in public and urban affairs and the B.S. in environmental policy and planning. [2, 7]",,"The official university website for Virginia Polytechnic Institute and State University, commonly known as Virginia Tech, is vt.edu.

Virginia Tech is a public, land-grant research university with its main campus located in Blacksburg, Virginia. The university offers a wide range of undergraduate and graduate degree programs.",,,,FALSE,False,,4.0,2.0,,,,,,,,,,,,,,,,,,False,False,,,110.0,,,,6.0,,,54.0,,79,,,,,,,,,,,,,"Merit-based and need-based scholarships are available through the School of Public and International Affairs. [11, 20, 25]",FALSE,,,FALSE,FALSE,,,False
,Minor in Public Health,,,,,Undergraduate,Fall 2026,,,,Not Required,Not Required,Not Required,Required,"To add the Public Health minor, current students must complete the ""Add/Drop Public Health Second Major or Minor"" form. The minor requires the completion of 18 credit hours of specific coursework. A minimum GPA of 2.0 is required in all courses taken to fulfill the minor. [9, 13, 14]",Not Required,,True,False,False,False,False,False,,True,False,False,False,True,True,False,False,False,,,,Department of Population Health Sciences,,,,,,,,,"TThe Minor in Public Health supports students interested in health-related careers or those seeking a health dimension within other career choices. [4] Students in the minor come from biological, social, and behavioral sciences, as well as from health-related academic majors. [4] The minor extends students' working knowledge of health applications that prepares them to be competitive in the job market and to make advanced degree choices. [4] The program also provides applied health content and added value to academic degrees of students seeking admission to dental, nursing, medical, pharmacy, physical therapy and other professional schools. [4] The Minor in Public Health fosters an interdisciplinary perspective of individual and population health. [4] Students seeking entry-level positions in health services or non-clinical health agencies and organizations after graduation will find this minor helpful in broadening their understanding of contemporary public health issues. [4] Students in the minor are well positioned for graduate work in specific disciplines like psychology, sociology, social work, public health, health communication, or adult development and aging. [4]",,"The official university website for Virginia Polytechnic Institute and State University, commonly known as Virginia Tech, is vt.edu.

Virginia Tech is a public, land-grant research university with its main campus located in Blacksburg, Virginia. The university offers a wide range of undergraduate and graduate degree programs.","The Public Health Program, which offers the undergraduate minor, is accredited by the Council on Education for Public Health (CEPH). [3, 5] The accreditation term extends until December 31, 2025. [3]",,,FALSE,False,,4.0,2,,,,,,,,,,,,,,,,,,False,False,,,115.0,,,,6.5,,,59.0,,80,,,,,,,,,,,,,,FALSE,,,FALSE,FALSE,,,False
,Minor in Real Estate,,,,,Undergraduate,Fall 2026,,,,Not Required,Not Required,,,"To apply for the Real Estate minor, a student must be in good standing at Virginia Tech. Some documents state that applicants must have at least a 2.5 average in courses already completed in the minor. [7] Any student, including first-year and transfer students, is eligible to apply. [5] Students can request to add the minor by filling out a form. [6] An unofficial Virginia Tech transcript is also required. [4]",Not Required,,True,False,False,False,False,False,,False,False,False,False,False,False,False,False,False,,,,Pamplin College of Business,,,,,,,,,,,"The official university website for Virginia Polytechnic Institute and State University, commonly known as Virginia Tech, is vt.edu.

Virginia Tech is a public, land-grant research university with its main campus located in Blacksburg, Virginia. The university offers a wide range of undergraduate and graduate degree programs.",,,"For the 2025-2026 academic year, undergraduate tuition is charged per credit hour. For an in-state student, the per-semester tuition rate for 12 or more credit hours is $5,321.00, while for out-of-state students, it is $18,123.00. [27] The state of Virginia mandates a tuition surcharge of $319.75 per credit hour for students who have completed over 125% of their degree requirements. [27]",FALSE,False,,4.0,,,,,,,,,,,,,,,,,,,False,False,,,,,,,,,,,,,,,,,,,,,,,,,"The Pamplin College of Business offers both merit-based and need-based scholarships, such as the Pamplin Merit Scholarship and the Pamplin Advantage Scholarship. [20] Specific scholarships for students with an interest in real estate are available, including the Dennis and Susan Duncan Banking and Real Estate Finance Scholarship and the Lucy B. Coleman Scholarship. [2, 33]",FALSE,,,FALSE,FALSE,,,False
,Minor in Religion and Culture,,,,,Undergraduate,Fall 2026,,,,Not Required,Not Required,,,"The minor in Religion requires the completion of 18 credit hours (6 courses). To graduate with a minor in Religion, a student must have an over-all GPA of 2.0 and an in-minor GPA of 2.0 from all of the courses taken from the minor check-sheet. The 18 credit hours must include: 6 credits (2 courses) at the 1000-Level, 6 credits (2 courses) at the 2000-Level or Above, and 6 credits (2 courses) at the 3000- or 4000-Level. At least 3 credits (one course) must be from a designated list of courses focusing on specific religious and cultural studies. All courses counting toward the minor must be taken for a letter grade.",Not Required,,True,False,,,,,,,,,,,,,,,,,,"College of Liberal Arts and Human Sciences, Department of Religion and Culture","For the 2024-2025 academic year, the full-time undergraduate tuition and fees per year are $15,952 for Virginia residents and $37,078 for non-Virginia residents. [37]",,,,,,,,"The Department of Religion and Culture critically investigates religion, culture, and their relationships by problematizing what is commonly considered self-evident, especially since these subjects are intrinsic to understanding the human condition both locally and globally. [4] In our research, teaching, and engagement, we seek to craft and apply new forms of critical inquiry that advance integrative intellectual thought. [4] These paths of inquiry inform our engagement with students, who become well prepared to understand complex transformations throughout their lives, whether they pursue graduate studies or other life trajectories. [4]",,"The official university website for Virginia Polytechnic Institute and State University, commonly known as Virginia Tech, is vt.edu.

Virginia Tech is a public, land-grant research university with its main campus located in Blacksburg, Virginia. The university offers a wide range of undergraduate and graduate degree programs.",,,,FALSE,False,,4.0,2,,,,,,,,,,,,,,,,,,False,False,,,,,,,,,,,,,,,,,,,,,,,"The Hobbie Scholarship offers up to $2,000. [26]",,"Merit-based and need-based scholarships are available through the college and department. [35, 26]",FALSE,,,FALSE,FALSE,,,
,Minor in Russian Studies,,,,,Undergraduate,Fall 2026,,,,Not Required,Not Required,Not Required,Required,"To receive a minor in Russian, a student must complete 18 semester credit hours of Russian (RUSS) courses, at least 9 of which must be at the 3000 level or above. All courses must be taken for a letter grade (not Pass/Fail). A C-average or better is required in the minor.",Not Required,,True,False,False,False,False,False,,True,False,False,False,True,True,False,False,False,,,,College of Liberal Arts and Human Sciences,,,,,,,,,"A Russian minor is valuable for students interested in careers in business, international law, education, translation, broadcasting, social work, and other areas. The minor consists of 18 hours of Russian courses. [3] Students learn Russian to become familiar with the culture of the world's largest country. [7] The curriculum includes Russian Linguistics, Russian Cultural Studies, Grammar, Composition, and Verbal Interaction. [7]",,"The official university website for Virginia Polytechnic Institute and State University, commonly known as Virginia Tech, is vt.edu.

Virginia Tech is a public, land-grant research university with its main campus located in Blacksburg, Virginia. The university offers a wide range of undergraduate and graduate degree programs.",,,,FALSE,False,,4.0,2.0,,,,,,,,,,,,,,,,,,False,False,,,,,,,,,,,,,,,,,,,,,,,,,"Merit-based, need-based, and ROTC scholarships",FALSE,,,FALSE,FALSE,,,False
,"Minor in Science, Engineering, and Law",,,,,Undergraduate,Fall 2026,,,,Not Required,Not Required,Not Required,Not Required,"To add or drop a minor in Science, Technology & Law, you may do so at any time by completing the College of Science change of major/minor form. [7]",Not Required,,True,False,False,False,False,False,,False,False,False,False,False,False,False,True,False,,,,College of Science,,,,,,,,,"The Science, Technology, and Law Program is an academic program with the primary purpose of discussing and promoting the protection of intellectual property and other legal and ethical topics at the intersection of science, technology, and law. [2, 4] The program offers a minor in Science, Engineering, and Law open to all students, regardless of major. [2, 4] To complete the minor, a student must take 8 credit hours of core courses, 3 credit hours from both subsections of the required courses, and a minimum of 4 credit hours of elective courses. [1] Students are required to complete at least 6 hours at the 3000 level or higher in the core courses and must maintain a minimum 2.0 in-minor GPA. [1]",,"The official university website for Virginia Polytechnic Institute and State University, commonly known as Virginia Tech, is vt.edu.

Virginia Tech is a public, land-grant research university with its main campus located in Blacksburg, Virginia. The university offers a wide range of undergraduate and graduate degree programs.",,,,FALSE,True,,,2.0,,,,,,,,,,,,,,,,,,False,False,,,,,,,,,,,,,,,,,,,,,,,,,,FALSE,,,FALSE,FALSE,,,False
,"Minor in Science, Technology, and Law",,,,,Undergraduate,Fall 2026,,,,Not Required,Not Required,Not Required,Not Required,"The 18-credit minor in Science, Technology & Law requires three STL core courses and three elective courses (3 credits each). [5] Students must complete at least 6 hours at the 3000-level or higher in the core courses. [5] The minor is open to all majors in any college. [3] To add the minor, students should contact the program advisor. [3]",Not Required,,True,False,False,False,False,False,,False,False,False,False,False,False,False,True,False,,,,"The Minor in Science, Technology, and Law is a university-wide minor open to students in all colleges.","For the 2024-2025 academic year, annual undergraduate tuition and mandatory fees are $15,980 for Virginia residents and $37,804 for non-residents.",,,,,,,,"Virginia Tech offers a unique minor in Science, Technology, and Law (STL) that puts you at the intersection of creativity, innovation, and law. Whether you're an engineer, artist, business major, or scientist, this minor helps you understand how intellectual property (IP) shapes every field. From patents to copyright, trademarks to trade secrets, you'll gain the tools to protect ideas and navigate the rules that shape today's fast-changing world. [1]",,"The official university website for Virginia Polytechnic Institute and State University, commonly known as Virginia Tech, is vt.edu.

Virginia Tech is a public, land-grant research university with its main campus located in Blacksburg, Virginia. The university offers a wide range of undergraduate and graduate degree programs.",,,"For the 2024-2025 academic year, the cost per credit hour is $537.50 for Virginia residents and $1,420.25 for non-residents.",FALSE,False,,4.0,2,,,,,,,,,,,,,,,,,,False,False,,,,,,,,,,,,,,,,,,,,,,,Varies,,Merit-based and need-based scholarships are available.,FALSE,,,FALSE,FALSE,,,False
,Minor in Sociology,,,,,Undergraduate,Fall 2026,,,,Not Required,Not Required,Not Required,Not Required,"Any student enrolled at Virginia Tech can minor in sociology. The requirements include completing 18 credit hours of sociology courses with a minimum GPA of 2.0 in those courses. [5] Courses taken to fulfill the minor requirements cannot be taken on a pass/fail basis. [5] To declare the minor, students must obtain a Minor Checksheet from the Department of Sociology and complete a request to change major/minor form. [5]",Not Required,,True,False,False,False,False,False,,False,False,False,False,False,False,False,True,False,,,,College of Liberal Arts & Human Sciences,,,,,,,,,"Sociology attempts to understand important social phenomena, like the values and beliefs societies share and the ways we're affected by race, class, age, and gender. Since all human behavior is social behavior, the subject matter ranges from two-person relationships up to global communities. The diverse course topics and social science background give you analytical skills that will help you see the world from entirely new perspectives. The sociology minor will give you the opportunity to explore social phenomena in greater depth through a highly customizable plan of study. Our subject matter ranges from families to global communities, from the values and beliefs that societies share, to the ways that we are affected by age, class, race, and gender. With 15 hours of electives required and over 60 courses to choose from, you will be able to focus on the issues that mean the most to you. Our minor will give you a broader perspective on society and the social forces that affect human behavior. It provides insights into how our lives are influenced by the social relationships around us.",,"The official university website for Virginia Polytechnic Institute and State University, commonly known as Virginia Tech, is vt.edu.

Virginia Tech is a public, land-grant research university with its main campus located in Blacksburg, Virginia. The university offers a wide range of undergraduate and graduate degree programs.",,Varies,,FALSE,False,,4.0,2,,,,,,,,,,,,,,,,,,False,False,,,,,,,,,,,,,,,,,,,,,,,Varies,Varies,"Merit-based, Need-based",FALSE,,,FALSE,FALSE,,,False
,Minor in Soil Science,,,,,Undergraduate,Fall 2026,,,,Not Required,Not Required,Not Required,Not Required,"While a specific application page for the Minor in Soil Science is not available, the general process for adding a minor at Virginia Tech involves being a currently enrolled undergraduate student and submitting a 'Request to Change Minor' form for the college that houses the minor. For Soil Science, this is the College of Agriculture, Arts, and Design. The form is typically found on the college's or the University Registrar's website. The primary requirements are completing the specified 18 credit hours of coursework as detailed on the official curriculum checksheet.",Not Required,,True,False,False,False,False,False,,False,False,False,False,False,False,False,True,False,,,,,,,,,,,,,"Students in this minor will gain essential knowledge about crop and soil science and their management in agricultural systems. This is a great minor for anyone who wants to learn more about the aproduction of crops used to feed the world. [9] A minimum of 18 credits are required to complete the minor, with a minimum GPA of 2.0 in the courses taken for the minor. Students majoring in Crop and Soil Science are not eligible for this minor. [8]",,"The official university website for Virginia Polytechnic Institute and State University, commonly known as Virginia Tech, is vt.edu.

Virginia Tech is a public, land-grant research university with its main campus located in Blacksburg, Virginia. The university offers a wide range of undergraduate and graduate degree programs.",,,,FALSE,True,,,,,,,,,,,,,,,,,,,,,False,False,,,,,,,,,,,,,,,,,,,,,,,,,,FALSE,,,FALSE,FALSE,,,False
,Minor in Spanish,,,,,Undergraduate,Fall 2026,,,,Not Required,Not Required,Not Required,Not Required,"To earn a Minor in Spanish, students must complete 18 credit hours. [3, 4] At least 9 of these hours must be at the 3000 level or above. [3] A minimum grade of ""C"" must be achieved in each course, and a minimum in-minor GPA of 2.0 is required. [3, 4] Courses for the minor cannot be taken on a Pass/Fail basis, with some exceptions. [3, 4] Students who place out of certain lower-level courses should take other Spanish courses at the 3000 or 4000 level to meet the credit requirements. [3, 4] AP, IB, or CLEP credits may potentially be used to satisfy some requirements, and students should consult a Spanish Advisor for details. [3, 4] At least 25% of the 18 hours required for the minor must be completed at Virginia Tech. [3, 4]",Not Required,,True,False,False,False,False,False,,False,False,False,False,False,False,False,True,False,,,,College of Liberal Arts and Human Sciences,"$16,526/Year (in-state); $38,977/Year (out-of-state)",,,,,,,,"With more than 600 million speakers globally, and as the official language in 21 countries, Spanish is one of the six official languages of the United Nations. [3] It is the second most commonly spoken language in the world after Chinese. [3] It is also the second most common language in the United States after English. [3] There is a diverse group of cultures associated with the Spanish language, including those in South and Central America, as well as those in Europe. [3] Having a command of the Spanish language will help you succeed in any career, including the sciences, medicine, engineering, architecture, business, teaching, social work, politics, and international affairs. [3] At Virginia Tech, you will study the Spanish language, composition, literature, and culture. [3] Course options include Spanish for the Medical Professions, Spanish for the Business Professions, and Spanish-Caribbean Culture and Literature. [3]",,"The official university website for Virginia Polytechnic Institute and State University, commonly known as Virginia Tech, is vt.edu.

Virginia Tech is a public, land-grant research university with its main campus located in Blacksburg, Virginia. The university offers a wide range of undergraduate and graduate degree programs.",,,,FALSE,False,,4.0,2,,,,,,,,,,,,,,,,,,False,False,,,,,,,,,,,,,,,,,,,,,,,,,"Merit-based, Need-based",FALSE,,,FALSE,FALSE,,,False
,Minor in Statistics,,,,,Undergraduate,Fall 2026,,,,Not Required,Not Required,Not Required,Not Required,"To declare the minor in Statistics at Virginia Tech, students must be enrolled at the university. The requirements focus on coursework. The minor requires a total of 24-27 credit hours. The required courses include options such as STAT 3615 or CMDA 2005-2006, STAT 3104 or 4705 or 4714, STAT 4804, and a selection of STAT electives. Some courses may have prerequisites, and students should consult the Undergraduate Course Catalog. There are also specific course substitutions noted, for example, for students who have completed STAT 3604 or for those majoring or minoring in Economics.",Not Required,,True,False,False,False,False,False,,False,False,False,False,False,False,False,True,False,,,,,,,,,,,,,,,"The official university website for Virginia Polytechnic Institute and State University, commonly known as Virginia Tech, is vt.edu.

Virginia Tech is a public, land-grant research university with its main campus located in Blacksburg, Virginia. The university offers a wide range of undergraduate and graduate degree programs.",,,,FALSE,True,,,,,,,,,,,,,,,,,,,,,False,False,,,,,,,,,,,,,,,,,,,,,,,,,,FALSE,,,FALSE,FALSE,,,False
,Minor in Strategic Communication,,,,,Undergraduate,Fall 2026,,,,Not Required,Not Required,Not Required,Not Required,The application process for the Minor in Strategic Communication is for current Virginia Tech students and involves submitting a 'Change of Minor' form. [9] This multidisciplinary minor is open to all majors. [4] A GPA is not required to add a minor. [9],Not Required,,True,False,False,False,False,False,,False,False,False,False,False,False,False,True,False,,,,College of Liberal Arts and Human Sciences,,,,,,,,,"This multidisciplinary minor is open to all majors and is especially relevant for those interested in business, science, technology, engineering, and mathematics. [5] Coursework allows students to learn how strategic communication works in a variety of industries in the 21st century workforce. [5] This minor introduces you to strategic communication through a four-course introductory experience covering basic communication skills, public relations, design, and accounting. [5] Two advanced courses enable you to focus on particular issues in strategic communication, such as issues management, corporate social responsibility, or communication law, and you will complete the minor with a capstone course. [5] The 18-credit minor demonstrates how strategic communication works in a variety of industries, exposing students to the core foundation of strategic communication as a process that involves communication, graphic design, and finance. [6] It prepares students for the reality that, in the growing 21st century workforce, there are few jobs that have no communication components to them. [6]",,"The official university website for Virginia Polytechnic Institute and State University, commonly known as Virginia Tech, is vt.edu.

Virginia Tech is a public, land-grant research university with its main campus located in Blacksburg, Virginia. The university offers a wide range of undergraduate and graduate degree programs.",,,,FALSE,False,,4.0,,,,,,,,,,,,,,,,,,,False,False,,,,,,,,,,,,,,,,,,,,,,,,,Merit-based,FALSE,,,FALSE,FALSE,,,False
,Minor in Studio,,,,,Undergraduate,Fall 2026,,,,,,Not Required,Required,"The Virginia Tech School of Visual Arts website states that a ""Minor in Studio Art"" is not currently offered. [17, 21] An alternative minor, the ""Visual Arts and Society Minor,"" is available. [17]",,,True,False,True,False,False,False,,True,False,False,False,True,True,True,False,False,,,,"School of Visual Arts, College of Architecture, Arts, and Design",,,,,,,,,"{'english': ""The interdisciplinary Visual Arts and Society Minor leads students to explore art as a lens through which to view society. [4] It encourages the cultivation of visual intelligence—through both study and practice-based approaches in studio art—relevant to our increasingly visual, media-saturated world and demanded in a variety of STEM and humanities fields. [4] Students learn flexible visual skills and how to apply them to multiple disciplines inside and outside their major, such as business, medicine, law, and the natural sciences. [4] The result is a comprehensive understanding of art and the built environment in a global context, as they intersect with the complexities of historical and contemporary society. [4] The minor is designed to be inclusive and enrich any major by providing students with a deeper understanding of visual culture. [3] Notably, Virginia Tech's School of Visual Arts explicitly states they do not offer a minor in Studio Art. [11]""}",,https://www.vt.edu/academics/minors/visual-arts-and-society.html,,,,FALSE,False,,4.0,2,,,,,,,,,,,,,,,,,,False,False,,,110.0,,,,6.0,,,54.0,,79 iBT or 550 PBT,,,,,,,,,,,,,Merit-based,FALSE,,,FALSE,FALSE,,,False
,Minor in Sustainable Biomaterials,,,,,Undergraduate,Fall 2026,,,,Not Required,Not Required,Not Required,Required,"Minimum credit hours required for completion of minor is 18 with at least 9 at the 3000 or 4000 level. [1, 10] All courses must be taken on the letter grade (A/F) option and a minimum GPA of 2.00 is required for all courses taken in the minor. [1, 10] Some courses required for this minor have prerequisites. [1, 10]",Not Required,,True,False,True,False,False,False,,True,False,False,False,True,True,False,False,False,,,,College of Natural Resources and Environment,"$15,950 per year for in-state undergraduate students and $36,964 per year for out-of-state undergraduate students for the 2024-2025 academic year.",,,,,,,,"Minors are offered for students interested in obtaining knowledge and skills in the wood science field to supplement their primary major field of study. [9] Acquire the hands-on experience and knowledge needed to design and build innovative and sustainable products, buildings, and other renewable materials while minimizing waste. [4]",,"The official university website for Virginia Polytechnic Institute and State University, commonly known as Virginia Tech, is vt.edu.

Virginia Tech is a public, land-grant research university with its main campus located in Blacksburg, Virginia. The university offers a wide range of undergraduate and graduate degree programs.",,,$485.50,FALSE,True,,4.0,2,,,,,,,,,,,,,,,,,,False,False,,,115.0,,,,6.5,,,59.0,,80,,,,,,,,,,,"The Department of Sustainable Biomaterials offers over $57,000 in scholarships annually to students within the department. Additionally, the Virginia Forestry Educational Foundation provides $142,000 in academic scholarships each year to students in the Department of Sustainable Biomaterials and the Department of Forest Resources and Environmental Conservation. The College of Natural Resources and Environment awarded a total of $411,244 in scholarships.",,"Need-based and merit-based scholarships are available. Awards are also based on interest in the forest industry, academic achievement, leadership, and community service. The Next Generation Scholars Program supports underrepresented students.",FALSE,,,FALSE,FALSE,,,False
,Minor in Sustainable Food and Agricultural Systems,,,,,Undergraduate,Fall 2026,,,,Not Required,Not Required,Not Required,,"To add the minor, students must contact the minor advisor. The program is available to students in any major. The minor requires the completion of 18 credit hours, consisting of 12 credits of required courses and 6 credits of electives.",Not Required,,True,False,False,False,False,False,,False,False,False,False,False,False,False,False,False,,,,College of Agriculture and Life Sciences,"Annual tuition and mandatory fees for the 2025-26 academic year are $16,526 for in-state undergraduates and $38,977 for out-of-state undergraduates. [10]",,,,,,,,"The Civic Agriculture and Food Systems minor provides the opportunity for both interdisciplinary and community-based learning, as well as active engagement in and outside the classroom. Housed within the College of Agriculture and Life Sciences' (CALS) Office of Academic Programs, the CAFS minor embodies a commitment to developing and strengthening an economically, environmentally, and socially sustainable agriculture and food system. [1] This interdisciplinary minor provides students with knowledge and skills to promote academic enhancement, personal growth, and civic engagement through reflection and experiential practice to address and solve 'real-world' problems. [1]",,"The official university website for Virginia Polytechnic Institute and State University, commonly known as Virginia Tech, is vt.edu.

Virginia Tech is a public, land-grant research university with its main campus located in Blacksburg, Virginia. The university offers a wide range of undergraduate and graduate degree programs.",,"More than 500 scholarships, valued between $200 and $4,000, are awarded each year to students in the College of Agriculture and Life Sciences (CALS). [22]",,FALSE,True,Students are limited to three attempts at any course. [47],4.0,2,,,,,,,,,,,,,,,,,,False,False,,,,,,,,,,,,,,,,,,,,,,,"Scholarships valued between $200 and $4,000 are available for students in the College of Agriculture and Life Sciences. [22]",,"Scholarships are awarded based on academic achievement, participation in extracurricular activities, career goals, and financial need, indicating they are both merit-based and need-based. [22, 37]",FALSE,,,FALSE,FALSE,,,False
,Minor in Sustainable Natural Environments,,,,,Undergraduate,Fall 2026,,,,Not Required,Not Required,Not Required,,"To declare the Minor in Sustainable Natural Environments, students must declare the minor in the main office in the Department of Geography (115 Major Williams Hall) and submit the required forms to the College of Natural Resources and Environment (CNRE) undergraduate programs office in 138 Cheatham Hall. [3] A minimum GPA of 2.0 in the courses for the minor is required for graduation. [3]",Not Required,,True,False,False,False,False,False,,False,False,False,False,False,False,False,False,False,,,,College of Natural Resources and Environment,,,,,,,,,"The minor in Sustainable Natural Environments consists of a core of 9 credits with 9 additional restricted elective credits. [4] A minimum of 18 credit hours is required to complete the minor. [4] The required courses are GEOG/NR 1115 Seeking Sustainability I, GEOG/NR 1116 Seeking Sustainability II, and NR 4444 Practicing Sustainability. [4] Students must also complete 9 elective credits from the CNRE Science electives and CNRE Social Science electives, with at least one course from each category and at least 3 credits at the 3000 or 4000 level. [4] A minimum GPA of 2.0 in these courses is required. [4]",,"The official university website for Virginia Polytechnic Institute and State University, commonly known as Virginia Tech, is vt.edu.

Virginia Tech is a public, land-grant research university with its main campus located in Blacksburg, Virginia. The university offers a wide range of undergraduate and graduate degree programs.",,,,FALSE,False,,4.0,2,,,,,,,,,,,,,,,,,,False,False,,,,,,,,,,,,,,,,,,,,,,,,,,FALSE,,,FALSE,FALSE,,,False
,"Minor in Technology, Innovation, and Engineering Education",,,,,Undergraduate,Fall 2026,,,,,,,,,,,False,False,False,False,False,False,,False,False,False,False,False,False,False,False,False,,,,College of Liberal Arts and Human Sciences,,,,,,,,,,,"The official university website for Virginia Polytechnic Institute and State University, commonly known as Virginia Tech, is vt.edu.

Virginia Tech is a public, land-grant research university with its main campus located in Blacksburg, Virginia. The university offers a wide range of undergraduate and graduate degree programs.",,,,FALSE,False,,4.0,2,,,,,,,,,,,,,,,,,,False,False,,,,,,,,,,,,,,,,,,,,,,,,,"Grants, scholarships, loans, and employment-based opportunities. [4]",FALSE,,,FALSE,FALSE,,,False
,Minor in Theatre,,,,,Undergraduate,Fall 2026,,,,Not Required,Not Required,Not Required,Required,"A minimum of 18 credit hours are required to complete the Theatre Arts minor. Of the 18 hours required, a minimum of 6 hours must be at the 3000 and/or 4000 level. A minimum minor GPA of 2.0 in all courses taken to fulfill the minor is required. [7, 13]",Not Required,,True,False,True,False,False,False,,True,False,False,False,True,True,False,False,False,,,,School of Performing Arts,,,,,,,,,"The Minor in Theatre offers students a comprehensive overview of the study of theatre, including both academic (history and criticism) and production (acting, design and technology) courses. [2] The purpose is to expose undergraduate students to the field by reinforcing the integrated nature of theatre as a scholarly and aesthetic pursuit. [2] Students are required to take a core of 10 required hours in courses that prepare them academically to understand the theoretic and historical basis of the art. [2] They then take a minimum of six hours of electives in two general areas (History/Criticism and Production/Performance) with at least one course from each area. [2] This ensures that every theatre minor has not only some choice of specialization, but also a breadth of knowledge required of all theatre professionals. [2] A minor in Theatre requires a minimum of 16 hours in theatre courses. [2]",,"The official university website for Virginia Polytechnic Institute and State University, commonly known as Virginia Tech, is vt.edu.

Virginia Tech is a public, land-grant research university with its main campus located in Blacksburg, Virginia. The university offers a wide range of undergraduate and graduate degree programs.",The Virginia Tech School of Performing Arts BA and MFA degrees in theatre are fully accredited by the National Association of Schools of Theatre. [3],,,FALSE,False,,4.0,,,,,,,,,,,,,,,,,,,False,False,,,115.0,,,,6.5,,,59.0,,80,,,,,,,,,,,,,,FALSE,,,FALSE,FALSE,,,False
,Minor in Turfgrass Management,,,,,Associate,Fall 2026,,,,Not Required,Not Required,,,"To add the Turfgrass Management minor, students must complete an ""Add a Minor"" form. The minor requires a minimum of 18 credit hours and a minimum GPA of 2.0 for the courses taken towards the minor. Some of the listed courses may have prerequisites.",Not Required,,True,False,False,False,False,False,,False,False,False,False,False,False,False,False,False,,,,School of Plant and Environmental Sciences,,,,,,,,,"This minor offers career opportunities specialized in plant protectants, fertilizers, seed, sod, landscaping equipment, and multiple-facility property management. [14]",,"The official university website for Virginia Polytechnic Institute and State University, commonly known as Virginia Tech, is vt.edu.

Virginia Tech is a public, land-grant research university with its main campus located in Blacksburg, Virginia. The university offers a wide range of undergraduate and graduate degree programs.",,"The College of Agriculture and Life Sciences awards over 500 scholarships annually, with values ranging from $200 to $4,000. [42]",,FALSE,True,,4.0,2,,,,,,,,,,,,,,,,,,False,False,,,,,,,,,,,,,,,,,,,,,,,,,"Scholarships are awarded based on academic achievement, participation in extracurricular activities, career goals, and financial need. [42]",FALSE,,,FALSE,FALSE,,,False
,Minor in Urban and Regional Planning,,,,,Undergraduate,Fall 2026,,,,,,Not Required,Required,"To be a first-year applicant to Virginia Tech, you must complete: 18 units of high school coursework, including: 4 units of English; 3 units of math (includes algebra I, and algebra II); 2 units of laboratory science (chosen from biology, chemistry or physics); 2 units of social science (one must be history); 3 additional academic units (foreign language is highly recommended); 4 elective units. [3]",,,False,True,True,False,False,False,,True,False,False,False,True,True,False,False,False,,,,,,,,,,,,,"A 'Minor in Urban and Regional Planning' is not offered by Virginia Polytechnic Institute and State University. However, the university does offer a 'Minor in Environmental Policy and Planning'. The environmental policy and planning minor provides students with an interdisciplinary framework to view environmental problems. [1] Students will obtain the knowledge and skills needed to function as policymakers and planners who can understand complex environmental issues and develop enduring solutions. [1] The EPP minor extends knowledge in policy, planning, governance, and international affairs through an interconnected sequence of courses that explore environmental policy and planning, urban planning, transdisciplinary problem solving, land use, and environmental law. [1]",,https://catalog.vt.edu/undergraduate/liberal-arts-human-sciences/school-public-international-affairs/,,,,FALSE,False,,,,,,,,,,,,,,,,,,,,,False,False,,,115.0,,,,6.5,,,59.0,,80,,,,,,,,,,,,,,FALSE,,,FALSE,FALSE,,,False
,Minor in Visual Arts and Society,,,,,Undergraduate,Fall 2026,,,,Not Required,Not Required,Not Required,Not Required,"To add the Visual Arts & Society minor, current students must submit the ""Request to Change Minor"" form. [10] In order to graduate with the minor, students must complete 18 credit hours of required courses and electives and maintain a minimum in-minor GPA of 2.0, as well as an overall GPA of 2.0. [5, 9]",Not Required,,True,False,False,False,False,False,,False,False,False,False,False,False,False,True,False,,,,School of Visual Arts,"In-state: $16,526/year, Out-of-state: $38,977/year",,,,,,,,"The Minor in Visual Arts and Society, offered by the School of Visual Arts within the College of Architecture, Arts, and Design, requires a total of 18 credit hours for completion. The curriculum is structured into three main sections: Required Courses (6 credits), Practice-Based Art Courses (3 credits from a selected list), and Electives (6 credits, with a minimum of 3 credits at the 3000-level or higher). To graduate with this minor, students must achieve a minimum GPA of 2.0 in the courses required for the minor and maintain an overall GPA of 2.0. [3, 4, 5]",,"The official university website for Virginia Polytechnic Institute and State University, commonly known as Virginia Tech, is vt.edu.

Virginia Tech is a public, land-grant research university with its main campus located in Blacksburg, Virginia. The university offers a wide range of undergraduate and graduate degree programs.",,,,FALSE,False,,4.0,2,,,,,,,,,,,,,,,,,,False,False,,,,,,,,,,,,,,,,,,,,,,,,,"Merit-based, Need-based",FALSE,,,FALSE,FALSE,,,False
,Minor in Watershed Management,,,,,Undergraduate,Fall 2026,,,,Not Required,Not Required,Not Required,Not Required,"To add the Watershed Management minor, current students must complete a “Change of Major/Minor” form in the College of Natural Resources and Environment (CNRE) Academic Programs Office. [3] For satisfactory completion of the program, students are required to complete 20 credit hours and maintain a minimum GPA of 2.0 in all courses for the minor. [3]",Not Required,,True,False,False,False,False,False,,False,False,False,False,False,False,False,True,False,,,,College of Natural Resources and Environment,,,,,,,,,"The Watershed Management minor integrates existing programs and courses from five colleges and 10 departments at Virginia Tech to provide an interdisciplinary and substantive understanding of watershed science, policy, and decision-making. [4] By working with a faculty advisor, students can also select additional courses that will allow them to pursue careers in positions such as hydrologists or water quality managers with the USDA and other state and federal agencies. [4]",,"The official university website for Virginia Polytechnic Institute and State University, commonly known as Virginia Tech, is vt.edu.

Virginia Tech is a public, land-grant research university with its main campus located in Blacksburg, Virginia. The university offers a wide range of undergraduate and graduate degree programs.",,,,FALSE,True,,4.0,2,,,,,,,,,,,,,,,,,,False,False,,,,,,,,,,,,,,,,,,,,,,,"Varies. For example, the Thomas M. Brooks Scholarship is approximately $2,450, and the William M. Carter Memorial Scholarship is approximately $1,200. [1]",,Merit-based and Need-based. [1],FALSE,,,FALSE,FALSE,,,False
,Minor in Wildlife Conservation,,,,,Undergraduate,Fall 2026,,,,Not Required,Not Required,Not Required,Required,"To declare the Biodiversity Conservation minor, students must make an advising appointment with the minor coordinator for an orientation and then declare the minor at the CNRE Advising Center in 138 Cheatham Hall. [3, 8] A minimum cumulative GPA of 2.0 is required for all classes taken for the minor. [3] Students in the Fish and Wildlife Conservation Degree are not eligible to declare the Biodiversity Conservation Pathways Minor. [8]",Not Required,,True,False,True,False,False,False,,True,False,False,False,True,True,True,False,False,,,,College of Natural Resources and Environment,"For the 2025-26 academic year, the annual tuition and mandatory fees for Virginia undergraduate students are $16,526, and for out-of-state undergraduate students, they are $38,977. [34]",,,,,,,,,,"The official university website for Virginia Polytechnic Institute and State University, commonly known as Virginia Tech, is vt.edu.

Virginia Tech is a public, land-grant research university with its main campus located in Blacksburg, Virginia. The university offers a wide range of undergraduate and graduate degree programs.",,,,FALSE,True,,4.0,2,,,,,,,,,,,,,,,,,,False,False,,,115.0,,,,6.5,,,59.0,,80,,,,,,,,,,,,,,FALSE,,,FALSE,FALSE,,,False
