Id,ProgramName,ProgramCode,Status,CreatedDate,UpdatedDate,Level,Term,TermCode,LiveDate,DeadlineDate,Resume,StatementOfPurpose,GreOrGmat,EnglishScore,Requirements,WritingSample,CollegeId,IsAnalyticalNotRequired,IsAnalyticalOptional,IsDuoLingoRequired,IsELSRequired,IsGMATOrGreRequired,IsGMATRequired,IsGreRequired,IsIELTSRequired,IsLSATRequired,IsMATRequired,IsMCATRequired,IsPTERequired,IsTOEFLIBRequired,IsTOEFLPBTRequired,IsEnglishNotRequired,IsEnglishOptional,AcademicYear,AlternateProgram,ApplicationType,Department,Fees,Fees,IsAvailable,ProgramType,AdmissionDepartmentId,CreatedBy,UpdatedBy,Concentration,Description,OtherConcentrations,ProgramWebsiteURL,Accredidation,AverageScholarshipAmount,CostPerCredit,IsRecommendationSystemOpted,IsStemProgram,MaxFails,MaxGPA,MinGPA,PreviousYearAcceptanceRates,QsWorldRanking,TotalAccepetedApplications,TotalCredits,TotalDeniedApplications,TotalI20sIssued,TotalScholarshipsAwarded,TotalSubmittedApplications,TotalVisasSecured,UsNewsRanking,CollegeApplicationFee,IsCollegePaying,MEContractNegotiatedFee,MyGradAppFee,ProgramCategory,IsCollegeApplicationFree,IsCouponAllowed,IsACTRequired,IsSATRequired,SftpDestinationId,MinimumACTScore,MinimumDuoLingoScore,MinimumELSScore,MinimumGMATScore,MinimumGreScore,MinimumIELTSScore,MinimumMATScore,MinimumMCATScore,MinimumPTEScore,MinimumSATScore,MinimumTOEFLScore,MLModelName,MinimumAnalyticalScore,MinimumEnglishScore,MinimumExperience,MinimumSopRating,WeightAnalytical,WeightEnglish,WeightExperience,WeightGPA,WeightSop,ScholarshipAmount,ScholarshipPercentage,ScholarshipType,IsNewlyLaunched,BatchId,IsImported,IsImportVerified,Is_Recommendation_Sponser,AnalyticalScore,MinimumLSATScore
,Master of Arts in Security and Intelligence Studies,,,,,Graduate,"Fall, Spring",,,,Required,Required,Not Required,REQUIRED,"All applicants must submit:
*   Online application
*   Application fee
*   Resume
*   Statement of purpose
*   Official undergraduate transcripts
*   Two letters of recommendation
*   Official GRE or GMAT scores are NOT required.",,,True,False,True,False,False,False,,True,False,False,False,True,True,False,False,False,,,,College of Social Sciences and Humanities,"$13,920/Semester","$13,920/Semester",,,,,,"Intelligence, Global Security, Cyber Security, Homeland Security","Northeastern University’s Master of Arts in Security and Intelligence Studies (MASIS) program prepares graduates to tackle the most complex challenges in security and intelligence today. Graduates are equipped with a strong theoretical understanding of security and intelligence topics, analytical skills, leadership, and operational capabilities needed to succeed in a wide range of roles. The MASIS curriculum prepares graduates for careers in international, national, state, and local security and intelligence agencies, as well as the private sector. The program offers a range of specialization options and experiential learning opportunities including the co-op program.",,https://graduate.northeastern.edu/programs/,,,1740,False,False,,4.0,3.0,,,,,,,,,,,,,,,,,,False,False,,,105.0,,,,6.5,,,53.0,,79.0,,,,,,,,,,,,,"Merit-based, Assistantships, Fellowships",,,,,,,
,Master of Arts in Teaching in Elementary Education,,,,,Graduate,"Fall, Spring, Summer",,,,Required,Required,Not Required,REQUIRED,"An application for graduate admission consists of: Application form, official transcripts from all institutions attended, statement of purpose, resume/CV, two letters of recommendation, GRE/GMAT scores: Not required, non-refundable application fee. Additional requirements for international students apply.",,,True,False,True,True,False,False,,True,False,False,False,True,True,False,False,False,,,,College of Professional Studies,,,,,,,,,"Become an Elementary Education teacher for grades 1-6 in a fully accredited program. Prepare for a promising career in teaching in just 15 months! The Master of Arts in Teaching (MAT) in Elementary Education program at Northeastern University’s College of Professional Studies prepares students to become licensed teachers of elementary education in Massachusetts, grades 1–6. The program is designed for current teachers, career changers, and recent college graduates who hold a bachelor’s degree but did not major in education, and who wish to obtain an initial teaching license. Our cohort-based MAT program is offered through a hybrid model, allowing students to learn both online and in person. Students attend synchronous classes one evening per week during the 15-month program. They also complete a full-time, yearlong internship (fall and spring semesters) in an elementary classroom, giving them practical experience from the start of their program.
Graduates of the Master of Arts in Teaching in Elementary Education program will be able to:
*   Understand and apply foundational knowledge about student development and learning differences to plan and implement effective instruction, assessment, and differentiation for students in grades 1–6.
*   Understand and apply foundational knowledge about social-emotional development and learning to create a safe, healthy, and supportive learning environment for all students in grades 1–6.
*   Understand and apply foundational knowledge about curriculum development, instructional design, and pedagogical practices to plan and implement engaging and effective instruction for students in grades 1–6.
*   Understand and apply foundational knowledge about assessment practices to monitor student learning, provide meaningful feedback, and make instructional adjustments for students in grades 1–6.
*   Understand and apply foundational knowledge about professional ethics, responsibilities, and reflective practices to engage in continuous professional growth and advocate for students and families in grades 1–6.",,https://graduate.northeastern.edu/programs/,Accredited by the New England Commission of Higher Education (NECHE).,,875,True,False,,4.0,3.0,,,,,,,,,,,,,,,,,,False,False,,,105.0,112.0,,,6.5,,,53.0,,79.0,,,,,,,,,,,,,"Assistantships, Fellowships, Scholarships, Grants, Double Husky Scholarship, City Year National Service Scholars",,,,,,,
,Master of Arts in Teaching in Secondary Education,,,,,Graduate,"Fall, Spring",,,,Required,Required,Not Required,REQUIRED,"Applicants to the Master of Arts in Teaching in Secondary Education must hold a bachelor’s degree from an accredited institution. Applicants are expected to have a strong undergraduate academic record. Applicants must submit the following materials: Online application, Statement of purpose describing your academic and professional goals, Resume, Official transcripts for all college-level work, Two letters of recommendation (professional or academic), Undergraduate GPA of 3.0 or higher, Proof of English Proficiency for international applicants. Official TOEFL, IELTS, or PTE Academic scores are required for international applicants unless a waiver is granted.",,,True,False,True,True,False,False,,True,False,False,False,True,True,False,False,False,,,,College of Professional Studies,"$20,790/Year","$20,790/Year",,,,,,,"The Master of Arts in Teaching (MAT) in Secondary Education prepares you to meet the needs of diverse learners and become a leader in urban secondary education. You will develop the pedagogical knowledge and skills to teach students in grades 8–12 through coursework grounded in justice-oriented, anti-racist, and asset-based frameworks. This program is for prospective educators seeking initial licensure in Massachusetts. After graduation, you’ll be prepared for roles as:
*   High school teachers
*   Department chairs
*   Instructional coaches
*   Curriculum developers
*   Education policy advocates",,https://cps.northeastern.edu/program/master-of-arts-in-teaching-in-secondary-education-boston/,,,$945,True,False,0.0,4.0,3.0,,,,,,,,,,,,,,,,,,False,False,,,105.0,,,,6.5,,,53.0,,79.0,,,,,,,,,,,,,Merit-based,,,,,,,
,Master of Education in Education,,,,,Graduate,"Fall, Spring, Summer",,,,Required,Required,Not Required,REQUIRED,"Admission to the Master of Education program requires:
*   A bachelor’s degree from a regionally accredited institution.
*   A minimum undergraduate GPA of 3.0.
*   Official transcripts from all institutions attended.
*   One letter of recommendation.
*   A personal statement.
*   A current résumé.
*   TOEFL, IELTS, or PTE scores for international applicants.
All applicants must submit their application online.",,,True,False,True,True,False,False,,True,False,False,False,True,True,False,False,False,,,,Graduate School of Education,29550,29550,,,,,,,"The Master of Education (M.Ed.) is a graduate degree program designed for current and aspiring educators, administrators, and education professionals who want to develop new skills, expand their knowledge base, and advance their careers. The program combines theory and practice to help you develop the expertise needed to address the complex challenges facing education today. The Northeastern University College of Professional Studies (CPS) Master of Education program offers a flexible and customizable curriculum with a variety of specializations to meet your career goals. Whether you’re interested in curriculum and instruction, higher education administration, special education, or another area of education, the M.Ed. program can help you achieve your professional aspirations. The program is designed for working professionals, with online and hybrid courses that allow you to balance your studies with your personal and professional commitments.",,https://cps.northeastern.edu/academics/schools-centers/graduate-school-of-education/,,,$985 per credit hour,False,False,1.0,4.0,3.0,,,,,,,,,,,,,,,,,,False,False,,,105.0,112.0,,,6.5,,,53.0,,79.0,,,,,,,,,,,,,"Assistantships, Fellowships, Scholarships",,,,,,,
,Master of Education in Higher Education Administration,,,,,Graduate,"Fall, Spring, Summer",,,,Required,Required,Not Required,REQUIRED,"Bachelor’s degree from an accredited institution. Official transcripts from all institutions attended. Upload your current résumé. Upload your statement of purpose. Three letters of recommendation. Additional requirements for international students: English proficiency test scores and a copy of your passport. We consider applicants who have an undergraduate GPA of 3.0 or above in their last 60 semester hours of coursework. We also consider other factors such as work experience, letters of recommendation, and essay writing ability.",Not Required,,True,False,True,True,False,False,,True,False,False,False,True,True,False,False,False,,,,College of Professional Studies,52020,,,,,,,,"The Master of Education (MEd) in Higher Education Administration program prepares students to become leaders, policymakers, and practitioners in colleges and universities. The program is designed to provide students with the foundational knowledge of how higher education institutions operate, the cultural and political context in which they exist, and the challenges and opportunities facing the sector. Through a combination of academic study and practical experience, students will develop a deep understanding of higher education administration, including its history, current trends, and future directions. Students will also gain essential leadership and management skills, including the ability to communicate effectively, to lead diverse teams, to analyze complex data, and to make informed decisions that promote equity, inclusion, and student success. Graduates of the program will be prepared to work in a variety of settings within higher education, including academic affairs, student affairs, admissions, financial aid, institutional advancement, and policy development. The program emphasizes an experiential, problem-based approach to learning, allowing students to apply theoretical knowledge to real-world challenges faced by colleges and universities. Students will also have the opportunity to engage in research and scholarship, contributing to the broader field of higher education administration.",,https://graduate.northeastern.edu/programs/,,,1734,,False,,4.0,3.0,,,,,,,,,,,,,,,,,,False,False,,,105.0,,,,6.5,,,53.0,,79.0,,,,,,,,,,,,,Merit-based,,,,,,,
,Master of Professional Studies in Analytics,,,,,Graduate,"Fall, Spring, Summer",,,,,,Optional,REQUIRED,,,,,,True,False,False,False,,True,False,False,False,True,True,False,False,False,,,,College of Professional Studies,,,,,,,,"Applied Analytics, Business Analytics, Cyber-Physical Systems, Data Science, Machine Learning","Our Master of Professional Studies in Analytics program helps you unlock the insights hidden in data to solve real-world challenges. Through an innovative, interdisciplinary curriculum, you’ll master the latest tools and techniques to collect, organize, interpret, and transform data into actionable strategies. The program offers a blend of theoretical knowledge and practical application, providing you with a strong foundation in statistical modeling, machine learning, data visualization, and predictive analytics. You’ll gain hands-on experience with industry-standard software and programming languages, preparing you for leadership roles in various sectors, including business, healthcare, finance, and technology.",,https://graduate.northeastern.edu/programs/,,,,,,,4.0,3.0,,,,,,,,,,,,,,,,,,,,,,,,,,,,,,,,,,,,,,,,,,,,"Merit-based, Federal Financial Aid, Employer Tuition Reimbursement, Military Benefits",,,,,,,
,Master of Professional Studies in Applied Logistics,,,,,Graduate,"Fall, Spring, Summer",,,,Required,Required,Not Required,REQUIRED,"Applicants to the Master of Professional Studies in Applied Logistics program must meet the following minimum admissions requirements:
- A bachelor’s degree from an accredited institution
- A minimum 2.5 GPA (3.0 preferred)
- Completion of the online application form
- A professional resumé
- A personal statement/statement of purpose outlining your objectives for graduate study
- Official transcripts from all institutions attended
- Proof of English proficiency, if applicable

GRE scores are not required for admission to this program.",,,True,False,True,False,False,False,,True,False,False,False,True,True,False,False,False,,,,College of Professional Studies,11880/Semester,1192/Year,,,,,,,"The Master of Professional Studies (MPS) in Applied Logistics at Northeastern University is designed for early- and mid-career professionals looking to enhance their analytical and decision-making capabilities within the logistics and supply chain management fields. This innovative program combines academic rigor with practical application, preparing graduates to tackle real-world challenges in a dynamic global marketplace. Students will explore core areas such as supply chain analytics, operations management, transportation logistics, and strategic sourcing. The curriculum is structured to provide a comprehensive understanding of complex logistics systems, emphasizing data-driven approaches and sustainable practices. Graduates will be equipped with the skills to optimize logistics operations, improve efficiency, and drive strategic value for organizations across various industries.",,https://graduate.northeastern.edu/programs/,,,1485/credit,,True,,4.0,3.0,,,,,,,,,,,,,,,,,,False,False,,,105.0,,,,6.5,,,53.0,,79.0,,,,,,,,,,,,,"Scholarships, Fellowships, Assistantships, Loans, Diversity, Equity, and Inclusion Scholarships, Global Scholarship Program",,,,,,,
,Master of Professional Studies in Applied Machine Intelligence,,,,,Graduate,"Fall, Spring, Summer",,,"May 1, 2026",Required,Required,Not Required,REQUIRED,"To be considered for admission to the Master of Professional Studies in Applied Machine Intelligence program, applicants must hold a bachelor's degree from an accredited institution. An undergraduate GPA of 3.000 or higher is generally expected. Applicants should have a strong background in mathematics, statistics, and programming, demonstrated through coursework or professional experience. Applicants must submit: Online Application, Application Fee, A current resume detailing professional experience, research, volunteer activities, and any publications, A statement of purpose (approximately 500-1,000 words) outlining your academic interests, professional goals, and how the program aligns with your aspirations, Official transcripts from all previously attended colleges and universities, Two letters of recommendation, preferably from faculty members or supervisors who can speak to your academic and professional capabilities. The GRE (Graduate Record Examinations) is not required for admission to this program. Applicants whose native language is not English must demonstrate English proficiency through one of the following: TOEFL (minimum scores: iBT 79, PBT 550), IELTS (minimum score: 6.5), Duolingo English Test (minimum score: 105), PTE Academic (minimum score: 53).",,,True,False,True,False,False,False,,True,False,False,False,True,True,False,False,False,,,,College of Professional Studies,,,,,,,,,"The Master of Professional Studies in Applied Machine Intelligence offers a unique blend of technical expertise and practical application, equipping students with the skills to design, develop, and deploy intelligent systems across various industries. Rooted in real-world problem-solving, this program emphasizes hands-on experience with cutting-edge tools and methodologies. Through a comprehensive curriculum spanning artificial intelligence, machine learning, data science, and ethical AI, students learn to transform data into actionable insights and innovative solutions. Graduates are prepared to lead in roles such as AI/ML Engineer, Data Scientist, Machine Learning Consultant, and AI Product Manager, driving the next generation of technological advancement.",,https://graduate.northeastern.edu/programs/,,,,True,True,,4.0,3.0,,,,,,,,,,,,,,,,,,False,False,,,120.0,,,,6.5,,,62.0,,79.0,,,,,,,,,,,,,"Merit-based, Fellowships, Assistantships, External Funding",,,,,,,
,Master of Professional Studies in Digital Media,,,,,Graduate,"Fall, Spring, Summer",,,,Required,Required,Not Required,REQUIRED,"Online application, Application fee ($75), Transcripts from all colleges and universities attended. All transcripts should be uploaded to the application prior to submission. Unofficial transcripts are acceptable for application review. Official transcripts will be required upon admission and matriculation into the program., Three letters of recommendation, Upload your resume or curriculum vitae (CV)., Submit a statement of purpose outlining your objectives for graduate study, why you are interested in this program, and how you think it will help you achieve your professional goals., English proficiency, International applicants: Review the specific requirements for international students.",Not Required,,True,False,True,True,False,False,,True,False,False,False,True,True,True,False,False,,,,"College of Arts, Media and Design","$27,360/Year","$27,360/Year",,,,,,"Content Creation, Design, Leadership","The Master of Professional Studies in Digital Media program, offered by Northeastern’s College of Arts, Media and Design, is designed for those who want to advance their careers in the rapidly evolving fields of digital media and interactive design. Through an interdisciplinary curriculum, students develop expertise in a variety of digital media practices, including digital storytelling, content creation, user experience (UX) design, interactive media, and data visualization. The program emphasizes hands-on projects, critical thinking, and collaboration, preparing graduates to lead and innovate in areas such as digital marketing, web design, mobile application development, game design, and immersive media. Students gain practical experience with industry-standard tools and techniques while exploring the theoretical underpinnings of digital culture and communication. With a focus on both creative and strategic aspects of digital media, the program equips students with the skills and knowledge to navigate and shape the future of digital communication and experiences.",,https://graduate.northeastern.edu/programs/,,,"$1,710.00",True,True,,4.0,3.0,,,,,,,,,,,,,,,,,,False,False,,,105.0,,,,6.5,,,53.0,,79.0,,,,,,,,,,,,,"Merit-based, Fellowships, Graduate Assistantships",,,,,,,
,Master of Professional Studies in Digital Media—Connect,,,,,Graduate,"Fall, Spring, Summer",,,,Required,Required,Not Required,REQUIRED,Complete the online application. Pay the non-refundable application fee. Submit unofficial transcripts from all institutions attended. Official transcripts will be required upon admission. Write a statement of purpose outlining your objectives for graduate study. Submit a resume of your professional and academic experience. Provide two letters of recommendation from individuals familiar with your academic or professional capabilities.,,,True,False,True,False,False,False,,True,False,False,False,True,True,False,False,False,,,,"College of Arts, Media and Design",,,,,,,,,"The Digital Media–Connect MS is a 32-semester-hour program for students with limited experience in digital media. It is designed to prepare students for a wide range of jobs in digital media, from web design and development to user experience and interface design. The program emphasizes hands-on, project-based learning and collaboration, ensuring graduates are well-versed in the latest digital tools and technologies.
Students will learn how to design, develop, and manage digital media projects, including websites, mobile apps, and interactive experiences. They will also gain an understanding of digital media theory, research, and ethics. The program culminates in a capstone project, where students apply their skills to a real-world digital media problem.
The Digital Media–Connect MS is offered by the College of Arts, Media and Design at Northeastern University in Boston, Massachusetts. It is an ideal program for students who want to enter the digital media field but do not have a strong background in the area. Graduates of the program are well-prepared for careers as web designers, web developers, UX/UI designers, digital project managers, and digital media specialists.",,https://graduate.northeastern.edu/programs/,,,,True,True,1.0,4.0,3.0,,,,,,,,,,,,,,,,,,False,False,,,105.0,,,,6.5,,,53.0,,79.0,,,,,,,,,,,,,"Merit-based, Need-based, External",,,,,,,
,Master of Professional Studies in Informatics,,,,,Graduate,"Fall, Spring, Summer",,,,Required,Required,Not Required,REQUIRED,A bachelor’s degree from an accredited institution. All undergraduate and graduate transcripts. A current resume. A statement of purpose. Two letters of recommendation (academic or professional). English proficiency test results (if applicable). Official GRE General Test scores are not required for admission to this program.,Not Required,,True,True,True,True,False,False,,True,False,False,False,True,True,False,False,False,,,,College of Professional Studies,12990/Semester,1732/Credit Hour,,,,,,,"Are you passionate about using data and technology to solve real-world problems? Do you want to lead the design, development, and implementation of innovative information systems? The Master of Professional Studies (MPS) in Informatics program from Northeastern University will equip you with the advanced technical skills and leadership competencies necessary to thrive in the dynamic and rapidly evolving field of informatics. Our interdisciplinary curriculum combines computer science, information science, and social sciences, providing a holistic understanding of how information systems interact with individuals, organizations, and society. You'll gain expertise in areas such as data analytics, artificial intelligence, cybersecurity, user experience (UX) design, and project management, preparing you for a wide range of career opportunities in diverse industries. With a strong emphasis on practical, hands-on learning, you’ll work on real-world projects and collaborate with industry partners, building a robust portfolio that showcases your abilities to potential employers. Our flexible program allows you to tailor your studies to your specific interests and career goals, with options for full-time or part-time enrollment and online or on-campus learning.",,https://graduate.northeastern.edu/programs/,,,1732/Credit Hour,,True,,4.0,3.0,,,,,,,,,,,,,,,,,,False,False,,,105.0,,,,6.5,,,53.0,,79.0,,,,,,,,,,,,,"Merit-based, Fellowships, Assistantships, Veterans Benefits",,,,,,,
,Master of Professional Studies in Insurance Analytics and Management,,,,,Graduate,"Fall, Spring, Summer",,,,Required,Required,Optional,REQUIRED,"All applicants to the Master of Professional Studies in Insurance Analytics and Management program must submit: Online application, Application fee, Unofficial transcripts, Three letters of recommendation, Statement of purpose, Professional resumé, English proficiency (if applicable). Additional Requirements: A bachelor’s degree from an accredited institution. Graduate Record Examination (GRE) scores are not required. International applicants are encouraged to review additional admission requirements via the Office of Global Services.",,,True,False,True,True,False,False,,True,False,False,False,True,True,False,False,False,,,,College of Professional Studies,26730,29700,,,,,,,"The Master of Professional Studies in Insurance Analytics and Management program helps students develop the critical business acumen, technical skills, and industry knowledge needed to thrive in the evolving insurance field. Graduates of the program are able to make data-driven decisions that will help redefine the industry. Students in the program develop skills to transform large quantities of data into business intelligence that will contribute to successful business operations and strategy.",,https://graduate.northeastern.edu/programs/,,,990,,False,2.0,4.0,3.0,,,,,,,,,,,,,,,,,,False,False,,,105.0,112.0,,,6.5,,,53.0,,79.0,,,,,,,,,,,,,"Merit-based, Fellowships, External Scholarships, Federal Loans",,,,,,,
,Master of Professional Studies in Learning Experience Design and Technology,,,,,Graduate,"Fall, Spring, Summer",,,"Domestic: July 15, International: June 15",Required,Required,Not Required,REQUIRED,"To apply for this program, you will need to complete the following: Online application, Application fee, Official transcripts, Personal Statement, Three letters of recommendation, Resume, GRE/GMAT scores (optional), English proficiency",Not Required,,True,True,True,True,False,False,,True,False,False,False,True,True,False,False,False,,,,College of Professional Studies,39150,39150,,,,,,,"The Master of Professional Studies in Learning Experience Design and Technology program focuses on a blend of learning sciences, user experience (UX) design, and educational technology. This program prepares students to become leaders in designing, developing, and implementing effective and engaging learning experiences across diverse contexts, including higher education, corporate training, K-12, and non-profit organizations. It emphasizes human-centered design principles and leverages technology to create innovative solutions to complex learning challenges.

Students in the program will:
* Apply learning theories, principles of human cognition, and instructional design models to create effective learning experiences.
* Master UX research and design methodologies to understand learner needs and optimize learning interactions.
* Evaluate and integrate emerging educational technologies to enhance learning environments.
* Design and develop technology-enhanced learning solutions, including digital courses, simulations, interactive tools, and virtual reality applications.
* Lead project teams in the design, development, and implementation of learning experience projects.
* Assess the impact and effectiveness of learning experiences using data-driven approaches.
* Develop professional portfolios showcasing their expertise in learning experience design and technology.",,https://graduate.northeastern.edu/programs/,,,$870/semester hour,,False,,4.0,2.5,,,,,,,,,,,,,,,,,,False,False,,,105.0,,,,6.5,,,53.0,,79.0,,,,,,,,,,,,,"Merit-based, Leadership, Alumni, Veteran Benefits, Federal financial aid",,,,,,,
,Master of Science in Commerce and Economic Development,,,,,Graduate,"Fall, Spring",,,,Required,Required,Not Required,REQUIRED,"A completed online application, application fee, official transcripts from all institutions attended, resume/CV, statement of purpose, two letters of recommendation, official GRE or GMAT scores (optional), proof of English proficiency (if applicable), copy of passport (for international applicants), copy of existing US visa (if applicable), financial documentation (for international applicants).",,,False,True,True,False,False,False,,True,False,False,False,True,True,False,False,False,,,,College of Social Sciences and Humanities,"$27,450/Semester","$27,450/Semester",,,,,,,"Northeastern’s Master of Science in Commerce and Economic Development is designed for professionals eager to transform their career path into one focused on fostering global economic prosperity. You will examine the foundational principles of international commerce and trade, urban and regional development, public policy, and global competitiveness. Offered by the Department of Economics within the College of Social Sciences and Humanities, the MS in Commerce and Economic Development brings together academic rigor and hands-on, experience-based learning to give you a strong theoretical background paired with real-world experience through an optional co-op program, international field study opportunities, and more. This program prepares you to lead development initiatives as an economist or economic development professional across government, private, and nonprofit organizations. With opportunities to tailor your degree to your professional interests, the MS in Commerce and Economic Development provides you with the skills and knowledge needed to pursue a career in economic development and international commerce.",,https://graduate.northeastern.edu/programs/,,,"$3,050",,True,,4.0,3.0,,,,,,,,,,,,,,,,,,False,False,,,105.0,,,,6.5,,,53.0,,79.0,,,,,,,,,,,,,"Merit-based scholarships, Assistantships, Fellowships",,,,,,,
,Master of Science in Corporate and Organizational Communication,,,,,Graduate,"Fall, Spring, Summer",,,,Required,Required,Not Required,REQUIRED,"To apply to this program, you will need to complete the following: Online application form, Application fee, Statement of Purpose, Resume, Unofficial transcripts, Three letters of recommendation, GRE/GMAT scores (optional), Proof of English proficiency (international students only).",Not Required,,True,True,True,True,False,False,,True,False,False,False,True,True,False,False,False,,,,College of Professional Studies,"$27,040/Program","$27,040/Program",,,,,,,"In today’s globalized and digital world, the need for skilled communicators with a mastery of modern communication principles and techniques continues to grow. Northeastern University’s Master of Science in Corporate and Organizational Communication program will prepare you to be a dynamic leader and strategist capable of managing complex communication challenges within various organizational settings—from corporate, non-profit, and government organizations to educational institutions, advertising and public relations agencies, and more. This comprehensive communication master’s program will provide you with a foundation in communication theory and research, as well as an understanding of the impact of new technologies on organizational communication. You’ll acquire a core understanding of communication concepts while developing expertise in specific areas through a range of electives. Upon graduation, you’ll be equipped to develop, implement, and manage integrated communication strategies across multiple platforms and target audiences. In addition, you’ll be prepared to lead diverse teams, manage internal and external stakeholder relationships, and measure the effectiveness of communication initiatives. The MS in Corporate and Organizational Communication is offered by Northeastern University’s College of Professional Studies, one of the nation’s leaders in providing career-focused education for working professionals. This program is also available in an online format.",,https://graduate.northeastern.edu/programs/,,,845,True,False,1.0,4.0,3.0,,,,,,,,,,,,,,,,,,False,False,,,120.0,,,,6.5,,,62.0,,79.0,,,,,,,,,,,,,"Merit-based, Diversity, Alumni, Military, Graduate Student Ambassador",,,,,,,
,Master of Science in Global Studies and International Relations,,,,,Graduate,"Fall, Spring, Summer",,,,Required,Required,Not Required,REQUIRED,"Applications for the Master of Science in Global Studies and International Relations require the following:
*   Online application
*   Application fee
*   Unofficial transcripts from all institutions attended
*   Statement of Purpose
*   Resume
*   Two letters of recommendation (academic or professional)
*   GRE (optional)",Not Required,,True,True,True,False,False,False,,True,False,False,False,True,True,True,False,False,,,,College of Professional Studies,,,,,,,,"Global Health, Global Justice and Human Rights, International Conflict and Cooperation, International Development and Environmental Policy, International Economics and Business","Northeastern’s Master of Science in Global Studies and International Relations program prepares you for careers in international affairs and related professions in government, the private sector, and nonprofit organizations. The curriculum provides a strong background in global issues and international relations and offers an opportunity to develop expertise in specialized areas through concentrations. You’ll gain critical analytical and research skills, a thorough grounding in the theories and methods of global studies, and the substantive knowledge needed to work effectively in a global environment. The program also offers opportunities for experiential learning through co-op and internship placements across the United States and around the world, as well as opportunities for study abroad and global research.",,https://graduate.northeastern.edu/programs/,,,,True,False,,,2.5,,,,,,,,,,,,,,,,,,False,False,,,120.0,,,,6.5,,,62.0,,79.0,,,,,,,,,,,,,"Internal Northeastern Scholarships (e.g., Double Husky Scholarship, Graduate Assistantships), External Scholarships, Employer Tuition Assistance, Military and Veteran Benefits",,,,,,,
,Master of Science in Human Resources Management,,,,,Graduate,"Fall, Spring, Summer",,,,Required,Required,Optional,REQUIRED,"Online Application, Application Fee, Unofficial Transcripts, Resume (required), Personal Statement (required), Two letters of recommendation (required), GRE/GMAT is not required, English Proficiency (if applicable)",,,True,False,True,False,False,False,,True,False,False,False,True,True,False,False,False,,,,College of Professional Studies,,,,,,,,,"As organizations navigate an ever-evolving global landscape, human resources (HR) professionals play a pivotal role in shaping cultures, driving innovation, and fostering employee success. Northeastern University’s Master of Science in Human Resources Management equips students with the advanced knowledge and skills to lead and transform HR functions in today’s dynamic business environment. Students will explore core HR disciplines, including talent acquisition and retention, organizational development and change, employee relations, compensation and benefits, HR technology, and diversity and inclusion. The program emphasizes strategic HR leadership, ethical decision-making, and data-driven approaches to solve complex organizational challenges. Designed for both experienced professionals seeking to advance their careers and individuals looking to enter the HR field, this program prepares graduates for leadership roles in various sectors, including corporate, non-profit, and government.",,https://graduate.northeastern.edu/programs/,,,,False,True,1.0,4.0,3.0,,,,,,,,,,,,,,,,,,False,False,,,105.0,,,,6.5,,,53.0,,79.0,,,,,,,,,,,,,"Graduate Fellowships, Merit-Based, Need-Based, External",,,,,,,
,Master of Science in Nonprofit Management,,,,,Graduate,"Fall, Spring, Summer",,,,Required,Required,Not Required,REQUIRED,"Admission to the Master of Science in Nonprofit Management program is highly selective. The admissions committee considers academic history, professional experience, career goals, and the relevance of previous coursework.
Required Documents:
*   Online Application
*   Application Fee
*   Transcripts
*   Personal Statement
*   Three Letters of Recommendation
*   Professional Resume
*   GRE General Exam Scores: The GRE is not required for the MS in Nonprofit Management program.
*   English Language Proficiency (if applicable)",,,True,False,True,True,False,False,,True,False,False,False,True,True,False,False,False,,,,College of Professional Studies,"$27,135/Year (full-time, estimated)","$27,135/Year (full-time, estimated)",,,,,,,"The Master of Science in Nonprofit Management program at Northeastern University prepares students with the strategic skills needed to lead a wide range of nonprofit organizations, including foundations, social enterprises, NGOs, advocacy groups, and cultural institutions. The program focuses on providing a comprehensive understanding of effective leadership, financial management, resource development, and strategic planning within the nonprofit sector. Graduates emerge prepared to tackle complex challenges, drive social change, and make a significant impact in their communities and globally.",,https://graduate.northeastern.edu/programs/,,,"$1,005/credit",True,False,,4.0,3.0,,,,,,,,,,,,,,,,,,False,False,,,105.0,112.0,,,6.5,,,53.0,,79.0,,,,,,,,,,,,25% (Double Husky Scholarship for alumni),"Affinity-based (e.g., Double Husky Scholarship for alumni), Employer Tuition Remission",,,,,,,
,Master of Science in Organizational Leadership,,,,,Graduate,"Fall, Spring, Summer",,,,Required,Required,Not Required,REQUIRED,"A completed online application form. A bachelor's degree (or equivalent) from an accredited institution. Official transcripts from all institutions attended. Goal statement (500–1,000 words). Resume. Two letters of recommendation (academic or professional). Official GRE/GMAT scores (optional, but encouraged for applicants with a GPA below 3.0). English proficiency (for international applicants).",,,True,True,True,False,False,False,,True,False,False,False,True,True,False,False,False,,,,College of Professional Studies,"22,500/Year","22,500/Year",,,,,,,,,"https://www.google.com/search?q=time+in+Washington,+DC,+US",,,"$1,000 per credit",,False,2.0,4.0,3.0,,,,,,,,,,,,,,,,,,False,False,,,120.0,,,,6.5,,,62.0,,79.0,,,,,,,,,,,,,"Dean’s Scholarship, Double Husky Scholarship, Scholarship for Displaced Ukrainians, Federal Financial Aid, Private Loans, Employer Tuition Reimbursement, Military Benefits",,,,,,,
,Master of Science in Project Management,,,,,Graduate,"Fall, Spring, Summer",,,,Required,Required,Not Required,REQUIRED,"Submit a completed online application form, along with a nonrefundable $75 application fee. Upload your statement of purpose. Upload your resume. Upload unofficial transcripts from all institutions attended. If admitted, official transcripts will be required. Provide two letters of recommendation. There is no GRE/GMAT requirement for this program.",,,True,False,True,False,False,False,,True,False,False,False,True,True,False,False,True,,,,College of Professional Studies,"$15,705/Semester","$15,705/Semester",,,,,,,"The Master of Science in Project Management program at Northeastern University is designed to equip professionals with the advanced knowledge and practical skills necessary to lead complex projects across diverse industries. Students will delve into fundamental and advanced principles of project management, including strategic planning, robust execution, meticulous monitoring, and effective control and closing. The curriculum emphasizes critical areas such as agile methodologies, risk assessment and mitigation, stakeholder communication, resource management, and ethical leadership. Through a blend of rigorous academic study, experiential learning opportunities, and real-world case studies, graduates are prepared to navigate project challenges, drive innovation, and deliver successful outcomes in today’s global business environment. The program also aligns with the standards set by the Project Management Institute (PMI), helping to prepare students for the Project Management Professional (PMP) certification exam.",,https://graduate.northeastern.edu/programs/,,,"$1,745 per semester hour",,True,,4.0,3.0,,,,,,,,,,,,,,,,,,False,False,,,120.0,,,,6.5,,,62.0,,79.0,,,,,,,,,,,,,"Merit-Based, Need-Based, Graduate Student",,,,,,,
,Master of Science in Regulatory Affairs,,,,,Graduate,"Fall, Spring, Summer",,,,Required,Required,Not Required,REQUIRED,"Online application, Nonrefundable application fee, Resume/CV, Statement of purpose, Two letters of recommendation (professional or academic), Official transcripts from all institutions attended, Official GRE General Test scores (optional).",Not Required,,True,True,True,True,False,False,,True,False,False,False,True,True,False,False,False,,,,College of Professional Studies,,,,,,,,,"Northeastern University’s Master of Science in Regulatory Affairs prepares students for leadership roles in the regulatory science field. Graduates will learn to manage the regulatory process for products regulated by agencies like the Food and Drug Administration (FDA) and international authorities. Taught by industry experts, the curriculum focuses on quality assurance, clinical research, and regulatory strategy. This program is offered on-campus and online and is available to both full- and part-time students.",,https://graduate.northeastern.edu/programs/,,,,True,True,,4.0,3.0,,,,,,,,,,,,,,,,,,False,False,,,105.0,112.0,,,6.5,,,53.0,,79.0,,,,,,,,,,,,,"Federal Financial Aid, Institutional Financial Aid (Merit-based scholarships, Graduate Assistantships), External Scholarships and Grants",,,,,,,
,Master of Sports Leadership,,,,,Graduate,"Fall, Spring, Summer",,,,Required,Required,Not Required,REQUIRED,"Applicants must have a bachelor’s degree from an accredited institution with an undergraduate GPA of 2.500 or higher. Two years of relevant experience is preferred but not required. Required application materials include: online application, $100 application fee, unofficial transcripts from all institutions attended (official transcripts required upon admission), Statement of Purpose, Resume, Two letters of recommendation, and proof of English proficiency (for international students). Official GRE or GMAT scores are optional.",,,True,True,False,False,False,False,,True,False,False,False,True,True,False,False,False,,,,College of Professional Studies,"$13,000/Year",,,,,,,,"Take your place at the nexus of sports and business with Northeastern’s Master of Sports Leadership, offered by the College of Professional Studies in Boston. You’ll be immersed in the most current issues in sports, including sports law, marketing, finance, and analytics. As you develop the strong leadership skills necessary to succeed in a complex global industry, you’ll also focus on ethical decision-making, social responsibility, and creating an inclusive environment in sports. Our curriculum is designed to give you a broad-based foundation for a career in management, leadership, or operations within a wide range of sports organizations. Taught by faculty with extensive experience in the field, this program includes experiential learning opportunities and the option to complete a cooperative education experience.",,https://cps.northeastern.edu/program/master-of-sports-leadership-boston/,,,$650/credit,,False,1.0,4.0,3.0,,,,,,,,,,,,,,,,,,False,False,,,,,,,6.5,,,62.0,,79.0,,,,,,,,,,,,25%,"Alumni, Service-based, Need-based, Employer-sponsored, Veteran's discount",,,,,,,
,PhD in Bioengineering,,,,,Doctoral,Fall,,,January 15,Required,Required,GRE,REQUIRED,"Admission to the PhD in Bioengineering is highly competitive. Applicants are expected to have an outstanding record of academic achievement.
Admission Requirements:
*   Online application
*   Application fee
*   Submit a current professional resumé or CV.
*   Submit a personal statement outlining your professional goals and how a PhD in Bioengineering from Northeastern will help you achieve them.
*   Official undergraduate and graduate transcripts.
*   Two letters of recommendation.
*   GRE (Graduate Record Examination) General Test required.
*   Official TOEFL or IELTS scores are required for international applicants who did not graduate from a U.S. institution or in a country where English is the primary language.
*   Please visit the College of Engineering for additional information and a list of frequently asked questions regarding the PhD in Bioengineering program.",,,False,False,True,False,True,False,,True,False,False,False,True,True,True,False,False,,,,College of Engineering,"$31,230.00/Semester","$31,230.00/Semester",,,,,,,"The PhD in Bioengineering program at Northeastern University prepares students to become leaders in bioengineering research and development. Students delve into advanced coursework and conduct original research that contributes to the scientific and engineering knowledge base. The program emphasizes interdisciplinary collaboration, innovation, and the application of engineering principles to solve complex problems in biology and medicine. Research opportunities span areas such as biomechanics, biomaterials, tissue engineering, neuroengineering, medical imaging, and computational bioengineering.",,https://graduate.northeastern.edu/programs/,,,"$1,735",,False,,,3.0,,,,,,,,,,,,,,,,,,False,False,,,120.0,,,,7.0,,,68.0,,100.0,,,,,,,,,,,,,"Research Assistantships, Teaching Assistantships",,,,,,,
,PhD in Chemical Engineering,,,,,Doctoral,Fall,,,December 15,Required,Required,GRE,REQUIRED,"All applicants to the PhD in Chemical Engineering program must hold a bachelor’s or master’s degree in chemical engineering or a related engineering or science field from an accredited institution. Applicants must meet the general admission requirements of the College of Engineering.

Required Application Materials:
*   Online application
*   Application fee
*   Statement of purpose
*   Three letters of recommendation
*   Resume
*   Unofficial transcripts from all institutions attended
*   GRE (General Record Examination) scores are optional for the 2024–2025 application cycle. If submitted, competitive applicants typically score in the 80th percentile or above in the quantitative section.
*   Official TOEFL or IELTS scores for international applicants. Minimum scores:
    *   TOEFL iBT: 79 (with a minimum of 20 in writing)
    *   IELTS Academic: 6.5 (with a minimum of 6.0 in writing)
    *   PTE Academic: 53 (with a minimum of 50 in writing)

For additional information, please see the College of Engineering Graduate Admissions.",,,True,True,True,True,True,False,,True,False,False,False,True,True,False,False,False,,,,College of Engineering,"$1,820 per semester hour (pre-candidacy); $3,250 per year (post-candidacy)",,,,,,,,"Northeastern's PhD in chemical engineering emphasizes the development of novel solutions to global challenges within the context of basic sciences and engineering principles. Graduates are prepared for leadership careers in academia, industry, and government laboratories. This research-intensive program requires students to conduct original research that advances the fundamental understanding of chemical engineering processes and culminates in a dissertation. Students will work closely with faculty mentors, contributing to cutting-edge research in areas such as advanced materials, energy systems, biotechnology, environmental engineering, and process design and control. The curriculum includes advanced coursework in transport phenomena, thermodynamics, kinetics, and applied mathematics, alongside opportunities for interdisciplinary collaboration and professional development.",,https://graduate.northeastern.edu/programs/,,,1820,,True,,4.0,3.0,,,,,,,,,,,,,,,,,,False,False,,,105.0,,,,6.5,,,53.0,,79.0,,,,,,,,,,,,,"Merit-based (Graduate Assistantships, Fellowships, Scholarships), Research Assistantships, Teaching Assistantships",,,,,,,
,PhD in Economics,,,,,Doctoral,Fall,,,,Required,Required,GRE,REQUIRED,"Online application, Application fee, Official transcripts, Curriculum vitae (CV) or resume, Statement of purpose, Three letters of recommendation, GRE General Test scores (optional for Fall 2024, Fall 2025, and Fall 2026 applicants), TOEFL, IELTS, or PTE Academic scores (for international applicants)",Optional,,False,True,True,True,True,False,,True,False,False,False,True,True,False,False,False,,,,College of Social Sciences and Humanities,,,,,,,,,"The PhD in Economics at Northeastern University offers rigorous training in economic theory and econometrics, developing highly skilled, independent researchers. Our program offers strengths in both theoretical and applied aspects of microeconomics, macroeconomics, and econometrics. Our faculty conduct research in areas that include applied econometrics, behavioral economics, environmental and resource economics, health economics, industrial organization, international economics, labor economics, macroeconomics, public economics, and urban and regional economics. While the core curriculum is consistent with other top graduate programs in economics, our training is distinguished by an emphasis on empirical analysis and policy-relevant research.",,https://graduate.northeastern.edu/programs/,,,,True,False,,4.0,3.0,,,,,,,,,,,,,,,,,,False,False,,,120.0,112.0,,,7.0,,,68.0,,100.0,,,,,,,,,,,Tuition waivers and stipend support,,"Teaching Assistantship, Merit-based",,,,,,,
,PhD in History,,,,,Doctoral,Fall,,,,Required,Required,GRE,REQUIRED,"Applications for the Ph.D. in History for Fall 2024 are closed. Applications for Fall 2025 will open in early September 2024. All applicants must have a bachelor’s degree in history or a related field. A complete application includes: Online Application, Transcripts, Statement of Purpose, Writing Sample, Letters of Recommendation (3), CV or Résumé.",Required,,True,False,True,False,True,False,,True,False,False,False,True,True,False,False,False,,,,College of Social Sciences and Humanities,,,,,,,,,"The PhD in History program at Northeastern University offers rigorous, individualized training for students interested in pursuing academic careers, digital humanities, public history, and other professions that demand advanced historical research and analysis. Students tailor their work around their own research interests, in consultation with faculty in their areas of specialization. The program cultivates historians whose research and teaching are at the cutting edge of the discipline. Graduates of the program are prepared to contribute to current conversations across the academy and to engage publics beyond it. PhD students in History typically complete coursework in their first three years and dedicate themselves to research and writing for the remaining two years. The program consists of 60 semester hours of credit, including 10 courses beyond the master’s degree, plus teaching and independent research. Coursework includes a range of seminars, methods courses, and directed studies. After successfully completing comprehensive exams, students propose and then write a dissertation. All PhD students are expected to teach for at least four semesters as part of their training, typically as a teaching assistant for an introductory survey course or a research methods course. They are also expected to participate in the department’s many ongoing research and professional development workshops.",,https://graduate.northeastern.edu/programs/,,,,,False,2.0,,3.0,,,,,,,,,,,,,,,,,,False,False,,,120.0,,,,6.5,,,62.0,,80.0,,,,,,,,,,,,100%,"Full tuition waiver, annual stipend, health insurance",,,,,,,
,PhD in Industrial Engineering,,,,,Doctoral,"Fall, Spring",,,February 15 (for Fall admission),,,,,,,,True,False,False,False,False,False,,False,False,False,False,False,False,False,False,False,,,,College of Engineering,,,,,,,,"Operations Research, Manufacturing and Production Systems, Human Factors and Ergonomics, Supply Chain Management, Healthcare Systems Engineering, Data Analytics and Machine Learning","Welcome to the PhD Program in Industrial Engineering at Northeastern University! Our mission is to develop researchers and educators who can make significant contributions to the field of industrial engineering through innovative research, teaching, and service. This program is designed to provide students with advanced knowledge in industrial engineering principles, methodologies, and applications, as well as to equip them with the skills to conduct original and significant research. The IE PhD Program Goals are: To provide students with a solid foundation in industrial engineering and related fields through advanced coursework. To equip students with the skills to conduct original and significant research that advances the state-of-the-art in industrial engineering. To prepare students for careers in academia, industry, and government, where they can contribute to the development and application of industrial engineering principles.",,https://coe.northeastern.edu/wp-content/uploads/pdfs/coe/gse/registration/ie-phd-welcome.pdf,,,"$1,840 per credit hour",,True,,4.0,3.0,,,,,,,,,,,,,,,,,,False,False,,,,,,,,,,,,,,,,,,,,,,,,100% (with assistantship/tuition waiver),"Research Assistantships, Teaching Assistantships, Fellowships, Scholarships",,,,,,,
,PhD in Marine and Environmental Sciences,,,,,Doctoral,Fall,,,December 1,Required,Required,Optional,REQUIRED,"We seek talented and highly motivated candidates with a strong academic background, particularly in the sciences, and research interests that align with those of our faculty. Strong applicants for this PhD program will demonstrate a record of prior research experience, such as undergraduate research, field or laboratory internships, or work as a research assistant. A master's degree in marine or environmental sciences is not required. Applicants are encouraged to identify a prospective research advisor among our faculty and indicate that faculty member in their application. All applicants are required to submit an online application and the following supporting documents: Statement of Purpose, Three Letters of Recommendation, Resume, Official Transcripts, English Language Proficiency (for international applicants), and Application Fee.",Not Required,,True,False,True,False,False,False,,True,False,False,False,True,True,False,False,False,,,,College of Science,,,,,,,,"Marine Biology, Environmental Science and Policy","Northeastern’s Doctor of Philosophy (PhD) in Marine and Environmental Sciences is an interdisciplinary program that prepares students for research and teaching careers in academia, government, and industry. Our faculty’s expertise spans a range of fields, including: marine biology, ecology, oceanography, environmental science, conservation, environmental policy, and environmental health. Our researchers work locally and globally to understand and address pressing challenges, such as: climate change impacts on coastal ecosystems, sustainable fisheries management, conservation of endangered species, coastal ecosystem restoration, pollution in the marine environment, and the human health effects of environmental contaminants.",,https://graduate.northeastern.edu/programs/,,,"$1,735/credit",,True,,4.0,3.0,,,,,,,,,,,,,,,,,,False,False,,,120.0,,,,7.0,,,68.0,,100.0,,,,,,,,,,,,100% (for tuition),"Research Assistantships (RAs), Teaching Assistantships (TAs)",,,,,,,
,PhD in Network Science,,,,,Doctoral,Fall,,,December 15,Required,Required,Not Required,REQUIRED,"Online Application. Application Fee. Resume/CV (required). Statement of Purpose. Letters of Recommendation (3 required). Transcripts from all institutions attended. Standardized Tests: GRE not required. English Proficiency: Official TOEFL, IELTS, Duolingo, or PTE scores are required for international applicants who do not hold a degree from a U.S. institution or from an institution in a country where English is the official language. Minimum scores required for Network Science graduate programs: TOEFL (iBT) 100, IELTS 7.5, Duolingo 120, PTE 68.",Not Required,,True,False,True,False,False,False,,True,False,False,False,True,True,False,False,False,,,,College of Social Sciences and Humanities and Khoury College of Computer Sciences,,,,,,,,,"Network Science is a rapidly growing interdisciplinary field that offers a comprehensive framework to study complex systems from a systems-level perspective. The field brings together elements from computer science, physics, sociology, and biology to analyze and model the structure and dynamics of interconnected systems. From social networks to biological networks and the internet, understanding these complex systems is crucial for addressing contemporary challenges across diverse domains, including technology, health, and society. The PhD in Network Science at Northeastern University provides students with a multidisciplinary education at the forefront of this emerging field. Our program is designed to equip students with the theoretical foundations, computational skills, and interdisciplinary perspective necessary to conduct cutting-edge research and become leaders in academia, industry, and government. Through rigorous coursework, hands-on research opportunities, and collaborations with world-renowned faculty, students will develop a deep understanding of network theory, data analysis techniques, and computational modeling. Graduates will be prepared to tackle complex real-world problems, contribute to theoretical advancements, and drive innovation in various fields where interconnected systems play a critical role.",,https://graduate.northeastern.edu/programs/,,,,,True,2.0,4.0,3.3,,,,,,,,,,,,,,,,,,False,False,,,105.0,,,,6.5,,,53.0,,79.0,,,,,,,,,,,,100% of tuition,"Teaching assistantships, Research assistantships, Internal fellowships, External awards",,,,,,,
,PhD in Personal Health Informatics,,,,,Doctoral,"Fall, Spring, Summer",,September 2025,"February 15, 2026",Required,Required,Optional,REQUIRED,"Online application, Application fee, Official college transcripts, Statement of purpose, Two letters of recommendation, Upload a professional resumé or CV, GRE General Test (Strong applicants for the PhD in Personal Health Informatics generally have strong GRE General Test scores, with particular strength in the analytical and quantitative sections), English proficiency (for international students), Financial documentation (for international students).",Not Required,,False,False,True,False,False,False,,True,False,False,False,True,True,True,False,False,,,,Khoury College of Computer Sciences,,"$27,072/Semester",,,,,,,"The PhD in Personal Health Informatics prepares students to conduct independent, interdisciplinary research at the intersection of health sciences, social sciences, and information sciences. Students develop a strong foundation in personal health informatics, including data acquisition, processing, analytics, and applications. They engage in cutting-edge research in a variety of areas, such as designing and evaluating mobile health interventions, developing intelligent systems for health behavior change, and analyzing large-scale health data for personalized recommendations. The program emphasizes a blend of theoretical knowledge and practical skills, preparing graduates for leadership roles in academia, research institutions, and industry.",,https://graduate.northeastern.edu/programs/,,,"$3,384/credit",True,True,1.0,4.0,3.0,,,,,,,,,,,,,,,,,,False,False,,,120.0,,,,7.5,,,68.0,,100.0,,,,,,,,,,,Full tuition remission and a stipend,100% of tuition for most full-time doctoral students,"Scholarships, Assistantships, Fellowships",,,,,,,
,PhD in Chemistry,,,,,Doctoral,"Fall, Spring",,,,Not Required,Required,Not Required,REQUIRED,"Admission to the PhD in Chemistry program is based on the quality of a student’s academic record, letters of recommendation, statement of purpose, and GRE scores (general test). International students whose native language is not English are also required to submit TOEFL or IELTS scores. A master’s degree is not a prerequisite for admission to the PhD program. However, a master’s degree may be earned en route to the PhD.",Not Required,,False,False,True,False,False,False,,True,False,False,False,True,True,True,False,False,,,,College of Science,34200,34200,,,,,,,"The Doctor of Philosophy in Chemistry program at Northeastern University offers advanced study and research in various areas of chemistry. Students engage in rigorous coursework and cutting-edge research under the guidance of faculty mentors, leading to the completion of a dissertation. The program prepares graduates for careers in academia, industry, and government, with a strong foundation in chemical principles and experimental techniques. Areas of research include, but are not limited to, analytical, biological, inorganic, organic, physical, and theoretical chemistry, as well as chemical biology and materials chemistry. Students are expected to develop strong critical thinking, problem-solving, and communication skills throughout their studies.",,https://catalog.northeastern.edu/graduate/science/chemistry-chemical-biology/chemistry-phd/chemistry-phd.pdf,,,1900,,True,,4.0,3.0,,,,,,,,,,,,,,,,,,False,False,,,120.0,,,,6.5,,,62.0,,79.0,,,,,,,,,,,,100% of tuition,"Graduate Assistantships, Research Assistantships, Teaching Assistantships, Administrative Assistantships, Fellowships",,,,,,,
,PhD in Civil and Environmental Engineering,,,,,Doctoral,"Fall, Spring",,,,Required,Required,Optional,REQUIRED,"Required application materials include:
*   Online application
*   Application fee
*   Unofficial transcripts from all institutions attended
*   Statement of Purpose (500–1,000 words)
*   Two letters of recommendation
*   Resume or CV
*   GRE (optional)
*   Official TOEFL or IELTS scores for international applicants",,,True,True,True,True,False,False,,True,False,False,False,True,True,False,False,False,,,,College of Engineering,26000/Semester,26000/Semester,,,,,,,"The Doctor of Philosophy (PhD) in Civil and Environmental Engineering is designed for students seeking to conduct original research and advance knowledge in a specialized area of civil and environmental engineering. The PhD program offers a broad range of research opportunities within the various areas of specialization, including construction management, environmental engineering, geotechnical engineering, structural engineering, transportation engineering, and water resources engineering. Faculty expertise and state-of-the-art research facilities support a wide range of analytical, experimental, and computational studies related to resilient infrastructure, smart cities, sustainable systems, and human health. The PhD program prepares graduates for careers in academia, industry, and government research.",,https://graduate.northeastern.edu/programs/,,,1730,,True,,4.0,3.0,,,,,,,,,,,,,,,,,,False,False,,,105.0,,,,6.5,,,53.0,,79.0,,,,,,,,,,,"Full financial support (stipend, tuition waiver, and health insurance)",100% for tuition (implied by tuition waiver),"Stipend, Tuition Waiver, Health Insurance (as part of full financial support package)",,,,,,,
,PhD in Computer Engineering,,,,,Doctoral,Fall,,,,Required,Required,Optional,REQUIRED,"A completed online application form. A bachelor’s degree in computer engineering or a related field with a cumulative GPA of 3.000 or higher from an accredited institution. Transcripts from all colleges and universities attended. Three letters of recommendation. A statement of purpose. A current resumé. Official Graduate Record Examination (GRE) scores. Official TOEFL, IELTS, or PTE scores for international applicants. An application fee.",,,False,False,True,True,False,False,,True,False,False,False,True,True,False,False,True,,,,College of Engineering,,,,,,,,,"As one of the fastest growing fields in the country, Computer Engineering prepares students for careers in the high-tech industry as well as research and development. In the PhD in Computer Engineering program, students conduct original research in advanced computer engineering topics and gain specialized training to become leaders in industry and academia. The program emphasizes a balance between hardware and software, and theory and practice, encompassing subjects such as VLSI, embedded systems, computer architecture, computer networks, distributed systems, information assurance, bioinformatics, and machine learning.",,https://graduate.northeastern.edu/programs/,,,,True,True,,,3.0,,,,,,,,,,,,,,,,,,False,False,,,105.0,112.0,,,6.5,,,53.0,,79.0,,,,,,,,,,,,100% (for tuition waiver for funded PhD students),"Research Assistantships, Teaching Assistantships, Fellowships",,,,,,,
,PhD in Computer Science,,,,,Doctoral,Fall,,,,Required,Required,Not Required,REQUIRED,"A current resume or curriculum vitae
A statement of purpose
Three letters of recommendation
Transcripts from all colleges and universities attended
TOEFL, IELTS, or PTE scores (if applicable)
GRE scores (optional)
An application fee",Not Required,,True,True,True,False,False,False,,True,False,False,False,True,True,False,False,False,,,,Khoury College of Computer Sciences,,,,,,,,,"The PhD in Computer Science program at Northeastern University prepares students for careers in research and education. Our faculty are at the forefront of the field, leading research in areas such as artificial intelligence, data science, cybersecurity, and human-computer interaction. As a PhD student, you will work closely with a faculty advisor to conduct original research, publish your findings in top-tier venues, and contribute to the advancement of computer science.",,https://www.khoury.northeastern.edu/phd-programs/,,,,True,True,,4.0,3.0,,,,,,,,,,,,,,,,,,False,False,,,120.0,,,,6.5,,,62.0,,80.0,,,,,,,,,,,,100%,"Teaching Assistantship, Research Assistantship, Tuition Waiver, Stipend",,,,,,,
,PhD in Counseling Psychology,,,,,Doctoral,Fall,,"September 1, 2025","December 1, 2025",Required,Required,GRE,REQUIRED,"Online Application: Complete the Northeastern University online application, selecting the College of Health Sciences as your college, and the Counseling Psychology PhD as your program. Resume/Curriculum Vitae: Submit an up-to-date resume or CV that highlights your academic and professional experiences. Statement of Purpose: Submit an essay (1,000 words maximum) describing your academic background, any research, volunteer, or work experiences related to the program, and your academic and professional goals. Be sure to outline your reasons for wanting to pursue doctoral training in Counseling Psychology and why Northeastern’s program is a good fit for you. Letters of Recommendation: Submit three letters of recommendation. Letters should be from individuals who can speak to your academic and professional abilities, especially your potential for success in a doctoral program. At least two letters should be from academic faculty members. Academic Transcripts: Provide unofficial transcripts from all colleges and universities you have attended. Official transcripts will be required upon admission. Graduate Record Examination (GRE): The GRE General Test is optional. If you choose to submit scores, they must be from an exam taken within the last five years. Northeastern University’s institutional code is 3667. English Language Proficiency: Applicants whose native language is not English are required to submit proof of English proficiency. This can be demonstrated by one of the following: A bachelor’s degree from an accredited institution in the United States or a country where English is the official language. Test of English as a Foreign Language (TOEFL) scores. Minimum score requirements are 100 (Internet-based) or 600 (paper-based). International English Language Testing System (IELTS) scores. Minimum score requirement is 7.5. PTE Academic (Pearson Test of English Academic) scores. Minimum score requirement is 68. Writing Sample: A writing sample is required. This can be a research paper, a thesis chapter, or a published article.",Required,,True,True,True,True,True,False,,True,False,False,False,True,True,True,False,False,,,,Bouvé College of Health Sciences,,,,,,,,,"With a focus on social justice and health equity, the PhD in Counseling Psychology program at Northeastern University’s Bouvé College of Health Sciences trains graduate students to become counseling psychologists who are highly skilled in clinical practice, research, advocacy, and teaching. Our program, located in Boston, Massachusetts, prepares graduates for a variety of roles within academia and healthcare settings. The PhD in Counseling Psychology program is a full-time, in-person doctoral program that includes a minimum of four years of academic coursework, clinical practicum, research, and a 1-year full-time internship. Students typically take five to six years to complete the program. Graduates of our program are eligible for licensure as psychologists in most states and are well-prepared for careers in university teaching, research, and administration; community mental health centers; medical centers; private practice; and other health service psychology settings. Upon completion of this program, you’ll be prepared to: Provide multiculturally competent and evidence-based clinical services, including assessment, diagnosis, and intervention; Conduct scholarly research in areas aligned with the program’s social justice and health equity focus, including publishing in peer-reviewed journals and presenting at professional conferences; Advocate for marginalized communities and promote systemic change through social justice initiatives; Teach and supervise future generations of counseling psychologists; Engage in lifelong learning and professional development.",,https://bouve.northeastern.edu/programs/counseling-psychology-phd/,The PhD in Counseling Psychology program is accredited by the Commission on Accreditation of the American Psychological Association (APA).,,,,False,,,3.5,,,,,,,,,,,,,,,,,,False,False,,,120.0,,,"50th percentile in verbal and quantitative, 4.0 or higher in analytical writing",6.5,,,62.0,,,,,,,,,,,,,,,Tuition Scholarship,,,,,,,
,PhD in Criminology and Justice Policy,,,,,Doctoral,Fall,,,,Required,Required,GRE,REQUIRED,"To be eligible for admission to the PhD in Criminology and Justice Policy program, applicants must hold a bachelor’s degree from an accredited institution. Strong applicants typically hold a master’s degree in criminology, criminal justice, or a related social science field, though this is not a strict requirement. Upload the following documents to your application: Current resume or curriculum vitae; A statement of purpose outlining your academic and professional goals, how a PhD in Criminology and Justice Policy will help you achieve them, and how your prior academic and professional experiences have prepared you for doctoral study. Please indicate any faculty members in the School of Criminology and Criminal Justice with whom you would like to work and why; Official transcripts from all institutions attended; Three letters of recommendation; A writing sample; Test scores (optional).",Required,,True,True,True,True,True,False,,True,False,False,False,True,True,False,False,False,,,,College of Social Sciences and Humanities,"$29,916/Semester","$29,916/Semester",,,,,,,"The PhD program in Criminology and Justice Policy offers students the opportunity to learn from leading scholars who are committed to both rigorous academic research and policy-relevant scholarship. The program’s unique approach emphasizes the interdisciplinary nature of criminology and justice studies, and its strong connection to urban issues, human behavior, and the processes of social and institutional change. This research-intensive program provides students with the methodological, analytical, and theoretical skills to develop independent, impactful scholarship in the field. Students will acquire the analytical and methodological expertise necessary to engage in high-impact scholarship on crime and justice, and will develop their skills as researchers and teachers to ultimately become future leaders in the field, whether in academia, government, or policy-related positions.",,https://graduate.northeastern.edu/programs/,,,"$1,662/semester hour",,False,2.0,4.0,3.0,,,,,,,,,,,,,,,,,,False,False,,,105.0,112.0,,,6.5,,,53.0,,79.0,,,,,,,,,,,"Full tuition ($29,916/semester) plus competitive living stipend and health insurance",100% (for tuition),"Research Assistantships, Teaching Assistantships, Fellowships",,,,,,,
,PhD in Cybersecurity,,,,,Doctoral,,,,,,,,,,,,False,False,False,False,False,False,,False,False,False,False,False,False,False,False,False,,,,,,,,,,,,,,,https://computing.nova.edu/degrees/doctoral/cybersecurity-management.html,,,,False,False,,,,,,,,,,,,,,,,,,,,,False,False,,,,,,,,,,,,,,,,,,,,,,,,,,,,,,,,
,PhD in Pharmaceutics and Drug Delivery,,,,,Doctoral,Fall,,,"December 15, 2025",Required,Required,GRE,REQUIRED,"General requirements for admission to all graduate programs at Northeastern University include: Online graduate application, application fee, unofficial transcripts from all institutions attended (official transcripts required upon matriculation), statement of purpose, three letters of recommendation, resume/CV, English proficiency (for international students).",Not Required,,True,False,False,False,True,False,,True,False,False,False,True,True,True,False,False,,,,Bouvé College of Health Sciences,"$29,050/Semester","$29,050/Semester",,,,,,,"The PhD in Pharmaceutics and Drug Delivery program aims to provide students with a solid foundation in the fundamental principles of pharmaceutics and drug delivery, as well as the opportunity to conduct cutting-edge research in these areas. The program prepares graduates for careers in academia, the pharmaceutical and biotechnology industries, and government. Students will gain expertise in various aspects of drug development, including drug formulation, pharmacokinetics, biopharmaceutics, and drug delivery systems. The curriculum emphasizes both theoretical knowledge and practical skills, enabling students to design, execute, and interpret experiments related to drug discovery and development. Graduates will be equipped to address complex challenges in drug delivery and contribute to the advancement of pharmaceutical sciences.",,https://catalog.northeastern.edu/graduate/health-sciences/pharmacy/pharmaceutics-drug-delivery-phd/,,,"$1,745/credit hour",,True,,4.0,3.0,,,,,,,,,,,,,,,,,,False,False,,,,,,,6.5,,,62.0,,79.0,,,,,,,,,,,,More than 75% receive full tuition waiver and stipend,"Teaching Assistantships, Research Assistantships, Fellowships",,,,,,,
,PhD in Pharmacology,,,,,Doctoral,Fall,,,,Required,Required,Not Required,REQUIRED,"Thank you for your interest in the PhD in Pharmacology program. The following is a checklist of all materials that must be submitted to be considered for admission to the program: Online Application: Complete and submit the online application. Transcripts: Official transcripts from all post-secondary institutions attended. Letters of Recommendation: Three letters of recommendation. Resume/CV: A current resume or curriculum vitae (CV). Statement of Purpose: A personal statement or statement of purpose. GRE General Test Scores: Official scores from the Graduate Record Examination (GRE) General Test are recommended but not required. TOEFL/IELTS Scores: For international applicants, official TOEFL or IELTS scores are required. Application Fee: Pay the non-refundable application fee.",,,True,True,True,False,False,False,,True,False,False,False,True,True,True,False,False,,,,Bouvé College of Health Sciences,,"Tuition is typically covered by a funding package for admitted PhD candidates, which includes a stipend and health benefits.",,,,,,,"The PhD in Pharmacology program at Northeastern University’s Bouvé College of Health Sciences offers a strong foundation in contemporary biomedical sciences. Our faculty conducts cutting-edge research in drug discovery and development, cancer biology, neuropharmacology, molecular and biochemical pharmacology, cardiovascular pharmacology, and immunology. Students in our program gain expertise in a broad range of scientific areas and acquire knowledge and skills to lead a successful career in academia, pharmaceutical industries, or government agencies. Students learn how to design and conduct hypothesis-driven research, critically evaluate scientific literature, and effectively communicate their research findings to a diverse audience.",,https://bouve.northeastern.edu/programs/pharmacology-phd/,,,,,True,2.0,4.0,3.0,,,,,,,,,,,,,,,,,,False,False,,,120.0,,,,6.5,,,53.0,,79.0,,,,,,,,,,,,,"Funding package (includes stipend, tuition, and health benefits)",,,,,,,
,PhD in Physics,,,,,Doctoral,Fall,,,,Required,Required,GRE,REQUIRED,"Required application materials include: Online Application, Application Fee, Transcripts, Three Letters of Recommendation, Statement of Purpose, Resume/CV, GRE General Test (Not required for Fall 2024 and Spring 2025; recommended for international students), TOEFL or IELTS (For international applicants), Financial Documentation (For international applicants).",,,True,True,True,False,True,False,,True,False,False,False,True,True,True,False,False,,,,College of Science,,,,,,,,,"Northeastern’s PhD in Physics program emphasizes experimental, theoretical, and computational research across a broad spectrum of physics. Students explore the core topics of classical mechanics, electromagnetism, quantum mechanics, and statistical mechanics. With faculty committed to both outstanding instruction and cutting-edge research, doctoral students are prepared to conduct independent research, write and defend a thesis, and become leaders in their fields. Students also have access to state-of-the-art facilities and equipment, including a particle accelerator, high-performance computing clusters, and a materials characterization lab.",,https://graduate.northeastern.edu/programs/,,,"$1,914",,True,,4.0,3.0,,,,,,,,,,,,,,,,,,False,False,,,120.0,,,,6.5,,,53.0,,80.0,,,,,,,,,,,,,"Merit-based, Research Assistantship, Teaching Assistantship",,,,,,,
,PhD in Political Science,,,,,Doctoral,Fall,,,,Required,Required,Optional,REQUIRED,"Online Application: Submit your application online.
Transcripts: Unofficial transcripts are required for application review. We require transcripts from all institutions where you received a degree and from any institution where you have completed post-baccalaureate coursework.
Resume/CV: A resume or CV is required.
Statement of Purpose: A statement of purpose (approximately 1–2 pages in length) explaining your academic background, your research interests, and your reasons for wishing to pursue graduate study in political science. Please also discuss how your academic and research interests align with those of specific faculty members in the department.
Letters of Recommendation: Three letters of recommendation are required from faculty members who are familiar with your academic work and intellectual abilities.
Writing Sample: A writing sample (20–30 pages in length) from a research paper or term paper previously written for an academic course.
GRE General Test: The GRE General Test is optional for all applicants to the PhD in Political Science program.
English Language Proficiency: Applicants whose native language is not English are required to demonstrate English proficiency.
Application Fee: An application fee is required. The nonrefundable application fee for graduate certificate, master’s, and PhD programs is $75.",Required,,False,True,True,False,False,False,,True,False,False,False,True,True,False,False,False,,,,College of Social Sciences and Humanities,27000,"$27,000/Semester",,,,,,,"Northeastern’s PhD in Political Science offers an innovative, rigorous, interdisciplinary approach to the study of politics and public policy. Our program leverages the university’s strengths in urban and public policy, global studies, security studies, law, and data science, with a distinctive focus on preparing students for careers as both academics and policy-oriented researchers. The curriculum provides students with a strong foundation in theory and methods while also allowing them to tailor their research to specific interests. Our faculty members work at the frontiers of their fields, producing cutting-edge research and engaging in public discourse. With this foundation, students pursue a rigorous course of study to become experts in their fields, contribute to scholarly and public debates, and conduct independent research.",,https://graduate.northeastern.edu/programs/,,,"$1,750/semester hour",,False,,,3.0,,,,,,,,,,,,,,,,,,False,False,,,120.0,,,,7.0,,,68.0,,100.0,,,,,,,,,,,,,"Teaching Assistantships, Research Assistantships",,,,,,,
,PhD in Population Health,,,,,Doctoral,Fall,,,,Required,Required,Optional,REQUIRED,"Qualifications: Candidates should hold an MS/MPH in environmental health, epidemiology, data science, environmental science, toxicology, or a related field; or a BS in a related field with strong quantitative experience and research interest in environmental health. Highly motivated students with strong critical thinking, writing, and communication skills are particularly encouraged to apply. Knowledge of a statistical software (e.g., R, SAS, STATA) is desired.",Not Required,,True,False,True,True,False,False,,True,False,False,False,True,True,False,False,False,,,,College of Science,0,0,,,,,,,,,https://pfascentral.org/events/job-notice-of-recruitment-for-population-health-phd-applicants-in-environmental-health-at-northeastern-university,,,1805,False,False,2.0,4.0,3.0,,,,,,,,,,,,,,,,,,False,False,,,105.0,,,,6.5,,,53.0,,79.0,,,,,,,,,,,,100,"Assistantship (Teaching Assistant, Research Assistant), Tuition Waiver",,,,,,,
,PhD in Psychology,,,,,Doctoral,Fall,,August 2025,"December 1, 2025",Required,Required,Not Required,REQUIRED,"Candidates for the PhD program in psychology must hold a bachelor’s degree from an accredited college or university. All application materials, except official transcripts, must be submitted electronically. Applications for the PhD program are due December 1 for fall admission. All applicants are required to submit the following: Graduate Record Examination (GRE) scores. Official transcripts of all undergraduate and graduate work Three letters of recommendation A statement of purpose A curriculum vitae (CV) A writing sample Applicants whose native language is not English must demonstrate English proficiency unless they have received a bachelor’s degree or higher from an accredited institution where English is the primary language of instruction. Refer to the Office of Global Services website for more information regarding English proficiency requirements.",Required,,False,False,True,False,False,False,,True,False,False,False,True,True,True,False,False,,,,College of Science,"$28,710/Semester","$28,710/Semester",,,,,,,"Northeastern University offers a PhD in Psychology, with research training in five focus areas: behavioral neuroscience, clinical psychology, cognitive psychology, developmental psychology, or social psychology. The PhD program offers a broad-based education in psychological science and prepares students for research and teaching positions in academia and for research and applied positions in industry and government. Doctoral students conduct research in collaboration with faculty in one of five focus areas: behavioral neuroscience, clinical psychology, cognitive psychology, developmental psychology, or social psychology. The department has a commitment to an inclusive academic environment and welcomes a diverse community of scholars to its PhD program. For students in the clinical psychology program, successful completion of the PhD degree is a prerequisite for entry into the clinical internship. The clinical psychology program is accredited by the American Psychological Association (APA). Upon completion of the PhD program in Psychology, students will be able to: Demonstrate knowledge of the current scientific literature in their chosen areas of specialization as well as the broader field of psychology. Formulate testable hypotheses and research questions and design appropriate studies to address them. Collect, analyze, and interpret data using appropriate statistical and methodological techniques. Communicate research findings effectively in both oral and written formats to scientific and general audiences. Adhere to ethical principles in the conduct of psychological research and professional practice. Apply psychological theories and research findings to real-world problems and contribute to the advancement of psychological science.",,https://catalog.northeastern.edu/graduate/science/psychology/psychology-phd/,The clinical psychology program is accredited by the American Psychological Association (APA).,,"$1,914 per semester credit hour",False,False,,4.0,3.0,,,,,,,,,,,,,,,,,,False,False,,,120.0,,,,6.5,,,62.0,,79.0,,,,,,,,,,,,100% of tuition,"Tuition waiver, Teaching Assistantship, Research Assistantship, Fellowships",,,,,,,
,PhD in Public Policy,,,,,Doctoral,Fall,,,,Required,Required,GRE,REQUIRED,"A completed online application form and an application fee are required. In addition, the following documents are required:
Official transcripts from all institutions attended.
Current résumé or curriculum vitae.
A statement of purpose of about 1,000 words. Describe your academic and professional goals, how the PhD program in Public Policy relates to your previous education and experience, and how the program will help you achieve your goals.
Three letters of recommendation. At least two letters should be from faculty members who know your academic work well.
Official Graduate Record Examination (GRE) scores. The GRE may be waived for applicants who have completed a master’s degree with a minimum 3.5 GPA. Test scores must be from within the last five years.
Official TOEFL or IELTS scores for international applicants whose native language is not English. If you have earned a bachelor’s or master’s degree from an accredited U.S. institution, the TOEFL/IELTS is not required. Test scores must be from within the last two years.",Not Required,,False,True,True,False,True,False,,True,False,False,False,True,True,False,False,False,,,,College of Social Sciences and Humanities,,"$1,970/semester hour",,,,,,,"The Doctor of Philosophy in Public Policy at Northeastern University prepares students to become leading researchers and scholars who will advance the public good through careers in academia, government, and the non-profit sector.
Graduates of the program conduct high-quality research that can inform public policy decisions at the local, state, federal, and global levels. You will gain a deep understanding of current policy debates and the policymaking process, advanced skills in policy analysis and research methods, and a strong foundation in policy theory.
The PhD program in Public Policy is based in Northeastern’s College of Professional Studies and draws upon the strength of the university’s interdisciplinary faculty, with expertise in public policy, political science, economics, data science, law, and urban affairs. The program emphasizes a blend of theoretical understanding and practical application, ensuring that graduates are well-equipped to address complex policy challenges.",,https://graduate.northeastern.edu/programs/,,,"$1,970/semester hour",,False,,4.0,3.0,,,,,,,,,,,,,,,,,,False,False,,,120.0,,,,7.5,,,68.0,,100.0,,,,,,,,,,,"$137,900 (full tuition waiver for 70 semester hours)",100%,"University Funding (Full Tuition Waiver, Competitive Stipend, Health Insurance)",,,,,,,
,Graduate Certificate in Experiential PhD Leadership,,,,,Doctoral,"Fall, Spring, Summer",,,,,,Not Required,NOT REQUIRED,"Admission to the Graduate Certificate in Experiential PhD Leadership is open to PhD students in good standing from Northeastern University, who have completed their coursework and comprehensive exams, and are ready to advance to candidacy. Prospective students may apply through the Experiential PhD Leadership team or their PhD program director. Admission decisions are made on a rolling basis.",,,True,False,False,False,False,False,,False,False,False,False,False,False,False,True,False,,,,College of Professional Studies,,"$11,880/Program",,,,,,,"The Experiential AI Leadership graduate certificate, formerly called the Experiential PhD Leadership graduate certificate, is designed for current PhD students at Northeastern University and early career researchers in academia and industry to explore foundational concepts in data science, machine learning, and artificial intelligence, and how to apply these concepts in an interdisciplinary context with an emphasis on ethics, privacy, and trustworthy AI. The curriculum covers both theoretical understanding and practical applications of AI tools, culminating in an experiential project to provide a hands-on opportunity to apply the learned knowledge. The Experiential AI Leadership graduate certificate helps students and researchers develop leadership skills in guiding interdisciplinary teams and ethical, impactful research in an increasingly data-driven world. The certificate is offered by the College of Computer and Information Science and aligns with the goals of Northeastern’s Experiential PhD program. It is also suitable for students outside the Experiential PhD program who are interested in developing expertise and leadership in AI and data science.",,https://catalog.northeastern.edu/graduate/phdprograms/experiential-phd/,,,$990 per semester hour,,False,,4.0,3.0,,,,,,,,,,,,,,,,,,False,False,,,,,,,,,,,,,,,,,,,,,,,,,"Dean's Scholarships, Northeastern University Double Husky Scholarship, Alumni Scholarship, NU Employee Tuition Remission, Veteran Benefits",,,,,,,
,Graduate Certificate in Global Doctoral Research,,,,,Doctoral,"Fall, Spring, Summer",,,,Required,Required,Not Required,NOT REQUIRED,Admission to the certificate program is open to applicants who hold a bachelor’s degree from an accredited institution. Applicants must meet the general graduate admission requirements of the university. Non-native English speakers must submit proof of English proficiency.,Not Required,,True,False,False,False,False,False,,False,False,False,False,False,False,False,True,False,,,,College of Professional Studies,,15440,,,,,,,"The graduate certificate in Global Doctoral Research prepares doctoral students from any discipline to engage with global dimensions of their research. Recognizing the increasing prevalence of global research in all fields, this certificate provides students with theoretical, methodological, and ethical frameworks that are necessary to conduct impactful, responsible, and ethical global research. The certificate also supports students in developing a broad range of transferable professional skills including cross-cultural communication, intercultural competencies, navigating international research collaborations, and project management. The curriculum is designed to support PhD students across all disciplines to develop these skills through experiential learning opportunities. The certificate is offered by the Graduate School of Education within the College of Professional Studies, and delivered in a hybrid format, with both online and in-person offerings.",,https://catalog.northeastern.edu/graduate/additional-programs/global-doctoral-research-graduate-certificate/global-doctoral-research-graduate-certificate.pdf,,,965 per semester hour,,False,1.0,4.0,3.0,,,,,,,,,,,,,,,,,,False,False,,,,,,,,,,,,,,,,,,,,,,,,,"College-specific, Department-specific, External",,,,,,,
,Graduate Certificate in Postsecondary Teaching,,,,,Graduate-Certificate,"Fall, Spring",,,,Required,Required,Not Required,REQUIRED,"A completed online application form. A professional resume or curriculum vitae (CV). A brief statement of purpose (500–1,000 words) describing your academic and professional goals, how a Northeastern University graduate education will help you meet these goals, and your relevant experience. Two letters of recommendation from professional or academic references. Unofficial transcripts from all colleges and universities attended. Official transcripts will be required upon admission. Proof of English language proficiency for applicants who are not U.S. citizens or permanent residents. Review English Language Proficiency Requirements. Payment of the nonrefundable application fee. Additional requirements for international applicants may apply. Review International Admissions Requirements. Applicants to graduate certificate programs must hold a bachelor’s degree from an accredited institution with a GPA of 2.500 or higher.",Not Required,,True,False,True,False,False,False,,True,False,False,False,True,True,False,False,True,,,,College of Engineering,"$20,808/Program","$20,808/Program",,,,,,,"The Graduate Certificate in Postsecondary Teaching is a 15-semester-hour program for those who want to teach in postsecondary education settings such as community colleges, four-year colleges, and universities. The program is ideal for individuals with a master’s degree or higher in a content area who are interested in developing pedagogical skills. The curriculum includes courses related to understanding postsecondary learners, designing instruction, developing curriculum, assessing learning, and exploring teaching as a profession. This certificate is also appropriate for faculty currently teaching in higher education who wish to enhance their teaching effectiveness.",,https://catalog.northeastern.edu/graduate/additional-programs/professional-studies-dps/,,,"$1,734/credit",True,False,2.0,4.0,3.0,,,,,,,,,,,,,,,,,,False,False,,,105.0,,,,6.5,,,53.0,,79.0,,,,,,,,,,,,,Merit-based,,,,,,,
,Certificate in 3-D Animation,,,,,Graduate-Certificate,"Fall, Spring, Summer",,,,Required,Required,Not Required,REQUIRED,"Applicants to the Certificate in 3-D Animation program should have an undergraduate degree from an accredited institution. Applicants are evaluated based on their academic record, professional experience, and creative work. Application Requirements: Online application, Application fee, A professional resume or CV is required, A statement of purpose is required, Official transcripts for all colleges and universities attended. Transcripts must be submitted from all institutions from which a degree was earned, as well as institutions where coursework was completed. If your degree is in progress at the time of application, an unofficial transcript can be submitted for review. An official transcript will be required if admitted to the program. Portfolio: Submit a portfolio of creative work. We are looking for work that demonstrates an understanding of fundamental artistic principles and creative potential. Your portfolio should include at least ten pieces that showcase your best work. English proficiency: for international students, official scores from one of the following exams are required: IELTS, TOEFL, Duolingo English Test. Letters of recommendation are not required for admission to this program. GRE is not required for admission to this program.",,,True,False,True,False,False,False,,True,False,False,False,True,True,False,False,False,,,,"College of Arts, Media and Design",21060,21060,,,,,,,"The 3D Animation graduate certificate program provides students with the fundamental knowledge and techniques to effectively use 3D modeling and animation software, such as Autodesk Maya, and gain professional experience within the expanding field of animation. You’ll learn how to develop a strong artistic foundation in traditional and current 3D production techniques. This includes modeling, lighting, texturing, rigging, rendering, and compositing, as well as character animation and motion capture. Throughout the program, you’ll build a professional portfolio to showcase your expertise in the animation industry.",,https://graduate.northeastern.edu/programs/,,,"$1,755/credit hour (2023-2024 academic year)",False,False,,4.0,3.0,,,,,,,,,,,,,,,,,,False,False,,,105.0,,,,6.5,,,53.0,,79.0,,,,,,,,,,,,,"Merit-based (for fellowships/assistantships), various external scholarships",,,,,,,
,Master's in Accounting,,,,,Graduate,"Fall, Spring, Summer",,,,Required,Required,Optional,REQUIRED,"Official Transcripts, Resume, Personal Statement, Two Letters of Recommendation, GMAT or GRE (The GMAT/GRE requirement is waived for applicants with a GPA of 3.25 or higher from an undergraduate or graduate degree program, or for applicants with a CPA license or equivalent international credential.), Proof of English Proficiency (for international students), Application Fee ($100)",Not Required,,False,False,True,True,False,False,,True,False,False,False,True,True,True,False,False,,,,D'Amore-McKim School of Business,,,,,,,,,"Accelerate your accounting career with the Northeastern University D’Amore-McKim School of Business Master of Science in Accounting (MS) program. Whether you’re a recent college graduate or a seasoned professional looking to prepare for the CPA exam and pivot into the accounting field, our master’s in accounting program can prepare you with the specialized skills you need for success. You will gain a deep understanding of financial accounting, taxation, auditing, and other essential accounting practices, while developing the data analytics, communication, and leadership skills that are essential in today’s evolving business landscape. In addition, our master’s in accounting program is STEM-designated, providing international students with an extended Optional Practical Training (OPT) period.
This program offers multiple learning options: Full-time or Part-time. In addition, you can pursue the Master of Science in Accounting with a concentration in Analytics or Financial Reporting.",,https://graduate.northeastern.edu/programs/,AACSB International accredited,,,,True,1.0,4.0,3.0,,,,,,,,,,,,,,,,,,False,False,,,120.0,,,,6.5,,,62.0,,79.0,,,,,,,,,,,,approximately 25% of tuition,Merit scholarships,,,,,,,
,Certificate in Accounting and Financial Decision Making,,,,,Graduate-Certificate,"Fall, Spring, Summer",,,,Required,Required,Not Required,REQUIRED,"To apply, please submit:
*   Application for Graduate Admission
*   Application fee
*   Transcripts: Unofficial transcripts can be uploaded to your application for review. Official transcripts will be required upon enrollment.
*   Resume
*   Statement of Purpose: In your statement of purpose, please articulate your interest in the Accounting and Financial Decision Making Graduate Certificate, how it aligns with your career goals, and why you are interested in pursuing this program at Northeastern University.
*   GMAT/GRE is not required.
*   English proficiency: Required for international applicants who did not receive a degree from a U.S. institution or from an institution where English is the language of instruction. Refer to the Graduate English Proficiency Requirements for a complete list of accepted scores and criteria.",Not Required,,True,False,True,False,False,False,,True,False,False,False,True,True,False,False,False,,,,D'Amore-McKim School of Business,,"$21,660/Program",,,,,,,"This 12-semester-hour program is designed for students with an undergraduate business degree or other relevant undergraduate degrees who want to develop or refresh their accounting and financial knowledge and decision-making skills in preparation for entry into or advancement within a variety of business fields or for application to a graduate degree program in business. Students will acquire specialized knowledge in financial accounting, managerial accounting, corporate finance, and financial statement analysis.",,https://catalog.northeastern.edu/graduate/business/certificate-programs/accounting-financial-decision-making-graduate-certificate/accounting-financial-decision-making-graduate-certificate.pdf,,,"1,805",,False,,4.0,3.0,,,,,,,,,,,,,,,,,,False,False,,,105.0,,,,6.5,,,53.0,,79.0,,,,,,,,,,,,,Merit-based,,,,,,,
,Master's in Accounting/MBA,,,,,Graduate,"Fall, Spring",,,,Required,Required,Optional,REQUIRED,"Application (Northeastern application), Official transcripts from all institutions attended, GMAT or GRE (optional), An updated resume, A statement of purpose (500–1,000 words), Two letters of recommendation, English Language Proficiency requirement if applicable, Application fee.",,,False,True,True,True,False,False,,True,False,False,False,True,True,False,False,False,,,,D'Amore-McKim School of Business,"$76,680/Year","$76,680/Year",,,,,,,"The Master’s in Accounting/MBA program at Northeastern University combines the knowledge, skills, and values of the accounting profession with a broad understanding of the functional areas of business. The dual degree combines the Master of Science in Accounting with the Master of Business Administration. Offered through the D’Amore-McKim School of Business, this program is designed for aspiring leaders interested in a wide range of accounting and financial careers in corporations, financial services, public accounting, and non-profit organizations. It prepares graduates for managerial roles and leadership positions in the accounting field, equipping them with both specialized accounting expertise and a comprehensive business perspective. The curriculum delves into advanced accounting principles, financial reporting, auditing, taxation, and business analytics, complemented by core MBA subjects like finance, marketing, operations, and strategy. The program emphasizes experiential learning, including co-op opportunities, allowing students to apply classroom knowledge in real-world settings and build professional networks. Graduates are well-prepared for careers in public accounting, corporate finance, consulting, and other business sectors, with a strong foundation for professional certifications such as the CPA (Certified Public Accountant) exam.",,https://graduate.northeastern.edu/programs/,,,"$1,805 - $1,920 per credit hour",True,True,2.0,4.0,3.0,,,,,,,,,,,,,,,,,,False,False,,,105.0,112.0,,,6.5,,,53.0,,79.0,,,,,,,,,,,,,"Merit-based, Dean's Scholarships",,,,,,,
,Master's in Adult-Gerontology Acute Care Nursing,,,,,Graduate,"Fall, Spring",,,,Required,Required,Not Required,REQUIRED,"In addition to the minimum admissions requirements, applicants to the Adult-Gerontology Acute Care Nurse Practitioner program must submit the following: Current RN licensure, Minimum of one year of experience in an acute care setting, BSN from a CCNE or ACEN accredited institution with a minimum GPA of 3.0, Three letters of recommendation (one academic, one employer, and one clinical supervisor), Statement of purpose, Official transcripts from all post-secondary institutions, Resume/CV, GRE not required, International applicants: additional requirements.",Not Required,,True,False,True,False,False,False,,True,False,False,False,True,True,True,False,False,,,,Bouvé College of Health Sciences,"$26,175/Year","$26,175/Year",,,,,,,"The Master of Science in Nursing (MSN) Adult-Gerontology Acute Care Nurse Practitioner (AG-ACNP) program is designed for registered nurses who want to advance their careers and become board-certified Adult-Gerontology Acute Care Nurse Practitioners. The program prepares students to provide advanced nursing care to patients with complex acute and chronic health conditions across the adult-gerontology lifespan. As an AG-ACNP, you will specialize in providing direct care to acutely and critically ill adults and older adults in various settings, including hospitals, intensive care units, emergency departments, specialty clinics, and long-term care facilities. You will collaborate with interprofessional healthcare teams to manage patient care, order and interpret diagnostic tests, prescribe medications, and perform procedures. The curriculum focuses on developing advanced assessment, diagnostic, and therapeutic skills, as well as a strong foundation in evidence-based practice, patient safety, and healthcare policy. Graduates of the AG-ACNP program are eligible to sit for national certification exams offered by the American Nurses Credentialing Center (ANCC) or the American Association of Critical-Care Nurses (AACN). Overall, the AG-ACNP program at Northeastern University provides comprehensive education and clinical training to prepare advanced practice nurses to meet the growing demand for highly skilled healthcare providers in acute and critical care settings.",,https://www.youtube.com/watch?v=O-fF3X4Fops,Accredited by the Commission on Collegiate Nursing Education (CCNE).,,"$1,745/credit",True,False,,4.0,3.0,,,,,,,,,,,,,,,,,,False,False,,,115.0,,,,6.5,,,53.0,,80.0,,,,,,,,,,,,,"Merit-based, Tuition remission (assistantships), Federal Aid, External",,,,,,,
,Certificate in Adult-Gerontology Acute Care Nursing,,,,,Graduate-Certificate,"Fall, Spring",,,,Required,Required,,,"Application Requirements
All applicants to graduate programs at Northeastern University are required to submit the following:
*   A completed online application.
*   A nonrefundable application fee.
*   Unofficial transcripts from all institutions attended. Official transcripts will be required upon admission.
*   A personal statement outlining your career goals and reasons for pursuing the program.
*   Two letters of recommendation from professional or academic contacts.
*   A resume or curriculum vitae (CV) detailing your work experience, education, and any relevant achievements.
*   Proof of English proficiency (for international applicants).

Program-Specific Requirements
In addition to the general application requirements, applicants to the Adult-Gerontology Acute Care Nurse Practitioner (AGACNP) Certificate program must meet the following criteria:
*   Completion of a Master of Science in Nursing (MSN) or Doctor of Nursing Practice (DNP) degree from an accredited institution.
*   Current, unencumbered RN license.
*   A minimum of one year of full-time clinical experience as a registered nurse in an acute care setting within the last three years.",,,True,False,False,False,False,False,,False,False,False,False,False,False,False,False,False,,,,Bouvé College of Health Sciences,"$28,880/Semester","$28,880/Semester",,,,,,,,,https://www.youtube.com/watch?v=O-fF3X4Fops,,,"$1,805/Credit Hour",,False,,4.0,3.0,,,,,,,,,,,,,,,,,,False,False,,,,,,,,,,,,,,,,,,,,,,,,,"Research Assistantships, Teaching Assistantships, Partial Tuition Waivers",,,,,,,
,Certificate in Adult-Gerontology Primary Care Nursing,,,,,Graduate-Certificate,"Fall, Spring, Summer",,,,,,Not Required,REQUIRED,,,,True,False,True,False,False,False,,True,False,False,False,True,True,False,False,False,,,,Bouvé College of Health Sciences,38040,38040,,,,,,,,,https://research.com/advice/admission-requirements-for-adult-gerontology-primary-care-nurse-practitioner-degree-programs,,,1902,False,False,1.0,4.0,3.0,,,,,,,,,,,,,,,,,,False,False,,,120.0,,,,6.5,,,50.0,,79.0,,,,,,,,,,,,,"Merit-Based Scholarships, Graduate Assistantships, Research Assistantships, Teaching Assistantships, External Scholarships and Fellowships, Veterans Benefits",,,,,,,
,Master's in Advanced and Intelligent Manufacturing,,,,,Graduate,"Fall, Spring, Summer",,,,Required,Required,GRE,REQUIRED,"Applicants to the Master of Science in Advanced and Intelligent Manufacturing program must hold a bachelor's degree in engineering or a related discipline from an accredited institution. Required application materials typically include: Online application form, Application fee, Statement of Purpose, Resume/CV, Official Transcripts from all institutions attended, Two letters of recommendation, and English Language Proficiency scores (TOEFL/IELTS) for international applicants (if applicable). For Fall 2024 and beyond, the GRE General Test is optional for all applicants to the MS in Advanced and Intelligent Manufacturing program. Applicants may submit scores if they believe it will strengthen their application.",,,True,True,True,True,True,False,,True,False,False,False,True,True,False,False,False,,,,"College of Engineering, Mechanical and Industrial Engineering",,,,,,,,,"The Master of Science in Advanced and Intelligent Manufacturing (MS AIM) program prepares students to become leaders in the evolving field of manufacturing. The program focuses on equipping students with advanced knowledge and skills in intelligent manufacturing systems, automation, digital twin technology, data analytics, and artificial intelligence applied to manufacturing processes. Graduates will be prepared to design, implement, and manage advanced manufacturing systems, driving innovation and efficiency in various industries.",,https://catalog.northeastern.edu/graduate/engineering/mechanical-industrial/advanced-intelligent-manufacturing-ms/advanced-intelligent-manufacturing-ms.pdf,,,,,True,,,3.0,,,,,,,,,,,,,,,,,,False,False,,,105.0,112.0,,,6.5,,,53.0,,79.0,,,,,,,,,,,,,Merit-based,,,,,,,
,Certificate in Agile Project Management,,,,,Graduate-Certificate,"Fall, Spring, Summer",,,,Required,Required,Not Required,REQUIRED,"Online application, Statement of Purpose, Resume, Unofficial transcripts for all college-level work, Application Fee, Official GRE or GMAT scores are not required for admission to this program.",,,True,False,True,True,False,False,,True,False,False,False,True,True,False,False,False,,,,Khoury College of Computer Sciences,"$27,744/Year",,,,,,,,"The Agile Project Management graduate certificate provides students with the fundamental knowledge and skills needed to manage and lead projects in a fast-paced environment where change is constant. Upon completion of the program, students will have an understanding of Agile principles and methodologies, including Scrum, Kanban, and Lean, as well as the ability to apply these practices to real-world projects. This certificate is ideal for professionals seeking to enhance their project management capabilities, transition into Agile roles, or pursue careers in project management, business analysis, or product ownership.",,https://graduate.northeastern.edu/programs/,,,"$1,734 per credit hour",,False,0.0,4.0,3.0,,,,,,,,,,,,,,,,,,False,False,,,105.0,112.0,,,6.5,,,53.0,,79.0,,,,,,,,,,,,,"Merit-based scholarships, Fellowships, Assistantships, Tuition Waivers",,,,,,,
,Certificate in AI Applications,,,,,Graduate-Certificate,"Fall, Spring, Summer",,,,Required,Required,Not Required,REQUIRED,"Applicants must hold a bachelor's degree from an accredited institution. Strong academic performance and relevant professional experience, particularly in fields related to computer science, data science, or engineering, are highly valued. Applicants should demonstrate a foundational understanding of programming concepts and mathematical aptitude. Required application materials include: online application, application fee, transcripts, resume/CV, and a statement of purpose. Two letters of recommendation are optional. English proficiency is required for international applicants.",Not Required,,True,False,True,False,False,False,,True,False,False,False,True,True,False,False,False,,,,"College of Engineering, Khoury College of Computer Sciences","$28,800/Year","$28,800/Year",,,,,,,"The Certificate in AI Applications at Northeastern University is designed for professionals who want to develop practical skills in artificial intelligence and its applications across various industries. This program provides a strong foundation in AI principles and techniques, focusing on hands-on experience with real-world AI projects. Through hands-on projects, students gain real-world experience and develop skills in areas such as machine learning, natural language processing, computer vision, and deep learning. Students will also learn about the ethical considerations and societal impacts of AI applications, ensuring they are prepared to develop and deploy AI solutions responsibly. The curriculum covers key areas such as machine learning, deep learning, natural language processing, and computer vision. Students will learn how to design, implement, and deploy AI solutions using popular tools and frameworks. The program emphasizes ethical considerations and societal impacts of AI, ensuring graduates are well-rounded professionals capable of developing responsible AI applications.",,https://graduate.northeastern.edu/programs/,,,"$1,800/Credit",True,True,,4.0,3.0,,,,,,,,,,,,,,,,,,False,False,,,115.0,,,,6.5,,,62.0,,79.0,,,,,,,,,,,,,"Merit-based, Assistantships, Federal financial aid",,,,,,,
