Resume,StatementOfPurpose,Requirements,WritingSample,IsAnalyticalNotRequired,IsAnalyticalOptional,IsRecommendationSystemOpted,IsStemProgram,IsACTRequired,IsSATRequired,MinimumACTScore,MinimumSATScore,extraction_level,Program name,Program Page url
Required,Required,"Applicants must have a minimum 3.0 undergraduate grade point average (on a 4.0 scale). The African American Studies Department welcomes applications from students who have a bachelor’s degree from an accredited institution. No specific undergraduate major is required for admission to the master’s degree program, but a strong background in the social sciences and humanities is preferred. Required application materials include three letters of recommendation, a statement of purpose, a resume or CV, and a writing sample.",Required,True,False,True,False,False,False,,,program,Master of Arts in African American Studies,The official website for the University of Wisconsin–Madison is [wisc.edu](https://www.wisc.edu).
Required,Required,"Applicants must meet the Graduate School’s minimum requirements, including a bachelor's degree from an accredited institution and a minimum undergraduate grade point average (GPA) of 3.00 on a 4.00 scale. International applicants must meet the Graduate School's English proficiency requirements. Required application materials include a Statement of Purpose (Reasons for Graduate Study), a CV or Resume, three letters of recommendation, and a writing sample (15-25 pages). GRE scores are not required.",Required,True,False,True,False,False,False,,,program,Master of Arts in African Cultural Studies,The official website for the University of Wisconsin–Madison is [wisc.edu](https://www.wisc.edu).
Required,Required,"Applications are accepted for fall admission only. All materials must be received by the December 15 deadline. Admission to the Ph.D. program requires a bachelor's or master’s degree in African languages and/or literature, or in a related field. Applicants must have a minimum grade point average (GPA) of 3.0 on a 4.0 scale (on the last 60 hours of graduate or undergraduate work). Requirements include a CV/Resume, Statement of Purpose, Writing Sample, and three letters of recommendation. International students must also meet Graduate School English proficiency requirements.",Required,True,False,True,False,False,False,,,program,PhD in African Cultural Studies,The official website for the University of Wisconsin–Madison is [wisc.edu](https://www.wisc.edu).
Required,Required,"Applicants must have a bachelor's degree from an accredited institution with a minimum undergraduate grade point average (GPA) of 3.00 on a 4.00 scale. Prerequisite coursework includes two semesters of calculus, one semester of introductory statistics, and one semester of intermediate microeconomics theory. Required application materials include a statement of purpose, a resume or CV, three letters of recommendation, and transcripts from all post-secondary institutions attended. International students must also meet the Graduate School's English proficiency requirements.",,True,True,True,True,False,False,,,program,Master of Science in Agricultural and Applied Economics,https://www.texim-europe.com/product/embedded-computing-solutions/embedded-pc-boards/mini-itx-motherboard/detail/emb-bt4-a10-1900-ms-aae
Required,Required,Applicants to the Professional Option must meet the admission requirements of the UW–Madison Graduate School and have: A background in economics or another field with a strong quantitative emphasis; At least two semesters of calculus (equivalent to MATH 221 and MATH 222); One semester of statistics (equivalent to STAT 301 or STAT 371); Intermediate microeconomic theory (equivalent to A A E 311 or ECON 301); Intermediate macroeconomic theory (equivalent to ECON 302).,,True,False,True,True,False,False,,,program,Master of Science in Agricultural and Applied Economics: Professional Option,https://aae.wisc.edu/2024/08/12/mspo-graduates-shine-on-the-job-market/
Required,Required,"Applicants to the Ph.D. program in Agricultural and Applied Economics should have a strong background in economic theory and quantitative methods. Prerequisites for the PhD program include: 3 semesters of calculus, 1 semester of linear algebra, and 2 semesters of intermediate economic theory (micro and macro). Candidates must submit an online application through the UW–Madison Graduate School, which includes transcripts, three letters of recommendation, a CV or resume, and a statement of purpose (Reasons for Graduate Study). International students must meet the Graduate School's English proficiency requirements.",Optional,True,True,True,True,False,False,,,program,PhD in Agricultural and Applied Economics,https://aae.wisc.edu/
Required,Required,"The admission requirements for the Agroecology program include the following: A bachelor's degree from an accredited institution. A minimum undergraduate GPA of 3.0 (on a 4.0 scale). Three letters of recommendation from people who can comment on your potential for graduate study. A statement of purpose (up to two pages, double-spaced) describing your interest in agroecology, your personal and professional goals, and your relevant experience. A current resume or CV. If applicable, an official score report for the Test of English as a Foreign Language (TOEFL), International English Language Testing System (IELTS), or Duolingo English Test (DET). Applicants must also have a secure funding source (either an assistantship or fellowship) and have identified a faculty member who has agreed to serve as their advisor before an admissions decision can be finalized.",,True,False,True,True,False,False,,,program,Master of Science in Agroecology,https://agroecology.wisc.edu/people/students/
Required,Required,"Applicants must meet the Graduate School's minimum requirements, which include a 3.00 GPA (on a 4.00 scale) on the last 60 semester hours of undergraduate coursework. The Department of Agronomy requires a statement of purpose (2-page maximum), a resume/CV, three letters of recommendation, and official transcripts. International applicants must provide English proficiency test scores. The GRE is not required.",,True,False,True,True,False,False,,,program,Master of Science in Agronomy,The official website for the University of Wisconsin–Madison is [wisc.edu](https://www.wisc.edu).
Required,Required,Minimum criteria for consideration include: an undergraduate grade-point average (GPA) of 3.0 or higher on a 4.0 scale; TOEFL or IELTS scores for international applicants; three letters of recommendation; reasons for graduate study (statement of purpose); and a resume/CV. The Graduate Record Examination (GRE) is not required.,,True,False,True,True,False,False,,,program,PhD in Agronomy,The official website for the University of Wisconsin–Madison is [wisc.edu](https://www.wisc.edu).
Required,Required,"Applicants must have a bachelor's degree from an accredited institution. Admission requirements include a minimum undergraduate GPA of 3.0, three letters of recommendation, a resume or CV, and a statement of purpose. International students must provide proof of English proficiency (TOEFL or IELTS). The GRE is not required for admission to this program.",,True,False,True,True,False,False,,,program,Master of Science in Animal and Dairy Sciences,The official website for the University of Wisconsin–Madison is [wisc.edu](https://www.wisc.edu).
Required,Required,"To be considered for admission, applicants must meet the following: A bachelor’s degree from an accredited college or university. A minimum undergraduate grade point average (GPA) of 3.00 (on a 4.00 scale). International applicants must have a TOEFL score of 92 (internet) or 580 (paper) or above, or an IELTS score of 7 or above. Three letters of recommendation are required, usually submitted through the online application.",,True,False,True,True,False,False,,,program,PhD in Animal and Dairy Sciences,The official website for the University of Wisconsin–Madison is [wisc.edu](https://www.wisc.edu).
Required,Required,"Admission to the M.A. program is only available to those students who have been admitted to the Ph.D. program. Please see the admission information for the Anthropology Ph.D. All applicants must complete the Graduate School’s online application. Within the application, you will be required to submit: CV/Resume, Statement of purpose, Writing sample, Transcripts, 3 Letters of recommendation, and English Proficiency scores (if applicable). The GRE is not required.",Required,True,False,True,False,False,False,,,program,Master of Arts in Anthropology,https://guide.wisc.edu/graduate/anthropology/anthropology-ma/anthropology-ma_requirementstext.pdf
Required,Required,"Applicants must meet the Graduate School’s minimum requirements for admission. The Anthropology Department does not require GRE scores for applications to its graduate programs. Application materials must include a statement of purpose (Reasons for Graduate Study), a CV or Resume, a writing sample (typically a research paper of 15-30 pages), and three letters of recommendation. A minimum undergraduate grade point average of 3.0 on a 4.0 scale is required.",Required,True,False,True,False,False,False,,,program,Master of Science in Anthropology,The official website for the University of Wisconsin–Madison is [wisc.edu](https://www.wisc.edu).
Required,Required,"Admission to the PhD program is for the fall semester only. Applicants must meet the Graduate School's minimum admission requirements. The Department of Anthropology requires the following for a complete application: Three letters of recommendation, a Statement of Purpose (also known as Reasons for Graduate Study), a Resume or CV, a Writing sample (e.g., a term paper, thesis chapter, or published article), and official transcripts. Regarding the Graduate Record Examination (GRE): scores are NOT required for the Archaeology and Biological subfields; GRE scores are optional for the Cultural subfield. International applicants must also meet the Graduate School’s requirements for English proficiency.",Required,True,True,True,False,False,False,,,program,PhD in Anthropology,The official website for the University of Wisconsin–Madison is [wisc.edu](https://www.wisc.edu).
Required,Required,Applicants must possess a bachelor’s degree from a regionally accredited institution and a cumulative undergraduate grade point average (GPA) of 3.0 or higher. Prerequisites include two semesters of college-level biology and/or chemistry with lab. Students with a GPA of less than 3.0 may be considered for admission on a probationary basis. The Graduate Record Examination (GRE) is not required for admission to this program.,,True,False,True,True,False,False,,,program,Master of Science in Applied Biotechnology,https://guide.wisc.edu/graduate/medicine-public-health-school-wide/applied-biotechnology-ms/applied-biotechnology-ms.pdf
Required,Required,Applicants must meet the Graduate School’s minimum requirements for admission. A minimum of 45-60 credits in art is generally required for admission. This should include 10–15 credits in art history. An undergraduate GPA of 3.0 is required. Applicants with an undergraduate GPA below 3.0 must provide evidence of their ability to succeed in a graduate program. International students must fulfill the Graduate School's English proficiency requirement. A portfolio of work is required as part of the application.,Not Required,True,False,True,False,False,False,,,program,Master of Arts in Art,The official website for the University of Wisconsin–Madison is [wisc.edu](https://www.wisc.edu).
Required,Required,"Applicants must meet the Graduate School's minimum requirements, which include a bachelor's degree from an accredited institution and a minimum undergraduate grade point average of 3.0 (on a 4.0 scale). Specific requirements for the MFA in Art include a portfolio of 20 images, an artist statement (Statement of Purpose), a CV/Resume, and three letters of recommendation. The GRE is not required for admission to this program.",,True,False,True,False,False,False,,,program,Master of Fine Arts in Art,The official website for the University of Wisconsin–Madison is [wisc.edu](https://www.wisc.edu).
Required,Required,"Applicants must have a BA or BS degree with a minimum undergraduate grade point average (GPA) of 3.0 on a 4.0 scale. International students must fulfill the Graduate School’s English proficiency requirement. Application materials include a CV/Resume, Reasons for Graduate Study (Statement of Purpose), three letters of recommendation, transcripts, and a writing sample. The GRE is not required for application to the Art History programs.",Required,True,False,True,False,False,False,,,program,Master of Arts in Art History,The official website for the University of Wisconsin–Madison is [wisc.edu](https://www.wisc.edu).
Required,Required,"Applicants must submit: transcripts of all previous college and university work; three letters of recommendation; a statement of purpose; a writing sample (e.g., a term paper or honors thesis); and a CV or resume. GRE scores are not required.",Required,True,False,True,False,False,False,,,program,PhD in Art History,https://guide.wisc.edu/pdf/2024-2025-spring-graduate.pdf
Required,Required,"Applicants must have a bachelor’s degree from an accredited institution with a minimum undergraduate grade point average (GPA) of 3.00 on a 4.00 scale. Application requirements include: three letters of recommendation, a statement of purpose (1-2 pages) explaining research interests and career goals, a current CV/resume, and a writing sample (approximately 15-25 pages). The Graduate School requires a $75 non-refundable application fee. International applicants must submit TOEFL or IELTS scores if their native language is not English or if their undergraduate instruction was not in English. GRE scores are not required.",Required,True,False,True,False,False,False,,,program,Master of Arts in Asian Languages and Cultures,The official website for the University of Wisconsin–Madison is [wisc.edu](https://www.wisc.edu).
Required,Required,"Applicants to the ALC graduate program apply through the Graduate School at UW–Madison. A complete application includes: Three letters of recommendation, CV/Resume, Statement of Purpose, Writing Sample, Official transcripts from all post-secondary institutions attended, and English language proficiency scores (if applicable). Admission to the PhD program requires a master's degree in a relevant field. The GRE is not required.",Required,True,False,True,False,False,False,,,program,PhD in Asian Languages and Cultures,The official website for the University of Wisconsin–Madison is [wisc.edu](https://www.wisc.edu).
Required,Required,"The Department of Astronomy does not admit students to the M.S. program. Students should apply to the Ph.D. program. Admission to the Ph.D. program requires an undergraduate degree in astronomy, physics, or a related field. Applicants must provide official transcripts, three letters of recommendation, a CV or Resume, and a Statement of Purpose (Reasons for Graduate Study). International students must meet the Graduate School's English proficiency requirements. The department does not require the GRE General Test or the GRE Physics Subject Test.",,True,False,True,True,False,False,,,program,Master of Science in Astronomy,The official website for the University of Wisconsin–Madison is [wisc.edu](https://www.wisc.edu).
Required,Required,"Applicants should have a strong undergraduate background in physics and mathematics. A typical background would include a physics major with a high grade point average. The department requires at least three letters of recommendation, a statement of purpose, a current resume or CV, and transcripts. Applicants must also meet the Graduate School’s minimum requirements, which include a bachelor's degree from an accredited institution and a minimum undergraduate GPA of 3.00 on a 4.00 scale. The GRE General Test and GRE Subject Test in Physics are not required and will not be considered if submitted.",,True,False,True,True,False,False,,,program,PhD in Astronomy,The official website for the University of Wisconsin–Madison is [wisc.edu](https://www.wisc.edu).
Required,Required,"To be considered for admission to the Master of Science in Athletic Training (MSAT), an applicant must meet the following: 1. Bachelor’s degree from an accredited institution. 2. Minimum cumulative GPA of 3.0 (on a 4.0 scale). 3. Completion of all prerequisite courses with a grade of C or better. 4. 50 hours of observation under the supervision of a BOC-certified and state-licensed athletic trainer. 5. Current CPR/AED for the Professional Rescuer and/or Healthcare Provider Certification. 6. Two letters of recommendation. 7. Statement of interest. 8. Current Resume. 9. Official transcripts.",,True,False,True,True,False,False,,,program,Master of Science in Athletic Training,https://guide.wisc.edu/graduate/kinesiology/athletic-training-ms/athletic-training-ms.pdf
Required,Required,"Applicants must have a bachelor's degree from an accredited institution with a grade point average of at least 3.0 (on a 4.0 scale). Prerequisites include one year of calculus-based physics and math through differential equations. Application materials include a current CV/resume, a statement of purpose, three letters of recommendation, and transcripts. International applicants must meet the Graduate School's English proficiency requirements.",,True,True,True,True,False,False,,,program,Master of Science in Atmospheric and Oceanic Sciences,The official website for the University of Wisconsin–Madison is [wisc.edu](https://www.wisc.edu).
Required,Required,"Applicants to the professional master's program must have a B.S. or B.A. degree from an accredited institution. A minimum undergraduate grade point average of 3.0 (on a 4.0 scale) is required. Previous undergraduate coursework should include: calculus-based physics sequence (two semesters), multivariate calculus and differential equations (typically four semesters), and a course in computer programming. International students must follow Graduate School requirements for English proficiency. The Graduate Record Examination (GRE) is not required for admission to this professional master's degree program.",,True,False,True,True,False,False,,,program,Master of Science in Atmospheric and Oceanic Sciences: Professional Program,The official website for the University of Wisconsin–Madison is [wisc.edu](https://www.wisc.edu).
Required,Required,"Applicants must meet the Graduate School's minimum requirements. Specific AOS requirements include a bachelor's degree from an accredited institution with a strong background in physics and mathematics (including calculus, differential equations, and physics with calculus). A bachelor's degree in atmospheric science is not required. The undergraduate grade point average must be at least 3.0 on a 4.0 scale. Admission is based on the applicant's GPA, three letters of recommendation, and a statement of purpose.",,True,False,True,True,False,False,,,program,Master of Science in Atmospheric and Oceanic Sciences: Research Program,The official website for the University of Wisconsin–Madison is [wisc.edu](https://www.wisc.edu).
Required,Required,"Prior to admission, most students will have completed a bachelor's degree in a physical science (e.g., meteorology, physics, math, or chemistry). Applicants should have a solid foundation in physics and math (at least three semesters of calculus and one semester of differential equations). An undergraduate grade point average (GPA) of 3.0 (on a 4.0 scale) is the minimum required for admission. Application materials include: reasons for graduate study/statement of purpose, resume/CV, three letters of recommendation, and transcripts.",,True,False,True,True,False,False,,,program,PhD in Atmospheric and Oceanic Sciences,The official website for the University of Wisconsin–Madison is [wisc.edu](https://www.wisc.edu).
Required,Required,"Candidates for admission to the IPiB must have completed a B.S. or B.A. degree at a recognized university or college. Applicants should have a strong background in the physical and biological sciences. The following courses are required for admission: Biology (at least 3 semesters), Chemistry (at least 3 semesters, including organic chemistry and inorganic chemistry), Biochemistry (at least 1 semester), Physics (at least 1 semester), and Calculus (at least 1 semester). Applicants who have not met all the prerequisite requirements may still be considered for admission. The Graduate School requires a minimum undergraduate grade point average (GPA) of 3.0 (on a 4.0 scale). GRE scores are not required and will not be reviewed. For international applicants, a TOEFL score of 92 or higher, an IELTS score of 7 or higher, or a MELAB score of 82 or higher is required.",,True,False,True,True,False,False,,,program,PhD in Biochemistry,https://ipib.wisc.edu/admissions/
Required,Required,"Applicants must meet the Graduate School’s minimum requirements, including a bachelor’s degree from an accredited institution and a minimum undergraduate grade point average (GPA) of 3.00 on a 4.00 scale. An undergraduate degree in engineering or a related science field is required. Applicants must submit a Statement of Purpose, a Resume or C.V., and three letters of recommendation. International students are required to submit official TOEFL or IELTS scores. GRE scores are not required for admission to this program.",Not Required,True,False,True,True,False,False,,,program,Master of Science in Biological Systems Engineering,The official website for the University of Wisconsin–Madison is [wisc.edu](https://www.wisc.edu).
Required,Required,"Admission to the program is based on the student’s academic record, letters of recommendation, and a statement of purpose. Applicants are expected to have a 3.0 or higher GPA (on a 4.0 scale). All applicants must be accepted by a faculty advisor who will supervise the student's graduate program and provide a research assistantship or other source of financial support. The Graduate Record Examination (GRE) is not required for admission.",,True,False,True,True,False,False,,,program,PhD in Biological Systems Engineering,https://guide.wisc.edu/graduate/biological-systems-engineering/biological-systems-engineering-phd/biological-systems-engineering-phd.pdf
Required,Required,"Successful applicants will have strong quantitative and computational backgrounds. Prerequisites for the program include: Calculus (two semesters); Linear algebra (one semester); Probability and/or statistics (one semester); and Computer programming (two semesters, e.g., Python, R, Java, or C++). A minimum undergraduate grade-point average (GPA) of 3.00 on the equivalent of the last 60 semester hours (4.00 scale) is required. Every applicant whose native language is not English, or whose entire undergraduate instruction was not in English, must provide official scores from the Test of English as a Foreign Language (TOEFL) or International English Language Testing System (IELTS).",,True,False,True,True,False,False,,,program,Master of Science in Biomedical Data Science,https://biostat.wiscweb.wisc.edu/education/current-students/ms-bds/
Required,Required,"To be considered for admission, applicants must have a bachelor’s degree from an accredited institution and an undergraduate GPA of 3.00 or higher on a 4.00 scale. Prerequisite coursework includes: three semesters of calculus, one semester of linear algebra, and at least one course in a high-level programming language (e.g., C, C++, Java, or Python). International applicants must meet Graduate School English proficiency requirements.",,True,False,True,True,False,False,,,program,PhD in Biomedical Data Science,The official website for the University of Wisconsin–Madison is [wisc.edu](https://www.wisc.edu).
Required,Required,Applicants must have a bachelor’s degree in engineering or a related physical or biological science from an accredited institution. A minimum undergraduate grade point average (GPA) of 3.00 (on a 4.00 scale) is required for admission. International students must meet the Graduate School's English proficiency requirements. All applicants must submit: 1. A statement of purpose 2. A resume 3. Three letters of recommendation 4. Transcripts. GRE scores are not required.,,True,False,True,True,False,False,,,program,Master of Science in Biomedical Engineering,https://guide.wisc.edu/graduate/biomedical-engineering/biomedical-engineering-ms/biomedical-engineering-ms.pdf
Required,Required,"Applicants must have a bachelor's degree in engineering or a physical science (chemistry, physics, or similar) with a minimum undergraduate grade point average of 3.0/4.0. International students must meet the Graduate School’s English proficiency requirements. The Graduate Record Examination (GRE) is not required for this program.",,True,False,True,True,False,False,,,program,Master of Science in Biomedical Engineering: Accelerated Program,The official website for the University of Wisconsin–Madison is [wisc.edu](https://www.wisc.edu).
Required,Required,"Applicants must have a bachelor's degree in engineering or a related science field with a minimum GPA of 3.0/4.0. Admissions to the Biomedical Engineering: Biomedical Innovation, Design, and Entrepreneurship MS have been suspended as of Fall 2024 and will be closed as of Fall 2025. General Graduate School requirements include a bachelor's degree from a regionally accredited U.S. institution or a comparable degree from an international institution and English proficiency for non-native speakers.",,True,False,True,True,False,False,,,program,"Master of Science in Biomedical Engineering: Biomedical Innovation, Design, and Entrepreneurship",The official website for the University of Wisconsin–Madison is [wisc.edu](https://www.wisc.edu).
Required,Required,"To be considered for admission to the MS Research program, applicants must meet the Graduate School’s admission requirements and have a bachelor's degree in an engineering or physical science discipline. Applicants for the MS Research program must submit: 1. Resume/CV 2. Statement of purpose 3. Three letters of recommendation 4. GRE scores (OPTIONAL) 5. For international students: TOEFL or IELTS scores 6. Transcripts.",,True,True,True,True,False,False,,,program,Master of Science in Biomedical Engineering: Research,https://guide.wisc.edu/graduate/biomedical-engineering/biomedical-engineering-ms/biomedical-engineering-research-ms/biomedical-engineering-research-ms.pdf
Required,Required,"To be considered for admission to the PhD program, an applicant must have a bachelor's degree in engineering or a related field (physical or biological science) from an ABET-accredited program or its equivalent. A minimum undergraduate grade-point average (GPA) of 3.00 on the equivalent of a 4.00 scale is required. Applicants must submit a statement of purpose, resume/CV, three letters of recommendation, and official transcripts. International applicants must also provide proof of English language proficiency. GRE scores are not required.",,True,False,True,True,False,False,,,program,PhD in Biomedical Engineering,The official website for the University of Wisconsin–Madison is [wisc.edu](https://www.wisc.edu).
Required,Required,"Admission to the biophysics graduate program is based on the student's academic record, letters of recommendation, and a statement of purpose. Research experience is also taken into account. Undergraduate coursework should include biology (at least two semesters), physics (at least two semesters), and mathematics (at least two semesters, including calculus). General chemistry and organic chemistry (one or two semesters) are also required. International applicants must meet the Graduate School’s English proficiency requirements.",Not Required,True,False,True,True,False,False,,,program,PhD in Biophysics,The official website for the University of Wisconsin–Madison is [wisc.edu](https://www.wisc.edu).
Required,Required,"To be eligible for the Wisconsin MBA, applicants must have a four-year undergraduate degree or equivalent from an accredited institution. Application requirements include a professional resume, essay responses, two letters of recommendation, and official transcripts. International applicants must also provide proof of English proficiency through TOEFL, IELTS, or the Duolingo English Test. While the GMAT or GRE is not required to apply, applicants may choose to submit scores if they feel it strengthens their application.",,True,True,True,True,False,False,,,program,Master of Business Administration,The official website for the University of Wisconsin–Madison is [wisc.edu](https://www.wisc.edu).
Required,Optional,"Applicants must have a bachelor’s degree from an accredited undergraduate institution. A minimum undergraduate grade-point average (GPA) of 3.00 on a 4.00 scale is required. Applicants are not required to submit a GMAT or GRE score, though they may choose to do so. All applicants whose native language is not English, or whose undergraduate instruction was not in English, must provide English proficiency test scores (TOEFL, IELTS, or Duolingo). International applicants must also provide financial documentation for visa purposes.",Not Required,True,True,True,False,False,False,,,program,Master of Business Administration: Arts Administration,The official website for the University of Wisconsin–Madison is [wisc.edu](https://www.wisc.edu).
Required,Required,"To be considered for the Wisconsin MBA, you must have a four-year undergraduate degree from an accredited institution. Candidates are evaluated based on professional work experience, academic potential, and leadership qualities. The application requires a professional resume, two required essays, one letter of recommendation, and transcripts from all post-secondary institutions attended.",,True,True,True,True,False,False,,,program,Master of Business Administration: Brand and Product Management,The official website for the University of Wisconsin–Madison is [wisc.edu](https://www.wisc.edu).
Required,Required,"Applicants must have a four-year undergraduate degree from an accredited U.S. institution or its international equivalent. Professional work experience is required, though there is no minimum number of years. Required application materials include a current resume, one letter of recommendation (up to two accepted), essays, and transcripts from all post-secondary institutions. GMAT or GRE scores are optional for the Full-Time MBA application.",Not Required,True,True,True,True,False,False,,,program,Master of Business Administration: Corporate Finance and Investment Banking,The official website for the University of Wisconsin–Madison is [wisc.edu](https://www.wisc.edu).
Required,Required,"Competitive candidates for the Full-Time Wisconsin MBA Program have a minimum of two years of professional work experience. Students also need to have earned an undergraduate degree from an accredited institution. Minimum GPA of 3.0 on a 4.0 scale (or equivalent) for the last 60 semester hours of coursework. GMAT or GRE scores are optional for the Full-Time MBA. Applicants whose native language is not English are required to take the TOEFL, IELTS, or Duolingo English Test.",Not Required,True,True,True,True,False,False,,,program,Master of Business Administration: Marketing Analytics and Insights,https://business.wisc.edu/graduate/mba/full-time/specializations/marketing/marketing-analytics-insights/
Required,Required,"To be considered for the Wisconsin Full-Time MBA, applicants must have a four-year undergraduate degree from an accredited U.S. institution or its international equivalent. A minimum undergraduate GPA of 3.0 on a 4.0 scale is recommended. For the Operations and Technology Management specialization, students are required to have completed at least one semester of college-level calculus or a statistics course prior to starting the program. Application components include a professional resume, official transcripts, GMAT or GRE scores (optional), one required essay, and one professional recommendation.",,True,True,True,True,False,False,,,program,Master of Business Administration: Operations and Technology Management,The official website for the University of Wisconsin–Madison is [wisc.edu](https://www.wisc.edu).
Required,Required,"To be considered for the Full-Time MBA, applicants must have a four-year undergraduate degree or the equivalent from an accredited institution. Application materials include a professional resume, required essays, and one letter of recommendation. Official transcripts from all post-secondary institutions attended are required. The GMAT or GRE is optional for all Full-Time MBA applicants.",,True,True,True,True,False,False,,,program,Master of Business Administration: Real Estate and Urban Economics,The official website for the University of Wisconsin–Madison is [wisc.edu](https://www.wisc.edu).
Required,Required,"To be considered for the Wisconsin Full-Time MBA Program, candidates must complete an online application and submit all required documents. These include a four-year undergraduate degree (or equivalent), professional résumé, transcripts from all post-secondary institutions attended, required essays, and two letters of recommendation. Standardized test scores (GMAT or GRE) are optional for the current application cycle. International applicants may also need to provide English proficiency test scores.",,True,True,True,False,False,False,,,program,Master of Business Administration: Strategic Human Resource Management,The official website for the University of Wisconsin–Madison is [wisc.edu](https://www.wisc.edu).
Required,Required,"To apply to the Wisconsin Full-Time MBA, applicants must provide a professional resume, one professional recommendation, written and video essays, and official transcripts from all post-secondary institutions. Applicants must have a four-year undergraduate degree or the equivalent from an accredited institution. GMAT or GRE scores are required, though a waiver is available for qualified candidates. International students must provide proof of English proficiency through TOEFL, IELTS, or Duolingo English Test scores if applicable.",Not Required,False,True,True,True,False,False,,,program,Master of Business Administration: Supply Chain Management,https://www.mba.com/program-finder/masters-programs/university-of-wisconsin-madison/wisconsin-school-of-business/ms-in-supply-chain-management
Required,Required,"Applicants must have a four-year undergraduate degree from an accredited institution. A minimum undergraduate GPA of 3.0 on a 4.0 scale is required. Applicants are also required to complete prerequisite coursework, including introductory financial and managerial accounting. Admission to the program is based on a variety of factors including undergraduate academic performance, letters of recommendation, essays, and a resume. GMAT or GRE scores are not required but can be submitted to strengthen an application. International students may be required to submit TOEFL or IELTS scores to demonstrate English proficiency.",,True,True,True,True,False,False,,,program,Master of Science in Business: Accounting,https://guide.wisc.edu/undergraduate/business/accounting-information-systems/business-accounting-bba/business-accounting-bba_certificationlicensuretext.pdf
Required,Required,"To apply for the Master of Science in Business: Finance, applicants must have a bachelor’s degree from an accredited institution and a minimum undergraduate GPA of 3.0 on a 4.0 scale. Prerequisite courses include: Introduction to Financial Accounting, Microeconomics, and a Statistics course. Applicants must submit official transcripts, a current resume, one letter of recommendation, and required essays. International applicants must also provide proof of English proficiency (TOEFL or IELTS) if their undergraduate instruction was not in English.",Not Required,True,True,True,True,False,False,,,program,Master of Science in Business: Finance,The official website for the University of Wisconsin–Madison is [wisc.edu](https://www.wisc.edu).
Required,Required,"Admission to the Master of Science in Business: Marketing is currently suspended. For the active track (Marketing Analytics and Insights), applicants must have a four-year undergraduate degree or the equivalent from an accredited institution. Required application materials include a current resume, transcripts, two essays (statement of purpose), and two letters of recommendation. The program is STEM-designated, and GMAT or GRE scores are optional for applicants.",Not Required,True,True,True,True,False,False,,,program,Master of Science in Business: Marketing,https://guide.wisc.edu/graduate/business-school-wide/business-ms/business-marketing-ms/business-marketing-ms_requirementstext.pdf
Required,Required,"Admission to the MS in Business: Real Estate and Urban Land Economics is based on a student’s undergraduate record, a statement of purpose, and a resume. The Graduate Management Admission Test (GMAT) or Graduate Record Exam (GRE) is required of all applicants. In addition to the Graduate School’s English proficiency requirement, all international applicants must have a minimum TOEFL score of 100 or its equivalent. For further information, see the Wisconsin School of Business website.",,False,False,True,True,False,False,,,program,Master of Science in Business: Real Estate and Urban Economics,https://guide.wisc.edu/graduate/real-estate-urban-land-economics/business-real-estate-urban-land-economics-ms/
Required,Required,"To apply for the PhD in Business: Accounting, applicants must submit a completed Graduate School application, GMAT or GRE scores, a statement of purpose, a resume/CV, three letters of recommendation, and transcripts from all post-secondary institutions. International applicants whose native language is not English must also submit official TOEFL, IELTS, or Duolingo scores.",,False,False,True,True,False,False,,,program,PhD in Business: Accounting,The official website for the University of Wisconsin–Madison is [wisc.edu](https://www.wisc.edu).
Required,Required,"To be considered for admission, applicants must satisfy the minimum requirements of both the Graduate School and the Ph.D. program. Minimum requirements include a bachelor's degree from an accredited institution and a minimum undergraduate grade point average of 3.00 (on a 4.00 scale) on the equivalent of the last 60 semester hours. Applicants must also submit GMAT or GRE scores and English proficiency scores, if applicable. Applications for the Finance Ph.D. program are only accepted for the fall semester. The Ph.D. in Business: Finance, Investment, and Banking is a STEM-designated program.",,False,False,True,True,False,False,,,program,PhD in Business: Finance,The official website for the University of Wisconsin–Madison is [wisc.edu](https://www.wisc.edu).
Required,Required,"To apply for the PhD in Business: Management and Human Resources, applicants must meet the Graduate School’s minimum requirements and submit the following: an official GMAT or GRE score, transcripts from all post-secondary institutions attended, three letters of recommendation, a resume or CV, and a statement of purpose. International applicants must also provide English proficiency scores (TOEFL or IELTS). A minimum undergraduate grade point average (GPA) of 3.00 on the equivalent of the last 60 semester hours is required for admission.",Optional,False,False,True,False,False,False,,,program,PhD in Business: Management and Human Resources,The official website for the University of Wisconsin–Madison is [wisc.edu](https://www.wisc.edu).
Required,Required,Applications are submitted through the Graduate School’s online application. All application materials are submitted via the online application. Required documents include: A current resume/CV; A statement of purpose; Official transcripts for all undergraduate and graduate coursework; Three letters of recommendation; GRE or GMAT scores (no older than five years); and English proficiency scores (if applicable).,,False,False,True,True,False,False,,,program,PhD in Business: Marketing,https://guide.wisc.edu/graduate/business-school-wide/business-phd/
Required,Required,"Applicants to the PhD in Business program must meet the Admission Requirements of the UW–Madison Graduate School. Admission is highly competitive. For the PhD in Business: Operations and Information Management, the Wisconsin School of Business requires GMAT or GRE scores, three letters of recommendation, a statement of purpose, a current resume/CV, and transcripts from all institutions of higher education attended.",,False,False,True,True,False,False,,,program,PhD in Business: Operations and Information Management,The official website for the University of Wisconsin–Madison is [wisc.edu](https://www.wisc.edu).
Required,Required,"To apply for the PhD in Business: Real Estate and Urban Economics, applicants must complete the Graduate School online application and submit transcripts, GMAT or GRE scores, TOEFL or IELTS scores (if applicable), three letters of recommendation, a statement of purpose, and a current resume. All students must submit Graduate Management Admission Test (GMAT) or Graduate Record Examination (GRE) scores.",,False,False,True,True,False,False,,,program,PhD in Business: Real Estate and Urban Economics,The official website for the University of Wisconsin–Madison is [wisc.edu](https://www.wisc.edu).
Required,Required,"Applicants must have a completed Bachelor’s degree at an accredited four-year college or university and should have a minimum undergraduate grade point average (GPA) of 3.0 on a 4.0 scale. Recommended prerequisite coursework includes: Biology (2 semesters), General Chemistry (2 semesters), Organic Chemistry (1-2 semesters), Physics (1-2 semesters), and Math (calculus or statistics) (1 semester). International students must provide TOEFL or IELTS scores if their undergraduate degree was not from an institution where English is the language of instruction. The GRE is not required.",,True,False,True,True,False,False,,,program,Master of Science in Cell and Regenerative Biology,The official website for the University of Wisconsin–Madison is [wisc.edu](https://www.wisc.edu).
Required,Required,"To be considered for admission to the PhD in Cell and Regenerative Biology, applicants must submit a completed Graduate School application, a CV/Resume, a Statement of Purpose (Reasons for Graduate Study), three letters of recommendation, and transcripts. International applicants must also submit TOEFL or IELTS scores. A minimum undergraduate GPA of 3.0 on a 4.0 scale is required. The Graduate Record Examination (GRE) is not required and will not be used in the evaluation process.",Not Required,True,False,True,True,False,False,,,program,PhD in Cell and Regenerative Biology,The official website for the University of Wisconsin–Madison is [wisc.edu](https://www.wisc.edu).
Required,Required,"Successful applicants should have a bachelor’s degree in chemical engineering or an allied field (e.g., chemistry, physics, math, other engineering disciplines). The department considers a variety of factors for admission, including previous academic performance, research experience, letters of recommendation, and professional or leadership experience. A minimum undergraduate grade point average (GPA) of 3.00 on a 4.00 scale is required. Applicants must also meet the Graduate School's English proficiency requirements.",,True,False,True,True,False,False,,,program,Master of Science in Chemical Engineering,The official website for the University of Wisconsin–Madison is [wisc.edu](https://www.wisc.edu).
Required,Required,"To be admitted to our graduate program, students must have a bachelor’s degree in chemical engineering or a related field. They should have a minimum undergraduate grade point average of 3.0 (on a 4.0 scale). The GRE is not required for the PhD program. Required application materials include: Graduate School application, application fee, transcripts, statement of purpose, three letters of recommendation, and a resume/CV. International applicants must provide evidence of English proficiency via TOEFL or IELTS scores.",Not Required,True,False,True,True,False,False,,,program,PhD in Chemical Engineering,The official website for the University of Wisconsin–Madison is [wisc.edu](https://www.wisc.edu).
Required,Required,"The M.S. in Chemistry is only available to students currently enrolled in the Chemistry PhD; no direct applications are accepted. For admission to the Chemistry graduate program, applicants must submit: Reasons for Graduate Study (Statement of Purpose), three letters of recommendation, transcripts, and a CV/Resume (included in the Graduate School application). Applicants should have an undergraduate degree in chemistry or a related field. The Graduate Record Examination (GRE) scores are not required.",,True,False,True,True,False,False,,,program,Master of Science in Chemistry,The official website for the University of Wisconsin–Madison is [wisc.edu](https://www.wisc.edu).
Required,Required,A bachelor’s degree from a regionally accredited U.S. institution or a comparable degree from an international institution is required. A minimum undergraduate grade point average (GPA) of 3.00 (on a 4.00 scale) is required for admission. Applicants from international institutions must demonstrate English language proficiency. Graduate Record Examination (GRE) scores are not required. Three letters of recommendation are required from people who can accurately assess the applicant's potential for graduate study and research.,,True,False,True,True,False,False,,,program,PhD in Chemistry,https://guide.wisc.edu/graduate/chemistry/chemistry-phd/
Required,Required,"Applicants must meet the following minimum requirements for admission: A bachelor’s degree from an accredited institution. A minimum undergraduate grade point average (GPA) of 3.00 on a 4.00 scale. Applicants with a GPA below 3.00 may be considered for admission under special circumstances. International students must meet English proficiency requirements (minimum TOEFL score of 92 internet-based or 580 paper-based, or minimum IELTS score of 7.0). Application materials must include three letters of recommendation, a statement of purpose, and a resume/CV.",,True,False,True,True,False,False,,,program,Master of Science in Civil and Environmental Engineering,https://guide.wisc.edu/graduate/civil-environmental-engineering/civil-environmental-engineering-ms/civil-environmental-engineering-ms_text.pdf
Required,Required,"The applicant must possess a bachelor's degree in a field of engineering or in a physical or biological science. For international students, a master's degree is required. A minimum undergraduate grade point average (GPA) of 3.00 on a 4.00 scale is required. Required materials include: CV/Resume, Statement of Purpose, and three letters of recommendation. International applicants must also submit English proficiency scores.",,True,False,True,True,False,False,,,program,PhD in Civil and Environmental Engineering,The official website for the University of Wisconsin–Madison is [wisc.edu](https://www.wisc.edu).
Required,Required,"Applicants must meet the minimum requirements of the Graduate School, including a bachelor's degree from an accredited institution and a minimum undergraduate GPA of 3.00 (on a 4.00 scale). Admission is based on a combination of factors: undergraduate record, letters of recommendation, statement of purpose, and writing sample. The program offers two options: Classics and Hebrew Bible. Proficiency in ancient languages (Ancient Greek, Latin, or Hebrew) is expected depending on the chosen track.",Required,True,False,True,False,False,False,,,program,Master of Arts in Classical and Ancient Near Eastern Studies,https://guide.wisc.edu/graduate/classical-ancient-near-eastern-studies/classical-ancient-near-eastern-studies-ma/classical-ancient-near-eastern-studies-ma_requirementstext.pdf
Required,Required,"Admission to the Ph.D. program is based on a number of factors, including previous academic performance, GRE scores (optional), letters of recommendation, a personal statement of purpose, and a writing sample. Applicants are expected to have a B.A. in Classics or a related field (e.g., History, Art History, Philosophy, Religious Studies) with a strong background in Greek and Latin. Applicants for the Ph.D. must also have an M.A. in Classics or a related field, or be in the process of completing one.",Required,True,True,True,False,False,False,,,program,PhD in Classical and Ancient Near Eastern Studies,https://guide.wisc.edu/graduate/classical-ancient-near-eastern-studies/
Required,Required,"The Communication Arts Department admits students for the fall semester only. Admission to the graduate program is based on several factors: your statement of purpose, your undergraduate (and, if applicable, graduate) record, your three letters of recommendation, and a sample of your scholarly writing. The Graduate School’s minimum requirement for admission is a 3.0 undergraduate grade point average (on a 4.0 scale). International students must submit TOEFL or IELTS scores.",Required,True,False,True,False,False,False,,,program,Master of Arts in Communication Arts,The official website for the University of Wisconsin–Madison is [wisc.edu](https://www.wisc.edu).
Required,Required,"All graduate applicants must have a bachelor’s degree from an accredited institution. Applicants must submit a statement of purpose, a CV or resume, three letters of recommendation, transcripts from all post-secondary institutions, and a writing sample. GRE scores are not required.",Required,True,False,True,False,False,False,,,program,PhD in Communication Arts,https://commarts.wisc.edu/graduate/graduate-handbook/doctoral-degree-requirements/
Required,Required,"Applicants must have a bachelor's degree from an accredited institution and a minimum undergraduate grade point average (GPA) of 3.0 on a 4.0 scale. The Department of Communication Sciences and Disorders requires all applicants to apply through the Communication Sciences and Disorders Centralized Application Service (CSDCAS). A complete application includes: three letters of recommendation, a personal statement, a resume or CV, and official transcripts from all post-secondary institutions attended. GRE scores are not required or considered for admission. International applicants must also meet the Graduate School's English proficiency requirements.",,True,False,True,True,False,False,,,program,Master of Science in Communication Sciences and Disorders,https://www.proquest.com/openview/ea3b4a8c8636223fd27c4c74bde0e709/1?pq-origsite=gscholar&cbl=18750&diss=y
Required,Required,"Applicants to the PhD program in Communication Sciences and Disorders must have a bachelor's degree or its equivalent from an accredited institution with a minimum undergraduate grade point average (GPA) of 3.0 on a 4.0 scale. Admission is based on an assessment of the applicant's potential for excellence in research and scholarship. GRE scores are not required and will not be considered. Required application materials include a CV or resume, Reasons for Graduate Study, and three letters of recommendation.",,True,False,True,True,False,False,,,program,PhD in Communication Sciences and Disorders,The official website for the University of Wisconsin–Madison is [wisc.edu](https://www.wisc.edu).
Required,Required,"The Au.D. program is open to students with an undergraduate degree in communication sciences and disorders, as well as students with an undergraduate degree in other areas. Applicants must have completed a bachelor's degree at an accredited institution. A minimum undergraduate GPA of 3.0 (on a 4.0 scale) is required for admission. Applicants must also have completed prerequisite coursework in Physics or Chemistry, Biological Science, Social or Behavioral Science, and Statistics. International students are required to submit English proficiency scores (TOEFL, IELTS, or Duolingo).",Not Required,True,False,True,False,False,False,,,program,Doctor of Audiology in Communication Sciences and Disorders,The official website for the University of Wisconsin–Madison is [wisc.edu](https://www.wisc.edu).
Required,Required,"Prior to admission to the program, students must have completed a bachelor's degree. Students are expected to have a strong background in the biological and physical sciences. Applicants must meet the Graduate School’s minimum admission requirements, which include a minimum undergraduate grade point average (GPA) of 3.00 on a 4.00 scale. Required application materials include three letters of recommendation, a personal statement (reasons for graduate study), and a CV or resume. International students must also meet the Graduate School’s English proficiency requirements.",Not Required,True,True,True,True,False,False,,,program,Master of Science in Comparative Biomedical Sciences,The official website for the University of Wisconsin–Madison is [wisc.edu](https://www.wisc.edu).
Required,Required,"Applicants must hold a B.S., M.S., DVM, or M.D. degree or be a student in good standing in a DVM or M.D. program. A minimum undergraduate grade point average (GPA) of 3.0 (on a 4.0 scale) is required. The Graduate Record Examination (GRE) is no longer required for admission to the CBMS program.",,True,False,True,True,False,False,,,program,PhD in Comparative Biomedical Sciences,The official website for the University of Wisconsin–Madison is [wisc.edu](https://www.wisc.edu).
Required,Required,Applications are due by January 1 for the following academic year. Students must complete the Graduate School's online application. All application materials are to be submitted via the online application. These include: Resume/CV; Statement of Purpose; Transcripts; Three letters of recommendation; A scholarly writing sample of about 15–20 pages in length (written in English).,Required,True,False,True,False,False,False,,,program,Master of Arts in Comparative Literature and Folklore Studies,The official website for the University of Wisconsin–Madison is [wisc.edu](https://www.wisc.edu).
Required,Required,"Applicants must meet the Graduate School’s minimum requirements for admission. Program-specific requirements for the PhD in Comparative Literature and Folklore Studies include: a CV or resume, a statement of purpose, three letters of recommendation, official transcripts, and a writing sample (a scholarly essay of approximately 15–20 pages). International applicants must also meet the Graduate School’s English proficiency requirements. GRE scores are not required.",Required,True,False,True,False,False,False,,,program,PhD in Comparative Literature and Folklore Studies,The official website for the University of Wisconsin–Madison is [wisc.edu](https://www.wisc.edu).
Required,Required,"Applicants must have a bachelor’s degree from an accredited institution. The Graduate School requires a minimum undergraduate grade point average (GPA) of 3.00 on a 4.00 scale. We look for students with a strong background in computer science, including courses in: Algorithms, Computer Architecture, Operating Systems, Programming Languages. International students must also meet the Graduate School’s English proficiency requirements.",Not Required,True,False,True,True,False,False,,,program,Master of Science in Computer Sciences,https://www.cs.wisc.edu/graduate-handbook/
Required,Required,"Applicants must meet the minimum requirements of the UW–Madison Graduate School for admission. In addition, the Professional Master’s Program is intended for students who have a bachelor’s degree in computer science or a related field (e.g., electrical engineering, math), and who have at least one year of post-undergraduate professional experience. In some cases, we will consider students with less than one year of experience if they have had significant internship experience.",,True,False,True,True,False,False,,,program,Master of Science in Computer Sciences: Professional Program,https://pdc.wisc.edu/contact-us/
Required,Required,"To be considered for admission, applicants must have a bachelor's degree from an accredited institution and have a minimum undergraduate grade point average of 3.00 (on a 4.00 scale) on the equivalent of the last 60 semester hours of undergraduate coursework. Required application components include a statement of purpose, a resume/CV, three letters of recommendation, and official transcripts. International applicants must also submit official TOEFL or IELTS scores.",,True,False,True,True,False,False,,,program,Master of Science in Computer Sciences: Research,https://guide.wisc.edu/graduate/computer-sciences/computer-sciences-ms/computer-sciences-ms.pdf
Required,Required,"A bachelor's degree from a regionally accredited U.S. institution or a comparable degree from an international institution is required. A minimum undergraduate grade-point average (GPA) of 3.00 (on a 4.00 scale) on the equivalent of the last 60 semester hours (approximately two years of work) is required. Applicants whose native language is not English, or whose undergraduate instruction was not in English, must provide an English proficiency test score. GRE is not required.",,True,False,True,True,False,False,,,program,PhD in Computer Sciences,https://guide.wisc.edu/graduate/computer-sciences/computer-sciences-phd/
Required,Required,"Applicants must meet the Graduate School’s admission requirements. For the Master of Science in Counseling, specific requirements include a bachelor’s degree from an accredited institution with a minimum undergraduate GPA of 3.0 on a 4.0 scale. Required application materials include the completed Graduate School application, a statement of reasons for graduate study, three letters of recommendation, and a current resume or CV. GRE scores are not required for admission.",,True,False,True,False,False,False,,,program,Master of Science in Counseling,The official website for the University of Wisconsin–Madison is [wisc.edu](https://www.wisc.edu).
Required,Required,"Applicants must meet the Graduate School’s Minimum Requirements for Admission. Admission is for the fall semester only. Applicants must have a minimum of a bachelor’s degree from an accredited institution. A minimum undergraduate grade point average of 3.0 (on a 4.0 scale) is required. Graduate record examination (GRE) scores are not required. International students whose native language is not English must provide official results of the Test of English as a Foreign Language (TOEFL), International English Language Testing System (IELTS), or the Duolingo English Test. Applicants must submit a statement of purpose, a current resume or CV, and three letters of recommendation.",,True,False,True,False,False,False,,,program,PhD in Counseling Psychology,https://guide.wisc.edu/graduate/counseling-psychology/counseling-psychology-phd/counseling-psychology-phd_admissionstext.pdf
Required,Required,"Applicants to the MFA program must submit a writing sample, a statement of purpose, three letters of recommendation, and transcripts of all undergraduate and graduate work. Official GRE scores are not required. A non-refundable $75 application fee is required. International students must also submit TOEFL or IELTS scores. The minimum undergraduate GPA for admission to the MFA program is 3.0 on a 4.0 scale. Students who have completed or will soon complete an undergraduate degree or a master's degree are eligible to apply.",Required,True,False,True,False,False,False,,,program,Master of Fine Arts in Creative Writing,https://guide.wisc.edu/graduate/english/creative-writing-mfa/
Required,Required,"Applicants must apply through the Graduate School and have a bachelor's degree from an accredited institution with a minimum undergraduate grade point average (GPA) of 3.0 on a 4.0 scale. International students must meet the Graduate School's English proficiency requirements. Application materials include three letters of recommendation, a current resume, a statement of purpose, and a sample of academic or professional writing. The GRE is not required.",Required,True,False,True,False,False,False,,,program,Master of Science in Curriculum and Instruction,https://guide.wisc.edu/graduate/curriculum-instruction/curriculum-instruction-ms/curriculum-instruction-secondary-science-education-ms/
Required,Required,"Applicants to the PhD program in Curriculum and Instruction must have a minimum 3.0 grade point average (on a 4.0 scale) in the last 60 hours of undergraduate or graduate work. Most applicants also have at least three years of professional experience in an area related to their proposed field of study. International applicants must have a minimum TOEFL score of 100 or 7.0 on the IELTS. Application materials include a CV or resume, a statement of purpose, three letters of recommendation, and a writing sample (15–20 pages preferred).",Required,True,False,True,False,False,False,,,program,PhD in Curriculum and Instruction,The official website for the University of Wisconsin–Madison is [wisc.edu](https://www.wisc.edu).
Required,Required,"Applicants must have an undergraduate degree from an accredited institution and a minimum undergraduate GPA of 3.0 on a 4.0 scale. Required application materials include a current resume/CV, a statement of purpose (approximately 500 words), and three letters of recommendation. International applicants must meet the Graduate School's English proficiency requirements (TOEFL/IELTS). The program does not require GRE or GMAT scores for admission.",Not Required,True,False,True,True,False,False,,,program,Master of Science in Design + Innovation,https://www.youtube.com/@uw_mdi/videos
Required,Required,"Applicants must have a bachelor’s degree from a regionally accredited U.S. institution or a comparable degree from an international institution. A minimum undergraduate grade-point average (GPA) of 3.00 (on a 4.00 scale) is required. The Graduate Record Examination (GRE) is required of all applicants. International students must submit TOEFL or IELTS scores unless they meet specific waiver criteria. Three letters of recommendation, a personal statement, and a current CV or resume are also required for admission.",,False,False,True,True,False,False,,,program,Master of Science in Economics,The official website for the University of Wisconsin–Madison is [wisc.edu](https://www.wisc.edu).
Required,Required,"Admission to the PhD program is based on the applicant's academic record, letters of recommendation, GRE scores, and statement of purpose. Applicants must have a bachelor's degree or its equivalent from an accredited institution. Specific mathematical preparation includes multivariable calculus, linear algebra, and mathematical statistics; real analysis is also strongly recommended. Required materials include an online application, $75 application fee, transcripts from all post-secondary institutions, three letters of recommendation, GRE General Test scores, a resume or CV, and a statement of purpose (reasons for graduate study). International students may also need to provide English proficiency scores (TOEFL, IELTS, or Duolingo).",,False,False,True,True,False,False,,,program,PhD in Economics,The official website for the University of Wisconsin–Madison is [wisc.edu](https://www.wisc.edu).
Required,Required,"Applicants to the Master of Science in Educational Leadership and Policy Analysis must have a bachelor's degree from an accredited institution and a minimum undergraduate grade-point average (GPA) of 3.00 on a 4.00 scale. Required application materials include official transcripts from all post-secondary institutions attended, three letters of recommendation, a statement of purpose, and a resume or CV. International applicants must also meet the Graduate School’s English proficiency requirements. The Graduate Record Exam (GRE) is not required for admission.",Not Required,True,False,True,False,False,False,,,program,Master of Science in Educational Leadership and Policy Analysis,The official website for the University of Wisconsin–Madison is [wisc.edu](https://www.wisc.edu).
Required,Required,"Applicants must meet the Graduate School's minimum requirements for admission. Specific program requirements include a completed Graduate School application, official transcripts, three letters of recommendation, a statement of purpose, a current resume or CV, and a writing sample (no more than 25 pages). GRE scores are not required for admission to this program. International students must also meet the Graduate School's English proficiency requirements.",Required,True,False,True,False,False,False,,,program,PhD in Educational Leadership and Policy Analysis,https://guide.wisc.edu/graduate/graduate.pdf
Required,Required,"The Department of Educational Policy Studies requires the following as part of the application for admission: a personal statement (statement of purpose), three letters of recommendation, a current CV or resume, a sample of recent scholarly writing (approximately 10–25 pages), and transcripts. Applicants must also meet the Graduate School’s minimum requirements for admission. GRE scores are not required for admission.",Required,True,False,True,False,False,False,,,program,Master of Arts in Educational Policy Studies,The official website for the University of Wisconsin–Madison is [wisc.edu](https://www.wisc.edu).
Required,Required,"Applicants for graduate study in educational policy studies are expected to have a strong background in the social sciences and/or humanities. A master's degree is not required for admission to the doctoral program. Applicants must meet the Graduate School’s admission requirements. Departmental requirements include: official transcripts, three letters of recommendation, a statement of purpose, a resume or CV, and a writing sample of no more than 30 pages. GRE scores are optional.",Required,True,True,True,False,False,False,,,program,PhD in Educational Policy Studies,The official website for the University of Wisconsin–Madison is [wisc.edu](https://www.wisc.edu).
Required,Required,"Applicants must meet the Graduate School’s minimum admission requirements, including a bachelor's degree from an accredited institution and a minimum undergraduate GPA of 3.00 on a 4.00 scale. For the M.S. in Educational Psychology, the department requires a statement of purpose, a current CV or resume, and three letters of recommendation. The GRE is not required for application to this program. International students must meet the Graduate School's English proficiency requirements.",Optional,True,False,True,True,False,False,,,program,Master of Science in Educational Psychology,https://guide.wisc.edu/graduate/educational-psychology/educational-psychology-ms/educational-psychology-ms_requirementstext.pdf
Required,Required,"Applicants must meet the Graduate School's minimum requirements, which include a bachelor’s degree from an accredited institution and a minimum undergraduate grade-point average (GPA) of 3.00 on a 4.00 scale. Required application materials include: official transcripts, three letters of recommendation, a CV/resume, and a statement of purpose (1-2 pages) describing research interests and professional goals. International applicants must provide proof of English language proficiency (TOEFL or IELTS) if their native language is not English. The Graduate Record Examination (GRE) is not required for admission to the Educational Psychology programs.",Optional,True,False,True,True,False,False,,,program,PhD in Educational Psychology,https://guide.wisc.edu/graduate/educational-psychology/educational-psychology.pdf
Required,Required,"To be considered for admission to the MS program, applicants must have a bachelor’s degree in electrical or computer engineering or a related field (e.g., math, physics, computer science, or another engineering discipline) from an ABET-accredited program or a program with equivalent rigor. A minimum undergraduate grade point average (GPA) of 3.00 (on a 4.00 scale) is required. Applicants must submit transcripts, three letters of recommendation, a statement of purpose, and a resume. International students must also meet the Graduate School's English proficiency requirements.",,True,False,True,True,False,False,,,program,Master of Science in Electrical and Computer Engineering,https://guide.wisc.edu/graduate/electrical-computer-engineering/electrical-computer-engineering-ms/electrical-computer-engineering-ms_requirementstext.pdf
Required,Required,"To be considered for admission to the Ph.D. in Electrical and Computer Engineering, applicants must have a bachelor's degree from an ABET-accredited engineering program or an equivalent from another institution. A minimum undergraduate grade point average (GPA) of 3.00 on a 4.00 scale is required. Applicants must submit official transcripts, three letters of recommendation, a statement of purpose, and a resume/CV. International applicants must provide English proficiency test scores (TOEFL or IELTS) if their native language is not English. The GRE is not required for admission to this program.",,True,False,,True,False,False,,,program,PhD in Electrical and Computer Engineering,https://guide.wisc.edu/graduate/graduate.pdf
Required,Required,Applicants to the program must meet the requirements of the Graduate School. A bachelor's degree in engineering from an accredited program or a degree in mathematics or physics is required. An applicant's undergraduate record should indicate ability to successfully complete graduate study. A cumulative grade point average of 3.0 (on a 4.0 scale) is required. Scores from the Graduate Record Examination (GRE) are not required for admission to the MS Engineering Mechanics: Aerospace Engineering program. Admission requirements include: Statement of Purpose; Resume; Three letters of recommendation; Transcripts; English proficiency (TOEFL or IELTS) if applicable.,,True,False,True,True,False,False,,,program,Master of Science in Engineering Mechanics,https://guide.wisc.edu/graduate/mechanical-engineering/engineering-mechanics-ms/engineering-mechanics-aerospace-engineering-ms/
Required,Required,"Applicants must have a bachelor's degree from an accredited institution with a background in engineering, physics, mathematics, or a related field. A minimum undergraduate grade point average (GPA) of 3.00 on a 4.00 scale is required. Required application materials include a Statement of Purpose, Resume/CV, three letters of recommendation, and transcripts. For international students, English proficiency scores are required. GRE scores are not required.",,True,False,True,True,False,False,,,program,PhD in Engineering Mechanics,The official website for the University of Wisconsin–Madison is [wisc.edu](https://www.wisc.edu).
Required,Required,"Every applicant whose native language is not English or whose undergraduate instruction was not in English must provide official scores from an English proficiency test (TOEFL, IELTS, or Duolingo). Applicants must submit the following materials: 1. Statement of purpose (double-spaced, 2–3 pages) 2. Curriculum vitae/resume 3. Critical writing sample (15–20 pages) 4. Three letters of recommendation 5. Official transcripts sent directly from each institution attended to the Department of English.",Required,True,False,True,False,False,False,,,program,Master of Arts in English,https://guide.wisc.edu/graduate/english/english.pdf
Required,Required,"Applicants must meet the University of Wisconsin-Madison Graduate School's minimum requirements, including a bachelor's degree from an accredited institution and a minimum undergraduate GPA of 3.0. Specific application requirements for the PhD in English include: a Statement of Purpose (1-3 pages), three letters of recommendation, a current CV or resume, and a writing sample (usually 15-20 pages for Literary Studies or up to 25 pages for Composition and Rhetoric). International students must also provide English proficiency scores (TOEFL or IELTS). The GRE General Test is not required and is not used in the application process.",Required,True,False,True,False,False,False,,,program,PhD in English,The official website for the University of Wisconsin–Madison is [wisc.edu](https://www.wisc.edu).
Required,Required,"Applicants must meet the Graduate School’s minimum requirements (GPA of 3.0 on a 4.0 scale). International students must meet the English proficiency requirements. The program requires three letters of recommendation, a CV/Resume, and a Statement of Purpose (Reason for Graduate Study). Prospective students are strongly encouraged to contact potential faculty advisors before applying.",,True,False,True,True,False,False,,,program,Master of Science in Entomology,The official website for the University of Wisconsin–Madison is [wisc.edu](https://www.wisc.edu).
Required,Required,"Applicants must have a bachelor's degree from an accredited institution and a minimum undergraduate grade point average (GPA) of 3.00 on a 4.00 scale. A key requirement for admission is that a faculty member must agree to serve as the applicant's major professor. Required application materials include three letters of recommendation, a statement of purpose (reasons for graduate study), a curriculum vitae (CV) or resume, and transcripts. International applicants must submit English proficiency test scores (TOEFL or IELTS). The Graduate Record Examination (GRE) is not required.",,True,False,True,True,False,False,,,program,PhD in Entomology,The official website for the University of Wisconsin–Madison is [wisc.edu](https://www.wisc.edu).
Required,Required,Admission to the Environmental Conservation MS is once per year. Applications are accepted for summer term admission only. A complete application consists of: Graduate School application and fee; Official transcripts from all undergraduate and graduate institutions; Resume or CV; Statement of purpose; Three letters of recommendation; GRE scores: Not required; English Proficiency: All students are required to demonstrate English proficiency as specified by the Graduate School.,,True,False,True,True,False,False,,,program,Master of Science in Environmental Conservation,https://guide.wisc.edu/graduate/environmental-studies/environmental-conservation-ms/
Required,Required,"Applicants must have a bachelor's degree from an accredited institution with a minimum undergraduate grade point average (GPA) of 3.00 on a 4.00 scale. Required application materials include: a statement of reasons for graduate study (Statement of Purpose), a current CV or resume, three letters of recommendation, and official transcripts. International students must also meet the Graduate School's English proficiency requirements. The Graduate Record Examination (GRE) is not required for this program.",,True,False,True,True,False,False,,,program,Master of Science in Environmental Studies,The official website for the University of Wisconsin–Madison is [wisc.edu](https://www.wisc.edu).
Required,Required,"Applicants must meet the Graduate School’s minimum requirements for admission. A complete application must include: Online application, Resume or CV, Reasons for Graduate Study/Statement of Purpose, Three letters of recommendation, Transcripts, GRE scores (Optional), English proficiency scores (if applicable), Research interest and faculty advisor search form.",,True,True,True,True,False,False,,,program,PhD in Environmental Studies,https://www.cjbnetwork.com/program/university-of-wisconsin-madison-environment-and-resources-phd-498190818
Required,Required,"Please consult the table below for key information about this degree program's admissions requirements. The program may have more detailed admissions requirements, which can be found below the table or on the program's website. Graduate admissions is a two-step process between academic programs and the Graduate School. Applicants must meet the minimum requirements of the UW–Madison Graduate School as well as the program(s). Once the department recommendation is received, the Graduate School will review the application to ensure all Graduate School admission requirements are met.",,True,False,True,True,False,False,,,program,Master of Science in Environment and Resources,https://guide.wisc.edu/graduate/environmental-studies/environment-resources-ms/
Required,Required,"Applicants must hold a bachelor's degree from an accredited institution with a minimum undergraduate GPA of 3.0 on a 4.0 scale. A central requirement for admission is that applicants must identify and secure a commitment from a Nelson Institute faculty affiliate who is willing to serve as their major professor (advisor). Application materials include the Graduate School online application, the application fee, a statement of purpose (Reasons for Graduate Study), a current resume or CV, three letters of recommendation, and official transcripts. International applicants must provide English proficiency test scores (TOEFL or IELTS) if they do not meet the Graduate School's waiver criteria.",Not Required,True,False,True,True,False,False,,,program,PhD in Environment and Resources,The official website for the University of Wisconsin–Madison is [wisc.edu](https://www.wisc.edu).
Required,Required,"Applicants should have a bachelor’s degree in food science or a related field (e.g., chemistry, biology, biochemistry, chemical engineering, etc.) from an accredited institution. A minimum undergraduate grade point average (GPA) of 3.00 on a 4.00 scale is required. Undergraduate preparation should include: 2 semesters of general chemistry, 1 semester of organic chemistry, 2 semesters of physics, 2 semesters of calculus, and 1 semester of microbiology. International applicants must also meet the Graduate School's English proficiency requirements.",,True,False,True,True,False,False,,,program,Master of Science in Food Science,https://guide.wisc.edu/graduate/food-science/food-science-ms/food-science-ms.pdf
Required,Required,All applicants must meet the Graduate School’s minimum requirements to be considered for admission. Applicants must have a background in the physical and biological sciences. This typically includes: one year of organic chemistry; one semester of analytical chemistry or instrumental analysis; one semester of physics; one semester of calculus; one semester of biochemistry; and one semester of microbiology. A minimum undergraduate grade-point average (GPA) of 3.00 on the equivalent of the last 60 semester hours (4.00 scale) is required.,,True,False,True,True,False,False,,,program,PhD in Food Science,https://guide.wisc.edu/graduate/food-science/food-science_degreesmajorsdoctoralminorsgraduateprofessionalcertificatestext.pdf
Required,Required,"Applicants for the Master of Arts in French must meet the minimum requirements of the UW–Madison Graduate School, which include a bachelor's degree from an accredited institution and a minimum undergraduate grade-point average (GPA) of 3.00 (on a 4.00 scale). Required application materials include: transcripts, three letters of recommendation, a statement of purpose (reasons for graduate study), a CV/resume, and a writing sample in French (usually a term paper or equivalent, roughly 10-15 pages). For non-native English speakers, official TOEFL or IELTS scores are required.",Required,True,False,True,False,False,False,,,program,Master of Arts in French,The official website for the University of Wisconsin–Madison is [wisc.edu](https://www.wisc.edu).
Required,Required,"To apply to the French PhD program, applicants must meet the Graduate School’s admission requirements and the department’s specific requirements. Candidates for the PhD must have an MA in French or a related field. Requirements for admission to the Graduate School include a bachelor's degree from an accredited institution and a minimum undergraduate grade-point average (GPA) of 3.00 on a 4.00 scale. Applicants must submit a Graduate School application, application fee, official transcripts, three letters of recommendation, a statement of purpose, a CV or resume, and one or two samples of writing in French (totaling approximately 10–15 pages). GRE scores are not required.",Required,True,False,True,False,False,False,,,program,PhD in French,The official website for the University of Wisconsin–Madison is [wisc.edu](https://www.wisc.edu).
Required,Required,Admission to the MFS program is based on the following: Completion of a bachelor's degree; Competitive GPA; Strong French language skills (a minimum level of Advanced-Low on the ACTFL scale is recommended); Statement of purpose (in French); Resume; Three letters of recommendation; Writing sample (in French); Transcripts; and an Interview (via phone or in-person/webcam).,Required,True,False,True,False,False,False,,,program,Master of French Studies,The official website for the University of Wisconsin–Madison is [wisc.edu](https://www.wisc.edu).
Required,Required,"Applicants to the M.A. in Gender and Women's Studies are expected to have a bachelor's degree from an accredited institution. No specific undergraduate major is required, but students should have some background in gender and women's studies or a related field. The department's Graduate Admissions Committee takes into consideration the applicant's academic record, statement of purpose, letters of recommendation, and writing sample. In addition to the online Graduate School application, required documents include transcripts, a resume/CV, and a writing sample of 15–20 pages.",Required,True,False,True,False,False,False,,,program,Master of Arts in Gender and Women’s Studies,The official website for the University of Wisconsin–Madison is [wisc.edu](https://www.wisc.edu).
Required,Required,"An applicant must have an undergraduate degree in a biological or physical science. The curriculum should include at least one semester of calculus and one semester of organic chemistry. One year of physics is recommended. Laboratory experience is highly desirable. Applicants must submit a Graduate School application, three letters of recommendation, and transcripts from all institutions attended. A minimum undergraduate grade-point average (GPA) of 3.00 on the equivalent of the last 60 semester hours is required by the Graduate School.",,True,False,True,True,False,False,,,program,PhD in Genetics,The official website for the University of Wisconsin–Madison is [wisc.edu](https://www.wisc.edu).
Required,Required,"Applicants must meet the Graduate School’s admission requirements. For the MS and PhD, the department requires a 3.0 (on a 4.0 scale) grade point average in the second half of undergraduate work. In addition to the Graduate School’s online application and fee, the department requires: a statement of purpose (reasons for graduate study), a CV or resume, three letters of recommendation, and transcripts of all undergraduate and any previous graduate work. International students must also submit TOEFL or IELTS scores. GRE scores are not required.",,True,False,True,True,False,False,,,program,Master of Science in Geography,https://guide.wisc.edu/graduate/geography/geography-ms/geography-ms.pdf
Required,Required,"Applicants to the Ph.D. program in Geography are expected to have a master’s degree from an accredited institution and a minimum undergraduate grade point average (GPA) of 3.00 on a 4.00 scale. Application requirements include a statement of purpose, a current resume or CV, three letters of recommendation, official transcripts from all post-secondary institutions attended, and a writing sample (brief, no more than 30 pages). The Geography Department no longer requires GRE scores for its applications. International students must also meet the Graduate School's English proficiency requirements.",Required,True,False,True,True,False,False,,,program,PhD in Geography,The official website for the University of Wisconsin–Madison is [wisc.edu](https://www.wisc.edu).
Required,Required,"An applicant should have a B.S. degree in engineering or a physical science (e.g., geology, physics, or chemistry) from an ABET-accredited program or its equivalent. Undergraduate grades should be at least 3.0 on a 4.0 scale for the last 60 semester hours of undergraduate study. Applicants with an undergraduate degree in a physical science are usually required to take several engineering courses as a condition of their admission. International students must follow the UW–Madison Graduate School’s requirements for English proficiency.",,True,False,True,True,False,False,,,program,Master of Science in Geological Engineering,The official website for the University of Wisconsin–Madison is [wisc.edu](https://www.wisc.edu).
Required,Required,"Applicants must satisfy the general requirements of the Graduate School for admission. In addition, the department requires a bachelor's degree in some field of science or engineering with a grade-point average of 3.0 or better on a 4.0 scale. The applicant should have a background in geosciences, or in other sciences, engineering, or mathematics. Application materials include a resume or CV, statement of purpose, and three letters of recommendation. For international students, TOEFL or IELTS scores are required. The GRE is no longer required for admission to our graduate programs.",,True,False,True,True,False,False,,,program,Master of Science in Geosciences,The official website for the University of Wisconsin–Madison is [wisc.edu](https://www.wisc.edu).
Required,Required,"Applicants must meet the Graduate School's minimum requirements, which include a bachelor's degree from an accredited institution and a minimum undergraduate GPA of 3.00 on a 4.00 scale. The Department of Geoscience requires the following application materials: official transcripts from all post-secondary institutions attended, a Statement of Purpose (describing graduate study goals, research interests, and relevant experience), three letters of recommendation, and a CV or resume. The Graduate Record Examination (GRE) is not required for admission to the graduate programs in Geoscience.",,True,False,True,True,False,False,,,program,PhD in Geosciences,The official website for the University of Wisconsin–Madison is [wisc.edu](https://www.wisc.edu).
Required,Required,"Applicants must have a GPA of at least 3.0 (on a 4.0 scale). The GRE is not required for application to this program. A major in German or its equivalent is usually required for admission to the master’s program. International applicants whose native language is not English, or whose undergraduate instruction was not in English, must provide official scores from the Test of English as a Foreign Language (TOEFL), International English Language Testing System (IELTS), or Duolingo English Test (DET). Required application materials include: a statement of purpose (in English) of approximately 500-1000 words, a current CV or resume, three letters of recommendation, a writing sample of 10-20 pages (in English or German), and official transcripts.",Required,True,False,True,False,False,False,,,program,Master of Arts in German,The official website for the University of Wisconsin–Madison is [wisc.edu](https://www.wisc.edu).
Required,Required,"Applicants must meet the minimum requirements of the UW-Madison Graduate School for admission, including a bachelor's degree from a regionally accredited U.S. institution or a comparable degree from an international institution and a minimum undergraduate grade point average (GPA) of 3.00 on a 4.00 scale. Specific program requirements for the PhD in German include a Statement of Purpose, a CV or Resume, three letters of recommendation, and two writing samples (one in German and one in English, approximately 10–15 pages each). GRE scores are not required for admission to this program.",Required,True,False,True,False,False,False,,,program,PhD in German,The official website for the University of Wisconsin–Madison is [wisc.edu](https://www.wisc.edu).
Required,Required,"Applicants must meet the Graduate School’s admission requirements. For the Department of History, applicants must have a bachelor’s degree from an accredited institution with a grade point average of at least 3.0 on a 4.0 scale (or the equivalent) and should have a strong background in history. An undergraduate major in history is not required.",Required,True,False,True,False,False,False,,,program,Master of Arts in History,https://guide.wisc.edu/graduate/history/history-ma/
Required,Required,"Applicants must have a minimum undergraduate grade point average of 3.00 (on a 4.00 scale). Admissions are based on the following components: Statement of Purpose, Writing Sample, Three Letters of Recommendation, CV/Resume, and Transcripts. The Department of History does not require GRE scores for applicants to the graduate program.",Required,True,False,True,False,False,False,,,program,PhD in History,The official website for the University of Wisconsin–Madison is [wisc.edu](https://www.wisc.edu).
Required,Required,"Applicants must meet the Graduate School's minimum requirements for admission, including a bachelor's degree from an accredited institution and a minimum undergraduate GPA of 3.00 on a 4.00 scale. Specific program requirements for the MA in History of Science, Medicine, and Technology include a statement of purpose (identifying the applicant's research interests and intended faculty mentor), a CV or resume, three letters of recommendation, and a writing sample (typically a research paper or thesis chapter). The Department of History does not require or consider GRE scores for its graduate applications. International applicants must provide official English proficiency scores (TOEFL or IELTS) if they do not meet the Graduate School's exemption criteria.",Required,True,False,True,True,False,False,,,program,"Master of Arts in History of Science, Medicine, and Technology",The official website for the University of Wisconsin–Madison is [wisc.edu](https://www.wisc.edu).
Required,Required,"Applicants must satisfy the Graduate School’s minimum requirements and the program’s requirements. For the PhD, a minimum grade point average (GPA) of 3.0 (on a 4.0 scale) is required. Program-specific application materials include: three letters of recommendation, a CV or resume, a statement of purpose (reasons for graduate study), and a writing sample (one or two samples, approx. 30–50 pages total). International applicants must submit official English language proficiency scores if their undergraduate degree was not from an institution where English was the primary language of instruction. Graduate Record Examination (GRE) scores are not required.",Required,True,False,True,False,False,False,,,program,"PhD in History of Science, Medicine, and Technology",The official website for the University of Wisconsin–Madison is [wisc.edu](https://www.wisc.edu).
Required,Required,"Applicants must have a bachelor's degree from an accredited institution with a minimum GPA of 3.0 (on a 4.0 scale). Applicants are strongly encouraged to communicate with potential faculty advisors to discuss research interests and potential assistantships before applying, as no applicant will be admitted unless a faculty advisor has agreed to mentor the student. Required application materials include the Graduate School online application, a resume or CV, a statement of purpose, three letters of recommendation, and transcripts.",Not Required,True,False,True,True,False,False,,,program,Master of Science in Horticulture,The official website for the University of Wisconsin–Madison is [wisc.edu](https://www.wisc.edu).
Required,Required,"To be considered for admission to the PhD in Horticulture, applicants must have a bachelor's degree from an accredited institution and a minimum undergraduate GPA of 3.0 on a 4.0 scale. Required application materials include the Graduate School application, application fee, official transcripts, three letters of recommendation, a statement of purpose (Reasons for Graduate Study), and a current CV or resume. GRE scores are not required. International applicants must also meet the Graduate School's English proficiency requirements.",,True,False,True,True,False,False,,,program,PhD in Horticulture,The official website for the University of Wisconsin–Madison is [wisc.edu](https://www.wisc.edu).
Required,Required,"Applicants must have a minimum undergraduate grade point average (GPA) of 3.00 on the last 60 hours of undergraduate work or a master’s degree with a minimum cumulative GPA of 3.00. Requirements include official transcripts, three letters of recommendation, a current resume or CV, and a statement of purpose. International applicants must meet the Graduate School's English proficiency requirements (TOEFL or IELTS). All Graduate School minimum requirements must be met for admission.",Not Required,True,False,True,False,False,False,,,program,Master of Science in Human Ecology,https://humanecology.wisc.edu/academics/
Required,Required,"Applicants must meet the Graduate School's admission requirements, including a bachelor’s degree from an accredited institution and a minimum undergraduate GPA of 3.0. Application materials include a statement of purpose (Reasons for Graduate Study), a resume or CV, three letters of recommendation, and transcripts. A writing sample is also required for this program. GRE scores are not required. International applicants must submit official English proficiency scores (TOEFL or IELTS) if the language of instruction for their undergraduate degree was not English.",Required,True,False,True,False,False,False,,,program,PhD in Human Ecology,The official website for the University of Wisconsin–Madison is [wisc.edu](https://www.wisc.edu).
Required,Required,Applicants must meet the Graduate School’s minimum requirements for admission. The MS program also requires: A bachelor's degree in engineering or a related field; A minimum undergraduate grade point average (GPA) of 3.00 on a 4.00 scale; International students must meet the Graduate School's English proficiency requirements; Three letters of recommendation; A current resume or CV; A statement of purpose (reasons for graduate study). GRE scores are not required.,,True,False,True,True,False,False,,,program,Master of Science in Industrial Engineering,https://guide.wisc.edu/graduate/industrial-systems-engineering/industrial-engineering-ms/industrial-engineering-ms.pdf
Required,Required,"Candidates for the Ph.D. degree must have a bachelor's degree in engineering or a related field (physical sciences, mathematics, or computer science) from an approved institution. Applicants with bachelor's degrees in other fields may be admitted provided they have a strong interest in industrial engineering and a strong background in mathematics and/or science. A minimum undergraduate grade point average of 3.0 on a 4.0 scale is required. Application materials must include a statement of purpose (reasons for graduate study), three letters of recommendation, and a current resume. International students must also meet the Graduate School's English proficiency requirements.",,True,False,True,True,False,False,,,program,PhD in Industrial Engineering,The official website for the University of Wisconsin–Madison is [wisc.edu](https://www.wisc.edu).
Required,Required,"Admission to the iSchool for the Master of Science (M.S.) in Information requires an undergraduate grade point average of at least 3.0 (on a 4.0 scale), a personal statement, and letters of recommendation. It is expected that applicants will have earned a baccalaureate degree from an accredited institution. Graduate Record Exam (GRE) or Miller Analogies Test (MAT) scores are not required for admission to the iSchool M.S. in Information program. All applicants must meet the Graduate School’s admission requirements. All application materials must be submitted through the Graduate School’s online application. Three letters of recommendation are required. Letters of recommendation should be submitted through the online application. A personal statement (not to exceed 500 words) is required. Applicants must upload a copy of their resume or CV.",,True,False,True,True,False,False,,,program,Master of Science in Information,https://guide.wisc.edu/graduate/information/information-ms/information-campus-program-ms/
Required,Required,"To apply to the Master of Engineering: Power Engineering program, you must meet the following requirements: A bachelor’s degree from a regionally accredited institution. A minimum undergraduate grade-point average (GPA) of 3.00 on the equivalent of the last 60 semester hours (approximately two years of work). Applicants with less than a 3.00 GPA may be considered for admission on a case-by-case basis. ABET-accredited degree in engineering or equivalent from a regionally accredited institution. GRE is NOT required. International students must follow UW–Madison Graduate School’s requirements for English proficiency.",,True,False,True,True,False,False,,,program,Master of Engineering: Interdisciplinary Professional Programs,https://interpro.wisc.edu/online-graduate-programs/masters-degrees/power-engineering/
Required,Required,"Applicants must submit a completed Graduate School application, which includes a current resume, a statement of purpose (approximately two pages, double-spaced) describing graduate school goals and why the La Follette School is the right fit, and three letters of recommendation. Applicants must also provide transcripts from all post-secondary institutions attended. Prerequisites for the MIPA program include a bachelor's degree from an accredited institution and the completion of three prerequisite courses with a grade of B or higher: Introductory microeconomics, Introductory macroeconomics, and Introductory American government (or an equivalent course focused on the national government of another country).",Not Required,True,True,True,False,False,False,,,program,Master of International Public Affairs,https://lafollette.wisc.edu/category/news/mpia/
Required,Required,"Applicants to the M.A. in Italian must apply through the Graduate School's application process. In addition to the Graduate School's minimum requirements, the department requires: a CV or Resume; Statement of Purpose; Three letters of recommendation; Writing sample (approximately 10-12 pages, in Italian or English, on a literary or cultural topic); Transcripts; GRE scores (optional); and English proficiency for non-native English speakers.",Required,True,True,True,False,False,False,,,program,Master of Arts in Italian,The official website for the University of Wisconsin–Madison is [wisc.edu](https://www.wisc.edu).
Required,Required,"Please consult the table below for key information about this degree program's admissions requirements. The program may have more detailed admissions requirements, which can be found below the table or on the program's website. Applicants should submit the following items: Statement of purpose; CV or resume; Writing sample: in Italian or English, approximately 10-15 pages; Three letters of recommendation; Transcripts; English proficiency.",Required,True,False,True,False,False,False,,,program,PhD in Italian,https://guide.wisc.edu/graduate/french-italian/italian-phd/
Required,Required,"Applicants must have a bachelor's degree from an accredited institution and are expected to have a minimum undergraduate grade point average of 3.0 on a 4.0 scale. Required application materials include a statement of purpose (reasons for graduate study), a resume or CV, three letters of recommendation, official transcripts, and a writing sample. International applicants must provide English proficiency test scores (TOEFL or IELTS). The GRE is not required for applicants to the Professional MA or Research MA programs.",Required,True,False,True,False,False,False,,,program,Master of Arts in Journalism and Mass Communication,The official website for the University of Wisconsin–Madison is [wisc.edu](https://www.wisc.edu).
Required,Required,"Applications for the master’s and doctoral programs in journalism and mass communication are accepted only for the fall term. The graduate school application deadline is December 15. All materials, including test scores and letters of recommendation, should be submitted by that date. Applicants for graduate study in journalism and mass communication are required to submit all of the following: 1. Graduate School Application: The application is completed and submitted online. 2. Application fee. 3. Reasons for Graduate Study/Statement of Purpose: Describe your goals and research interests. 4. Resume or CV: A list of your professional and academic accomplishments. 5. Three letters of recommendation: You will be asked to provide contact information for three references who will receive an email from the UW–Madison Graduate School with a link to submit their recommendations online. 6. Writing Sample: A recent paper, article, or other example of your best professional or academic writing. 7. Transcripts: Upload unofficial transcripts for all of the post-secondary institutions you have attended. 8. English proficiency test scores (if applicable): Applicants whose native language is not English or who did not attend an institution where the language of instruction was English must submit results from the TOEFL or IELTS exam. GRE scores are not required.",Required,True,False,True,False,False,False,,,program,PhD in Journalism and Mass Communication,https://sjmc.wisc.edu/graduate/graduate-overview/
Required,Required,"In addition to the Graduate School’s minimum requirements, the Department of Kinesiology requires: 1. A minimum grade-point average of 3.0 (on a 4.0 scale). 2. Three letters of recommendation. 3. Reasons for graduate study. 4. Resume or CV. 5. International students must follow the Graduate School guidelines for English proficiency.",Not Required,True,False,True,False,False,False,,,program,Master of Science in Kinesiology,https://kinesiology.education.wisc.edu/academics/graduate-programs/kinesiology/
Required,Required,"Applicants must have a bachelor’s degree from a regionally accredited institution and a minimum undergraduate grade point average (GPA) of 3.00 (on a 4.00 scale). Specific prerequisite coursework is required, including Anatomy, Physiology, and Exercise Physiology. Required application materials include a statement of purpose (reasons for graduate study), resume or C.V., three letters of recommendation, and transcripts. GRE scores are not required for the Applied Exercise Science MS program.",Not Required,True,False,True,True,False,False,,,program,Master of Science in Kinesiology: Applied Exercise Science,The official website for the University of Wisconsin–Madison is [wisc.edu](https://www.wisc.edu).
Required,Required,"Graduate School Admissions Requirements: A bachelor’s degree from a regionally accredited U.S. institution or a comparable degree from an international institution is required. A minimum undergraduate grade point average (GPA) of 3.00 on the equivalent of the last 60 semester hours (approximately two years of work) is required. Program specific requirements: Completion of the following prerequisite coursework: 1 course in general physics, 1 course in anatomy, 1 course in physiology, and 1 course in biomechanics. Required application documents include: Resume or CV, Statement of purpose, and 3 Letters of recommendation.",Not Required,True,False,True,True,False,False,,,program,Master of Science in Kinesiology: Biomechanics,https://guide.wisc.edu/graduate/kinesiology/kinesiology-ms/kinesiology-biomechanics-ms/kinesiology-biomechanics-ms.pdf
Required,Required,"Applicants to the Master of Science in Kinesiology: Exercise Physiology must meet the Graduate School’s admission requirements. The Department of Kinesiology requires a minimum undergraduate grade point average (GPA) of 3.0 (on a 4.0 scale). Application materials must include the online application, official transcripts, three letters of recommendation, a statement of purpose, and a resume or CV. International applicants must also submit official English proficiency scores (TOEFL, IELTS, or Duolingo). The Graduate Record Examination (GRE) is not required.",,True,False,True,True,False,False,,,program,Master of Science in Kinesiology: Exercise Physiology,https://guide.wisc.edu/graduate/kinesiology/kinesiology-ms/kinesiology-exercise-physiology-ms/kinesiology-exercise-physiology-ms_text.pdf
Required,Required,"Applicants must have a bachelor's degree from an accredited institution. A grade point average of 3.0 (on a 4.0 scale) is required for admission. The Department of Kinesiology requires the following items for the application: an online application, CV/Resume, Statement of purpose (reason for graduate study), three letters of recommendation, and transcripts. GRE scores are not required for admission but will be considered if submitted.",Not Required,False,True,True,True,False,False,,,program,Master of Science in Kinesiology: Exercise Psychology,The official website for the University of Wisconsin–Madison is [wisc.edu](https://www.wisc.edu).
Required,Required,"Applicants must possess a minimum of a 3.0 undergraduate grade point average (on a 4.0 scale). GRE scores are not required. International students must follow Graduate School English proficiency requirements. An undergraduate degree in kinesiology or a related field is preferred. Required documents include official transcripts, a statement of purpose (reasons for graduate study), three letters of recommendation, and a CV or resume.",,True,False,True,True,False,False,,,program,Master of Science in Kinesiology: Motor Control and Behavior,The official website for the University of Wisconsin–Madison is [wisc.edu](https://www.wisc.edu).
Required,Required,"Applicants must have a minimum undergraduate grade point average (GPA) of 3.00 on a 4.00 scale. A completed application includes: a completed online application, application fee, transcripts, three letters of recommendation, a statement of purpose (reasons for graduate study), and a resume or CV. The GRE is not required for application to this program.",,True,False,True,False,False,False,,,program,Master of Science in Kinesiology: Occupational Science,The official website for the University of Wisconsin–Madison is [wisc.edu](https://www.wisc.edu).
Required,Required,"Applicants must meet the Graduate School’s minimum requirements for admission. In addition, the Department of Kinesiology requires the following: Applicants for all graduate programs in kinesiology should have a minimum GPA of 3.0 (on a 4.0 scale). A background in kinesiology is not required for admission, but some prerequisite coursework may be required depending on the intended area of study. Prerequisites for Physical Activity Epidemiology include Human Anatomy, Human Physiology, Calculus, Introduction to Statistics, Introduction to Epidemiology, or equivalent.",,True,False,True,True,False,False,,,program,Master of Science in Kinesiology: Physical Activity Epidemiology,https://guide.wisc.edu/graduate/kinesiology/kinesiology-ms/kinesiology-physical-activity-epidemiology-ms/kinesiology-physical-activity-epidemiology-ms_text.pdf
Required,Required,"Applicants to the Ph.D. program should have a master’s degree. The Graduate School requires a minimum undergraduate grade point average of 3.0 (on a 4.0 scale) on the last 60 hours of coursework. Applicants with a master’s degree should have a minimum graduate grade point average of 3.5. A student with a lower GPA may be considered for admission on probation. International students must submit TOEFL or IELTS scores. Three letters of recommendation are required. The applicant must also provide a statement of purpose and a current resume or CV. For most applicants, admission is for the fall semester.",,True,False,True,True,False,False,,,program,PhD in Kinesiology,https://guide.wisc.edu/graduate/kinesiology/kinesiology-phd/kinesiology-phd_text.pdf
Required,Required,"Applicants must meet the Graduate School’s minimum requirements, which include a bachelor’s degree from an accredited institution and a minimum undergraduate grade point average of 3.00. Application materials required for the MSLA program include: Reasons for Graduate Study/Statement of Interest, three letters of recommendation, a CV or resume, official transcripts, and evidence of writing or research ability (such as a paper or report). GRE scores are not required for admission to this program.",Required,True,False,True,True,False,False,,,program,Master of Science in Landscape Architecture,The official website for the University of Wisconsin–Madison is [wisc.edu](https://www.wisc.edu).
Required,Required,"To apply for the Master of Arts in Library and Information Studies, applicants must meet the following requirements: a bachelor's degree from an accredited institution; a minimum undergraduate grade point average (GPA) of 3.00 on a 4.00 scale (on the last 60 hours of undergraduate coursework); a Graduate School application including the application fee; three letters of recommendation; a personal statement; and a current resume. International students must also meet the Graduate School's English proficiency requirements.",Not Required,True,True,True,False,False,False,,,program,Master of Arts in Library and Information Studies,https://www.idp.com/universities-and-colleges/university-of-wisconsin-madison/master-of-arts-in-library-and-information-studies/PRG-US-00005477/
Required,Required,"Applicants must meet the Graduate School’s minimum requirements, including a bachelor's degree from an accredited institution and a minimum undergraduate grade point average (GPA) of 3.00 on a 4.00 scale. The Department of Life Sciences Communication requires a Resume/CV, a Statement of Purpose (reasons for graduate study), and three letters of recommendation. A writing sample is also required for all applicants. International students must submit official TOEFL or IELTS scores unless they meet the Graduate School's criteria for a waiver. The GRE is no longer required for admission.",Required,True,False,True,False,False,False,,,program,Master of Science in Life Sciences Communication,The official website for the University of Wisconsin–Madison is [wisc.edu](https://www.wisc.edu).
Required,Required,"Applicants must meet the Graduate School’s minimum requirements. Program-specific requirements include a GPA of 3.0 on a 4.0 scale, transcripts, three letters of recommendation, a statement of purpose, a resume or CV, and a writing sample. International students must provide TOEFL or IELTS scores. Official GRE scores are no longer required for admission to the graduate programs.",Required,True,False,,True,False,False,,,program,PhD in Life Sciences Communication,The official website for the University of Wisconsin–Madison is [wisc.edu](https://www.wisc.edu).
Required,Required,"Applicants must have a bachelor's degree from an accredited institution. A grade point average (GPA) of at least 3.00 (on a 4.00 scale) for the final 60 credits of undergraduate study is required. International students must have a degree comparable to a regionally accredited U.S. bachelor's degree. Applicants must meet the Graduate School’s English proficiency requirements. Specific prerequisites include a strong background in the basic sciences. Required materials include three letters of recommendation, a personal statement (Reasons for Graduate Study), and a CV or resume.",,True,False,True,True,False,False,,,program,Master of Science in Limnology and Marine Science,The official website for the University of Wisconsin–Madison is [wisc.edu](https://www.wisc.edu).
Required,Required,"Applicants must meet the Graduate School's minimum requirements for admission. Beyond the Graduate School requirements, the most important requirement for admission to the Limnology and Marine Science program is that a faculty member agrees to serve as the student's advisor. Application materials include three letters of recommendation, a CV or resume, a statement of purpose (reasons for graduate study), and transcripts. International applicants must provide English proficiency test scores (TOEFL or IELTS). The program does not require GRE scores.",,True,False,True,True,False,False,,,program,PhD in Limnology and Marine Science,The official website for the University of Wisconsin–Madison is [wisc.edu](https://www.wisc.edu).
Required,Required,Applicants for the M.A. in Linguistics must satisfy the Graduate School's minimum requirements and the program's requirements. This includes a bachelor's degree from an accredited institution and a minimum undergraduate grade point average (GPA) of 3.0 on a 4.0 scale. An undergraduate major in linguistics is not a prerequisite for admission. International students must meet the Graduate School's English proficiency requirements. GRE scores are not required for admission to our programs.,Required,True,False,True,False,False,False,,,program,Master of Arts in Linguistics,The official website for the University of Wisconsin–Madison is [wisc.edu](https://www.wisc.edu).
Required,Required,"Applicants must have a bachelor's degree from a regionally accredited U.S. institution or a comparable degree from an international institution. A minimum undergraduate grade point average (GPA) of 3.00 on a 4.00 scale is required. Requirements for admission include a Statement of Purpose, CV/Resume, three letters of recommendation, and a writing sample. For international applicants whose native language is not English, the Graduate School requires a minimum TOEFL score of 92 (iBT) or a minimum IELTS score of 7.0. The GRE is not required.",Required,True,False,True,True,False,False,,,program,PhD in Linguistics,The official website for the University of Wisconsin–Madison is [wisc.edu](https://www.wisc.edu).
Required,Required,"Applicants to the MS research program or MS-PO program should have a bachelor’s degree in a physical science or any field of engineering from an approved institution. An undergraduate grade point average (GPA) of 3.0 (on a 4.0 scale) is required. GRE is not required for the MS research program or MS-PO program. For non-native English speakers, the TOEFL or IELTS is required unless the applicant has a degree from an institution where English is the primary language of instruction. Application materials include three letters of recommendation, a resume/CV, and a statement of purpose (reasons for graduate study).",,True,False,True,True,False,False,,,program,Master of Science in Materials Science and Engineering,The official website for the University of Wisconsin–Madison is [wisc.edu](https://www.wisc.edu).
Required,Required,Applicants should have a bachelor's degree in a physical science or engineering discipline. The department requires an undergraduate GPA of 3.0 (on a 4.0 scale). Applications are judged on the basis of previous academic record and three letters of recommendation. The GRE is no longer required for applications to the Materials Science and Engineering program and GRE scores will not be used in the evaluation of applications. International students must also meet the Graduate School’s English proficiency requirement.,,True,False,True,True,False,False,,,program,PhD in Materials Science and Engineering,The official website for the University of Wisconsin–Madison is [wisc.edu](https://www.wisc.edu).
Required,Required,"Applicants for admission should have a good background in mathematics, including advanced calculus and linear algebra. The Graduate School’s minimum requirements are: a bachelor’s degree from a regionally accredited U.S. institution or a comparable degree from an international institution; a minimum undergraduate grade point average (GPA) of 3.00 (on a 4.00 scale) on the equivalent of the last 60 semester hours (approximately two years of work) or a 3.00 on a 4.00 scale on a completed master’s degree; and English proficiency. Scores from the GRE General Test and the GRE Mathematics Subject Test are recommended but not required.",Not Required,True,True,True,True,False,False,,,program,Master of Arts in Mathematics,The official website for the University of Wisconsin–Madison is [wisc.edu](https://www.wisc.edu).
Required,Required,"Applicants must meet the Graduate School's minimum requirements, including a bachelor's degree from an accredited institution and a minimum undergraduate grade-point average (GPA) of 3.00 on a 4.00 scale. Departmental application requirements for the PhD in Mathematics include a Statement of Purpose, a CV/Resume, and three letters of recommendation. GRE General and Subject scores are optional. International students must also meet English proficiency requirements as defined by the Graduate School.",,True,True,True,True,False,False,,,program,PhD in Mathematics,The official website for the University of Wisconsin–Madison is [wisc.edu](https://www.wisc.edu).
Required,Required,"Applicants should have a bachelor's degree in engineering or a related physical science. A minimum undergraduate grade point average of 3.0 (on a 4.0 scale) is required. International applicants must have a TOEFL score of 92 (Internet-based) or better, or an IELTS score of 7.0 or better. The program requires three letters of recommendation and a statement of purpose.",,True,False,True,True,False,False,,,program,Master of Science in Mechanical Engineering,https://guide.wisc.edu/graduate/mechanical-engineering/mechanical-engineering-ms/mechanical-engineering-ms.pdf
Required,Required,"Applicants must have a bachelor's degree in mechanical engineering or another related engineering, or physical or mathematical science. Admission is very competitive. Most admitted students have a GPA of 3.5 or higher (on a 4.0 scale). The Graduate School sets minimum requirements for admissions. Admission to the doctoral program is based on the applicant’s scholastic record, statement of purpose, and letters of recommendation.",,True,False,True,True,False,False,,,program,PhD in Mechanical Engineering,https://guide.wisc.edu/graduate/mechanical-engineering/mechanical-engineering-phd/
Required,Required,"Applicants must have an undergraduate degree in physics or a related physical science or engineering discipline with physics coursework equivalent to a physics major. This typically includes two semesters of general physics with labs, two semesters of calculus, and at least two upper-level physics courses (e.g., modern physics, classical mechanics, electricity and magnetism). A minimum undergraduate grade point average (GPA) of 3.0 on a 4.0 scale is required for admission. International students must also meet English proficiency requirements.",,True,False,True,True,False,False,,,program,Master of Science in Medical Physics,The official website for the University of Wisconsin–Madison is [wisc.edu](https://www.wisc.edu).
Required,Required,"Applicants should have a Bachelor’s degree in physics, or a Bachelor’s degree in another science or engineering discipline with the equivalent of a minor in physics. A strong background in physics and mathematics is required. Minimum undergraduate requirements include: one year of general physics with labs; one year of general chemistry with labs; a minimum of three semesters of calculus; a semester of differential equations; and 18-20 credits of intermediate/advanced physics (including courses in modern physics, electricity and magnetism, and classical mechanics). A grade point average of at least 3.0 (on a 4.0 scale) is required for admission. Applicants must also provide three letters of recommendation and reasons for graduate study. Submission of GRE scores is NOT required.",,True,False,True,True,False,False,,,program,PhD in Medical Physics,The official website for the University of Wisconsin–Madison is [wisc.edu](https://www.wisc.edu).
Required,Required,"The Microbiology MS is a research-based master's degree program. It is primarily for students who are already working in a research lab at UW–Madison and want to earn a master's degree while continuing their research. Admission to the MS program requires that the student have a faculty advisor who will provide lab space and financial support. Students are not admitted directly into the MS program. Applicants must meet the Graduate School’s minimum requirements, including a minimum undergraduate grade point average (GPA) of 3.00 on a 4.00 scale.",,True,False,True,True,False,False,,,program,Master of Science in Microbiology,The official website for the University of Wisconsin–Madison is [wisc.edu](https://www.wisc.edu).
Required,Required,"Applicants must meet the UW–Madison Graduate School’s minimum requirements. The program evaluates applicants based on their previous academic records, research experience, and three letters of recommendation. Applicants should have a strong background in biological and physical sciences, with undergraduate coursework in mathematics, physics, chemistry (including organic chemistry and biochemistry), and biology. A minimum undergraduate grade point average (GPA) of 3.00 on a 4.00 scale is required.",,True,False,True,True,False,False,,,program,PhD in Microbiology,The official website for the University of Wisconsin–Madison is [wisc.edu](https://www.wisc.edu).
Required,Required,"Applicants must have a bachelor's degree from an accredited institution and a minimum undergraduate grade point average of 3.0 (on a 4.0 scale). A background in biology, chemistry, or a related field is required. Recommended coursework includes: 2 semesters of general chemistry, 2 semesters of organic chemistry, at least 1 semester of calculus, 2 semesters of biology, and 1 semester of physics. International students must also meet the Graduate School's requirements for English proficiency.",Not Required,True,False,True,True,False,False,,,program,Master of Science in Molecular and Environmental Toxicology,The official website for the University of Wisconsin–Madison is [wisc.edu](https://www.wisc.edu).
Required,Required,"An undergraduate degree in a biological or physical science is required. All applicants must meet the Graduate School’s minimum requirements. A minimum grade point average (GPA) of 3.0 (on a 4.0 scale) is required. The MET program also requires the following: Three years of chemistry (to include general, organic, and some form of physical, analytical, or biochemistry), one year of biology, one year of physics.",,True,False,True,True,False,False,,,program,PhD in Molecular and Environmental Toxicology,The official website for the University of Wisconsin–Madison is [wisc.edu](https://www.wisc.edu).
Required,Required,"Applicants to the Master of Arts program should have an undergraduate degree in music or its equivalent, and a minimum undergraduate grade point average of 3.0 (on a 4.0 scale). The Graduate School requires an official transcript from each institution attended. International students must also meet the Graduate School's English proficiency requirements.",Required,True,False,True,False,False,False,,,program,Master of Arts in Music,https://guide.wisc.edu/graduate/music/music-ma/
Required,Required,"Applicants to the Master of Music (MM) program must have an undergraduate degree in music or its equivalent from an accredited institution. Admission requirements include the submission of a Graduate School application, official transcripts, three letters of recommendation, a CV or resume, and a statement of purpose (Reasons for Graduate Study). Additionally, specific areas of study require supplementary materials: an audition for performance and conducting; a portfolio for composition; and a writing sample for musicology, music theory, and music education. The GRE is not required for any Mead Witter School of Music program.",Required,True,False,True,False,False,False,,,program,Master of Music,The official website for the University of Wisconsin–Madison is [wisc.edu](https://www.wisc.edu).
Required,Required,"Please consult the table below for key information about this degree program's admissions requirements. The program may have more detailed admissions requirements, which can be found below the table or on the program’s website. Graduate Graduate School admission requirements include a Bachelor’s degree from a regionally accredited U.S. institution or a comparable degree from an international institution, a minimum undergraduate grade point average (GPA) of 3.00, and TOEFL or IELTS scores for international applicants. Mead Witter School of Music requirements include: CV/Resume, Statement of Purpose (Reasons for Graduate Study), Letters of Recommendation, and a Writing Sample. GRE is not required.",Required,True,False,True,False,False,False,,,program,PhD in Music,https://guide.wisc.edu/graduate/music/music-phd/music-phd.pdf
Required,Required,"Application requirements for the Doctor of Musical Arts in Music include the Graduate School application, application fee, transcripts, three letters of recommendation, CV or resume, a statement of purpose, and a writing sample. Most majors also require an audition, an interview, and/or a portfolio of work. The writing sample should be a sample of scholarly writing, such as a paper written for a music history or music theory course. The GRE is not required.",Required,True,False,True,False,False,False,,,program,Doctor of Musical Arts in Music,The official website for the University of Wisconsin–Madison is [wisc.edu](https://www.wisc.edu).
Required,Required,"In addition to the Graduate School’s minimum requirements, the Neuroscience Training Program (NTP) requires: Research Experience: Most applicants have at least one year of research experience. Letters of Recommendation: Three letters of recommendation, ideally from research mentors. Personal Statement: A personal statement describing research experience and career goals. Resume: A current resume or CV. The NTP does not require GRE scores.",,True,False,True,True,False,False,,,program,PhD in Neuroscience,https://guide.wisc.edu/graduate/medicine-public-health-school-wide/neuroscience-ms/
Required,Required,"Applicants must have a bachelor's degree in engineering or a related field (e.g., physics, mathematics, chemistry) from an accredited institution. A minimum undergraduate GPA of 3.00 (on a 4.00 scale) for the final 60 semester hours is required. International students must meet the Graduate School's English proficiency requirements. The Graduate Record Examination (GRE) is not required for admission.",,True,False,True,True,False,False,,,program,Master of Science in Nuclear Engineering and Engineering Physics,The official website for the University of Wisconsin–Madison is [wisc.edu](https://www.wisc.edu).
Required,Required,"Applications must include a statement of purpose, a resume or CV, and three letters of recommendation. GRE scores are not required for admission to this program. Applicants must have a bachelor's degree from an accredited institution and a minimum undergraduate grade point average (GPA) of 3.00 on a 4.00 scale.",,True,False,True,True,False,False,,,program,PhD in Nuclear Engineering and Engineering Physics,https://engineering.wisc.edu/programs/degrees/nuclear-engineering-and-engineering-physics-phd/
Required,Required,"Current licensure as a registered nurse; A baccalaureate degree in nursing from an accredited program; A minimum undergraduate grade-point average (GPA) of 3.0 (on a 4.0 scale) on the last 60 semester hours of undergraduate coursework; Foundation course in statistics (at least 3 credits), completed within five years of the program start date; Three letters of recommendation; CV or resume; Statement of Purpose (approx. 500 words).",,True,False,True,False,False,False,,,program,Master of Science in Nursing,The official website for the University of Wisconsin–Madison is [wisc.edu](https://www.wisc.edu).
Required,Required,"Minimum requirements for admission include a cumulative undergraduate grade point average (GPA) of at least 3.0 on a 4.0 scale and a current license to practice as a registered nurse (RN) or eligibility for a Wisconsin nursing license. International applicants must meet Graduate School requirements for English Proficiency. The PhD application includes a CV or Resume, Statement of Purpose, Writing Sample, three letters of recommendation, and transcripts. The GRE is not required.",Required,True,False,True,True,False,False,,,program,PhD in Nursing,https://students.nursing.wisc.edu/graduate-advising/grad/
Required,Required,"Applicants to the Doctor of Nursing Practice (DNP) program must have a Bachelor of Science in Nursing (BSN) or a Master’s degree in nursing from a program accredited by CCNE, ACEN, or CNEA. A minimum undergraduate or graduate grade point average of 3.0 on a 4.0 scale is required. Candidates must hold an unencumbered license as a registered nurse in the United States. Application requirements include official transcripts, three letters of recommendation, a professional statement (essay), and a current professional resume or curriculum vitae. Prerequisites include a college-level statistics course and a physical assessment course completed within the last five years (or demonstrated current use in practice). International applicants must meet Graduate School English proficiency requirements.",,True,False,True,False,False,False,,,program,Doctor of Nursing Practice,The official website for the University of Wisconsin–Madison is [wisc.edu](https://www.wisc.edu).
Required,Required,"Applicants must meet the Graduate School’s minimum requirements for admission. Specific program prerequisites include general chemistry (two semesters), organic chemistry (one semester), biochemistry (one semester), and biological sciences (two semesters). Recommended courses include physics, calculus, and physiology. A minimum undergraduate grade point average of 3.0 (on a 4.0 scale) is required. Three letters of recommendation and a CV/Resume are also necessary for a complete application.",,True,False,True,True,False,False,,,program,Master of Science in Nutritional Sciences,The official website for the University of Wisconsin–Madison is [wisc.edu](https://www.wisc.edu).
Required,Required,"To be considered for admission to the PhD in Nutritional Sciences, applicants must meet the following requirements: A minimum undergraduate grade-point average (GPA) of 3.00 (on a 4.00 scale). Completion of undergraduate courses including: 2 semesters of general chemistry, 2 semesters of biological sciences, 1 semester of organic chemistry, 1 semester of biochemistry (with an organic chemistry prerequisite), 1 semester of calculus or statistics, and 1 semester of human physiology. Applicants must also provide three letters of recommendation and a Statement of Purpose (Reasons for Graduate Study).",,True,False,True,True,False,False,,,program,PhD in Nutritional Sciences,The official website for the University of Wisconsin–Madison is [wisc.edu](https://www.wisc.edu).
Required,Required,"Applicants must have a bachelor's degree and a professional entry-level degree in Occupational Therapy from an ACOTE or WFOT accredited program. A minimum undergraduate grade point average (GPA) of 3.00 (on a 4.00 scale) is required. Standardized tests (GRE) are not required. Requirements include: Reasons for Graduate Study/Statement of Purpose, CV/Resume, and three letters of recommendation.",,True,False,True,False,False,False,,,program,Doctor of Occupational Therapy,https://www.aota.org/education/find-a-school/postprofessional-programs-in-ot---doctorate-degree-level
Required,Required,"To be considered for admission, applicants must meet the following: A Bachelor’s degree in engineering, or a related field (mathematics, physics, computer science, etc.). Prior coursework should include calculus and linear algebra. Three letters of recommendation. GRE scores are not required. Statement of purpose. Resume/CV. All applicants must meet the Graduate School’s minimum requirements to be considered for admission, including an undergraduate GPA of at least 3.00 on a 4.00 scale and English proficiency for international applicants.",,True,False,True,True,False,False,,,program,Master of Science in Operations Research,https://guide.wisc.edu/graduate/industrial-systems-engineering/industrial-engineering-ms/industrial-engineering-research-ms/
Required,Required,"Applicants must meet the University of Wisconsin–Madison Graduate School admission requirements. Application requirements for the program include: official transcripts from all colleges/universities attended, 3 letters of recommendation, CV/Resume, and Reasons for graduate study/Statement of purpose. For international applicants, a TOEFL score (minimum 100) or IELTS score (minimum 7.0) is required. GRE scores are not required.",,True,False,True,True,False,False,,,program,Master of Science in Pharmaceutical Sciences,The official website for the University of Wisconsin–Madison is [wisc.edu](https://www.wisc.edu).
Required,Required,"Applicants must meet the Graduate School’s minimum requirements for admission. The Pharmaceutical Sciences PhD program considers several factors for admission including academic record (GPA), research experience, letters of recommendation, and a statement of purpose. A B.S. or M.S. degree in pharmacy, chemistry, biology, or a related field is typically required. A minimum grade point average (GPA) of 3.0 (on a 4.0 scale) is required. The Graduate Record Examination (GRE) is not required for admission. International applicants must provide proof of English proficiency.",,True,False,True,True,False,False,,,program,PhD in Pharmaceutical Sciences,https://guide.wisc.edu/graduate/pharmacy-school-wide/pharmaceutical-sciences-phd/pharmaceutical-sciences-phd_admissionstext.pdf
Required,Required,"Applicants must hold a bachelor’s or higher degree from an accredited institution in the US or an equivalent degree from a recognized institution outside the US. A minimum undergraduate grade point average (GPA) of 3.00 (on a 4.00 scale) is required. Required application materials include a Statement of Purpose, Personal Statement, Resume or Curriculum Vitae (CV), and three letters of recommendation. International students must provide English proficiency test scores. GRE scores are not required.",,True,False,True,True,False,False,,,program,PhD in Pharmacy,The official website for the University of Wisconsin–Madison is [wisc.edu](https://www.wisc.edu).
Required,Required,"To be eligible to apply for the PharmD program, a student must have completed at least 72 semester credits of pre-pharmacy coursework by the time they enter the program (late August). A cumulative GPA of at least 2.5 (on a 4.0 scale) is required to be considered for admission. Applicants must submit an application through PharmCAS, which includes a personal statement, letters of recommendation, and a resume. The PCAT is not required for admission.",,True,True,True,True,False,False,,,program,Doctor of Pharmacy,https://guide.wisc.edu/pharmacy/pharmacy-school-wide/
Required,Required,"The Department of Philosophy does not admit students directly to the Master of Arts degree; students apply to the Ph.D. program and may earn the M.A. while in progress. Application requirements include a statement of purpose (reasons for graduate study), a curriculum vitae (CV)/resume, three letters of recommendation, a writing sample (typically a paper from an upper-level undergraduate or graduate-level philosophy course), and transcripts. The Graduate School requires a minimum undergraduate GPA of 3.00 on a 4.00 scale. Applicants must also meet the Graduate School's English proficiency requirements if applicable.",Required,True,False,True,False,False,False,,,program,Master of Arts in Philosophy,The official website for the University of Wisconsin–Madison is [wisc.edu](https://www.wisc.edu).
Required,Required,"The Graduate School’s minimum requirements for admission are: a bachelor’s degree from a regionally accredited U.S. institution or a comparable degree from an international institution, a minimum undergraduate grade-point average (GPA) of 3.00 (on a 4.00 scale) on the last 60 hours of undergraduate coursework (approximately two years of work), or a master’s degree with a minimum cumulative GPA of 3.00. The Graduate School also requires English proficiency test scores for those whose native language is not English or whose undergraduate instruction was not in English. The Department of Philosophy requires: Reasons for Graduate Study/Statement of Purpose, Writing Sample (a sample of philosophical writing, approximately 15–20 pages), Resume/CV, and three letters of recommendation.",Required,True,False,True,False,False,False,,,program,PhD in Philosophy,https://guide.wisc.edu/graduate/philosophy/
,,This program does not accept applications for the M.S. Physics degree. All applicants should apply to either the Physics Ph.D. or the M.S. Physics: Quantum Computing.,,True,False,,True,False,False,,,program,Master of Science in Physics,https://guide.wisc.edu/graduate/physics/physics-ms/physics-ms_text.pdf
Required,Required,"The physics department requires that all applicants satisfy the requirements of the Graduate School for admission. In addition, for admission to the Ph.D. program in physics, a student should have an undergraduate major in physics, or its equivalent, with a minimum grade point average of 3.0 (on a 4.0 scale). Admissions are made by a department committee that considers all of the student’s qualifications, including previous academic record, research experience, and letters of recommendation.",,True,False,True,True,False,False,,,program,PhD in Physics,https://guide.wisc.edu/graduate/physics/physics_degreesmajorsdoctoralminorsgraduateprofessionalcertificatestext.pdf
Required,Required,"Applicants must have a bachelor's degree from an accredited institution. A GPA of at least 3.0 (on a 4.0 scale) is required. The Graduate Record Examination (GRE) is not required. International students must have a TOEFL score of 580 (paper-based) or 92 (Internet-based) or an IELTS score of 7. Application requirements include a completed Graduate School application, three letters of recommendation, statement of purpose, CV/resume, and official transcripts.",,True,False,True,True,False,False,,,program,Master of Science in Physiology,https://vertexaisearch.cloud.google.com/grounding-api-redirect/AUZIYQFxfvZ7Gx_qz8XX4rX7yxgsN4bD12gJ7uWlpO_iVhBjCbY02xbEf7mTIdH1wuZqtNJ9hz_UPb0kVpgHtB4eBpHXHa4YLiG6jFyGqwcs-WQhqDZCWph490eVAlVraBrQDCMyYuecsT-ByCqF1CnHdDch9Dc_vMFJlEwyGj8CjMZBOu15r8cHh_EYNygy8OznjigFWgUmgfUq2mOaAQgT_CDO_eWP2XAGjPx6yrH16E5AIJkEncg=
Required,Required,"Admission to the Ph.D. program is based on a student’s previous academic record, Graduate Record Exam (GRE) scores (not required), research experience, and letters of recommendation. Minimum requirements for the Graduate School are a bachelor’s degree from an accredited institution with a GPA of 3.0 or better (on a 4.0 scale). Prerequisites for the program include coursework in biology, chemistry (including organic and/or biochemistry), physics and calculus.",,True,False,True,True,False,False,,,program,PhD in Physiology,The official website for the University of Wisconsin–Madison is [wisc.edu](https://www.wisc.edu).
Required,Required,"Admission to the program is based on an evaluation of the applicant’s previous academic record, letters of recommendation, and statement of purpose. Requirements for admission to the plant breeding and plant genetics program: 1. A grade point average of at least 3.0 (on a 4.0 scale). 2. Three letters of recommendation. 3. Statement of purpose. 4. Resume or CV. 5. International students: TOEFL or IELTS scores.",,True,False,True,True,False,False,,,program,Master of Science in Plant Breeding and Plant Genetics,https://guide.wisc.edu/graduate/agricultural-life-sciences-college-wide/plant-breeding-plant-genetics-ms/
Required,Required,"Candidates for the plant breeding and plant genetics program should have a strong background in the biological or agricultural sciences. Applicants must meet the Graduate School's minimum requirements, including a minimum undergraduate grade point average of 3.00 on a 4.00 scale. Required application materials include official transcripts, three letters of recommendation, a statement of purpose, and a CV or resume. International applicants must also meet English proficiency requirements set by the Graduate School.",,True,False,True,True,False,False,,,program,PhD in Plant Breeding and Plant Genetics,The official website for the University of Wisconsin–Madison is [wisc.edu](https://www.wisc.edu).
Required,Required,"Applicants should have a background in the basic sciences including biology, chemistry, and mathematics. A grade point average (GPA) of 3.0 (on a 4.0 scale) is required for admission. Applicants must meet all Graduate School admission requirements. Departmental application requirements include: a bachelor’s degree from an accredited institution, CV or Resume, Reasons for Graduate Study/Statement of Purpose, Three letters of recommendation, and Transcripts. For international students, English Proficiency test scores are required if the applicant's native language is not English.",Not Required,True,False,True,True,False,False,,,program,Master of Science in Plant Pathology,The official website for the University of Wisconsin–Madison is [wisc.edu](https://www.wisc.edu).
Required,Required,The department follows the admission requirements of the Graduate School. Applicants are expected to have a strong background in biological or physical sciences. A minimum grade-point average (GPA) of 3.0 (on a 4.0 scale) is required. Graduate Record Examination (GRE) scores are no longer required.,,True,False,True,True,False,False,,,program,PhD in Plant Pathology,https://guide.wisc.edu/graduate/plant-pathology/plant-pathology-phd/plant-pathology-phd_requirementstext.pdf
Required,Required,"The Department of Political Science does not admit students to the Master of Arts (MA) program. All applicants must apply to the Ph.D. program. The MA degree is awarded to students who complete the required coursework as they progress toward the Ph.D. degree. Applicants must have a bachelor’s degree from a regionally accredited U.S. institution or a comparable degree from an international institution and a minimum undergraduate grade-point average (GPA) of 3.00 on a 4.00 scale. Required application materials include three letters of recommendation, a statement of purpose, a CV or resume, official transcripts, and a writing sample. GRE scores are not required and are not used in the evaluation of applications.",Required,True,False,True,False,False,False,,,program,Master of Arts in Political Science,The official website for the University of Wisconsin–Madison is [wisc.edu](https://www.wisc.edu).
Required,Required,"Applicants must meet the Graduate School's minimum requirements for admission. The Department of Political Science requires an undergraduate GPA of at least 3.0 on a 4.0 scale. Application materials must include: a Statement of Purpose, three letters of recommendation, a CV or Resume, a Writing Sample, and transcripts. The GRE is not required for application to the program.",Required,True,False,True,False,False,False,,,program,PhD in Political Science,The official website for the University of Wisconsin–Madison is [wisc.edu](https://www.wisc.edu).
Required,Required,"Applicants must meet the Graduate School’s minimum requirements. In addition, the department requires a grade point average (GPA) of at least 3.0 (on a 4.0 scale). Applications must include a bachelor’s degree from an accredited institution, three letters of recommendation, reasons for graduate study, and a resume or CV. International students must also meet the Graduate School's English proficiency requirements.",,True,False,True,True,False,False,,,program,Master of Science in Population Health,https://guide.wisc.edu/graduate/population-health-sciences/
Required,Required,"Applicants must hold a baccalaureate degree from an accredited institution. Applicants are expected to have a competitive GPA (most have a GPA above 3.0 on a 4.0 scale). Application materials must include a statement of purpose (reasons for graduate study), three letters of recommendation, a current resume or CV, and official transcripts. For international applicants whose undergraduate instruction was not in English, English proficiency scores (TOEFL or IELTS) are required. GRE scores are not required for admission.",,True,True,True,True,False,False,,,program,PhD in Population Health,The official website for the University of Wisconsin–Madison is [wisc.edu](https://www.wisc.edu).
,,This program is only available to students already enrolled in the Psychology PhD. The Psychology Department does not admit students to the master’s degree; only students who have been admitted to the Psychology PhD program may earn the Psychology MS while working towards their PhD.,,True,False,False,True,False,False,,,program,Master of Science in Psychology,https://guide.wisc.edu/graduate/psychology/psychology-ms/psychology-ms.pdf
Required,Required,"Applicants to the PhD program in psychology must apply through the Graduate School's online application. Applications are accepted for the fall term only. The Graduate School sets minimum requirements for admissions. The department requires: Three letters of recommendation, CV/Resume, Statement of Purpose, Personal Statement (optional), Transcripts, and a Supplemental application (part of the Graduate School's online application). GRE scores are not required and will not be considered if submitted.",,True,False,True,True,False,False,,,program,PhD in Psychology,https://guide.wisc.edu/graduate/psychology/psychology-ms/
Required,Required,"Applicants must have a bachelor's degree from an accredited institution and a minimum undergraduate grade point average (GPA) of 3.0 on a 4.0 scale. Prerequisite coursework in microeconomics and statistics (introductory level or higher) is required, although students may be admitted before completing these courses. International students must also meet English proficiency requirements set by the Graduate School.",Not Required,True,False,True,False,False,False,,,program,Master of Public Affairs,The official website for the University of Wisconsin–Madison is [wisc.edu](https://www.wisc.edu).
Required,Required,"Applicants to the M.S. in Counseling (Rehabilitation Counseling) must meet the Graduate School’s minimum requirements for admission. Application requirements include a completed Graduate School application, official transcripts, reasons for graduate study (statement of purpose), three letters of recommendation, and a current resume or CV. The GRE is not required for admission to this program.",Not Required,True,False,True,False,False,False,,,program,Master of Science in Rehabilitation Counselor Education,https://iarp-rehabpro.scholasticahq.com/article/147023-facilitating-knowledge-in-rehabilitation-counseling-professionals-on-caseload-management-a-pre-test-post-test-evaluation.pdf
Required,Required,"Applicants must meet the Graduate School’s minimum requirements for admission, which include a bachelor’s degree from a regionally accredited U.S. institution or a comparable degree from an international institution, a minimum undergraduate grade-point average (GPA) of 3.00, and English proficiency requirements if applicable. Program-specific requirements for the PhD in Rehabilitation Counselor Education include a professional statement, a resume or CV, a writing sample (e.g., a paper from a previous course, a published article, or a professional report), three letters of recommendation, and transcripts. The program typically admits students who have completed a master's degree in rehabilitation counseling or a related field. The GRE is not required.",Required,True,False,True,False,False,False,,,program,PhD in Rehabilitation Counselor Education,The official website for the University of Wisconsin–Madison is [wisc.edu](https://www.wisc.edu).
Required,Required,"A bachelor's degree from an accredited institution. A minimum undergraduate grade point average of 3.00 (on a 4.00 scale) on the equivalent of the last 60 semester hours. Proficiency in a Scandinavian language (Danish, Finnish, Icelandic, Norwegian, or Swedish). Applicants must also meet the Graduate School's Admission Requirements.",Required,True,False,True,False,False,False,,,program,Master of Arts in Scandinavian Studies,The official website for the University of Wisconsin–Madison is [wisc.edu](https://www.wisc.edu).
Required,Required,"Applicants to the PhD in Scandinavian Studies must hold a Master’s degree in Scandinavian studies or a related field. Admission requirements include a cumulative GPA of at least 3.0 (on a 4.0 scale), official transcripts, and English proficiency scores for international students (TOEFL iBT 92 or IELTS 7.0). Application materials must include a statement of purpose (reasons for graduate study), three letters of recommendation, a resume/CV, and a writing sample.",Required,True,False,True,False,False,False,,,program,PhD in Scandinavian Studies,The official website for the University of Wisconsin–Madison is [wisc.edu](https://www.wisc.edu).
Required,Required,"An undergraduate major in Russian or another Slavic language or equivalent is required. Admission is based on your grade point average, letters of recommendation, statement of purpose, and a writing sample. Applications are accepted for the fall semester only. All application materials must be submitted by January 5.",Required,True,False,True,False,False,False,,,program,Master of Arts in Slavic Languages and Literatures,The official website for the University of Wisconsin–Madison is [wisc.edu](https://www.wisc.edu).
Required,Required,"For admission to the PhD program in Slavic Languages and Literatures, students must satisfy the requirements of the Graduate School and the Department of German, Nordic, and Slavic. Applicants must have a bachelor's degree from an accredited institution and a minimum undergraduate grade point average (GPA) of 3.00 (on a 4.00 scale) on the equivalent of the last 60 semester hours. Proficiency in Russian (or another Slavic language) is generally required for the Slavic track. International students must fulfill the Graduate School's English proficiency requirement. Required application materials include a CV or resume, reasons for graduate study/statement of purpose, three letters of recommendation, and a writing sample.",Required,True,False,True,False,False,False,,,program,PhD in Slavic Languages and Literatures,The official website for the University of Wisconsin–Madison is [wisc.edu](https://www.wisc.edu).
Required,Required,"Applicants must have a bachelor's degree from an accredited institution; a minimum GPA of 3.0 on a 4.0 scale (calculated on the last 60 semester hours of academic work); at least 30 semester credits in the social sciences (e.g., anthropology, economics, history, philosophy, political science, psychology, sociology); and have completed a statistics course before enrolling in the program. Admission is based on academic preparation, work and volunteer experience in the human services, and potential for professional social work practice.",,True,False,True,False,False,False,,,program,Master of Social Work,https://guide.wisc.edu/graduate/social-work/social-work-msw/social-work-full-time-msw/social-work-full-time-msw.pdf
Required,Required,"To be admitted to the PhD Program, you must have completed a master's degree (preferably in social work or a related field) from an accredited institution. Applicants must have a minimum grade point average of 3.0 on a 4.0 scale. Application materials include: UW-Madison Graduate School electronic application, application fee, current CV or resume, two statements (Statement of Purpose and Research Statement), three letters of recommendation, writing sample, and transcripts.",Required,True,False,True,False,False,False,,,program,PhD in Social Welfare,https://socwork.wisc.edu/faq-phd/
Required,Required,"The Sociology department does not admit students to a terminal master's degree. All students are admitted to the doctoral program. The Sociology MS is a requirement for the doctoral program and is awarded to students as they work toward the completion of the PhD degree. Admission requirements include a bachelor's degree from an accredited institution, a minimum undergraduate grade-point average (GPA) of 3.00 on a 4.00 scale, a statement of purpose, a CV or resume, three letters of recommendation, and a writing sample. The program no longer requires or accepts GRE scores.",Required,True,False,True,False,False,False,,,program,Master of Science in Sociology,https://guide.wisc.edu/graduate/sociology/sociology-ms/sociology-ms.pdf
Required,Required,"Applicants must meet the Graduate School’s Admission Requirements. Admission to the program is for the fall semester only. Admission is competitive; our department typically receives 250-300 applications for an incoming class of 10-15 students. The Graduate Committee reviews applications for evidence of a high degree of academic proficiency and a serious commitment to a career in sociology. The application deadline is December 15. The admissions committee begins reviewing applications in early January and applicants are notified of admission and funding decisions in late February. Application Requirements: 1. Bachelor’s degree; 2. Grade point average of at least 3.0 on a 4.0 scale; 3. Application fee; 4. Letters of recommendation (3); 5. CV or Resume; 6. Statement of purpose; 7. Writing sample; 8. English proficiency scores (if applicable). Note: For the Fall 2025 admissions cycle, Sociology will not require or review GRE scores.",Required,True,False,True,False,False,False,,,program,PhD in Sociology,https://guide.wisc.edu/graduate/sociology/sociology-phd/
Required,Required,"To be considered for admission, applicants must meet the following: 1. Bachelor's degree in a physical or biological science or engineering. 2. Minimum undergraduate grade point average (GPA) of 3.00 (on a 4.00 scale) on the equivalent of the last 60 semester hours. 3. Graduate Record Examination (GRE) scores are not required. 4. TOEFL/IELTS/Duolingo scores for students whose native language is not English. 5. Acceptance by a faculty member in the Department of Soil Science who will serve as the major professor. Application materials include: Reasons for graduate study (Statement of Purpose), three letters of recommendation, CV/Resume, and transcripts.",Not Required,True,False,True,True,False,False,,,program,Master of Science in Soil Science,The official website for the University of Wisconsin–Madison is [wisc.edu](https://www.wisc.edu).
Required,Required,"Applicants must meet the Graduate School’s minimum requirements for admission, including a minimum undergraduate GPA of 3.00. Application materials include three letters of recommendation, a CV or resume, a statement of purpose, and official transcripts. International students must also submit English proficiency scores. Prerequisite coursework includes at least one semester each of calculus, general chemistry, organic chemistry, and physics. The Graduate Record Examination (GRE) is not required.",,True,False,True,True,False,False,,,program,PhD in Soil Science,The official website for the University of Wisconsin–Madison is [wisc.edu](https://www.wisc.edu).
Required,Required,"Applicants must have a bachelor’s degree from an accredited institution, usually with a major in Spanish or Portuguese, or equivalent. The department requires a grade point average of at least 3.0 (on a 4.0 scale). Application requirements include: official transcripts, three letters of recommendation, a statement of purpose, a curriculum vitae or resume, and a writing sample. For non-native English speakers, TOEFL or IELTS scores are required. The GRE is not required.",Required,True,False,True,False,False,False,,,program,Master of Arts in Spanish,The official website for the University of Wisconsin–Madison is [wisc.edu](https://www.wisc.edu).
Required,Required,"Applicants to the Ph.D. program in Spanish should have a Master of Arts degree in Spanish or its equivalent. Candidates for the doctoral program should have a GPA of at least 3.0 on a 4.0 scale. Graduate Record Examinations (GRE) scores are no longer required for admission. International students must meet the Graduate School's English proficiency requirements. Required application materials include a resume or CV, statement of purpose, three letters of recommendation, and a writing sample.",Required,True,False,True,False,False,False,,,program,PhD in Spanish,The official website for the University of Wisconsin–Madison is [wisc.edu](https://www.wisc.edu).
Required,Required,"A minimum undergraduate grade-point average (GPA) of 3.00 on the equivalent of the last 60 semester hours (4.00 scale) is required. Prior to starting the M.S. program, students must have completed: three semesters of calculus (through multivariable calculus), one semester of linear algebra, one semester of mathematical statistics (including probability), and one course in computer programming.",,True,False,True,True,False,False,,,program,Master of Science in Statistics,The official website for the University of Wisconsin–Madison is [wisc.edu](https://www.wisc.edu).
Required,Required,"All Graduate School requirements must be met. At least three semesters of calculus, including multivariate calculus, a course in linear algebra, and a semester of advanced calculus/real analysis are required. Some probability and statistics are also recommended. Stronger mathematical preparation is always an advantage. Applicants must have a minimum undergraduate grade point average of 3.00 (on a 4.00 scale). International students must meet the Graduate School's English proficiency requirements.",,True,True,True,True,False,False,,,program,PhD in Statistics,https://guide.wisc.edu/graduate/statistics/statistics-phd/statistics-statistics-phd/
Required,Required,"Admission requirements for the Master of Science in Urban and Regional Planning include a bachelor’s degree from an accredited college or university and a minimum undergraduate grade point average (GPA) of 3.00 on a 4.00 scale. Applicants must submit three letters of recommendation, a statement of purpose (reasons for graduate study), and a resume or CV. International applicants whose native language is not English must submit TOEFL or IELTS scores. The GRE is not required for the MS URPL program.",Not Required,True,False,True,True,False,False,,,program,Master of Science in Urban and Regional Planning,https://dpla.wisc.edu/academics/graduate-programs/ms-urban-and-regional-planning/
Required,Required,"Applicants must have a master's degree in urban and regional planning or a related field and show potential for advanced research and writing. Admission requirements include a minimum undergraduate grade point average of 3.0 on a 4.0 scale, three letters of recommendation, a statement of purpose, a CV or resume, and a writing sample. For international students, English proficiency test scores (TOEFL, IELTS, or Duolingo) are required. GRE scores are not required for admission to this program.",Required,True,False,True,True,False,False,,,program,PhD in Urban and Regional Planning,The official website for the University of Wisconsin–Madison is [wisc.edu](https://www.wisc.edu).
Required,Required,"Applicants must hold a B.S., B.A., or DVM degree (or equivalent). Applicants should have a background in the biological sciences; preference is given to students with an undergraduate GPA of 3.2 or higher and previous research experience. The department follows the Graduate School's minimum requirements for admission. Students are generally not admitted to the M.S. degree unless they have identified a faculty advisor.",,True,True,True,True,False,False,,,program,Master of Science in Veterinary Science,The official website for the University of Wisconsin–Madison is [wisc.edu](https://www.wisc.edu).
Required,Required,"To be considered for admission, applicants must satisfy the following requirements: Bachelor’s degree from an accredited institution. GPA: A minimum undergraduate grade point average (GPA) of 3.00 (on a 4.00 scale) is required. Prerequisites: A strong background in the sciences is required. Most successful applicants have completed courses in general chemistry, organic chemistry, biochemistry, and biology or zoology. Other recommended courses include: calculus, physics, and advanced biology courses such as anatomy, physiology, microbiology, genetics, etc. Letters of Recommendation: Three letters of recommendation are required. Statement of Purpose/Reasons for Graduate Study: A brief essay outlining your interest in the program and your career goals is required. Resume/CV: A resume/CV is required.",,True,False,True,True,False,False,,,program,PhD in Veterinary Science,https://grad.wisc.edu/academic-programs/
Required,Required,"Applicants must meet the Graduate School’s minimum requirements for admission. In addition, a bachelor’s degree from an accredited institution and a grade point average (GPA) of at least 3.0 (on a 4.0 scale) are required. The Graduate Record Examination (GRE) is not required. For international applicants whose native language is not English, or whose undergraduate instruction was not in English: TOEFL or IELTS scores are required. Prior to applying, students are required to contact a faculty member in the department to serve as a faculty advisor.",,True,False,True,True,False,False,,,program,Master of Science in Wildlife Ecology,https://guide.wisc.edu/graduate/forest-wildlife-ecology/wildlife-ecology-ms/
Required,Required,"Applicants must have a bachelor's degree from an accredited institution. A minimum undergraduate grade point average (GPA) of 3.00 on the equivalent of the last 60 semester hours is required. Applicants must submit a statement of purpose (reasons for graduate study), CV or resume, three letters of recommendation, and transcripts. International students must meet Graduate School English Proficiency requirements. GRE scores are not required. Applicants are strongly encouraged to contact potential faculty advisors before applying to determine if they are accepting new students and have available funding.",,True,False,True,True,False,False,,,program,PhD in Wildlife Ecology,The official website for the University of Wisconsin–Madison is [wisc.edu](https://www.wisc.edu).
Required,Required,"Applicants must meet the Graduate School's minimum requirements for admission, including a bachelor's degree from an accredited institution and a minimum undergraduate grade point average (GPA) of 3.00 on a 4.00 scale. Applicants are required to submit three letters of recommendation, a CV or resume, a statement of purpose (reasons for graduate study), and official transcripts. International students must also provide English proficiency scores (TOEFL or IELTS) if applicable. Applicants are strongly encouraged to contact potential faculty mentors before applying as admission is dependent on a faculty member's willingness to serve as the advisor.",,True,False,True,True,False,False,,,program,Master of Science in Zoology,The official website for the University of Wisconsin–Madison is [wisc.edu](https://www.wisc.edu).
Required,Required,"Applicants must meet the Graduate School’s minimum requirements. The Department of Integrative Biology requires: Transcripts, Resume or CV, Statement of Purpose (Reasons for Graduate Study), Three letters of recommendation, TOEFL/IELTS/Duolingo (for international students). Graduate Record Exam (GRE) scores are not required. All application materials should be submitted through the Graduate School's online application.",,True,False,True,True,False,False,,,program,PhD in Zoology,The official website for the University of Wisconsin–Madison is [wisc.edu](https://www.wisc.edu).
Required,Required,"To apply for admission to the JD program, you must: Have a bachelor's degree from an accredited college or university by the time you enroll. Take the Law School Admission Test (LSAT) or the Graduate Record Examination (GRE). Register with the Credential Assembly Service (CAS). Submit your application and all required documents, including a personal statement, resume, and two letters of recommendation, through the Law School Admission Council (LSAC).",Not Required,False,False,True,False,False,False,,,program,Juris Doctor,The official website for the University of Wisconsin–Madison is [wisc.edu](https://www.wisc.edu).
Not Required,Required,"To apply to the MD program at the University of Wisconsin School of Medicine and Public Health, applicants must have earned a bachelor’s degree from an accredited college or university and completed a minimum of 90 semester hours of undergraduate coursework. Required prerequisite courses include: General Biology (with lab), General Chemistry (with lab), Organic Chemistry (with lab), Biochemistry, Physics (with lab), Statistics, and Humanities/Social Science/Diversity coursework. Applicants must submit a valid MCAT score (taken within three years of application) and must be U.S. citizens, permanent residents, or have DACA status.",Not Required,True,False,True,True,False,False,,,program,Doctor of Medicine,The official website for the University of Wisconsin–Madison is [wisc.edu](https://www.wisc.edu).
,Required,"To apply for the DVM program, applicants must have completed 70 semester credits of college coursework. Applicants must have a minimum grade point average (GPA) of 2.8 (on a 4.0 scale) at the time of application to be considered for admission. Residents of Wisconsin are expected to have a minimum 2.8 GPA, and non-residents are expected to have a minimum 3.0 GPA. Alternatively, a 3.0 GPA for the last 30 semester credits of coursework will be accepted for non-residents. The GRE is not required.",,True,False,True,True,False,False,,,program,Doctor of Veterinary Medicine,The official website for the University of Wisconsin–Madison is [wisc.edu](https://www.wisc.edu).
Required,Required,"Prior to admission, students must have completed coursework in the following areas: child/adolescent development, statistics, and at least one other course in psychology or a related field. Professional and research experiences are also considered in the admission process. For the school psychology program, we look for evidence of high academic potential, previous experiences related to the field, and a good fit with our training model.",Not Required,True,False,True,True,False,False,,,program,Educational Specialist in School Psychology,The official website for the University of Wisconsin–Madison is [wisc.edu](https://www.wisc.edu).
,,"To be eligible to apply for the Graduate/Professional Certificate in Actuarial Science, students must be currently enrolled in a graduate or professional degree program at UW–Madison. All Graduate School students must utilize the Graduate Student Portal in MyUW to add, change, or discontinue any graduate/professional certificate. When adding a certificate, students must contact the certificate coordinator (see Contact Information) to discuss the program and application process. Before being admitted to the certificate program, students must have completed the following courses: MATH 221, MATH 222, and MATH 234; MATH 340 or MATH 341; and GEN BUS 306/GEN BUS 307 or STAT 311/STAT 312 or STAT 309/STAT 310 or STAT 431.",,True,False,False,True,False,False,,,program,Graduate/Professional Certificate in Actuarial Science,The official website for the University of Wisconsin–Madison is [wisc.edu](https://www.wisc.edu).
,,"All graduate and professional students are eligible to enroll in the Graduate/Professional Certificate in African Studies. To apply, students should fill out the online application form on the African Studies Program website. This form asks students to list their local contact information, home department and advisor, and an initial list of courses they may take to complete the requirements. Students are encouraged to contact the African Studies Program advisor to discuss their interests and their plan of study.",,True,False,False,False,False,False,,,program,Graduate/Professional Certificate in African Studies,https://guide.wisc.edu/undergraduate/letters-science/institute-regional-international-studies/african-studies-certificate/
,,"Applicants must be currently enrolled in a graduate or professional program at UW–Madison. Students must contact the certificate coordinator to indicate their interest in the certificate. Students should meet with the certificate coordinator to discuss their interest in the certificate and plan their course of study. After meeting with the coordinator, students must complete the online application for the certificate.",,True,False,,True,False,False,,,program,Graduate/Professional Certificate in Bioinformatics,The official website for the University of Wisconsin–Madison is [wisc.edu](https://www.wisc.edu).
,,"Students must be currently enrolled in a graduate or professional degree program at UW–Madison. To apply for the certificate, students must complete the online application form on the Wisconsin School of Business website.",,True,False,False,False,False,False,,,program,"Graduate/Professional Certificate in Business, Environment, and Social Responsibility",https://guide.wisc.edu/graduate/business-school-wide/business-environment-social-responsibility-graduate-professional-certificate/
,,"All Graduate School students and students in professional programs (e.g., Law, Medicine, Veterinary Medicine, Pharmacy) at UW–Madison are eligible to apply for the Graduate/Professional Certificate in Entrepreneurship. Students must be in good standing with their home program to be admitted to the certificate program. Students must apply for the certificate before they have completed more than 6 credits toward the certificate requirements. To apply, complete the online application form.",,True,False,False,False,False,False,,,program,Graduate/Professional Certificate in Entrepreneurship,https://guide.wisc.edu/graduate/management-human-resources/entrepreneurship-graduate-professional-certificate/entrepreneurship-graduate-professional-certificate_text.pdf
,Required,"Applicants must be enrolled in a graduate or professional degree program at UW–Madison. Students are encouraged to apply as early as possible. Application for admission to the certificate program consists of a 1–2 page statement of interest in gender and women’s studies and a meeting with the director of graduate studies (DGS) for Gender and Women’s Studies. Before applying, students should ensure that their home department allows for the completion of a certificate.",,True,False,,False,False,False,,,program,Graduate/Professional Certificate in Gender and Women's Studies,The official website for the University of Wisconsin–Madison is [wisc.edu](https://www.wisc.edu).
,Required,"Applicants must be currently enrolled in a graduate or professional degree program at UW–Madison. To apply for the certificate, students must complete the online application. Students are encouraged to apply as soon as they decide to pursue the certificate.",,True,False,False,False,False,False,,,program,Graduate/Professional Certificate in Global Health,The official website for the University of Wisconsin–Madison is [wisc.edu](https://www.wisc.edu).
,,"All students currently enrolled in a graduate or professional degree program at UW-Madison are eligible to apply for the Graduate/Professional Certificate in Sustainability. To apply, students should complete the online application form on the Nelson Institute website.",,True,False,,False,False,False,,,program,Graduate/Professional Certificate in Sustainability,https://guide.wisc.edu/graduate/graduate_graduateprofessionalcertificatestext.pdf
Required,Required,"Bachelor’s degree from an accredited institution. Minimum undergraduate GPA of 3.0 on a 4.0 scale. Completion of three semesters of calculus and one semester of linear algebra. Official transcripts from all institutions of higher education attended. Statement of purpose (one page). Resume. Two letters of recommendation. English proficiency scores, if applicable (TOEFL or IELTS).",,True,False,True,True,False,False,,,program,Capstone Certificate in Actuarial Science,The official website for the University of Wisconsin–Madison is [wisc.edu](https://www.wisc.edu).
Required,Required,A bachelor’s degree from an accredited institution; A minimum undergraduate grade point average (GPA) of 3.00 on a 4.00 scale (Applicants with a GPA below 3.00 may be considered for admission under certain circumstances); The online application for admission as a University Special student; Statement of interest; Current resume or CV; Names and contact information for three references.,,True,False,True,True,False,False,,,program,Capstone Certificate in Clinical and Health Informatics,The official website for the University of Wisconsin–Madison is [wisc.edu](https://www.wisc.edu).
Required,Required,"To be eligible for admission to the program, an applicant must: have a Bachelor’s degree from an accredited institution; have a minimum undergraduate grade point average (GPA) of 3.00 on a 4.00 scale (in some cases, applicants with a GPA below 3.00 may be considered for admission); have work experience or previous coursework in: Basic computer programming (one course or equivalent experience) and Introductory statistics (one course or equivalent experience). International students must have a TOEFL score of 92 (iBT) or higher, or an IELTS score of 7.0 or higher.",,True,False,False,True,False,False,,,program,Capstone Certificate in Data Science,https://stat.wisc.edu/data-science-certificate/
Required,Required,Admission requirements include: A bachelor's degree from an accredited institution. A minimum undergraduate grade point average (GPA) of 3.00 on a 4.00 scale; or a master's degree with a minimum cumulative GPA of 3.00. Applicants with GPAs below 3.00 may be considered for admission under some circumstances.,,True,False,False,False,False,False,,,program,Capstone Certificate in Geodesign,The official website for the University of Wisconsin–Madison is [wisc.edu](https://www.wisc.edu).
Required,Required,"Applicants must possess a baccalaureate degree. Application form: Students must complete the online UW-Madison application for admission as a University Special student. For the User Experience Design Capstone Certificate, select 'User Experience Design' as the program of interest. Additional information: The following items should be emailed directly to the certificate coordinator: 1. Resume 2. Statement of purpose (one page) 3. Contact information for two references",,True,False,False,False,False,False,,,program,Capstone Certificate in User Experience Design,https://guide.wisc.edu/nondegree/capstone/user-experience-design-capstone-certificate/
